image_path,label,cell,score
data/fixtures/dummy/images/00000.png,0,clean,0.35811565673695356
data/fixtures/dummy/images/00000.png,0,jpeg_90,0.9261480583787507
data/fixtures/dummy/images/00000.png,0,jpeg_70,0.7829599877851615
data/fixtures/dummy/images/00000.png,0,jpeg_50,0.12510765194804252
data/fixtures/dummy/images/00000.png,0,jpeg_30,0.035177790915543405
data/fixtures/dummy/images/00000.png,0,blur_0.5,0.44656074222513664
data/fixtures/dummy/images/00000.png,0,blur_1.0,0.8675680870556479
data/fixtures/dummy/images/00000.png,0,blur_2.0,0.4296210526295211
data/fixtures/dummy/images/00000.png,0,resize_0.5,0.30376515460464026
data/fixtures/dummy/images/00000.png,0,resize_0.25,0.6282175332420189
data/fixtures/dummy/images/00000.png,0,noise_0.02,0.5660219388569225
data/fixtures/dummy/images/00000.png,0,noise_0.05,0.06975741554701598
data/fixtures/dummy/images/00000.png,0,noise_0.1,0.13340755561272166
data/fixtures/dummy/images/00000.png,0,jitter_0.2,0.893218035943759
data/fixtures/dummy/images/00000.png,0,center_crop_0.8,0.7463525932106936
data/fixtures/dummy/images/00000.png,0,composed_blur1.0+jpeg70,0.6447136817313324
data/fixtures/dummy/images/00000.png,0,composed_resize0.5+jpeg50,0.9306493439651022
data/fixtures/dummy/images/00000.png,0,composed_jitter0.2+jpeg30,0.8904229544968005
data/fixtures/dummy/images/00000.png,0,composed_resize0.25+blur0.5+jpeg30,0.6914355517260693
data/fixtures/dummy/images/00001.png,1,clean,0.5425990816850149
data/fixtures/dummy/images/00001.png,1,jpeg_90,0.3358507635831518
data/fixtures/dummy/images/00001.png,1,jpeg_70,0.19842640304733006
data/fixtures/dummy/images/00001.png,1,jpeg_50,0.13986265640837559
data/fixtures/dummy/images/00001.png,1,jpeg_30,0.18007411907309634
data/fixtures/dummy/images/00001.png,1,blur_0.5,0.7207814441816996
data/fixtures/dummy/images/00001.png,1,blur_1.0,0.9675675429760092
data/fixtures/dummy/images/00001.png,1,blur_2.0,0.38690392230947335
data/fixtures/dummy/images/00001.png,1,resize_0.5,0.2779184470448215
data/fixtures/dummy/images/00001.png,1,resize_0.25,0.4440074939063292
data/fixtures/dummy/images/00001.png,1,noise_0.02,0.037673720379065245
data/fixtures/dummy/images/00001.png,1,noise_0.05,0.2678265500047585
data/fixtures/dummy/images/00001.png,1,noise_0.1,0.9359969694182899
data/fixtures/dummy/images/00001.png,1,jitter_0.2,0.6247435322920604
data/fixtures/dummy/images/00001.png,1,center_crop_0.8,0.890949447341082
data/fixtures/dummy/images/00001.png,1,composed_blur1.0+jpeg70,0.8988629927446854
data/fixtures/dummy/images/00001.png,1,composed_resize0.5+jpeg50,0.18185618476683563
data/fixtures/dummy/images/00001.png,1,composed_jitter0.2+jpeg30,0.664616537044176
data/fixtures/dummy/images/00001.png,1,composed_resize0.25+blur0.5+jpeg30,0.07835200757734462
data/fixtures/dummy/images/00002.png,1,clean,0.18395347225474212
data/fixtures/dummy/images/00002.png,1,jpeg_90,0.879296578776847
data/fixtures/dummy/images/00002.png,1,jpeg_70,0.24906085275208711
data/fixtures/dummy/images/00002.png,1,jpeg_50,0.7255805429179907
data/fixtures/dummy/images/00002.png,1,jpeg_30,0.4121769603319696
data/fixtures/dummy/images/00002.png,1,blur_0.5,0.9547601332254438
data/fixtures/dummy/images/00002.png,1,blur_1.0,0.24521914758017882
data/fixtures/dummy/images/00002.png,1,blur_2.0,0.2305064612637473
data/fixtures/dummy/images/00002.png,1,resize_0.5,0.5039253572334154
data/fixtures/dummy/images/00002.png,1,resize_0.25,0.7043902910858123
data/fixtures/dummy/images/00002.png,1,noise_0.02,0.6045505151735344
data/fixtures/dummy/images/00002.png,1,noise_0.05,0.8791023375218755
data/fixtures/dummy/images/00002.png,1,noise_0.1,0.10228078503244276
data/fixtures/dummy/images/00002.png,1,jitter_0.2,0.7569514197362472
data/fixtures/dummy/images/00002.png,1,center_crop_0.8,0.9789643906753057
data/fixtures/dummy/images/00002.png,1,composed_blur1.0+jpeg70,0.8749083195070267
data/fixtures/dummy/images/00002.png,1,composed_resize0.5+jpeg50,0.9032022030933645
data/fixtures/dummy/images/00002.png,1,composed_jitter0.2+jpeg30,0.45775233501099877
data/fixtures/dummy/images/00002.png,1,composed_resize0.25+blur0.5+jpeg30,0.1611149881553684
data/fixtures/dummy/images/00003.png,0,clean,0.4458020463907352
data/fixtures/dummy/images/00003.png,0,jpeg_90,0.15626376149694476
data/fixtures/dummy/images/00003.png,0,jpeg_70,0.44788520892897554
data/fixtures/dummy/images/00003.png,0,jpeg_50,0.6064229793051773
data/fixtures/dummy/images/00003.png,0,jpeg_30,0.770902632489066
data/fixtures/dummy/images/00003.png,0,blur_0.5,0.8315235133509808
data/fixtures/dummy/images/00003.png,0,blur_1.0,0.3359814200019142
data/fixtures/dummy/images/00003.png,0,blur_2.0,0.1325194388033486
data/fixtures/dummy/images/00003.png,0,resize_0.5,0.8170498492048156
data/fixtures/dummy/images/00003.png,0,resize_0.25,0.10509796131112403
data/fixtures/dummy/images/00003.png,0,noise_0.02,0.09988434452423778
data/fixtures/dummy/images/00003.png,0,noise_0.05,0.7041039838441759
data/fixtures/dummy/images/00003.png,0,noise_0.1,0.543420358782464
data/fixtures/dummy/images/00003.png,0,jitter_0.2,0.10803466993921829
data/fixtures/dummy/images/00003.png,0,center_crop_0.8,0.21450369798547508
data/fixtures/dummy/images/00003.png,0,composed_blur1.0+jpeg70,0.746428698037628
data/fixtures/dummy/images/00003.png,0,composed_resize0.5+jpeg50,0.24618339883445384
data/fixtures/dummy/images/00003.png,0,composed_jitter0.2+jpeg30,0.07069158055119984
data/fixtures/dummy/images/00003.png,0,composed_resize0.25+blur0.5+jpeg30,0.20374435269105162
data/fixtures/dummy/images/00004.png,0,clean,0.8985148939588645
data/fixtures/dummy/images/00004.png,0,jpeg_90,0.743365992271281
data/fixtures/dummy/images/00004.png,0,jpeg_70,0.9954929017344105
data/fixtures/dummy/images/00004.png,0,jpeg_50,0.6587179054896464
data/fixtures/dummy/images/00004.png,0,jpeg_30,0.9266475972009696
data/fixtures/dummy/images/00004.png,0,blur_0.5,0.48442762595381306
data/fixtures/dummy/images/00004.png,0,blur_1.0,0.5873103688851602
data/fixtures/dummy/images/00004.png,0,blur_2.0,0.6168960252961092
data/fixtures/dummy/images/00004.png,0,resize_0.5,0.2778322391843301
data/fixtures/dummy/images/00004.png,0,resize_0.25,0.03527139778168109
data/fixtures/dummy/images/00004.png,0,noise_0.02,0.9527716353736557
data/fixtures/dummy/images/00004.png,0,noise_0.05,0.031510033901471335
data/fixtures/dummy/images/00004.png,0,noise_0.1,0.7686715548621865
data/fixtures/dummy/images/00004.png,0,jitter_0.2,0.07178791183839961
data/fixtures/dummy/images/00004.png,0,center_crop_0.8,0.6146246536766873
data/fixtures/dummy/images/00004.png,0,composed_blur1.0+jpeg70,0.31673999133063635
data/fixtures/dummy/images/00004.png,0,composed_resize0.5+jpeg50,0.1675991039984187
data/fixtures/dummy/images/00004.png,0,composed_jitter0.2+jpeg30,0.2133121906972979
data/fixtures/dummy/images/00004.png,0,composed_resize0.25+blur0.5+jpeg30,0.44393446508484236
data/fixtures/dummy/images/00005.png,0,clean,0.4393603674701404
data/fixtures/dummy/images/00005.png,0,jpeg_90,0.9074400810660374
data/fixtures/dummy/images/00005.png,0,jpeg_70,0.6333486481308985
data/fixtures/dummy/images/00005.png,0,jpeg_50,0.728559915843302
data/fixtures/dummy/images/00005.png,0,jpeg_30,0.4557021771898184
data/fixtures/dummy/images/00005.png,0,blur_0.5,0.6478057131187872
data/fixtures/dummy/images/00005.png,0,blur_1.0,0.29829131828859123
data/fixtures/dummy/images/00005.png,0,blur_2.0,0.5276944273758167
data/fixtures/dummy/images/00005.png,0,resize_0.5,0.6010821145773465
data/fixtures/dummy/images/00005.png,0,resize_0.25,0.025338466881970834
data/fixtures/dummy/images/00005.png,0,noise_0.02,0.634030925625667
data/fixtures/dummy/images/00005.png,0,noise_0.05,0.9886141414439141
data/fixtures/dummy/images/00005.png,0,noise_0.1,0.1780693095272755
data/fixtures/dummy/images/00005.png,0,jitter_0.2,0.8762907050910568
data/fixtures/dummy/images/00005.png,0,center_crop_0.8,0.1158302590079755
data/fixtures/dummy/images/00005.png,0,composed_blur1.0+jpeg70,0.11994225554473714
data/fixtures/dummy/images/00005.png,0,composed_resize0.5+jpeg50,0.8332712645008356
data/fixtures/dummy/images/00005.png,0,composed_jitter0.2+jpeg30,0.5700193133735593
data/fixtures/dummy/images/00005.png,0,composed_resize0.25+blur0.5+jpeg30,0.6517042313797368
data/fixtures/dummy/images/00006.png,1,clean,0.45017214626300484
data/fixtures/dummy/images/00006.png,1,jpeg_90,0.014653534397264245
data/fixtures/dummy/images/00006.png,1,jpeg_70,0.6867233608760794
data/fixtures/dummy/images/00006.png,1,jpeg_50,0.7462727192625366
data/fixtures/dummy/images/00006.png,1,jpeg_30,0.11639377445362953
data/fixtures/dummy/images/00006.png,1,blur_0.5,0.029755827925488365
data/fixtures/dummy/images/00006.png,1,blur_1.0,0.2273100790021385
data/fixtures/dummy/images/00006.png,1,blur_2.0,0.9248826758305386
data/fixtures/dummy/images/00006.png,1,resize_0.5,0.43810656465775133
data/fixtures/dummy/images/00006.png,1,resize_0.25,0.6456959140650853
data/fixtures/dummy/images/00006.png,1,noise_0.02,0.9983470017400362
data/fixtures/dummy/images/00006.png,1,noise_0.05,0.2859992471534668
data/fixtures/dummy/images/00006.png,1,noise_0.1,0.1967639272225068
data/fixtures/dummy/images/00006.png,1,jitter_0.2,0.7337238194913677
data/fixtures/dummy/images/00006.png,1,center_crop_0.8,0.5640690903525079
data/fixtures/dummy/images/00006.png,1,composed_blur1.0+jpeg70,0.6393135884531531
data/fixtures/dummy/images/00006.png,1,composed_resize0.5+jpeg50,0.2225929616995207
data/fixtures/dummy/images/00006.png,1,composed_jitter0.2+jpeg30,0.9110672447415331
data/fixtures/dummy/images/00006.png,1,composed_resize0.25+blur0.5+jpeg30,0.31652995711332665
data/fixtures/dummy/images/00007.png,1,clean,0.06295734346373028
data/fixtures/dummy/images/00007.png,1,jpeg_90,0.2895062583551494
data/fixtures/dummy/images/00007.png,1,jpeg_70,0.9754034819921507
data/fixtures/dummy/images/00007.png,1,jpeg_50,0.5143274468702842
data/fixtures/dummy/images/00007.png,1,jpeg_30,0.27940319362585564
data/fixtures/dummy/images/00007.png,1,blur_0.5,0.15455057399188343
data/fixtures/dummy/images/00007.png,1,blur_1.0,0.1394022835486135
data/fixtures/dummy/images/00007.png,1,blur_2.0,0.7827466682255865
data/fixtures/dummy/images/00007.png,1,resize_0.5,0.33779850593329874
data/fixtures/dummy/images/00007.png,1,resize_0.25,0.5398844401347858
data/fixtures/dummy/images/00007.png,1,noise_0.02,0.16855837540583918
data/fixtures/dummy/images/00007.png,1,noise_0.05,0.2217647071405574
data/fixtures/dummy/images/00007.png,1,noise_0.1,0.3727699655233755
data/fixtures/dummy/images/00007.png,1,jitter_0.2,0.30008347602035756
data/fixtures/dummy/images/00007.png,1,center_crop_0.8,0.0497001541173554
data/fixtures/dummy/images/00007.png,1,composed_blur1.0+jpeg70,0.8955633009926923
data/fixtures/dummy/images/00007.png,1,composed_resize0.5+jpeg50,0.7310636145001985
data/fixtures/dummy/images/00007.png,1,composed_jitter0.2+jpeg30,0.11539837498101124
data/fixtures/dummy/images/00007.png,1,composed_resize0.25+blur0.5+jpeg30,0.18546971362390918
data/fixtures/dummy/images/00008.png,1,clean,0.8428933390419261
data/fixtures/dummy/images/00008.png,1,jpeg_90,0.13545544395154108
data/fixtures/dummy/images/00008.png,1,jpeg_70,0.09850733534049838
data/fixtures/dummy/images/00008.png,1,jpeg_50,0.6983968986448901
data/fixtures/dummy/images/00008.png,1,jpeg_30,0.20510086479389433
data/fixtures/dummy/images/00008.png,1,blur_0.5,0.5177804549884181
data/fixtures/dummy/images/00008.png,1,blur_1.0,0.40815182144517304
data/fixtures/dummy/images/00008.png,1,blur_2.0,0.5334416806730893
data/fixtures/dummy/images/00008.png,1,resize_0.5,0.5163113291195673
data/fixtures/dummy/images/00008.png,1,resize_0.25,0.07568205079919987
data/fixtures/dummy/images/00008.png,1,noise_0.02,0.9062661239477602
data/fixtures/dummy/images/00008.png,1,noise_0.05,0.33701782826916205
data/fixtures/dummy/images/00008.png,1,noise_0.1,0.34084994586360795
data/fixtures/dummy/images/00008.png,1,jitter_0.2,0.7921467969256689
data/fixtures/dummy/images/00008.png,1,center_crop_0.8,0.4473661863061087
data/fixtures/dummy/images/00008.png,1,composed_blur1.0+jpeg70,0.9679795933964431
data/fixtures/dummy/images/00008.png,1,composed_resize0.5+jpeg50,0.656234091904091
data/fixtures/dummy/images/00008.png,1,composed_jitter0.2+jpeg30,0.8373394912537692
data/fixtures/dummy/images/00008.png,1,composed_resize0.25+blur0.5+jpeg30,0.9608387492084538
data/fixtures/dummy/images/00009.png,0,clean,0.8863137050842599
data/fixtures/dummy/images/00009.png,0,jpeg_90,0.8576409078519341
data/fixtures/dummy/images/00009.png,0,jpeg_70,0.4306944032732548
data/fixtures/dummy/images/00009.png,0,jpeg_50,0.39154539730300497
data/fixtures/dummy/images/00009.png,0,jpeg_30,0.06837093040033237
data/fixtures/dummy/images/00009.png,0,blur_0.5,0.11003786213726352
data/fixtures/dummy/images/00009.png,0,blur_1.0,0.17199143803338246
data/fixtures/dummy/images/00009.png,0,blur_2.0,0.32017545851246887
data/fixtures/dummy/images/00009.png,0,resize_0.5,0.30563639468208326
data/fixtures/dummy/images/00009.png,0,resize_0.25,0.28733643852316937
data/fixtures/dummy/images/00009.png,0,noise_0.02,0.1731048087764664
data/fixtures/dummy/images/00009.png,0,noise_0.05,0.4592432689021074
data/fixtures/dummy/images/00009.png,0,noise_0.1,0.760569640710879
data/fixtures/dummy/images/00009.png,0,jitter_0.2,0.12509994571270922
data/fixtures/dummy/images/00009.png,0,center_crop_0.8,0.13748857126975955
data/fixtures/dummy/images/00009.png,0,composed_blur1.0+jpeg70,0.405306683272316
data/fixtures/dummy/images/00009.png,0,composed_resize0.5+jpeg50,0.10743997359405055
data/fixtures/dummy/images/00009.png,0,composed_jitter0.2+jpeg30,0.558867161836277
data/fixtures/dummy/images/00009.png,0,composed_resize0.25+blur0.5+jpeg30,0.8747117160341998
data/fixtures/dummy/images/00010.png,0,clean,0.6061893961052787
data/fixtures/dummy/images/00010.png,0,jpeg_90,0.41142068394235787
data/fixtures/dummy/images/00010.png,0,jpeg_70,0.27392167240751375
data/fixtures/dummy/images/00010.png,0,jpeg_50,0.3098755277537799
data/fixtures/dummy/images/00010.png,0,jpeg_30,0.7465057276521792
data/fixtures/dummy/images/00010.png,0,blur_0.5,0.663084819692471
data/fixtures/dummy/images/00010.png,0,blur_1.0,0.8790053704930791
data/fixtures/dummy/images/00010.png,0,blur_2.0,0.35109007198426756
data/fixtures/dummy/images/00010.png,0,resize_0.5,0.3205876484817781
data/fixtures/dummy/images/00010.png,0,resize_0.25,0.7485272969695907
data/fixtures/dummy/images/00010.png,0,noise_0.02,0.5372634284812102
data/fixtures/dummy/images/00010.png,0,noise_0.05,0.5592555445529931
data/fixtures/dummy/images/00010.png,0,noise_0.1,0.41133788621305434
data/fixtures/dummy/images/00010.png,0,jitter_0.2,0.6212338576536068
data/fixtures/dummy/images/00010.png,0,center_crop_0.8,0.903470332219522
data/fixtures/dummy/images/00010.png,0,composed_blur1.0+jpeg70,0.8697120112358347
data/fixtures/dummy/images/00010.png,0,composed_resize0.5+jpeg50,0.49250299979537004
data/fixtures/dummy/images/00010.png,0,composed_jitter0.2+jpeg30,0.30044435833857197
data/fixtures/dummy/images/00010.png,0,composed_resize0.25+blur0.5+jpeg30,0.5926572109278118
data/fixtures/dummy/images/00011.png,0,clean,0.9477556606198164
data/fixtures/dummy/images/00011.png,0,jpeg_90,0.9521413949001427
data/fixtures/dummy/images/00011.png,0,jpeg_70,0.3440059788894311
data/fixtures/dummy/images/00011.png,0,jpeg_50,0.9283695181266965
data/fixtures/dummy/images/00011.png,0,jpeg_30,0.8764851521373573
data/fixtures/dummy/images/00011.png,0,blur_0.5,0.9671131654399973
data/fixtures/dummy/images/00011.png,0,blur_1.0,0.5295708873394591
data/fixtures/dummy/images/00011.png,0,blur_2.0,0.9717134452542041
data/fixtures/dummy/images/00011.png,0,resize_0.5,0.825708150525126
data/fixtures/dummy/images/00011.png,0,resize_0.25,0.6554027911353245
data/fixtures/dummy/images/00011.png,0,noise_0.02,0.35411960141562704
data/fixtures/dummy/images/00011.png,0,noise_0.05,0.4419504664702011
data/fixtures/dummy/images/00011.png,0,noise_0.1,0.5795819691483285
data/fixtures/dummy/images/00011.png,0,jitter_0.2,0.3422105197051767
data/fixtures/dummy/images/00011.png,0,center_crop_0.8,0.48807198209560976
data/fixtures/dummy/images/00011.png,0,composed_blur1.0+jpeg70,0.0029039121648711808
data/fixtures/dummy/images/00011.png,0,composed_resize0.5+jpeg50,0.905154145266635
data/fixtures/dummy/images/00011.png,0,composed_jitter0.2+jpeg30,0.6780041821596383
data/fixtures/dummy/images/00011.png,0,composed_resize0.25+blur0.5+jpeg30,0.5941156350078531
data/fixtures/dummy/images/00012.png,0,clean,0.34804052036594024
data/fixtures/dummy/images/00012.png,0,jpeg_90,0.33979464980685004
data/fixtures/dummy/images/00012.png,0,jpeg_70,0.5486976160051398
data/fixtures/dummy/images/00012.png,0,jpeg_50,0.43587102390385946
data/fixtures/dummy/images/00012.png,0,jpeg_30,0.13105037430062727
data/fixtures/dummy/images/00012.png,0,blur_0.5,0.04262283739215367
data/fixtures/dummy/images/00012.png,0,blur_1.0,0.0031262174293157363
data/fixtures/dummy/images/00012.png,0,blur_2.0,0.8592958550189999
data/fixtures/dummy/images/00012.png,0,resize_0.5,0.9645563391689473
data/fixtures/dummy/images/00012.png,0,resize_0.25,0.5039287615000657
data/fixtures/dummy/images/00012.png,0,noise_0.02,0.3096485982146756
data/fixtures/dummy/images/00012.png,0,noise_0.05,0.3907807925561698
data/fixtures/dummy/images/00012.png,0,noise_0.1,0.1845762650160595
data/fixtures/dummy/images/00012.png,0,jitter_0.2,0.46116590034367133
data/fixtures/dummy/images/00012.png,0,center_crop_0.8,0.7280906389643684
data/fixtures/dummy/images/00012.png,0,composed_blur1.0+jpeg70,0.7927997526459918
data/fixtures/dummy/images/00012.png,0,composed_resize0.5+jpeg50,0.4087098225644006
data/fixtures/dummy/images/00012.png,0,composed_jitter0.2+jpeg30,0.021276035499575352
data/fixtures/dummy/images/00012.png,0,composed_resize0.25+blur0.5+jpeg30,0.6255828857406086
data/fixtures/dummy/images/00013.png,1,clean,0.0831391145487238
data/fixtures/dummy/images/00013.png,1,jpeg_90,0.926277806527257
data/fixtures/dummy/images/00013.png,1,jpeg_70,0.1059008609265234
data/fixtures/dummy/images/00013.png,1,jpeg_50,0.5737002615580566
data/fixtures/dummy/images/00013.png,1,jpeg_30,0.7680583776584045
data/fixtures/dummy/images/00013.png,1,blur_0.5,0.45729837339238466
data/fixtures/dummy/images/00013.png,1,blur_1.0,0.39619144056413136
data/fixtures/dummy/images/00013.png,1,blur_2.0,0.905269676634981
data/fixtures/dummy/images/00013.png,1,resize_0.5,0.2412649802810677
data/fixtures/dummy/images/00013.png,1,resize_0.25,0.7920905044998615
data/fixtures/dummy/images/00013.png,1,noise_0.02,0.28857324292234066
data/fixtures/dummy/images/00013.png,1,noise_0.05,0.50627615869656
data/fixtures/dummy/images/00013.png,1,noise_0.1,0.059573031078027916
data/fixtures/dummy/images/00013.png,1,jitter_0.2,0.6185770683291512
data/fixtures/dummy/images/00013.png,1,center_crop_0.8,0.03674028467705581
data/fixtures/dummy/images/00013.png,1,composed_blur1.0+jpeg70,0.7662299023249892
data/fixtures/dummy/images/00013.png,1,composed_resize0.5+jpeg50,0.13931118237600926
data/fixtures/dummy/images/00013.png,1,composed_jitter0.2+jpeg30,0.7769509226749345
data/fixtures/dummy/images/00013.png,1,composed_resize0.25+blur0.5+jpeg30,0.13916491989241264
data/fixtures/dummy/images/00014.png,1,clean,0.8071232326232177
data/fixtures/dummy/images/00014.png,1,jpeg_90,0.5024065901285119
data/fixtures/dummy/images/00014.png,1,jpeg_70,0.6980494667348046
data/fixtures/dummy/images/00014.png,1,jpeg_50,0.05870267480140379
data/fixtures/dummy/images/00014.png,1,jpeg_30,0.8269823149130515
data/fixtures/dummy/images/00014.png,1,blur_0.5,0.7824855471199691
data/fixtures/dummy/images/00014.png,1,blur_1.0,0.7299309738365689
data/fixtures/dummy/images/00014.png,1,blur_2.0,0.5210020405281884
data/fixtures/dummy/images/00014.png,1,resize_0.5,0.8797555737774378
data/fixtures/dummy/images/00014.png,1,resize_0.25,0.12778936975128297
data/fixtures/dummy/images/00014.png,1,noise_0.02,0.7259295999076973
data/fixtures/dummy/images/00014.png,1,noise_0.05,0.8209980573422415
data/fixtures/dummy/images/00014.png,1,noise_0.1,0.8048813449179952
data/fixtures/dummy/images/00014.png,1,jitter_0.2,0.9485013525173144
data/fixtures/dummy/images/00014.png,1,center_crop_0.8,0.9379597160528913
data/fixtures/dummy/images/00014.png,1,composed_blur1.0+jpeg70,0.818131602664064
data/fixtures/dummy/images/00014.png,1,composed_resize0.5+jpeg50,0.4015861836254353
data/fixtures/dummy/images/00014.png,1,composed_jitter0.2+jpeg30,0.011223633482908002
data/fixtures/dummy/images/00014.png,1,composed_resize0.25+blur0.5+jpeg30,0.9492381747349676
data/fixtures/dummy/images/00015.png,0,clean,0.9612799546938381
data/fixtures/dummy/images/00015.png,0,jpeg_90,0.5552474482759423
data/fixtures/dummy/images/00015.png,0,jpeg_70,0.3437308049518196
data/fixtures/dummy/images/00015.png,0,jpeg_50,0.1347106944790848
data/fixtures/dummy/images/00015.png,0,jpeg_30,0.48366436639669264
data/fixtures/dummy/images/00015.png,0,blur_0.5,0.2383371694570764
data/fixtures/dummy/images/00015.png,0,blur_1.0,0.8062338433449071
data/fixtures/dummy/images/00015.png,0,blur_2.0,0.38057370358423936
data/fixtures/dummy/images/00015.png,0,resize_0.5,0.14457271615423406
data/fixtures/dummy/images/00015.png,0,resize_0.25,0.14069296885820326
data/fixtures/dummy/images/00015.png,0,noise_0.02,0.21781782834067498
data/fixtures/dummy/images/00015.png,0,noise_0.05,0.6423639490763383
data/fixtures/dummy/images/00015.png,0,noise_0.1,0.5318183465999564
data/fixtures/dummy/images/00015.png,0,jitter_0.2,0.09417336852170577
data/fixtures/dummy/images/00015.png,0,center_crop_0.8,0.6553583956470955
data/fixtures/dummy/images/00015.png,0,composed_blur1.0+jpeg70,0.21228426350421825
data/fixtures/dummy/images/00015.png,0,composed_resize0.5+jpeg50,0.8417449499091539
data/fixtures/dummy/images/00015.png,0,composed_jitter0.2+jpeg30,0.6499262971110374
data/fixtures/dummy/images/00015.png,0,composed_resize0.25+blur0.5+jpeg30,0.14711690254522758
data/fixtures/dummy/images/00016.png,1,clean,0.5447349680812834
data/fixtures/dummy/images/00016.png,1,jpeg_90,0.8260102264839203
data/fixtures/dummy/images/00016.png,1,jpeg_70,0.5386484454058367
data/fixtures/dummy/images/00016.png,1,jpeg_50,0.9023626975161978
data/fixtures/dummy/images/00016.png,1,jpeg_30,0.24316408403690593
data/fixtures/dummy/images/00016.png,1,blur_0.5,0.37795453413353186
data/fixtures/dummy/images/00016.png,1,blur_1.0,0.6704292400904878
data/fixtures/dummy/images/00016.png,1,blur_2.0,0.07732274301414721
data/fixtures/dummy/images/00016.png,1,resize_0.5,0.5212452337671937
data/fixtures/dummy/images/00016.png,1,resize_0.25,0.14783109272337502
data/fixtures/dummy/images/00016.png,1,noise_0.02,0.8864468428335283
data/fixtures/dummy/images/00016.png,1,noise_0.05,0.05187516127124203
data/fixtures/dummy/images/00016.png,1,noise_0.1,0.9385346879614008
data/fixtures/dummy/images/00016.png,1,jitter_0.2,0.11493600899571843
data/fixtures/dummy/images/00016.png,1,center_crop_0.8,0.5062522744314393
data/fixtures/dummy/images/00016.png,1,composed_blur1.0+jpeg70,0.35215060744069626
data/fixtures/dummy/images/00016.png,1,composed_resize0.5+jpeg50,0.8358403047341078
data/fixtures/dummy/images/00016.png,1,composed_jitter0.2+jpeg30,0.3922784702486001
data/fixtures/dummy/images/00016.png,1,composed_resize0.25+blur0.5+jpeg30,0.47890589493413205
data/fixtures/dummy/images/00017.png,1,clean,0.0743511592416769
data/fixtures/dummy/images/00017.png,1,jpeg_90,0.7384983288156381
data/fixtures/dummy/images/00017.png,1,jpeg_70,0.26783030808266517
data/fixtures/dummy/images/00017.png,1,jpeg_50,0.25302838927478577
data/fixtures/dummy/images/00017.png,1,jpeg_30,0.37420542518619415
data/fixtures/dummy/images/00017.png,1,blur_0.5,0.8721425321841807
data/fixtures/dummy/images/00017.png,1,blur_1.0,0.04620884904832068
data/fixtures/dummy/images/00017.png,1,blur_2.0,0.637667135434002
data/fixtures/dummy/images/00017.png,1,resize_0.5,0.0737846750577239
data/fixtures/dummy/images/00017.png,1,resize_0.25,0.9554289641782975
data/fixtures/dummy/images/00017.png,1,noise_0.02,0.5844459801177854
data/fixtures/dummy/images/00017.png,1,noise_0.05,0.4286863949591919
data/fixtures/dummy/images/00017.png,1,noise_0.1,0.18628796033433692
data/fixtures/dummy/images/00017.png,1,jitter_0.2,0.7823286841551536
data/fixtures/dummy/images/00017.png,1,center_crop_0.8,0.9540319192911586
data/fixtures/dummy/images/00017.png,1,composed_blur1.0+jpeg70,0.48635855915076553
data/fixtures/dummy/images/00017.png,1,composed_resize0.5+jpeg50,0.7804081832159399
data/fixtures/dummy/images/00017.png,1,composed_jitter0.2+jpeg30,0.6360874653120112
data/fixtures/dummy/images/00017.png,1,composed_resize0.25+blur0.5+jpeg30,0.8346413376498624
data/fixtures/dummy/images/00018.png,1,clean,0.4671618878597418
data/fixtures/dummy/images/00018.png,1,jpeg_90,0.15993547684641762
data/fixtures/dummy/images/00018.png,1,jpeg_70,0.21742822037263032
data/fixtures/dummy/images/00018.png,1,jpeg_50,0.13719120132196905
data/fixtures/dummy/images/00018.png,1,jpeg_30,0.1584796394607122
data/fixtures/dummy/images/00018.png,1,blur_0.5,0.08041893133433953
data/fixtures/dummy/images/00018.png,1,blur_1.0,0.750815685842279
data/fixtures/dummy/images/00018.png,1,blur_2.0,0.6058481141279125
data/fixtures/dummy/images/00018.png,1,resize_0.5,0.567172817283668
data/fixtures/dummy/images/00018.png,1,resize_0.25,0.46505995948677825
data/fixtures/dummy/images/00018.png,1,noise_0.02,0.4361397192523757
data/fixtures/dummy/images/00018.png,1,noise_0.05,0.7084345492759799
data/fixtures/dummy/images/00018.png,1,noise_0.1,0.9115673369725115
data/fixtures/dummy/images/00018.png,1,jitter_0.2,0.5097159496165728
data/fixtures/dummy/images/00018.png,1,center_crop_0.8,0.3351909006709388
data/fixtures/dummy/images/00018.png,1,composed_blur1.0+jpeg70,0.510903003923262
data/fixtures/dummy/images/00018.png,1,composed_resize0.5+jpeg50,0.7930756101132195
data/fixtures/dummy/images/00018.png,1,composed_jitter0.2+jpeg30,0.2415086258567556
data/fixtures/dummy/images/00018.png,1,composed_resize0.25+blur0.5+jpeg30,0.4169147268525939
data/fixtures/dummy/images/00019.png,0,clean,0.870881773561867
data/fixtures/dummy/images/00019.png,0,jpeg_90,0.954921258463705
data/fixtures/dummy/images/00019.png,0,jpeg_70,0.6649837251775359
data/fixtures/dummy/images/00019.png,0,jpeg_50,0.11613176486915822
data/fixtures/dummy/images/00019.png,0,jpeg_30,0.0005613883918463847
data/fixtures/dummy/images/00019.png,0,blur_0.5,0.5962659447508686
data/fixtures/dummy/images/00019.png,0,blur_1.0,0.4077536722551218
data/fixtures/dummy/images/00019.png,0,blur_2.0,0.06020831748852529
data/fixtures/dummy/images/00019.png,0,resize_0.5,0.579250362914309
data/fixtures/dummy/images/00019.png,0,resize_0.25,0.11787158219645721
data/fixtures/dummy/images/00019.png,0,noise_0.02,0.6800123434763792
data/fixtures/dummy/images/00019.png,0,noise_0.05,0.4492914863540095
data/fixtures/dummy/images/00019.png,0,noise_0.1,0.28114036802483133
data/fixtures/dummy/images/00019.png,0,jitter_0.2,0.14309295834552327
data/fixtures/dummy/images/00019.png,0,center_crop_0.8,0.6316581237270161
data/fixtures/dummy/images/00019.png,0,composed_blur1.0+jpeg70,0.930554220831575
data/fixtures/dummy/images/00019.png,0,composed_resize0.5+jpeg50,0.41315447052514465
data/fixtures/dummy/images/00019.png,0,composed_jitter0.2+jpeg30,0.7550451148963397
data/fixtures/dummy/images/00019.png,0,composed_resize0.25+blur0.5+jpeg30,0.17125189001271268
data/fixtures/dummy/images/00020.jpg,0,clean,0.3623641905983658
data/fixtures/dummy/images/00020.jpg,0,jpeg_90,0.2776839553943411
data/fixtures/dummy/images/00020.jpg,0,jpeg_70,0.4333379661086858
data/fixtures/dummy/images/00020.jpg,0,jpeg_50,0.33145687102096655
data/fixtures/dummy/images/00020.jpg,0,jpeg_30,0.916069130608312
data/fixtures/dummy/images/00020.jpg,0,blur_0.5,0.31525029414603745
data/fixtures/dummy/images/00020.jpg,0,blur_1.0,0.4438037576644882
data/fixtures/dummy/images/00020.jpg,0,blur_2.0,0.9569719786534651
data/fixtures/dummy/images/00020.jpg,0,resize_0.5,0.2682815441453035
data/fixtures/dummy/images/00020.jpg,0,resize_0.25,0.12962278304690555
data/fixtures/dummy/images/00020.jpg,0,noise_0.02,0.44496633433276866
data/fixtures/dummy/images/00020.jpg,0,noise_0.05,0.05097277007349721
data/fixtures/dummy/images/00020.jpg,0,noise_0.1,0.12732673108826986
data/fixtures/dummy/images/00020.jpg,0,jitter_0.2,0.6450242721636905
data/fixtures/dummy/images/00020.jpg,0,center_crop_0.8,0.6653534282042319
data/fixtures/dummy/images/00020.jpg,0,composed_blur1.0+jpeg70,0.12394461680042146
data/fixtures/dummy/images/00020.jpg,0,composed_resize0.5+jpeg50,0.7560730919421969
data/fixtures/dummy/images/00020.jpg,0,composed_jitter0.2+jpeg30,0.22598347574688804
data/fixtures/dummy/images/00020.jpg,0,composed_resize0.25+blur0.5+jpeg30,0.21650810636807105
data/fixtures/dummy/images/00021.png,0,clean,0.4059411712651376
data/fixtures/dummy/images/00021.png,0,jpeg_90,0.4168556500848537
data/fixtures/dummy/images/00021.png,0,jpeg_70,0.013832447379145574
data/fixtures/dummy/images/00021.png,0,jpeg_50,0.8393428007246657
data/fixtures/dummy/images/00021.png,0,jpeg_30,0.7961488539691985
data/fixtures/dummy/images/00021.png,0,blur_0.5,0.14389126414479458
data/fixtures/dummy/images/00021.png,0,blur_1.0,0.04169579974859716
data/fixtures/dummy/images/00021.png,0,blur_2.0,0.8039288835540952
data/fixtures/dummy/images/00021.png,0,resize_0.5,0.09046609427606533
data/fixtures/dummy/images/00021.png,0,resize_0.25,0.6960273216279804
data/fixtures/dummy/images/00021.png,0,noise_0.02,0.7886104729326027
data/fixtures/dummy/images/00021.png,0,noise_0.05,0.9849576166627526
data/fixtures/dummy/images/00021.png,0,noise_0.1,0.5533213226866657
data/fixtures/dummy/images/00021.png,0,jitter_0.2,0.4891039432811708
data/fixtures/dummy/images/00021.png,0,center_crop_0.8,0.4992968004155294
data/fixtures/dummy/images/00021.png,0,composed_blur1.0+jpeg70,0.8654890785820462
data/fixtures/dummy/images/00021.png,0,composed_resize0.5+jpeg50,0.4548877203144712
data/fixtures/dummy/images/00021.png,0,composed_jitter0.2+jpeg30,0.2776675616971318
data/fixtures/dummy/images/00021.png,0,composed_resize0.25+blur0.5+jpeg30,0.5580148951616327
data/fixtures/dummy/images/00022.png,1,clean,0.40364594300887335
data/fixtures/dummy/images/00022.png,1,jpeg_90,0.2025424166927643
data/fixtures/dummy/images/00022.png,1,jpeg_70,0.1482985619222006
data/fixtures/dummy/images/00022.png,1,jpeg_50,0.03578649392067723
data/fixtures/dummy/images/00022.png,1,jpeg_30,0.2714741482807568
data/fixtures/dummy/images/00022.png,1,blur_0.5,0.5548563269436572
data/fixtures/dummy/images/00022.png,1,blur_1.0,0.47252317526548804
data/fixtures/dummy/images/00022.png,1,blur_2.0,0.28387544528814024
data/fixtures/dummy/images/00022.png,1,resize_0.5,0.805944491825463
data/fixtures/dummy/images/00022.png,1,resize_0.25,0.2401316850094115
data/fixtures/dummy/images/00022.png,1,noise_0.02,0.7749369944825668
data/fixtures/dummy/images/00022.png,1,noise_0.05,0.7840645341799218
data/fixtures/dummy/images/00022.png,1,noise_0.1,0.6619333118591961
data/fixtures/dummy/images/00022.png,1,jitter_0.2,0.3297984404283695
data/fixtures/dummy/images/00022.png,1,center_crop_0.8,0.4731281546515964
data/fixtures/dummy/images/00022.png,1,composed_blur1.0+jpeg70,0.837874424325313
data/fixtures/dummy/images/00022.png,1,composed_resize0.5+jpeg50,0.3998345517029591
data/fixtures/dummy/images/00022.png,1,composed_jitter0.2+jpeg30,0.12577974139508374
data/fixtures/dummy/images/00022.png,1,composed_resize0.25+blur0.5+jpeg30,0.3284834921220082
data/fixtures/dummy/images/00023.png,0,clean,0.6514954987668637
data/fixtures/dummy/images/00023.png,0,jpeg_90,0.702243997004876
data/fixtures/dummy/images/00023.png,0,jpeg_70,0.9870538831800489
data/fixtures/dummy/images/00023.png,0,jpeg_50,0.009735411180219922
data/fixtures/dummy/images/00023.png,0,jpeg_30,0.8389494600618981
data/fixtures/dummy/images/00023.png,0,blur_0.5,0.15528562209494534
data/fixtures/dummy/images/00023.png,0,blur_1.0,0.6370454563711506
data/fixtures/dummy/images/00023.png,0,blur_2.0,0.7803904411197151
data/fixtures/dummy/images/00023.png,0,resize_0.5,0.46784164881365187
data/fixtures/dummy/images/00023.png,0,resize_0.25,0.17492332216124218
data/fixtures/dummy/images/00023.png,0,noise_0.02,0.4264704890318255
data/fixtures/dummy/images/00023.png,0,noise_0.05,0.5574917765224745
data/fixtures/dummy/images/00023.png,0,noise_0.1,0.3887822879269438
data/fixtures/dummy/images/00023.png,0,jitter_0.2,0.667621023691415
data/fixtures/dummy/images/00023.png,0,center_crop_0.8,0.8405638494637299
data/fixtures/dummy/images/00023.png,0,composed_blur1.0+jpeg70,0.3442706382722678
data/fixtures/dummy/images/00023.png,0,composed_resize0.5+jpeg50,0.005245700983264157
data/fixtures/dummy/images/00023.png,0,composed_jitter0.2+jpeg30,0.6923869053228067
data/fixtures/dummy/images/00023.png,0,composed_resize0.25+blur0.5+jpeg30,0.05195812214314133
data/fixtures/dummy/images/00024.png,1,clean,0.7091699302040985
data/fixtures/dummy/images/00024.png,1,jpeg_90,0.7847811851317635
data/fixtures/dummy/images/00024.png,1,jpeg_70,0.3056648000819312
data/fixtures/dummy/images/00024.png,1,jpeg_50,0.6920290517573423
data/fixtures/dummy/images/00024.png,1,jpeg_30,0.10569992976075127
data/fixtures/dummy/images/00024.png,1,blur_0.5,0.0610334370920117
data/fixtures/dummy/images/00024.png,1,blur_1.0,0.23332554890154367
data/fixtures/dummy/images/00024.png,1,blur_2.0,0.9578793824699902
data/fixtures/dummy/images/00024.png,1,resize_0.5,0.2823481217557503
data/fixtures/dummy/images/00024.png,1,resize_0.25,0.961698855884488
data/fixtures/dummy/images/00024.png,1,noise_0.02,0.5718415989320588
data/fixtures/dummy/images/00024.png,1,noise_0.05,0.46082006054091595
data/fixtures/dummy/images/00024.png,1,noise_0.1,0.41326165942548165
data/fixtures/dummy/images/00024.png,1,jitter_0.2,0.9113686358766714
data/fixtures/dummy/images/00024.png,1,center_crop_0.8,0.20254556148835734
data/fixtures/dummy/images/00024.png,1,composed_blur1.0+jpeg70,0.9101622629946307
data/fixtures/dummy/images/00024.png,1,composed_resize0.5+jpeg50,0.3743016267199384
data/fixtures/dummy/images/00024.png,1,composed_jitter0.2+jpeg30,0.8616391591911238
data/fixtures/dummy/images/00024.png,1,composed_resize0.25+blur0.5+jpeg30,0.10623931517496665
data/fixtures/dummy/images/00025.png,0,clean,0.17865706124631753
data/fixtures/dummy/images/00025.png,0,jpeg_90,0.5058640544519526
data/fixtures/dummy/images/00025.png,0,jpeg_70,0.8726561671609302
data/fixtures/dummy/images/00025.png,0,jpeg_50,0.5878741721632357
data/fixtures/dummy/images/00025.png,0,jpeg_30,0.40548789361284465
data/fixtures/dummy/images/00025.png,0,blur_0.5,0.7998203316683712
data/fixtures/dummy/images/00025.png,0,blur_1.0,0.8870980576234608
data/fixtures/dummy/images/00025.png,0,blur_2.0,0.15395899781802136
data/fixtures/dummy/images/00025.png,0,resize_0.5,0.8194933437392805
data/fixtures/dummy/images/00025.png,0,resize_0.25,0.48417658039035893
data/fixtures/dummy/images/00025.png,0,noise_0.02,0.8438228962189883
data/fixtures/dummy/images/00025.png,0,noise_0.05,0.6186214142162104
data/fixtures/dummy/images/00025.png,0,noise_0.1,0.26205226716924035
data/fixtures/dummy/images/00025.png,0,jitter_0.2,0.5093072758159866
data/fixtures/dummy/images/00025.png,0,center_crop_0.8,0.6451024025721317
data/fixtures/dummy/images/00025.png,0,composed_blur1.0+jpeg70,0.747883891203968
data/fixtures/dummy/images/00025.png,0,composed_resize0.5+jpeg50,0.44603406647595223
data/fixtures/dummy/images/00025.png,0,composed_jitter0.2+jpeg30,0.2930380867472846
data/fixtures/dummy/images/00025.png,0,composed_resize0.25+blur0.5+jpeg30,0.7939219322316663
data/fixtures/dummy/images/00026.png,0,clean,0.7628026865639942
data/fixtures/dummy/images/00026.png,0,jpeg_90,0.5952090958543782
data/fixtures/dummy/images/00026.png,0,jpeg_70,0.7804933104448021
data/fixtures/dummy/images/00026.png,0,jpeg_50,0.8909816851406711
data/fixtures/dummy/images/00026.png,0,jpeg_30,0.43601639135580916
data/fixtures/dummy/images/00026.png,0,blur_0.5,0.5412835900153085
data/fixtures/dummy/images/00026.png,0,blur_1.0,0.38116476417213074
data/fixtures/dummy/images/00026.png,0,blur_2.0,0.030185658760917056
data/fixtures/dummy/images/00026.png,0,resize_0.5,0.06704434783076507
data/fixtures/dummy/images/00026.png,0,resize_0.25,0.2913772639696247
data/fixtures/dummy/images/00026.png,0,noise_0.02,0.3721239495600458
data/fixtures/dummy/images/00026.png,0,noise_0.05,0.9488756393553193
data/fixtures/dummy/images/00026.png,0,noise_0.1,0.23347689325151655
data/fixtures/dummy/images/00026.png,0,jitter_0.2,0.2723986015106955
data/fixtures/dummy/images/00026.png,0,center_crop_0.8,0.6754752686456265
data/fixtures/dummy/images/00026.png,0,composed_blur1.0+jpeg70,0.7582003891743933
data/fixtures/dummy/images/00026.png,0,composed_resize0.5+jpeg50,0.4512050945130476
data/fixtures/dummy/images/00026.png,0,composed_jitter0.2+jpeg30,0.2137955686816031
data/fixtures/dummy/images/00026.png,0,composed_resize0.25+blur0.5+jpeg30,0.8593561316590452
data/fixtures/dummy/images/00027.png,1,clean,0.18321114703931796
data/fixtures/dummy/images/00027.png,1,jpeg_90,0.5098968542431223
data/fixtures/dummy/images/00027.png,1,jpeg_70,0.5337313806340291
data/fixtures/dummy/images/00027.png,1,jpeg_50,0.09700881083973911
data/fixtures/dummy/images/00027.png,1,jpeg_30,0.5225761379704054
data/fixtures/dummy/images/00027.png,1,blur_0.5,0.97717372958588
data/fixtures/dummy/images/00027.png,1,blur_1.0,0.5130307867254291
data/fixtures/dummy/images/00027.png,1,blur_2.0,0.26989276914155913
data/fixtures/dummy/images/00027.png,1,resize_0.5,0.7838333237232503
data/fixtures/dummy/images/00027.png,1,resize_0.25,0.7648016569164321
data/fixtures/dummy/images/00027.png,1,noise_0.02,0.6910607503502852
data/fixtures/dummy/images/00027.png,1,noise_0.05,0.7455255232757546
data/fixtures/dummy/images/00027.png,1,noise_0.1,0.8260220348833632
data/fixtures/dummy/images/00027.png,1,jitter_0.2,0.6854230250661502
data/fixtures/dummy/images/00027.png,1,center_crop_0.8,0.7856377082791962
data/fixtures/dummy/images/00027.png,1,composed_blur1.0+jpeg70,0.5639506433399686
data/fixtures/dummy/images/00027.png,1,composed_resize0.5+jpeg50,0.5321224356649163
data/fixtures/dummy/images/00027.png,1,composed_jitter0.2+jpeg30,0.48610843826347605
data/fixtures/dummy/images/00027.png,1,composed_resize0.25+blur0.5+jpeg30,0.17616549092618128
data/fixtures/dummy/images/00028.png,0,clean,0.01697386331924966
data/fixtures/dummy/images/00028.png,0,jpeg_90,0.21908665658021897
data/fixtures/dummy/images/00028.png,0,jpeg_70,0.21822488841038878
data/fixtures/dummy/images/00028.png,0,jpeg_50,0.27201400646227125
data/fixtures/dummy/images/00028.png,0,jpeg_30,0.49699078126837726
data/fixtures/dummy/images/00028.png,0,blur_0.5,0.05551901380920299
data/fixtures/dummy/images/00028.png,0,blur_1.0,0.9494016065835844
data/fixtures/dummy/images/00028.png,0,blur_2.0,0.20442723062910795
data/fixtures/dummy/images/00028.png,0,resize_0.5,0.959159956826488
data/fixtures/dummy/images/00028.png,0,resize_0.25,0.831866886482202
data/fixtures/dummy/images/00028.png,0,noise_0.02,0.3140231392671824
data/fixtures/dummy/images/00028.png,0,noise_0.05,0.10566318876724745
data/fixtures/dummy/images/00028.png,0,noise_0.1,0.346760185272074
data/fixtures/dummy/images/00028.png,0,jitter_0.2,0.32973604211033736
data/fixtures/dummy/images/00028.png,0,center_crop_0.8,0.13357240734133202
data/fixtures/dummy/images/00028.png,0,composed_blur1.0+jpeg70,0.4131416685867635
data/fixtures/dummy/images/00028.png,0,composed_resize0.5+jpeg50,0.060007153171405814
data/fixtures/dummy/images/00028.png,0,composed_jitter0.2+jpeg30,0.7839745758642196
data/fixtures/dummy/images/00028.png,0,composed_resize0.25+blur0.5+jpeg30,0.35449668979459537
data/fixtures/dummy/images/00029.png,1,clean,0.5101851945064373
data/fixtures/dummy/images/00029.png,1,jpeg_90,0.2740474373061781
data/fixtures/dummy/images/00029.png,1,jpeg_70,0.2786651544356388
data/fixtures/dummy/images/00029.png,1,jpeg_50,0.6402351456316305
data/fixtures/dummy/images/00029.png,1,jpeg_30,0.17722018285676966
data/fixtures/dummy/images/00029.png,1,blur_0.5,0.5514407754817653
data/fixtures/dummy/images/00029.png,1,blur_1.0,0.40130059965898834
data/fixtures/dummy/images/00029.png,1,blur_2.0,0.03806744485869695
data/fixtures/dummy/images/00029.png,1,resize_0.5,0.17756753195645858
data/fixtures/dummy/images/00029.png,1,resize_0.25,0.9103620881896265
data/fixtures/dummy/images/00029.png,1,noise_0.02,0.7769651748345431
data/fixtures/dummy/images/00029.png,1,noise_0.05,0.63211723718864
data/fixtures/dummy/images/00029.png,1,noise_0.1,0.822639972073765
data/fixtures/dummy/images/00029.png,1,jitter_0.2,0.1267464792412749
data/fixtures/dummy/images/00029.png,1,center_crop_0.8,0.24943222444930058
data/fixtures/dummy/images/00029.png,1,composed_blur1.0+jpeg70,0.717353821085216
data/fixtures/dummy/images/00029.png,1,composed_resize0.5+jpeg50,0.5605627294363452
data/fixtures/dummy/images/00029.png,1,composed_jitter0.2+jpeg30,0.5142247878876747
data/fixtures/dummy/images/00029.png,1,composed_resize0.25+blur0.5+jpeg30,0.7585208871301399
data/fixtures/dummy/images/00030.png,1,clean,0.2161011651475283
data/fixtures/dummy/images/00030.png,1,jpeg_90,0.9157408870377676
data/fixtures/dummy/images/00030.png,1,jpeg_70,0.874042425849902
data/fixtures/dummy/images/00030.png,1,jpeg_50,0.059145247191326855
data/fixtures/dummy/images/00030.png,1,jpeg_30,0.47173339031798345
data/fixtures/dummy/images/00030.png,1,blur_0.5,0.1336440347413066
data/fixtures/dummy/images/00030.png,1,blur_1.0,0.11181511378507458
data/fixtures/dummy/images/00030.png,1,blur_2.0,0.5498625033096063
data/fixtures/dummy/images/00030.png,1,resize_0.5,0.03054958554373688
data/fixtures/dummy/images/00030.png,1,resize_0.25,0.7815635548998607
data/fixtures/dummy/images/00030.png,1,noise_0.02,0.9843084004865262
data/fixtures/dummy/images/00030.png,1,noise_0.05,0.1968449639564389
data/fixtures/dummy/images/00030.png,1,noise_0.1,0.07557018522838999
data/fixtures/dummy/images/00030.png,1,jitter_0.2,0.8785627426723582
data/fixtures/dummy/images/00030.png,1,center_crop_0.8,0.22266967907060198
data/fixtures/dummy/images/00030.png,1,composed_blur1.0+jpeg70,0.8380323871441373
data/fixtures/dummy/images/00030.png,1,composed_resize0.5+jpeg50,0.16188585545263157
data/fixtures/dummy/images/00030.png,1,composed_jitter0.2+jpeg30,0.4955884295972719
data/fixtures/dummy/images/00030.png,1,composed_resize0.25+blur0.5+jpeg30,0.09396669760273635
data/fixtures/dummy/images/00031.png,1,clean,0.3499446702929767
data/fixtures/dummy/images/00031.png,1,jpeg_90,0.24451249056748237
data/fixtures/dummy/images/00031.png,1,jpeg_70,0.9728174153724131
data/fixtures/dummy/images/00031.png,1,jpeg_50,0.08955373420911594
data/fixtures/dummy/images/00031.png,1,jpeg_30,0.9755495246362642
data/fixtures/dummy/images/00031.png,1,blur_0.5,0.12745638279133042
data/fixtures/dummy/images/00031.png,1,blur_1.0,0.8336518061323668
data/fixtures/dummy/images/00031.png,1,blur_2.0,0.4641827347593498
data/fixtures/dummy/images/00031.png,1,resize_0.5,0.23691051435016974
data/fixtures/dummy/images/00031.png,1,resize_0.25,0.5450568847954057
data/fixtures/dummy/images/00031.png,1,noise_0.02,0.0029528199691331025
data/fixtures/dummy/images/00031.png,1,noise_0.05,0.03264220780038796
data/fixtures/dummy/images/00031.png,1,noise_0.1,0.5507119673314786
data/fixtures/dummy/images/00031.png,1,jitter_0.2,0.8881545800075888
data/fixtures/dummy/images/00031.png,1,center_crop_0.8,0.8068975257938773
data/fixtures/dummy/images/00031.png,1,composed_blur1.0+jpeg70,0.2629315626145724
data/fixtures/dummy/images/00031.png,1,composed_resize0.5+jpeg50,0.3342731589447653
data/fixtures/dummy/images/00031.png,1,composed_jitter0.2+jpeg30,0.9502042370345912
data/fixtures/dummy/images/00031.png,1,composed_resize0.25+blur0.5+jpeg30,0.38616610461399303
data/fixtures/dummy/images/00032.png,1,clean,0.994528552056062
data/fixtures/dummy/images/00032.png,1,jpeg_90,0.9425208851948743
data/fixtures/dummy/images/00032.png,1,jpeg_70,0.2954891741454194
data/fixtures/dummy/images/00032.png,1,jpeg_50,0.6166778952000639
data/fixtures/dummy/images/00032.png,1,jpeg_30,0.5234236810806093
data/fixtures/dummy/images/00032.png,1,blur_0.5,0.3620055575874518
data/fixtures/dummy/images/00032.png,1,blur_1.0,0.7032070000597664
data/fixtures/dummy/images/00032.png,1,blur_2.0,0.10020980732002494
data/fixtures/dummy/images/00032.png,1,resize_0.5,0.788443449892337
data/fixtures/dummy/images/00032.png,1,resize_0.25,0.09702587640503002
data/fixtures/dummy/images/00032.png,1,noise_0.02,0.9905514821009935
data/fixtures/dummy/images/00032.png,1,noise_0.05,0.2652668382103682
data/fixtures/dummy/images/00032.png,1,noise_0.1,0.0786070553122078
data/fixtures/dummy/images/00032.png,1,jitter_0.2,0.6668816442448087
data/fixtures/dummy/images/00032.png,1,center_crop_0.8,0.47407909249543767
data/fixtures/dummy/images/00032.png,1,composed_blur1.0+jpeg70,0.7597762962654091
data/fixtures/dummy/images/00032.png,1,composed_resize0.5+jpeg50,0.7864636502798301
data/fixtures/dummy/images/00032.png,1,composed_jitter0.2+jpeg30,0.10850561588655849
data/fixtures/dummy/images/00032.png,1,composed_resize0.25+blur0.5+jpeg30,0.7941264260407026
data/fixtures/dummy/images/00033.png,1,clean,0.9317025927892943
data/fixtures/dummy/images/00033.png,1,jpeg_90,0.749130562665785
data/fixtures/dummy/images/00033.png,1,jpeg_70,0.25168753897048535
data/fixtures/dummy/images/00033.png,1,jpeg_50,0.8591708254198817
data/fixtures/dummy/images/00033.png,1,jpeg_30,0.7685080436429698
data/fixtures/dummy/images/00033.png,1,blur_0.5,0.3875209549296872
data/fixtures/dummy/images/00033.png,1,blur_1.0,0.0033704649018276855
data/fixtures/dummy/images/00033.png,1,blur_2.0,0.7233231517430526
data/fixtures/dummy/images/00033.png,1,resize_0.5,0.9417053828840648
data/fixtures/dummy/images/00033.png,1,resize_0.25,0.18199236814371833
data/fixtures/dummy/images/00033.png,1,noise_0.02,0.2253592352905821
data/fixtures/dummy/images/00033.png,1,noise_0.05,0.01463627947952395
data/fixtures/dummy/images/00033.png,1,noise_0.1,0.5485262037194796
data/fixtures/dummy/images/00033.png,1,jitter_0.2,0.16368296696591922
data/fixtures/dummy/images/00033.png,1,center_crop_0.8,0.8523649923324331
data/fixtures/dummy/images/00033.png,1,composed_blur1.0+jpeg70,0.8730241385828187
data/fixtures/dummy/images/00033.png,1,composed_resize0.5+jpeg50,0.5614884334135106
data/fixtures/dummy/images/00033.png,1,composed_jitter0.2+jpeg30,0.8097880138853524
data/fixtures/dummy/images/00033.png,1,composed_resize0.25+blur0.5+jpeg30,0.5696222765164791
data/fixtures/dummy/images/00034.png,0,clean,0.7583083431548212
data/fixtures/dummy/images/00034.png,0,jpeg_90,0.6749096563429166
data/fixtures/dummy/images/00034.png,0,jpeg_70,0.38671981551472856
data/fixtures/dummy/images/00034.png,0,jpeg_50,0.3271075770740898
data/fixtures/dummy/images/00034.png,0,jpeg_30,0.3314557750402678
data/fixtures/dummy/images/00034.png,0,blur_0.5,0.13935142895588504
data/fixtures/dummy/images/00034.png,0,blur_1.0,0.008460924183787077
data/fixtures/dummy/images/00034.png,0,blur_2.0,0.4780961222583827
data/fixtures/dummy/images/00034.png,0,resize_0.5,0.6232254094834178
data/fixtures/dummy/images/00034.png,0,resize_0.25,0.8587322868938396
data/fixtures/dummy/images/00034.png,0,noise_0.02,0.9067695810879914
data/fixtures/dummy/images/00034.png,0,noise_0.05,0.06139879297691753
data/fixtures/dummy/images/00034.png,0,noise_0.1,0.7884485158511187
data/fixtures/dummy/images/00034.png,0,jitter_0.2,0.9277948606581259
data/fixtures/dummy/images/00034.png,0,center_crop_0.8,0.7302760468735119
data/fixtures/dummy/images/00034.png,0,composed_blur1.0+jpeg70,0.7309607314410503
data/fixtures/dummy/images/00034.png,0,composed_resize0.5+jpeg50,0.4530535420944365
data/fixtures/dummy/images/00034.png,0,composed_jitter0.2+jpeg30,0.9277859332710158
data/fixtures/dummy/images/00034.png,0,composed_resize0.25+blur0.5+jpeg30,0.4405113260065092
data/fixtures/dummy/images/00035.png,1,clean,0.4603782031646334
data/fixtures/dummy/images/00035.png,1,jpeg_90,0.7814857261482908
data/fixtures/dummy/images/00035.png,1,jpeg_70,0.6863388792044117
data/fixtures/dummy/images/00035.png,1,jpeg_50,0.8760956456017109
data/fixtures/dummy/images/00035.png,1,jpeg_30,0.036141588087818866
data/fixtures/dummy/images/00035.png,1,blur_0.5,0.4709589142354986
data/fixtures/dummy/images/00035.png,1,blur_1.0,0.8759915756400086
data/fixtures/dummy/images/00035.png,1,blur_2.0,0.9256296971137532
data/fixtures/dummy/images/00035.png,1,resize_0.5,0.8501638160656104
data/fixtures/dummy/images/00035.png,1,resize_0.25,0.9433977326346441
data/fixtures/dummy/images/00035.png,1,noise_0.02,0.8186922286907441
data/fixtures/dummy/images/00035.png,1,noise_0.05,0.43844033858803655
data/fixtures/dummy/images/00035.png,1,noise_0.1,0.5925933408732786
data/fixtures/dummy/images/00035.png,1,jitter_0.2,0.5317403928482047
data/fixtures/dummy/images/00035.png,1,center_crop_0.8,0.4435462225274519
data/fixtures/dummy/images/00035.png,1,composed_blur1.0+jpeg70,0.934392558791494
data/fixtures/dummy/images/00035.png,1,composed_resize0.5+jpeg50,0.09698017730980146
data/fixtures/dummy/images/00035.png,1,composed_jitter0.2+jpeg30,0.1506809716925097
data/fixtures/dummy/images/00035.png,1,composed_resize0.25+blur0.5+jpeg30,0.8232911995149088
data/fixtures/dummy/images/00036.png,0,clean,0.45119957863490556
data/fixtures/dummy/images/00036.png,0,jpeg_90,0.8859619251394311
data/fixtures/dummy/images/00036.png,0,jpeg_70,0.2902443742782649
data/fixtures/dummy/images/00036.png,0,jpeg_50,0.13655841894511855
data/fixtures/dummy/images/00036.png,0,jpeg_30,0.6785342821969532
data/fixtures/dummy/images/00036.png,0,blur_0.5,0.0020994182132640926
data/fixtures/dummy/images/00036.png,0,blur_1.0,0.8174421902372017
data/fixtures/dummy/images/00036.png,0,blur_2.0,0.05860500289987547
data/fixtures/dummy/images/00036.png,0,resize_0.5,0.8117921637763651
data/fixtures/dummy/images/00036.png,0,resize_0.25,0.7871708469078555
data/fixtures/dummy/images/00036.png,0,noise_0.02,0.19824044827631682
data/fixtures/dummy/images/00036.png,0,noise_0.05,0.9592404301850768
data/fixtures/dummy/images/00036.png,0,noise_0.1,0.5589895659023626
data/fixtures/dummy/images/00036.png,0,jitter_0.2,0.3578533387205747
data/fixtures/dummy/images/00036.png,0,center_crop_0.8,0.6864020104322838
data/fixtures/dummy/images/00036.png,0,composed_blur1.0+jpeg70,0.6934408655760942
data/fixtures/dummy/images/00036.png,0,composed_resize0.5+jpeg50,0.050288851233144305
data/fixtures/dummy/images/00036.png,0,composed_jitter0.2+jpeg30,0.9427054636777927
data/fixtures/dummy/images/00036.png,0,composed_resize0.25+blur0.5+jpeg30,0.31097055209693125
data/fixtures/dummy/images/00037.png,1,clean,0.888305775123375
data/fixtures/dummy/images/00037.png,1,jpeg_90,0.20775283141509837
data/fixtures/dummy/images/00037.png,1,jpeg_70,0.7617273460911568
data/fixtures/dummy/images/00037.png,1,jpeg_50,0.12641756305711516
data/fixtures/dummy/images/00037.png,1,jpeg_30,0.11605531079542442
data/fixtures/dummy/images/00037.png,1,blur_0.5,0.23000083368988733
data/fixtures/dummy/images/00037.png,1,blur_1.0,0.18375169319642148
data/fixtures/dummy/images/00037.png,1,blur_2.0,0.6040587636893634
data/fixtures/dummy/images/00037.png,1,resize_0.5,0.2771502965339223
data/fixtures/dummy/images/00037.png,1,resize_0.25,0.044768048047854725
data/fixtures/dummy/images/00037.png,1,noise_0.02,0.45726846632223705
data/fixtures/dummy/images/00037.png,1,noise_0.05,0.3630981867585238
data/fixtures/dummy/images/00037.png,1,noise_0.1,0.988608138360902
data/fixtures/dummy/images/00037.png,1,jitter_0.2,0.06567130835170398
data/fixtures/dummy/images/00037.png,1,center_crop_0.8,0.3292123418699755
data/fixtures/dummy/images/00037.png,1,composed_blur1.0+jpeg70,0.811423876920701
data/fixtures/dummy/images/00037.png,1,composed_resize0.5+jpeg50,0.7515732665528672
data/fixtures/dummy/images/00037.png,1,composed_jitter0.2+jpeg30,0.3539598106475733
data/fixtures/dummy/images/00037.png,1,composed_resize0.25+blur0.5+jpeg30,0.6510106332492626
data/fixtures/dummy/images/00038.png,1,clean,0.03834365079892199
data/fixtures/dummy/images/00038.png,1,jpeg_90,0.8675554828712938
data/fixtures/dummy/images/00038.png,1,jpeg_70,0.7724975910577673
data/fixtures/dummy/images/00038.png,1,jpeg_50,0.5436470456410221
data/fixtures/dummy/images/00038.png,1,jpeg_30,0.09000258051930266
data/fixtures/dummy/images/00038.png,1,blur_0.5,0.7112175255720627
data/fixtures/dummy/images/00038.png,1,blur_1.0,0.23890333619231663
data/fixtures/dummy/images/00038.png,1,blur_2.0,0.08791490731905571
data/fixtures/dummy/images/00038.png,1,resize_0.5,0.15146734614964863
data/fixtures/dummy/images/00038.png,1,resize_0.25,0.11494840417856522
data/fixtures/dummy/images/00038.png,1,noise_0.02,0.7327418656948995
data/fixtures/dummy/images/00038.png,1,noise_0.05,0.3893163316414491
data/fixtures/dummy/images/00038.png,1,noise_0.1,0.09257024649351386
data/fixtures/dummy/images/00038.png,1,jitter_0.2,0.0102534588777905
data/fixtures/dummy/images/00038.png,1,center_crop_0.8,0.054198671810575694
data/fixtures/dummy/images/00038.png,1,composed_blur1.0+jpeg70,0.7939896051470481
data/fixtures/dummy/images/00038.png,1,composed_resize0.5+jpeg50,0.793714471291346
data/fixtures/dummy/images/00038.png,1,composed_jitter0.2+jpeg30,0.954823546200345
data/fixtures/dummy/images/00038.png,1,composed_resize0.25+blur0.5+jpeg30,0.05020926857782626
data/fixtures/dummy/images/00039.png,1,clean,0.428050804193287
data/fixtures/dummy/images/00039.png,1,jpeg_90,0.35338984363061665
data/fixtures/dummy/images/00039.png,1,jpeg_70,0.41093509615267887
data/fixtures/dummy/images/00039.png,1,jpeg_50,0.33423764138014433
data/fixtures/dummy/images/00039.png,1,jpeg_30,0.8076239831270395
data/fixtures/dummy/images/00039.png,1,blur_0.5,0.7179351216643134
data/fixtures/dummy/images/00039.png,1,blur_1.0,0.43417301453641477
data/fixtures/dummy/images/00039.png,1,blur_2.0,0.32902485116201596
data/fixtures/dummy/images/00039.png,1,resize_0.5,0.15147001680985772
data/fixtures/dummy/images/00039.png,1,resize_0.25,0.3370409010194121
data/fixtures/dummy/images/00039.png,1,noise_0.02,0.9450254583264321
data/fixtures/dummy/images/00039.png,1,noise_0.05,0.9231022181545575
data/fixtures/dummy/images/00039.png,1,noise_0.1,0.4585053455930933
data/fixtures/dummy/images/00039.png,1,jitter_0.2,0.5634410605215359
data/fixtures/dummy/images/00039.png,1,center_crop_0.8,0.08988451340246173
data/fixtures/dummy/images/00039.png,1,composed_blur1.0+jpeg70,0.6099552791057397
data/fixtures/dummy/images/00039.png,1,composed_resize0.5+jpeg50,0.22528697916592078
data/fixtures/dummy/images/00039.png,1,composed_jitter0.2+jpeg30,0.889866852596261
data/fixtures/dummy/images/00039.png,1,composed_resize0.25+blur0.5+jpeg30,0.9519937860644486
data/fixtures/dummy/images/00040.png,1,clean,0.9873890150091316
data/fixtures/dummy/images/00040.png,1,jpeg_90,0.5122994551863013
data/fixtures/dummy/images/00040.png,1,jpeg_70,0.5534788232786281
data/fixtures/dummy/images/00040.png,1,jpeg_50,0.6135501842789572
data/fixtures/dummy/images/00040.png,1,jpeg_30,0.8606527062190152
data/fixtures/dummy/images/00040.png,1,blur_0.5,0.7433302828055194
data/fixtures/dummy/images/00040.png,1,blur_1.0,0.6604342493457365
data/fixtures/dummy/images/00040.png,1,blur_2.0,0.6899206773580211
data/fixtures/dummy/images/00040.png,1,resize_0.5,0.24613063098633703
data/fixtures/dummy/images/00040.png,1,resize_0.25,0.22801799261955535
data/fixtures/dummy/images/00040.png,1,noise_0.02,0.6731107208372806
data/fixtures/dummy/images/00040.png,1,noise_0.05,0.8533792989910903
data/fixtures/dummy/images/00040.png,1,noise_0.1,0.9085790190984073
data/fixtures/dummy/images/00040.png,1,jitter_0.2,0.6403165725691407
data/fixtures/dummy/images/00040.png,1,center_crop_0.8,0.8645454659266284
data/fixtures/dummy/images/00040.png,1,composed_blur1.0+jpeg70,0.6397903820846734
data/fixtures/dummy/images/00040.png,1,composed_resize0.5+jpeg50,0.6952968276674798
data/fixtures/dummy/images/00040.png,1,composed_jitter0.2+jpeg30,0.27659607041727297
data/fixtures/dummy/images/00040.png,1,composed_resize0.25+blur0.5+jpeg30,0.23643023549388464
data/fixtures/dummy/images/00041.png,1,clean,0.814205115629549
data/fixtures/dummy/images/00041.png,1,jpeg_90,0.7611107535448778
data/fixtures/dummy/images/00041.png,1,jpeg_70,0.23183465194389918
data/fixtures/dummy/images/00041.png,1,jpeg_50,0.7619615005136003
data/fixtures/dummy/images/00041.png,1,jpeg_30,0.25022888139579924
data/fixtures/dummy/images/00041.png,1,blur_0.5,0.21978498768838406
data/fixtures/dummy/images/00041.png,1,blur_1.0,0.24428314190990374
data/fixtures/dummy/images/00041.png,1,blur_2.0,0.7268789131036557
data/fixtures/dummy/images/00041.png,1,resize_0.5,0.7419711322421
data/fixtures/dummy/images/00041.png,1,resize_0.25,0.24669045053198468
data/fixtures/dummy/images/00041.png,1,noise_0.02,0.13392113163782426
data/fixtures/dummy/images/00041.png,1,noise_0.05,0.9833589708789782
data/fixtures/dummy/images/00041.png,1,noise_0.1,0.28593464491999154
data/fixtures/dummy/images/00041.png,1,jitter_0.2,0.7251104155779009
data/fixtures/dummy/images/00041.png,1,center_crop_0.8,0.06572353500332961
data/fixtures/dummy/images/00041.png,1,composed_blur1.0+jpeg70,0.8535905807335398
data/fixtures/dummy/images/00041.png,1,composed_resize0.5+jpeg50,0.3135770602463016
data/fixtures/dummy/images/00041.png,1,composed_jitter0.2+jpeg30,0.9211779191188545
data/fixtures/dummy/images/00041.png,1,composed_resize0.25+blur0.5+jpeg30,0.028762178840791908
data/fixtures/dummy/images/00042.png,0,clean,0.2114459992261789
data/fixtures/dummy/images/00042.png,0,jpeg_90,0.03484390713679497
data/fixtures/dummy/images/00042.png,0,jpeg_70,0.05057371424793189
data/fixtures/dummy/images/00042.png,0,jpeg_50,0.37540526041831945
data/fixtures/dummy/images/00042.png,0,jpeg_30,0.20970171415262684
data/fixtures/dummy/images/00042.png,0,blur_0.5,0.15332760119221112
data/fixtures/dummy/images/00042.png,0,blur_1.0,0.7383741795831043
data/fixtures/dummy/images/00042.png,0,blur_2.0,0.7220899548090237
data/fixtures/dummy/images/00042.png,0,resize_0.5,0.07764139406376236
data/fixtures/dummy/images/00042.png,0,resize_0.25,0.04359708985782762
data/fixtures/dummy/images/00042.png,0,noise_0.02,0.29400556055336446
data/fixtures/dummy/images/00042.png,0,noise_0.05,0.5645086729203055
data/fixtures/dummy/images/00042.png,0,noise_0.1,0.6705939162565405
data/fixtures/dummy/images/00042.png,0,jitter_0.2,0.81275552114412
data/fixtures/dummy/images/00042.png,0,center_crop_0.8,0.9093776778475162
data/fixtures/dummy/images/00042.png,0,composed_blur1.0+jpeg70,0.4606197636596837
data/fixtures/dummy/images/00042.png,0,composed_resize0.5+jpeg50,0.32014076568590044
data/fixtures/dummy/images/00042.png,0,composed_jitter0.2+jpeg30,0.10940740259263515
data/fixtures/dummy/images/00042.png,0,composed_resize0.25+blur0.5+jpeg30,0.5223114740574258
data/fixtures/dummy/images/00043.png,0,clean,0.6404154726423151
data/fixtures/dummy/images/00043.png,0,jpeg_90,0.00782820598906997
data/fixtures/dummy/images/00043.png,0,jpeg_70,0.5935279215100762
data/fixtures/dummy/images/00043.png,0,jpeg_50,0.5215527304662619
data/fixtures/dummy/images/00043.png,0,jpeg_30,0.4784496156080418
data/fixtures/dummy/images/00043.png,0,blur_0.5,0.279648021522213
data/fixtures/dummy/images/00043.png,0,blur_1.0,0.5397115394226631
data/fixtures/dummy/images/00043.png,0,blur_2.0,0.25761249793093355
data/fixtures/dummy/images/00043.png,0,resize_0.5,0.6417923237121317
data/fixtures/dummy/images/00043.png,0,resize_0.25,0.11533572710963691
data/fixtures/dummy/images/00043.png,0,noise_0.02,0.6183020880062052
data/fixtures/dummy/images/00043.png,0,noise_0.05,0.5037949830624424
data/fixtures/dummy/images/00043.png,0,noise_0.1,0.14432275590232024
data/fixtures/dummy/images/00043.png,0,jitter_0.2,0.23297051345069097
data/fixtures/dummy/images/00043.png,0,center_crop_0.8,0.9874676834186228
data/fixtures/dummy/images/00043.png,0,composed_blur1.0+jpeg70,0.10216237771679859
data/fixtures/dummy/images/00043.png,0,composed_resize0.5+jpeg50,0.45072709950287837
data/fixtures/dummy/images/00043.png,0,composed_jitter0.2+jpeg30,0.7505059050355843
data/fixtures/dummy/images/00043.png,0,composed_resize0.25+blur0.5+jpeg30,0.1802182929670605
data/fixtures/dummy/images/00044.png,0,clean,0.7195574986086115
data/fixtures/dummy/images/00044.png,0,jpeg_90,0.6837743308600316
data/fixtures/dummy/images/00044.png,0,jpeg_70,0.9635469775210659
data/fixtures/dummy/images/00044.png,0,jpeg_50,0.6182637970187803
data/fixtures/dummy/images/00044.png,0,jpeg_30,0.8337430162848894
data/fixtures/dummy/images/00044.png,0,blur_0.5,0.7731480587639271
data/fixtures/dummy/images/00044.png,0,blur_1.0,0.8994658870563443
data/fixtures/dummy/images/00044.png,0,blur_2.0,0.5794330859396506
data/fixtures/dummy/images/00044.png,0,resize_0.5,0.3950821868320977
data/fixtures/dummy/images/00044.png,0,resize_0.25,0.19747422241007717
data/fixtures/dummy/images/00044.png,0,noise_0.02,0.35407141726625646
data/fixtures/dummy/images/00044.png,0,noise_0.05,0.99818133056905
data/fixtures/dummy/images/00044.png,0,noise_0.1,0.8628042678302755
data/fixtures/dummy/images/00044.png,0,jitter_0.2,0.9694339999518711
data/fixtures/dummy/images/00044.png,0,center_crop_0.8,0.42294299152518866
data/fixtures/dummy/images/00044.png,0,composed_blur1.0+jpeg70,0.06396484832378913
data/fixtures/dummy/images/00044.png,0,composed_resize0.5+jpeg50,0.8656528368423958
data/fixtures/dummy/images/00044.png,0,composed_jitter0.2+jpeg30,0.26790244993347034
data/fixtures/dummy/images/00044.png,0,composed_resize0.25+blur0.5+jpeg30,0.38132426053021884
data/fixtures/dummy/images/00045.png,0,clean,0.22453166167572203
data/fixtures/dummy/images/00045.png,0,jpeg_90,0.470270057067131
data/fixtures/dummy/images/00045.png,0,jpeg_70,0.029689116137522453
data/fixtures/dummy/images/00045.png,0,jpeg_50,0.7403297821250739
data/fixtures/dummy/images/00045.png,0,jpeg_30,0.37926365740326984
data/fixtures/dummy/images/00045.png,0,blur_0.5,0.4070900236141608
data/fixtures/dummy/images/00045.png,0,blur_1.0,0.029239768917106668
data/fixtures/dummy/images/00045.png,0,blur_2.0,0.604380937223297
data/fixtures/dummy/images/00045.png,0,resize_0.5,0.1814236024728042
data/fixtures/dummy/images/00045.png,0,resize_0.25,0.9685941501721983
data/fixtures/dummy/images/00045.png,0,noise_0.02,0.23602818657370572
data/fixtures/dummy/images/00045.png,0,noise_0.05,0.1681319281490088
data/fixtures/dummy/images/00045.png,0,noise_0.1,0.3286295690018993
data/fixtures/dummy/images/00045.png,0,jitter_0.2,0.46911600152678745
data/fixtures/dummy/images/00045.png,0,center_crop_0.8,0.8645477859809927
data/fixtures/dummy/images/00045.png,0,composed_blur1.0+jpeg70,0.11986273503098965
data/fixtures/dummy/images/00045.png,0,composed_resize0.5+jpeg50,0.2770337151820452
data/fixtures/dummy/images/00045.png,0,composed_jitter0.2+jpeg30,0.05454959815410232
data/fixtures/dummy/images/00045.png,0,composed_resize0.25+blur0.5+jpeg30,0.628708803387817
data/fixtures/dummy/images/00046.png,1,clean,0.13378931377530412
data/fixtures/dummy/images/00046.png,1,jpeg_90,0.01884898910601618
data/fixtures/dummy/images/00046.png,1,jpeg_70,0.9359178153740966
data/fixtures/dummy/images/00046.png,1,jpeg_50,0.6725697961977201
data/fixtures/dummy/images/00046.png,1,jpeg_30,0.018803970149763316
data/fixtures/dummy/images/00046.png,1,blur_0.5,0.6979420363010784
data/fixtures/dummy/images/00046.png,1,blur_1.0,0.1632206444505636
data/fixtures/dummy/images/00046.png,1,blur_2.0,0.9997204989857366
data/fixtures/dummy/images/00046.png,1,resize_0.5,0.5921733048839322
data/fixtures/dummy/images/00046.png,1,resize_0.25,0.2920496170032919
data/fixtures/dummy/images/00046.png,1,noise_0.02,0.793709462990833
data/fixtures/dummy/images/00046.png,1,noise_0.05,0.3811086688649197
data/fixtures/dummy/images/00046.png,1,noise_0.1,0.6863821254393452
data/fixtures/dummy/images/00046.png,1,jitter_0.2,0.9082258039174866
data/fixtures/dummy/images/00046.png,1,center_crop_0.8,0.24276285281427135
data/fixtures/dummy/images/00046.png,1,composed_blur1.0+jpeg70,0.7568064658223269
data/fixtures/dummy/images/00046.png,1,composed_resize0.5+jpeg50,0.9695570369064385
data/fixtures/dummy/images/00046.png,1,composed_jitter0.2+jpeg30,0.9365845333292975
data/fixtures/dummy/images/00046.png,1,composed_resize0.25+blur0.5+jpeg30,0.0939832269678601
data/fixtures/dummy/images/00047.png,0,clean,0.08019644857758257
data/fixtures/dummy/images/00047.png,0,jpeg_90,0.19498289882530762
data/fixtures/dummy/images/00047.png,0,jpeg_70,0.09369258995662477
data/fixtures/dummy/images/00047.png,0,jpeg_50,0.0850431139915071
data/fixtures/dummy/images/00047.png,0,jpeg_30,0.3033705831607262
data/fixtures/dummy/images/00047.png,0,blur_0.5,0.2684130466212642
data/fixtures/dummy/images/00047.png,0,blur_1.0,0.17002277117428466
data/fixtures/dummy/images/00047.png,0,blur_2.0,0.5898057573346894
data/fixtures/dummy/images/00047.png,0,resize_0.5,0.6344846710099136
data/fixtures/dummy/images/00047.png,0,resize_0.25,0.18696764733541194
data/fixtures/dummy/images/00047.png,0,noise_0.02,0.5790749164547023
data/fixtures/dummy/images/00047.png,0,noise_0.05,0.9881446449686937
data/fixtures/dummy/images/00047.png,0,noise_0.1,0.012187592453447471
data/fixtures/dummy/images/00047.png,0,jitter_0.2,0.5013768376141776
data/fixtures/dummy/images/00047.png,0,center_crop_0.8,0.770557142933079
data/fixtures/dummy/images/00047.png,0,composed_blur1.0+jpeg70,0.5003559593359539
data/fixtures/dummy/images/00047.png,0,composed_resize0.5+jpeg50,0.8912580356380962
data/fixtures/dummy/images/00047.png,0,composed_jitter0.2+jpeg30,0.886848628945647
data/fixtures/dummy/images/00047.png,0,composed_resize0.25+blur0.5+jpeg30,0.47186955594139723
data/fixtures/dummy/images/00048.png,1,clean,0.3090902728351784
data/fixtures/dummy/images/00048.png,1,jpeg_90,0.37312992015548985
data/fixtures/dummy/images/00048.png,1,jpeg_70,0.8286210368397994
data/fixtures/dummy/images/00048.png,1,jpeg_50,0.28072150788295913
data/fixtures/dummy/images/00048.png,1,jpeg_30,0.04264438232938639
data/fixtures/dummy/images/00048.png,1,blur_0.5,0.7726294231619664
data/fixtures/dummy/images/00048.png,1,blur_1.0,0.04390026735003061
data/fixtures/dummy/images/00048.png,1,blur_2.0,0.19585414912801868
data/fixtures/dummy/images/00048.png,1,resize_0.5,0.5745050343121029
data/fixtures/dummy/images/00048.png,1,resize_0.25,0.694947825572482
data/fixtures/dummy/images/00048.png,1,noise_0.02,0.19452236677385004
data/fixtures/dummy/images/00048.png,1,noise_0.05,0.08102364446486088
data/fixtures/dummy/images/00048.png,1,noise_0.1,0.9437881273382926
data/fixtures/dummy/images/00048.png,1,jitter_0.2,0.36092595216891576
data/fixtures/dummy/images/00048.png,1,center_crop_0.8,0.05176030834874101
data/fixtures/dummy/images/00048.png,1,composed_blur1.0+jpeg70,0.9442537529071567
data/fixtures/dummy/images/00048.png,1,composed_resize0.5+jpeg50,0.8970336962166221
data/fixtures/dummy/images/00048.png,1,composed_jitter0.2+jpeg30,0.6619451384884875
data/fixtures/dummy/images/00048.png,1,composed_resize0.25+blur0.5+jpeg30,0.16643917974397215
data/fixtures/dummy/images/00049.png,1,clean,0.27132395895645534
data/fixtures/dummy/images/00049.png,1,jpeg_90,0.9542449462224171
data/fixtures/dummy/images/00049.png,1,jpeg_70,0.004167401479619692
data/fixtures/dummy/images/00049.png,1,jpeg_50,0.2908676633364593
data/fixtures/dummy/images/00049.png,1,jpeg_30,0.2772696584666261
data/fixtures/dummy/images/00049.png,1,blur_0.5,0.8255891268424481
data/fixtures/dummy/images/00049.png,1,blur_1.0,0.37543797103428456
data/fixtures/dummy/images/00049.png,1,blur_2.0,0.19254573399717645
data/fixtures/dummy/images/00049.png,1,resize_0.5,0.07696681234567493
data/fixtures/dummy/images/00049.png,1,resize_0.25,0.6661794763844158
data/fixtures/dummy/images/00049.png,1,noise_0.02,0.6508928331713639
data/fixtures/dummy/images/00049.png,1,noise_0.05,0.6415940022014514
data/fixtures/dummy/images/00049.png,1,noise_0.1,0.20429213483538877
data/fixtures/dummy/images/00049.png,1,jitter_0.2,0.824317397936248
data/fixtures/dummy/images/00049.png,1,center_crop_0.8,0.834883696729088
data/fixtures/dummy/images/00049.png,1,composed_blur1.0+jpeg70,0.458003405735837
data/fixtures/dummy/images/00049.png,1,composed_resize0.5+jpeg50,0.6266927379217191
data/fixtures/dummy/images/00049.png,1,composed_jitter0.2+jpeg30,0.9818994785789126
data/fixtures/dummy/images/00049.png,1,composed_resize0.25+blur0.5+jpeg30,0.36188164811814516
data/fixtures/dummy/images/00050.jpg,1,clean,0.5775705702352188
data/fixtures/dummy/images/00050.jpg,1,jpeg_90,0.5918767642989549
data/fixtures/dummy/images/00050.jpg,1,jpeg_70,0.7217681508631624
data/fixtures/dummy/images/00050.jpg,1,jpeg_50,0.5285772784082805
data/fixtures/dummy/images/00050.jpg,1,jpeg_30,0.46109666573495545
data/fixtures/dummy/images/00050.jpg,1,blur_0.5,0.18030384482784778
data/fixtures/dummy/images/00050.jpg,1,blur_1.0,0.006263707278147401
data/fixtures/dummy/images/00050.jpg,1,blur_2.0,0.18550768482175228
data/fixtures/dummy/images/00050.jpg,1,resize_0.5,0.5087339198575416
data/fixtures/dummy/images/00050.jpg,1,resize_0.25,0.04041132490025945
data/fixtures/dummy/images/00050.jpg,1,noise_0.02,0.9279231914357718
data/fixtures/dummy/images/00050.jpg,1,noise_0.05,0.3307918957513415
data/fixtures/dummy/images/00050.jpg,1,noise_0.1,0.11402700421965417
data/fixtures/dummy/images/00050.jpg,1,jitter_0.2,0.011025303616881699
data/fixtures/dummy/images/00050.jpg,1,center_crop_0.8,0.8274666754102764
data/fixtures/dummy/images/00050.jpg,1,composed_blur1.0+jpeg70,0.9613228036466109
data/fixtures/dummy/images/00050.jpg,1,composed_resize0.5+jpeg50,0.045917152731143385
data/fixtures/dummy/images/00050.jpg,1,composed_jitter0.2+jpeg30,0.6083656761929529
data/fixtures/dummy/images/00050.jpg,1,composed_resize0.25+blur0.5+jpeg30,0.22538631296361222
data/fixtures/dummy/images/00051.png,1,clean,0.01815725234889176
data/fixtures/dummy/images/00051.png,1,jpeg_90,0.5229356105368843
data/fixtures/dummy/images/00051.png,1,jpeg_70,0.2766168444882905
data/fixtures/dummy/images/00051.png,1,jpeg_50,0.24923882352379512
data/fixtures/dummy/images/00051.png,1,jpeg_30,0.19848323869385176
data/fixtures/dummy/images/00051.png,1,blur_0.5,0.043056139699935936
data/fixtures/dummy/images/00051.png,1,blur_1.0,0.7918680887663837
data/fixtures/dummy/images/00051.png,1,blur_2.0,0.9079972417702438
data/fixtures/dummy/images/00051.png,1,resize_0.5,0.8763672233563948
data/fixtures/dummy/images/00051.png,1,resize_0.25,0.024019207419870403
data/fixtures/dummy/images/00051.png,1,noise_0.02,0.5871109983283357
data/fixtures/dummy/images/00051.png,1,noise_0.05,0.6610689128695203
data/fixtures/dummy/images/00051.png,1,noise_0.1,0.48123440225884484
data/fixtures/dummy/images/00051.png,1,jitter_0.2,0.18289308567848594
data/fixtures/dummy/images/00051.png,1,center_crop_0.8,0.10825969245831635
data/fixtures/dummy/images/00051.png,1,composed_blur1.0+jpeg70,0.7786562511196243
data/fixtures/dummy/images/00051.png,1,composed_resize0.5+jpeg50,0.16225630324986196
data/fixtures/dummy/images/00051.png,1,composed_jitter0.2+jpeg30,0.4583089434088664
data/fixtures/dummy/images/00051.png,1,composed_resize0.25+blur0.5+jpeg30,0.7329948056973562
data/fixtures/dummy/images/00052.png,1,clean,0.6481546173590368
data/fixtures/dummy/images/00052.png,1,jpeg_90,0.6614305527101351
data/fixtures/dummy/images/00052.png,1,jpeg_70,0.12806181901850844
data/fixtures/dummy/images/00052.png,1,jpeg_50,0.27878813039091055
data/fixtures/dummy/images/00052.png,1,jpeg_30,0.3409715098350107
data/fixtures/dummy/images/00052.png,1,blur_0.5,0.5687130327390687
data/fixtures/dummy/images/00052.png,1,blur_1.0,0.522645796179015
data/fixtures/dummy/images/00052.png,1,blur_2.0,0.30358200111854505
data/fixtures/dummy/images/00052.png,1,resize_0.5,0.5588281503241809
data/fixtures/dummy/images/00052.png,1,resize_0.25,0.6420816278477381
data/fixtures/dummy/images/00052.png,1,noise_0.02,0.6662594546484744
data/fixtures/dummy/images/00052.png,1,noise_0.05,0.5735169411205617
data/fixtures/dummy/images/00052.png,1,noise_0.1,0.4026696453472538
data/fixtures/dummy/images/00052.png,1,jitter_0.2,0.33370419152078956
data/fixtures/dummy/images/00052.png,1,center_crop_0.8,0.40839421760605465
data/fixtures/dummy/images/00052.png,1,composed_blur1.0+jpeg70,0.3625832549803977
data/fixtures/dummy/images/00052.png,1,composed_resize0.5+jpeg50,0.05953731117461203
data/fixtures/dummy/images/00052.png,1,composed_jitter0.2+jpeg30,0.5709223253755022
data/fixtures/dummy/images/00052.png,1,composed_resize0.25+blur0.5+jpeg30,0.7690062531740595
data/fixtures/dummy/images/00053.png,1,clean,0.709705007530801
data/fixtures/dummy/images/00053.png,1,jpeg_90,0.20232900015599542
data/fixtures/dummy/images/00053.png,1,jpeg_70,0.022511609446724257
data/fixtures/dummy/images/00053.png,1,jpeg_50,0.5477097309889806
data/fixtures/dummy/images/00053.png,1,jpeg_30,0.7908323914060762
data/fixtures/dummy/images/00053.png,1,blur_0.5,0.7813404724964303
data/fixtures/dummy/images/00053.png,1,blur_1.0,0.49169515277581677
data/fixtures/dummy/images/00053.png,1,blur_2.0,0.7752626975218411
data/fixtures/dummy/images/00053.png,1,resize_0.5,0.5025581491452623
data/fixtures/dummy/images/00053.png,1,resize_0.25,0.20798746989735317
data/fixtures/dummy/images/00053.png,1,noise_0.02,0.3067688937492423
data/fixtures/dummy/images/00053.png,1,noise_0.05,0.4691470281246144
data/fixtures/dummy/images/00053.png,1,noise_0.1,0.9697071765957785
data/fixtures/dummy/images/00053.png,1,jitter_0.2,0.3377853032766005
data/fixtures/dummy/images/00053.png,1,center_crop_0.8,0.4168117735118574
data/fixtures/dummy/images/00053.png,1,composed_blur1.0+jpeg70,0.10524468504766749
data/fixtures/dummy/images/00053.png,1,composed_resize0.5+jpeg50,0.2720807604867972
data/fixtures/dummy/images/00053.png,1,composed_jitter0.2+jpeg30,0.7947231793065891
data/fixtures/dummy/images/00053.png,1,composed_resize0.25+blur0.5+jpeg30,0.2813102666442199
data/fixtures/dummy/images/00054.png,0,clean,0.15981871856463958
data/fixtures/dummy/images/00054.png,0,jpeg_90,0.9329924079667851
data/fixtures/dummy/images/00054.png,0,jpeg_70,0.48604503315254566
data/fixtures/dummy/images/00054.png,0,jpeg_50,0.9417081083868527
data/fixtures/dummy/images/00054.png,0,jpeg_30,0.5644534303956428
data/fixtures/dummy/images/00054.png,0,blur_0.5,0.6543129193633901
data/fixtures/dummy/images/00054.png,0,blur_1.0,0.38797612991757335
data/fixtures/dummy/images/00054.png,0,blur_2.0,0.40150894838792317
data/fixtures/dummy/images/00054.png,0,resize_0.5,0.39641369970182483
data/fixtures/dummy/images/00054.png,0,resize_0.25,0.6311680449178441
data/fixtures/dummy/images/00054.png,0,noise_0.02,0.19294857573955304
data/fixtures/dummy/images/00054.png,0,noise_0.05,0.10493738503293726
data/fixtures/dummy/images/00054.png,0,noise_0.1,0.3582819685923081
data/fixtures/dummy/images/00054.png,0,jitter_0.2,0.20253346248234816
data/fixtures/dummy/images/00054.png,0,center_crop_0.8,0.23040348699409607
data/fixtures/dummy/images/00054.png,0,composed_blur1.0+jpeg70,0.9333934269086767
data/fixtures/dummy/images/00054.png,0,composed_resize0.5+jpeg50,0.46933383132107553
data/fixtures/dummy/images/00054.png,0,composed_jitter0.2+jpeg30,0.4508982819622618
data/fixtures/dummy/images/00054.png,0,composed_resize0.25+blur0.5+jpeg30,0.6494082069510599
data/fixtures/dummy/images/00055.png,0,clean,0.6295012855868664
data/fixtures/dummy/images/00055.png,0,jpeg_90,0.16560919130024054
data/fixtures/dummy/images/00055.png,0,jpeg_70,0.29560811910554186
data/fixtures/dummy/images/00055.png,0,jpeg_50,0.8940181787906526
data/fixtures/dummy/images/00055.png,0,jpeg_30,0.9828957241101565
data/fixtures/dummy/images/00055.png,0,blur_0.5,0.5813268747307213
data/fixtures/dummy/images/00055.png,0,blur_1.0,0.9979601469356724
data/fixtures/dummy/images/00055.png,0,blur_2.0,0.7043681029321492
data/fixtures/dummy/images/00055.png,0,resize_0.5,0.6520598828989805
data/fixtures/dummy/images/00055.png,0,resize_0.25,0.508085700333697
data/fixtures/dummy/images/00055.png,0,noise_0.02,0.07883578532633984
data/fixtures/dummy/images/00055.png,0,noise_0.05,0.6428313810332021
data/fixtures/dummy/images/00055.png,0,noise_0.1,0.047162290498935944
data/fixtures/dummy/images/00055.png,0,jitter_0.2,0.23220927250395984
data/fixtures/dummy/images/00055.png,0,center_crop_0.8,0.7625910166988311
data/fixtures/dummy/images/00055.png,0,composed_blur1.0+jpeg70,0.08461755069629995
data/fixtures/dummy/images/00055.png,0,composed_resize0.5+jpeg50,0.16131375359168032
data/fixtures/dummy/images/00055.png,0,composed_jitter0.2+jpeg30,0.9668844637994594
data/fixtures/dummy/images/00055.png,0,composed_resize0.25+blur0.5+jpeg30,0.23733022609788434
data/fixtures/dummy/images/00056.png,1,clean,0.1594047019766489
data/fixtures/dummy/images/00056.png,1,jpeg_90,0.1970055702086877
data/fixtures/dummy/images/00056.png,1,jpeg_70,0.6040829139368514
data/fixtures/dummy/images/00056.png,1,jpeg_50,0.1988738414584148
data/fixtures/dummy/images/00056.png,1,jpeg_30,0.14391446378838435
data/fixtures/dummy/images/00056.png,1,blur_0.5,0.5823482772611058
data/fixtures/dummy/images/00056.png,1,blur_1.0,0.6574216063147353
data/fixtures/dummy/images/00056.png,1,blur_2.0,0.9348757983800631
data/fixtures/dummy/images/00056.png,1,resize_0.5,0.9117842927147032
data/fixtures/dummy/images/00056.png,1,resize_0.25,0.9373131348671037
data/fixtures/dummy/images/00056.png,1,noise_0.02,0.8731050970091264
data/fixtures/dummy/images/00056.png,1,noise_0.05,0.28787960018593584
data/fixtures/dummy/images/00056.png,1,noise_0.1,0.661910298208485
data/fixtures/dummy/images/00056.png,1,jitter_0.2,0.8126968361906157
data/fixtures/dummy/images/00056.png,1,center_crop_0.8,0.9352916292370619
data/fixtures/dummy/images/00056.png,1,composed_blur1.0+jpeg70,0.19275062608898486
data/fixtures/dummy/images/00056.png,1,composed_resize0.5+jpeg50,0.17936337789313306
data/fixtures/dummy/images/00056.png,1,composed_jitter0.2+jpeg30,0.7449443475720361
data/fixtures/dummy/images/00056.png,1,composed_resize0.25+blur0.5+jpeg30,0.2920104063297757
data/fixtures/dummy/images/00057.png,1,clean,0.967131402153138
data/fixtures/dummy/images/00057.png,1,jpeg_90,0.2586583352459435
data/fixtures/dummy/images/00057.png,1,jpeg_70,0.7676637767848088
data/fixtures/dummy/images/00057.png,1,jpeg_50,0.9209537334713574
data/fixtures/dummy/images/00057.png,1,jpeg_30,0.1583713929509597
data/fixtures/dummy/images/00057.png,1,blur_0.5,0.46239191540210645
data/fixtures/dummy/images/00057.png,1,blur_1.0,0.6832498522685504
data/fixtures/dummy/images/00057.png,1,blur_2.0,0.46277977044751206
data/fixtures/dummy/images/00057.png,1,resize_0.5,0.8820448337038505
data/fixtures/dummy/images/00057.png,1,resize_0.25,0.0749838102187862
data/fixtures/dummy/images/00057.png,1,noise_0.02,0.6950846820021725
data/fixtures/dummy/images/00057.png,1,noise_0.05,0.8134729820951406
data/fixtures/dummy/images/00057.png,1,noise_0.1,0.02636676952063821
data/fixtures/dummy/images/00057.png,1,jitter_0.2,0.6023068743876464
data/fixtures/dummy/images/00057.png,1,center_crop_0.8,0.3537943386435214
data/fixtures/dummy/images/00057.png,1,composed_blur1.0+jpeg70,0.03330493861997674
data/fixtures/dummy/images/00057.png,1,composed_resize0.5+jpeg50,0.09470395912180551
data/fixtures/dummy/images/00057.png,1,composed_jitter0.2+jpeg30,0.33776832784084787
data/fixtures/dummy/images/00057.png,1,composed_resize0.25+blur0.5+jpeg30,0.21087099863005565
data/fixtures/dummy/images/00058.png,1,clean,0.05747471893231282
data/fixtures/dummy/images/00058.png,1,jpeg_90,0.14518331606642298
data/fixtures/dummy/images/00058.png,1,jpeg_70,0.5247351934156022
data/fixtures/dummy/images/00058.png,1,jpeg_50,0.599205763012415
data/fixtures/dummy/images/00058.png,1,jpeg_30,0.2923343284967308
data/fixtures/dummy/images/00058.png,1,blur_0.5,0.9702410172848842
data/fixtures/dummy/images/00058.png,1,blur_1.0,0.12097970178468465
data/fixtures/dummy/images/00058.png,1,blur_2.0,0.19216129303985408
data/fixtures/dummy/images/00058.png,1,resize_0.5,0.4594006370563283
data/fixtures/dummy/images/00058.png,1,resize_0.25,0.933260852027146
data/fixtures/dummy/images/00058.png,1,noise_0.02,0.13073600363290738
data/fixtures/dummy/images/00058.png,1,noise_0.05,0.6707354502763709
data/fixtures/dummy/images/00058.png,1,noise_0.1,0.7401974624678705
data/fixtures/dummy/images/00058.png,1,jitter_0.2,0.6592827608098922
data/fixtures/dummy/images/00058.png,1,center_crop_0.8,0.20868072140440608
data/fixtures/dummy/images/00058.png,1,composed_blur1.0+jpeg70,0.07878588109937523
data/fixtures/dummy/images/00058.png,1,composed_resize0.5+jpeg50,0.8502810626589155
data/fixtures/dummy/images/00058.png,1,composed_jitter0.2+jpeg30,0.06043706416286565
data/fixtures/dummy/images/00058.png,1,composed_resize0.25+blur0.5+jpeg30,0.011080295258991235
data/fixtures/dummy/images/00059.png,0,clean,0.5606314432969822
data/fixtures/dummy/images/00059.png,0,jpeg_90,0.7556251680676488
data/fixtures/dummy/images/00059.png,0,jpeg_70,0.7835586663827444
data/fixtures/dummy/images/00059.png,0,jpeg_50,0.49673031897412634
data/fixtures/dummy/images/00059.png,0,jpeg_30,0.5546118718885297
data/fixtures/dummy/images/00059.png,0,blur_0.5,0.6336407656399968
data/fixtures/dummy/images/00059.png,0,blur_1.0,0.7722787985606666
data/fixtures/dummy/images/00059.png,0,blur_2.0,0.34191305500344327
data/fixtures/dummy/images/00059.png,0,resize_0.5,0.49764906820525145
data/fixtures/dummy/images/00059.png,0,resize_0.25,0.24540673632156929
data/fixtures/dummy/images/00059.png,0,noise_0.02,0.40091538179237984
data/fixtures/dummy/images/00059.png,0,noise_0.05,0.19693528088110634
data/fixtures/dummy/images/00059.png,0,noise_0.1,0.8056495747488976
data/fixtures/dummy/images/00059.png,0,jitter_0.2,0.09082584312904862
data/fixtures/dummy/images/00059.png,0,center_crop_0.8,0.9755833733292547
data/fixtures/dummy/images/00059.png,0,composed_blur1.0+jpeg70,0.8582775775677364
data/fixtures/dummy/images/00059.png,0,composed_resize0.5+jpeg50,0.882781555534498
data/fixtures/dummy/images/00059.png,0,composed_jitter0.2+jpeg30,0.9103589398135827
data/fixtures/dummy/images/00059.png,0,composed_resize0.25+blur0.5+jpeg30,0.20264538494340856
data/fixtures/dummy/images/00060.png,0,clean,0.9604531238848995
data/fixtures/dummy/images/00060.png,0,jpeg_90,0.5416856702761856
data/fixtures/dummy/images/00060.png,0,jpeg_70,0.06794476071741229
data/fixtures/dummy/images/00060.png,0,jpeg_50,0.18759529079449166
data/fixtures/dummy/images/00060.png,0,jpeg_30,0.9089522070946218
data/fixtures/dummy/images/00060.png,0,blur_0.5,0.8744026051407365
data/fixtures/dummy/images/00060.png,0,blur_1.0,0.5680167916912375
data/fixtures/dummy/images/00060.png,0,blur_2.0,0.08756688498436971
data/fixtures/dummy/images/00060.png,0,resize_0.5,0.225311748904666
data/fixtures/dummy/images/00060.png,0,resize_0.25,0.6332916357696065
data/fixtures/dummy/images/00060.png,0,noise_0.02,0.7227391569001198
data/fixtures/dummy/images/00060.png,0,noise_0.05,0.6174498158995839
data/fixtures/dummy/images/00060.png,0,noise_0.1,0.6038087760806048
data/fixtures/dummy/images/00060.png,0,jitter_0.2,0.9196861216263559
data/fixtures/dummy/images/00060.png,0,center_crop_0.8,0.4543479011527828
data/fixtures/dummy/images/00060.png,0,composed_blur1.0+jpeg70,0.2521759319107574
data/fixtures/dummy/images/00060.png,0,composed_resize0.5+jpeg50,0.9097634543355909
data/fixtures/dummy/images/00060.png,0,composed_jitter0.2+jpeg30,0.7254550144298884
data/fixtures/dummy/images/00060.png,0,composed_resize0.25+blur0.5+jpeg30,0.38054874670074623
data/fixtures/dummy/images/00061.png,0,clean,0.1399866430304858
data/fixtures/dummy/images/00061.png,0,jpeg_90,0.5047840970234976
data/fixtures/dummy/images/00061.png,0,jpeg_70,0.4801404757329909
data/fixtures/dummy/images/00061.png,0,jpeg_50,0.55765830815142
data/fixtures/dummy/images/00061.png,0,jpeg_30,0.25241912190137106
data/fixtures/dummy/images/00061.png,0,blur_0.5,0.6362666408545306
data/fixtures/dummy/images/00061.png,0,blur_1.0,0.15136449682052444
data/fixtures/dummy/images/00061.png,0,blur_2.0,0.9649605675169958
data/fixtures/dummy/images/00061.png,0,resize_0.5,0.5693140838832015
data/fixtures/dummy/images/00061.png,0,resize_0.25,0.06750557497927612
data/fixtures/dummy/images/00061.png,0,noise_0.02,0.12140397547477544
data/fixtures/dummy/images/00061.png,0,noise_0.05,0.7626628556645805
data/fixtures/dummy/images/00061.png,0,noise_0.1,0.5273371480967889
data/fixtures/dummy/images/00061.png,0,jitter_0.2,0.9717119591036474
data/fixtures/dummy/images/00061.png,0,center_crop_0.8,0.16775981260353434
data/fixtures/dummy/images/00061.png,0,composed_blur1.0+jpeg70,0.879357161442962
data/fixtures/dummy/images/00061.png,0,composed_resize0.5+jpeg50,0.5713328053580232
data/fixtures/dummy/images/00061.png,0,composed_jitter0.2+jpeg30,0.6657443729612127
data/fixtures/dummy/images/00061.png,0,composed_resize0.25+blur0.5+jpeg30,0.4644652042946674
data/fixtures/dummy/images/00062.png,0,clean,0.379001713902698
data/fixtures/dummy/images/00062.png,0,jpeg_90,0.09035478074015069
data/fixtures/dummy/images/00062.png,0,jpeg_70,0.8175300055320778
data/fixtures/dummy/images/00062.png,0,jpeg_50,0.757707993597021
data/fixtures/dummy/images/00062.png,0,jpeg_30,0.1088749459543562
data/fixtures/dummy/images/00062.png,0,blur_0.5,0.48716969358474715
data/fixtures/dummy/images/00062.png,0,blur_1.0,0.5500267254596343
data/fixtures/dummy/images/00062.png,0,blur_2.0,0.182344126423449
data/fixtures/dummy/images/00062.png,0,resize_0.5,0.8646128564083537
data/fixtures/dummy/images/00062.png,0,resize_0.25,0.8121335548481022
data/fixtures/dummy/images/00062.png,0,noise_0.02,0.35479916641394516
data/fixtures/dummy/images/00062.png,0,noise_0.05,0.20558357944669214
data/fixtures/dummy/images/00062.png,0,noise_0.1,0.766325801618672
data/fixtures/dummy/images/00062.png,0,jitter_0.2,0.41820088182271076
data/fixtures/dummy/images/00062.png,0,center_crop_0.8,0.9833163178640963
data/fixtures/dummy/images/00062.png,0,composed_blur1.0+jpeg70,0.52100839644576
data/fixtures/dummy/images/00062.png,0,composed_resize0.5+jpeg50,0.9901313875266834
data/fixtures/dummy/images/00062.png,0,composed_jitter0.2+jpeg30,0.25766314360317366
data/fixtures/dummy/images/00062.png,0,composed_resize0.25+blur0.5+jpeg30,0.1963716585921753
data/fixtures/dummy/images/00063.png,0,clean,0.13724237525400218
data/fixtures/dummy/images/00063.png,0,jpeg_90,0.2940211688933321
data/fixtures/dummy/images/00063.png,0,jpeg_70,0.7106230263482733
data/fixtures/dummy/images/00063.png,0,jpeg_50,0.40544906419155635
data/fixtures/dummy/images/00063.png,0,jpeg_30,0.5738211202402151
data/fixtures/dummy/images/00063.png,0,blur_0.5,0.27735344382610205
data/fixtures/dummy/images/00063.png,0,blur_1.0,0.26829087565746335
data/fixtures/dummy/images/00063.png,0,blur_2.0,0.9933007757050372
data/fixtures/dummy/images/00063.png,0,resize_0.5,0.37299592756342714
data/fixtures/dummy/images/00063.png,0,resize_0.25,0.5263551804566947
data/fixtures/dummy/images/00063.png,0,noise_0.02,0.8861474577881338
data/fixtures/dummy/images/00063.png,0,noise_0.05,0.2499154032808507
data/fixtures/dummy/images/00063.png,0,noise_0.1,0.47886930376522774
data/fixtures/dummy/images/00063.png,0,jitter_0.2,0.38925479773304617
data/fixtures/dummy/images/00063.png,0,center_crop_0.8,0.8376165485645454
data/fixtures/dummy/images/00063.png,0,composed_blur1.0+jpeg70,0.5800337497379904
data/fixtures/dummy/images/00063.png,0,composed_resize0.5+jpeg50,0.12993331488778492
data/fixtures/dummy/images/00063.png,0,composed_jitter0.2+jpeg30,0.13050578545937708
data/fixtures/dummy/images/00063.png,0,composed_resize0.25+blur0.5+jpeg30,0.8356424996853881
data/fixtures/dummy/images/00064.png,1,clean,0.5283338464647048
data/fixtures/dummy/images/00064.png,1,jpeg_90,0.27908352594929775
data/fixtures/dummy/images/00064.png,1,jpeg_70,0.17941713534642112
data/fixtures/dummy/images/00064.png,1,jpeg_50,0.7191554023185173
data/fixtures/dummy/images/00064.png,1,jpeg_30,0.7791878670499183
data/fixtures/dummy/images/00064.png,1,blur_0.5,0.7019021381305156
data/fixtures/dummy/images/00064.png,1,blur_1.0,0.23543540534399776
data/fixtures/dummy/images/00064.png,1,blur_2.0,0.6723480586838504
data/fixtures/dummy/images/00064.png,1,resize_0.5,0.7535467674843545
data/fixtures/dummy/images/00064.png,1,resize_0.25,0.9314301592259333
data/fixtures/dummy/images/00064.png,1,noise_0.02,0.5991278295474152
data/fixtures/dummy/images/00064.png,1,noise_0.05,0.9173236265257481
data/fixtures/dummy/images/00064.png,1,noise_0.1,0.3106505174269568
data/fixtures/dummy/images/00064.png,1,jitter_0.2,0.6831007201584041
data/fixtures/dummy/images/00064.png,1,center_crop_0.8,0.7435194205560303
data/fixtures/dummy/images/00064.png,1,composed_blur1.0+jpeg70,0.5030586013746282
data/fixtures/dummy/images/00064.png,1,composed_resize0.5+jpeg50,0.9504688483629948
data/fixtures/dummy/images/00064.png,1,composed_jitter0.2+jpeg30,0.33813994075115705
data/fixtures/dummy/images/00064.png,1,composed_resize0.25+blur0.5+jpeg30,0.7402803793725923
data/fixtures/dummy/images/00065.png,1,clean,0.47056514129734583
data/fixtures/dummy/images/00065.png,1,jpeg_90,0.36836509392695616
data/fixtures/dummy/images/00065.png,1,jpeg_70,0.32946100357203845
data/fixtures/dummy/images/00065.png,1,jpeg_50,0.45101080292429685
data/fixtures/dummy/images/00065.png,1,jpeg_30,0.16763104376074178
data/fixtures/dummy/images/00065.png,1,blur_0.5,0.20346049531393884
data/fixtures/dummy/images/00065.png,1,blur_1.0,0.03589218275061157
data/fixtures/dummy/images/00065.png,1,blur_2.0,0.5693123660110543
data/fixtures/dummy/images/00065.png,1,resize_0.5,0.06760502194331042
data/fixtures/dummy/images/00065.png,1,resize_0.25,0.8940918948248886
data/fixtures/dummy/images/00065.png,1,noise_0.02,0.23909648193139454
data/fixtures/dummy/images/00065.png,1,noise_0.05,0.8660651558564056
data/fixtures/dummy/images/00065.png,1,noise_0.1,0.03896548385035392
data/fixtures/dummy/images/00065.png,1,jitter_0.2,0.17341418340982684
data/fixtures/dummy/images/00065.png,1,center_crop_0.8,0.9088006447938755
data/fixtures/dummy/images/00065.png,1,composed_blur1.0+jpeg70,0.8438769070215687
data/fixtures/dummy/images/00065.png,1,composed_resize0.5+jpeg50,0.07311621135728086
data/fixtures/dummy/images/00065.png,1,composed_jitter0.2+jpeg30,0.8949075519067264
data/fixtures/dummy/images/00065.png,1,composed_resize0.25+blur0.5+jpeg30,0.495378124782373
data/fixtures/dummy/images/00066.png,0,clean,0.09098508340513711
data/fixtures/dummy/images/00066.png,0,jpeg_90,0.047885076362772616
data/fixtures/dummy/images/00066.png,0,jpeg_70,0.39901209712832764
data/fixtures/dummy/images/00066.png,0,jpeg_50,0.7708061364968498
data/fixtures/dummy/images/00066.png,0,jpeg_30,0.717213201801311
data/fixtures/dummy/images/00066.png,0,blur_0.5,0.32971998157602467
data/fixtures/dummy/images/00066.png,0,blur_1.0,0.33368927790200165
data/fixtures/dummy/images/00066.png,0,blur_2.0,0.7856701593539235
data/fixtures/dummy/images/00066.png,0,resize_0.5,0.1858764118650279
data/fixtures/dummy/images/00066.png,0,resize_0.25,0.959818471066286
data/fixtures/dummy/images/00066.png,0,noise_0.02,0.6355364161573782
data/fixtures/dummy/images/00066.png,0,noise_0.05,0.7404384972227902
data/fixtures/dummy/images/00066.png,0,noise_0.1,0.555696867158688
data/fixtures/dummy/images/00066.png,0,jitter_0.2,0.02873898412677467
data/fixtures/dummy/images/00066.png,0,center_crop_0.8,0.10913888207758304
data/fixtures/dummy/images/00066.png,0,composed_blur1.0+jpeg70,0.2908844855404863
data/fixtures/dummy/images/00066.png,0,composed_resize0.5+jpeg50,0.5027734313288543
data/fixtures/dummy/images/00066.png,0,composed_jitter0.2+jpeg30,0.22667616837515425
data/fixtures/dummy/images/00066.png,0,composed_resize0.25+blur0.5+jpeg30,0.6284518692070028
data/fixtures/dummy/images/00067.png,1,clean,0.06438221432357072
data/fixtures/dummy/images/00067.png,1,jpeg_90,0.05897295169538175
data/fixtures/dummy/images/00067.png,1,jpeg_70,0.4494528431712256
data/fixtures/dummy/images/00067.png,1,jpeg_50,0.469209763272909
data/fixtures/dummy/images/00067.png,1,jpeg_30,0.5636995976939293
data/fixtures/dummy/images/00067.png,1,blur_0.5,0.3886437956888842
data/fixtures/dummy/images/00067.png,1,blur_1.0,0.14231196850793215
data/fixtures/dummy/images/00067.png,1,blur_2.0,0.43408179905031974
data/fixtures/dummy/images/00067.png,1,resize_0.5,0.8654860386362325
data/fixtures/dummy/images/00067.png,1,resize_0.25,0.40641222608845173
data/fixtures/dummy/images/00067.png,1,noise_0.02,0.9374198204341132
data/fixtures/dummy/images/00067.png,1,noise_0.05,0.0706820848738654
data/fixtures/dummy/images/00067.png,1,noise_0.1,0.43817506592228317
data/fixtures/dummy/images/00067.png,1,jitter_0.2,0.3350852633440299
data/fixtures/dummy/images/00067.png,1,center_crop_0.8,0.15609832396288836
data/fixtures/dummy/images/00067.png,1,composed_blur1.0+jpeg70,0.3071232713485743
data/fixtures/dummy/images/00067.png,1,composed_resize0.5+jpeg50,0.6513409520697211
data/fixtures/dummy/images/00067.png,1,composed_jitter0.2+jpeg30,0.7793093281957125
data/fixtures/dummy/images/00067.png,1,composed_resize0.25+blur0.5+jpeg30,0.03511812948424409
data/fixtures/dummy/images/00068.png,1,clean,0.33358805795926516
data/fixtures/dummy/images/00068.png,1,jpeg_90,0.5824733808288183
data/fixtures/dummy/images/00068.png,1,jpeg_70,0.2301209246358089
data/fixtures/dummy/images/00068.png,1,jpeg_50,0.5311764325149467
data/fixtures/dummy/images/00068.png,1,jpeg_30,0.8497639969095585
data/fixtures/dummy/images/00068.png,1,blur_0.5,0.9219258225219324
data/fixtures/dummy/images/00068.png,1,blur_1.0,0.08933321432789498
data/fixtures/dummy/images/00068.png,1,blur_2.0,0.8446973296465711
data/fixtures/dummy/images/00068.png,1,resize_0.5,0.3417913465244641
data/fixtures/dummy/images/00068.png,1,resize_0.25,0.27101570764285654
data/fixtures/dummy/images/00068.png,1,noise_0.02,0.2803639882971325
data/fixtures/dummy/images/00068.png,1,noise_0.05,0.2693609465851412
data/fixtures/dummy/images/00068.png,1,noise_0.1,0.18861601036503473
data/fixtures/dummy/images/00068.png,1,jitter_0.2,0.13235261036466495
data/fixtures/dummy/images/00068.png,1,center_crop_0.8,0.6194003692255718
data/fixtures/dummy/images/00068.png,1,composed_blur1.0+jpeg70,0.05659046477189478
data/fixtures/dummy/images/00068.png,1,composed_resize0.5+jpeg50,0.9582225847119377
data/fixtures/dummy/images/00068.png,1,composed_jitter0.2+jpeg30,0.010873692385319544
data/fixtures/dummy/images/00068.png,1,composed_resize0.25+blur0.5+jpeg30,0.8419586863306686
data/fixtures/dummy/images/00069.png,0,clean,0.0649187119747312
data/fixtures/dummy/images/00069.png,0,jpeg_90,0.8308355259736587
data/fixtures/dummy/images/00069.png,0,jpeg_70,0.1761332944588797
data/fixtures/dummy/images/00069.png,0,jpeg_50,0.09042903836407767
data/fixtures/dummy/images/00069.png,0,jpeg_30,0.708691792971846
data/fixtures/dummy/images/00069.png,0,blur_0.5,0.7684694412282643
data/fixtures/dummy/images/00069.png,0,blur_1.0,0.8229028732356761
data/fixtures/dummy/images/00069.png,0,blur_2.0,0.9748189136052581
data/fixtures/dummy/images/00069.png,0,resize_0.5,0.5996796197803657
data/fixtures/dummy/images/00069.png,0,resize_0.25,0.2802108369664895
data/fixtures/dummy/images/00069.png,0,noise_0.02,0.6677832257126384
data/fixtures/dummy/images/00069.png,0,noise_0.05,0.35244735048915776
data/fixtures/dummy/images/00069.png,0,noise_0.1,0.07816894641081007
data/fixtures/dummy/images/00069.png,0,jitter_0.2,0.5642489752327622
data/fixtures/dummy/images/00069.png,0,center_crop_0.8,0.7173286444318069
data/fixtures/dummy/images/00069.png,0,composed_blur1.0+jpeg70,0.3102090111841007
data/fixtures/dummy/images/00069.png,0,composed_resize0.5+jpeg50,0.6519485983295227
data/fixtures/dummy/images/00069.png,0,composed_jitter0.2+jpeg30,0.6274957810443035
data/fixtures/dummy/images/00069.png,0,composed_resize0.25+blur0.5+jpeg30,0.9692577432746781
data/fixtures/dummy/images/00070.png,1,clean,0.10998032294302995
data/fixtures/dummy/images/00070.png,1,jpeg_90,0.28213916325200905
data/fixtures/dummy/images/00070.png,1,jpeg_70,0.009047443469484606
data/fixtures/dummy/images/00070.png,1,jpeg_50,0.07386047425353903
data/fixtures/dummy/images/00070.png,1,jpeg_30,0.9187043514724988
data/fixtures/dummy/images/00070.png,1,blur_0.5,0.7073783988388962
data/fixtures/dummy/images/00070.png,1,blur_1.0,0.37348091498028224
data/fixtures/dummy/images/00070.png,1,blur_2.0,0.6780462015778363
data/fixtures/dummy/images/00070.png,1,resize_0.5,0.055845676113831844
data/fixtures/dummy/images/00070.png,1,resize_0.25,0.244834003018087
data/fixtures/dummy/images/00070.png,1,noise_0.02,0.46405072608087805
data/fixtures/dummy/images/00070.png,1,noise_0.05,0.6062199201998479
data/fixtures/dummy/images/00070.png,1,noise_0.1,0.5797994622995121
data/fixtures/dummy/images/00070.png,1,jitter_0.2,0.4918027186215237
data/fixtures/dummy/images/00070.png,1,center_crop_0.8,0.12142626100483223
data/fixtures/dummy/images/00070.png,1,composed_blur1.0+jpeg70,0.4477400705081571
data/fixtures/dummy/images/00070.png,1,composed_resize0.5+jpeg50,0.2973119605924388
data/fixtures/dummy/images/00070.png,1,composed_jitter0.2+jpeg30,0.41460871494029683
data/fixtures/dummy/images/00070.png,1,composed_resize0.25+blur0.5+jpeg30,0.8644429381743918
data/fixtures/dummy/images/00071.png,1,clean,0.05510965363957776
data/fixtures/dummy/images/00071.png,1,jpeg_90,0.09585143287323206
data/fixtures/dummy/images/00071.png,1,jpeg_70,0.14424725548798245
data/fixtures/dummy/images/00071.png,1,jpeg_50,0.4389763641325416
data/fixtures/dummy/images/00071.png,1,jpeg_30,0.49978286681416106
data/fixtures/dummy/images/00071.png,1,blur_0.5,0.9412903179391375
data/fixtures/dummy/images/00071.png,1,blur_1.0,0.1448397578741073
data/fixtures/dummy/images/00071.png,1,blur_2.0,0.21868133673820078
data/fixtures/dummy/images/00071.png,1,resize_0.5,0.3982838811765691
data/fixtures/dummy/images/00071.png,1,resize_0.25,0.389678270662315
data/fixtures/dummy/images/00071.png,1,noise_0.02,0.7613139242729899
data/fixtures/dummy/images/00071.png,1,noise_0.05,0.451590119066991
data/fixtures/dummy/images/00071.png,1,noise_0.1,0.20321542493630973
data/fixtures/dummy/images/00071.png,1,jitter_0.2,0.4275156976208814
data/fixtures/dummy/images/00071.png,1,center_crop_0.8,0.7753381085353617
data/fixtures/dummy/images/00071.png,1,composed_blur1.0+jpeg70,0.009703690842487123
data/fixtures/dummy/images/00071.png,1,composed_resize0.5+jpeg50,0.7016234711604966
data/fixtures/dummy/images/00071.png,1,composed_jitter0.2+jpeg30,0.018618928895067444
data/fixtures/dummy/images/00071.png,1,composed_resize0.25+blur0.5+jpeg30,0.30820922285809627
data/fixtures/dummy/images/00072.png,1,clean,0.8428165451961056
data/fixtures/dummy/images/00072.png,1,jpeg_90,0.7167291328045157
data/fixtures/dummy/images/00072.png,1,jpeg_70,0.4265319918340653
data/fixtures/dummy/images/00072.png,1,jpeg_50,0.6318938386203856
data/fixtures/dummy/images/00072.png,1,jpeg_30,0.1737441940160196
data/fixtures/dummy/images/00072.png,1,blur_0.5,0.07278380726711386
data/fixtures/dummy/images/00072.png,1,blur_1.0,0.8390255830274305
data/fixtures/dummy/images/00072.png,1,blur_2.0,0.963302725282349
data/fixtures/dummy/images/00072.png,1,resize_0.5,0.2672414785592886
data/fixtures/dummy/images/00072.png,1,resize_0.25,0.1382789032820394
data/fixtures/dummy/images/00072.png,1,noise_0.02,0.6051956254097642
data/fixtures/dummy/images/00072.png,1,noise_0.05,0.25654579496040064
data/fixtures/dummy/images/00072.png,1,noise_0.1,0.14830298915558537
data/fixtures/dummy/images/00072.png,1,jitter_0.2,0.8660409432795204
data/fixtures/dummy/images/00072.png,1,center_crop_0.8,0.7159438468409676
data/fixtures/dummy/images/00072.png,1,composed_blur1.0+jpeg70,0.5528493003174355
data/fixtures/dummy/images/00072.png,1,composed_resize0.5+jpeg50,0.3560016713511047
data/fixtures/dummy/images/00072.png,1,composed_jitter0.2+jpeg30,0.1130868145438424
data/fixtures/dummy/images/00072.png,1,composed_resize0.25+blur0.5+jpeg30,0.2479995061319733
data/fixtures/dummy/images/00073.png,1,clean,0.17972098754212773
data/fixtures/dummy/images/00073.png,1,jpeg_90,0.7143332678937632
data/fixtures/dummy/images/00073.png,1,jpeg_70,0.17541354454875724
data/fixtures/dummy/images/00073.png,1,jpeg_50,0.8681905547017
data/fixtures/dummy/images/00073.png,1,jpeg_30,0.3486056811178406
data/fixtures/dummy/images/00073.png,1,blur_0.5,0.7734772983250398
data/fixtures/dummy/images/00073.png,1,blur_1.0,0.9987628538752258
data/fixtures/dummy/images/00073.png,1,blur_2.0,0.023375431486896914
data/fixtures/dummy/images/00073.png,1,resize_0.5,0.5394566900569457
data/fixtures/dummy/images/00073.png,1,resize_0.25,0.009319575684969328
data/fixtures/dummy/images/00073.png,1,noise_0.02,0.4640917366533346
data/fixtures/dummy/images/00073.png,1,noise_0.05,0.9950505602022863
data/fixtures/dummy/images/00073.png,1,noise_0.1,0.09393572985257981
data/fixtures/dummy/images/00073.png,1,jitter_0.2,0.7386471566629247
data/fixtures/dummy/images/00073.png,1,center_crop_0.8,0.8125194467726048
data/fixtures/dummy/images/00073.png,1,composed_blur1.0+jpeg70,0.7547415213976217
data/fixtures/dummy/images/00073.png,1,composed_resize0.5+jpeg50,0.4855038780889628
data/fixtures/dummy/images/00073.png,1,composed_jitter0.2+jpeg30,0.4994094347768705
data/fixtures/dummy/images/00073.png,1,composed_resize0.25+blur0.5+jpeg30,0.6970848103289196
data/fixtures/dummy/images/00074.png,0,clean,0.7004396586819663
data/fixtures/dummy/images/00074.png,0,jpeg_90,0.14734763274674256
data/fixtures/dummy/images/00074.png,0,jpeg_70,0.764299999172619
data/fixtures/dummy/images/00074.png,0,jpeg_50,0.240281252706382
data/fixtures/dummy/images/00074.png,0,jpeg_30,0.8200001525161742
data/fixtures/dummy/images/00074.png,0,blur_0.5,0.6735783002385197
data/fixtures/dummy/images/00074.png,0,blur_1.0,0.05825418106648317
data/fixtures/dummy/images/00074.png,0,blur_2.0,0.33604649543351306
data/fixtures/dummy/images/00074.png,0,resize_0.5,0.05120594181616167
data/fixtures/dummy/images/00074.png,0,resize_0.25,0.01301139169246679
data/fixtures/dummy/images/00074.png,0,noise_0.02,0.404669744657014
data/fixtures/dummy/images/00074.png,0,noise_0.05,0.9267885295167374
data/fixtures/dummy/images/00074.png,0,noise_0.1,0.7822610249684138
data/fixtures/dummy/images/00074.png,0,jitter_0.2,0.46213153626059345
data/fixtures/dummy/images/00074.png,0,center_crop_0.8,0.9310247757182981
data/fixtures/dummy/images/00074.png,0,composed_blur1.0+jpeg70,0.23785356780314382
data/fixtures/dummy/images/00074.png,0,composed_resize0.5+jpeg50,0.1601403098105164
data/fixtures/dummy/images/00074.png,0,composed_jitter0.2+jpeg30,0.05018245933954735
data/fixtures/dummy/images/00074.png,0,composed_resize0.25+blur0.5+jpeg30,0.36340680804819114
data/fixtures/dummy/images/00075.png,0,clean,0.09019179704203983
data/fixtures/dummy/images/00075.png,0,jpeg_90,0.6790145819950744
data/fixtures/dummy/images/00075.png,0,jpeg_70,0.10541639001480807
data/fixtures/dummy/images/00075.png,0,jpeg_50,0.30779702337063997
data/fixtures/dummy/images/00075.png,0,jpeg_30,0.44701466155590286
data/fixtures/dummy/images/00075.png,0,blur_0.5,0.324541428270833
data/fixtures/dummy/images/00075.png,0,blur_1.0,0.9902222157650404
data/fixtures/dummy/images/00075.png,0,blur_2.0,0.5673085856721033
data/fixtures/dummy/images/00075.png,0,resize_0.5,0.9371682964389997
data/fixtures/dummy/images/00075.png,0,resize_0.25,0.6900437027633027
data/fixtures/dummy/images/00075.png,0,noise_0.02,0.3781638651161465
data/fixtures/dummy/images/00075.png,0,noise_0.05,0.9358803473150608
data/fixtures/dummy/images/00075.png,0,noise_0.1,0.02319688287461097
data/fixtures/dummy/images/00075.png,0,jitter_0.2,0.18978952712052422
data/fixtures/dummy/images/00075.png,0,center_crop_0.8,0.05317574022834226
data/fixtures/dummy/images/00075.png,0,composed_blur1.0+jpeg70,0.5688154558610595
data/fixtures/dummy/images/00075.png,0,composed_resize0.5+jpeg50,0.10583356578227532
data/fixtures/dummy/images/00075.png,0,composed_jitter0.2+jpeg30,0.4316471304879207
data/fixtures/dummy/images/00075.png,0,composed_resize0.25+blur0.5+jpeg30,0.5967143498837285
data/fixtures/dummy/images/00076.png,1,clean,0.536497219494708
data/fixtures/dummy/images/00076.png,1,jpeg_90,0.042391782168608505
data/fixtures/dummy/images/00076.png,1,jpeg_70,0.386073720913264
data/fixtures/dummy/images/00076.png,1,jpeg_50,0.9485333338368985
data/fixtures/dummy/images/00076.png,1,jpeg_30,0.4479050055446846
data/fixtures/dummy/images/00076.png,1,blur_0.5,0.4159532795679054
data/fixtures/dummy/images/00076.png,1,blur_1.0,0.2870371575546997
data/fixtures/dummy/images/00076.png,1,blur_2.0,0.7583381644110387
data/fixtures/dummy/images/00076.png,1,resize_0.5,0.5084725214153997
data/fixtures/dummy/images/00076.png,1,resize_0.25,0.8732495088116137
data/fixtures/dummy/images/00076.png,1,noise_0.02,0.31037769884204025
data/fixtures/dummy/images/00076.png,1,noise_0.05,0.5710809894751561
data/fixtures/dummy/images/00076.png,1,noise_0.1,0.7830390938623373
data/fixtures/dummy/images/00076.png,1,jitter_0.2,0.17549171839692024
data/fixtures/dummy/images/00076.png,1,center_crop_0.8,0.4734626223430901
data/fixtures/dummy/images/00076.png,1,composed_blur1.0+jpeg70,0.6476523312425965
data/fixtures/dummy/images/00076.png,1,composed_resize0.5+jpeg50,0.055567530082941574
data/fixtures/dummy/images/00076.png,1,composed_jitter0.2+jpeg30,0.8084340109183694
data/fixtures/dummy/images/00076.png,1,composed_resize0.25+blur0.5+jpeg30,0.21516720073042672
data/fixtures/dummy/images/00077.png,1,clean,0.05831020386088759
data/fixtures/dummy/images/00077.png,1,jpeg_90,0.4580028301118657
data/fixtures/dummy/images/00077.png,1,jpeg_70,0.7572630301814213
data/fixtures/dummy/images/00077.png,1,jpeg_50,0.8133396216766455
data/fixtures/dummy/images/00077.png,1,jpeg_30,0.0009429691883560132
data/fixtures/dummy/images/00077.png,1,blur_0.5,0.15384022922881258
data/fixtures/dummy/images/00077.png,1,blur_1.0,0.26879167211672383
data/fixtures/dummy/images/00077.png,1,blur_2.0,0.622171592229042
data/fixtures/dummy/images/00077.png,1,resize_0.5,0.44093891119119955
data/fixtures/dummy/images/00077.png,1,resize_0.25,0.887805832099685
data/fixtures/dummy/images/00077.png,1,noise_0.02,0.8873481229416754
data/fixtures/dummy/images/00077.png,1,noise_0.05,0.6795611736227536
data/fixtures/dummy/images/00077.png,1,noise_0.1,0.7044665266802531
data/fixtures/dummy/images/00077.png,1,jitter_0.2,0.38252565597280064
data/fixtures/dummy/images/00077.png,1,center_crop_0.8,0.8686937529233301
data/fixtures/dummy/images/00077.png,1,composed_blur1.0+jpeg70,0.724929777402501
data/fixtures/dummy/images/00077.png,1,composed_resize0.5+jpeg50,0.7526819319664703
data/fixtures/dummy/images/00077.png,1,composed_jitter0.2+jpeg30,0.4793530346258398
data/fixtures/dummy/images/00077.png,1,composed_resize0.25+blur0.5+jpeg30,0.36497167803808195
data/fixtures/dummy/images/00078.png,1,clean,0.9327216567243896
data/fixtures/dummy/images/00078.png,1,jpeg_90,0.4759098778340751
data/fixtures/dummy/images/00078.png,1,jpeg_70,0.03173841478480466
data/fixtures/dummy/images/00078.png,1,jpeg_50,0.2429426718062333
data/fixtures/dummy/images/00078.png,1,jpeg_30,0.8054634718225466
data/fixtures/dummy/images/00078.png,1,blur_0.5,0.7761583481559048
data/fixtures/dummy/images/00078.png,1,blur_1.0,0.2281175716641619
data/fixtures/dummy/images/00078.png,1,blur_2.0,0.9686297901420563
data/fixtures/dummy/images/00078.png,1,resize_0.5,0.7743554275821237
data/fixtures/dummy/images/00078.png,1,resize_0.25,0.7186582892986173
data/fixtures/dummy/images/00078.png,1,noise_0.02,0.45864993799341747
data/fixtures/dummy/images/00078.png,1,noise_0.05,0.6610291616421575
data/fixtures/dummy/images/00078.png,1,noise_0.1,0.3343849576454646
data/fixtures/dummy/images/00078.png,1,jitter_0.2,0.6455437795802831
data/fixtures/dummy/images/00078.png,1,center_crop_0.8,0.7950523079634778
data/fixtures/dummy/images/00078.png,1,composed_blur1.0+jpeg70,0.0507532833062454
data/fixtures/dummy/images/00078.png,1,composed_resize0.5+jpeg50,0.15636915352621938
data/fixtures/dummy/images/00078.png,1,composed_jitter0.2+jpeg30,0.8168238137213896
data/fixtures/dummy/images/00078.png,1,composed_resize0.25+blur0.5+jpeg30,0.7296440207929482
data/fixtures/dummy/images/00079.png,0,clean,0.21528725343914812
data/fixtures/dummy/images/00079.png,0,jpeg_90,0.9288556298857117
data/fixtures/dummy/images/00079.png,0,jpeg_70,0.2528449361026579
data/fixtures/dummy/images/00079.png,0,jpeg_50,0.6033462584723454
data/fixtures/dummy/images/00079.png,0,jpeg_30,0.5811544572066555
data/fixtures/dummy/images/00079.png,0,blur_0.5,0.5134056658009012
data/fixtures/dummy/images/00079.png,0,blur_1.0,0.7718696693191749
data/fixtures/dummy/images/00079.png,0,blur_2.0,0.17257050960420772
data/fixtures/dummy/images/00079.png,0,resize_0.5,0.6697940436651906
data/fixtures/dummy/images/00079.png,0,resize_0.25,0.8353230505573643
data/fixtures/dummy/images/00079.png,0,noise_0.02,0.8965284778771522
data/fixtures/dummy/images/00079.png,0,noise_0.05,0.5335460057666566
data/fixtures/dummy/images/00079.png,0,noise_0.1,0.7499578760282349
data/fixtures/dummy/images/00079.png,0,jitter_0.2,0.21184640554214706
data/fixtures/dummy/images/00079.png,0,center_crop_0.8,0.7483729657056363
data/fixtures/dummy/images/00079.png,0,composed_blur1.0+jpeg70,0.8438489580261693
data/fixtures/dummy/images/00079.png,0,composed_resize0.5+jpeg50,0.18907018604349535
data/fixtures/dummy/images/00079.png,0,composed_jitter0.2+jpeg30,0.7755930243157446
data/fixtures/dummy/images/00079.png,0,composed_resize0.25+blur0.5+jpeg30,0.8912879452582775
data/fixtures/dummy/images/00080.jpg,1,clean,0.993089235519013
data/fixtures/dummy/images/00080.jpg,1,jpeg_90,0.8738093876868707
data/fixtures/dummy/images/00080.jpg,1,jpeg_70,0.05845643154480862
data/fixtures/dummy/images/00080.jpg,1,jpeg_50,0.59004996472097
data/fixtures/dummy/images/00080.jpg,1,jpeg_30,0.9177981749889602
data/fixtures/dummy/images/00080.jpg,1,blur_0.5,0.23175328117161165
data/fixtures/dummy/images/00080.jpg,1,blur_1.0,0.7287748598310131
data/fixtures/dummy/images/00080.jpg,1,blur_2.0,0.6871776597688655
data/fixtures/dummy/images/00080.jpg,1,resize_0.5,0.2588113358538042
data/fixtures/dummy/images/00080.jpg,1,resize_0.25,0.663202366808697
data/fixtures/dummy/images/00080.jpg,1,noise_0.02,0.0004068386967360782
data/fixtures/dummy/images/00080.jpg,1,noise_0.05,0.36370164941701455
data/fixtures/dummy/images/00080.jpg,1,noise_0.1,0.08760952341721406
data/fixtures/dummy/images/00080.jpg,1,jitter_0.2,0.4554633278109521
data/fixtures/dummy/images/00080.jpg,1,center_crop_0.8,0.8973943403235395
data/fixtures/dummy/images/00080.jpg,1,composed_blur1.0+jpeg70,0.8358842909269385
data/fixtures/dummy/images/00080.jpg,1,composed_resize0.5+jpeg50,0.5027527201950017
data/fixtures/dummy/images/00080.jpg,1,composed_jitter0.2+jpeg30,0.3942812432145303
data/fixtures/dummy/images/00080.jpg,1,composed_resize0.25+blur0.5+jpeg30,0.7196987873930062
data/fixtures/dummy/images/00081.png,0,clean,0.10623913551356678
data/fixtures/dummy/images/00081.png,0,jpeg_90,0.4879014356545922
data/fixtures/dummy/images/00081.png,0,jpeg_70,0.9478094513530796
data/fixtures/dummy/images/00081.png,0,jpeg_50,0.984629830040605
data/fixtures/dummy/images/00081.png,0,jpeg_30,0.23784082995908118
data/fixtures/dummy/images/00081.png,0,blur_0.5,0.2433602942979316
data/fixtures/dummy/images/00081.png,0,blur_1.0,0.3112271586961983
data/fixtures/dummy/images/00081.png,0,blur_2.0,0.08445461549407018
data/fixtures/dummy/images/00081.png,0,resize_0.5,0.9968852898734519
data/fixtures/dummy/images/00081.png,0,resize_0.25,0.47491720948404126
data/fixtures/dummy/images/00081.png,0,noise_0.02,0.26687548479970924
data/fixtures/dummy/images/00081.png,0,noise_0.05,0.4507042408229621
data/fixtures/dummy/images/00081.png,0,noise_0.1,0.7873618595354732
data/fixtures/dummy/images/00081.png,0,jitter_0.2,0.6838918749612445
data/fixtures/dummy/images/00081.png,0,center_crop_0.8,0.3580835291782445
data/fixtures/dummy/images/00081.png,0,composed_blur1.0+jpeg70,0.39192455127866577
data/fixtures/dummy/images/00081.png,0,composed_resize0.5+jpeg50,0.5850641359015069
data/fixtures/dummy/images/00081.png,0,composed_jitter0.2+jpeg30,0.038523473194782554
data/fixtures/dummy/images/00081.png,0,composed_resize0.25+blur0.5+jpeg30,0.2923011585624563
data/fixtures/dummy/images/00082.png,0,clean,0.3908162414607972
data/fixtures/dummy/images/00082.png,0,jpeg_90,0.5628173818135446
data/fixtures/dummy/images/00082.png,0,jpeg_70,0.4053833797101295
data/fixtures/dummy/images/00082.png,0,jpeg_50,0.8126719900592276
data/fixtures/dummy/images/00082.png,0,jpeg_30,0.338376963364045
data/fixtures/dummy/images/00082.png,0,blur_0.5,0.20948084308422366
data/fixtures/dummy/images/00082.png,0,blur_1.0,0.35403391828286646
data/fixtures/dummy/images/00082.png,0,blur_2.0,0.6055395087247828
data/fixtures/dummy/images/00082.png,0,resize_0.5,0.5471620404813979
data/fixtures/dummy/images/00082.png,0,resize_0.25,0.26061933981880836
data/fixtures/dummy/images/00082.png,0,noise_0.02,0.7175230948305451
data/fixtures/dummy/images/00082.png,0,noise_0.05,0.09552621411856255
data/fixtures/dummy/images/00082.png,0,noise_0.1,0.9950081727026279
data/fixtures/dummy/images/00082.png,0,jitter_0.2,0.9802738524348451
data/fixtures/dummy/images/00082.png,0,center_crop_0.8,0.31077862835195336
data/fixtures/dummy/images/00082.png,0,composed_blur1.0+jpeg70,0.7837349204760052
data/fixtures/dummy/images/00082.png,0,composed_resize0.5+jpeg50,0.6566141049099266
data/fixtures/dummy/images/00082.png,0,composed_jitter0.2+jpeg30,0.014567070058363552
data/fixtures/dummy/images/00082.png,0,composed_resize0.25+blur0.5+jpeg30,0.055275922671091604
data/fixtures/dummy/images/00083.png,1,clean,0.39728887460759665
data/fixtures/dummy/images/00083.png,1,jpeg_90,0.28740318962605826
data/fixtures/dummy/images/00083.png,1,jpeg_70,0.19250677114728498
data/fixtures/dummy/images/00083.png,1,jpeg_50,0.6000691232239008
data/fixtures/dummy/images/00083.png,1,jpeg_30,0.27285259652773897
data/fixtures/dummy/images/00083.png,1,blur_0.5,0.07857363413623142
data/fixtures/dummy/images/00083.png,1,blur_1.0,0.6293417184594295
data/fixtures/dummy/images/00083.png,1,blur_2.0,0.9056718502248376
data/fixtures/dummy/images/00083.png,1,resize_0.5,0.6103984325502656
data/fixtures/dummy/images/00083.png,1,resize_0.25,0.10937108396385198
data/fixtures/dummy/images/00083.png,1,noise_0.02,0.9907840340908461
data/fixtures/dummy/images/00083.png,1,noise_0.05,0.5397181162007083
data/fixtures/dummy/images/00083.png,1,noise_0.1,0.7745853333660434
data/fixtures/dummy/images/00083.png,1,jitter_0.2,0.6565289169776244
data/fixtures/dummy/images/00083.png,1,center_crop_0.8,0.01466571781970849
data/fixtures/dummy/images/00083.png,1,composed_blur1.0+jpeg70,0.6401486410484012
data/fixtures/dummy/images/00083.png,1,composed_resize0.5+jpeg50,0.2599029250856828
data/fixtures/dummy/images/00083.png,1,composed_jitter0.2+jpeg30,0.05297618382521563
data/fixtures/dummy/images/00083.png,1,composed_resize0.25+blur0.5+jpeg30,0.14088533084523025
data/fixtures/dummy/images/00084.png,0,clean,0.2627997565661039
data/fixtures/dummy/images/00084.png,0,jpeg_90,0.37085565215268423
data/fixtures/dummy/images/00084.png,0,jpeg_70,0.3921236688748543
data/fixtures/dummy/images/00084.png,0,jpeg_50,0.17710223017998394
data/fixtures/dummy/images/00084.png,0,jpeg_30,0.5640685617115565
data/fixtures/dummy/images/00084.png,0,blur_0.5,0.6151657195118139
data/fixtures/dummy/images/00084.png,0,blur_1.0,0.5851382833759854
data/fixtures/dummy/images/00084.png,0,blur_2.0,0.9469834096043961
data/fixtures/dummy/images/00084.png,0,resize_0.5,0.987680312499126
data/fixtures/dummy/images/00084.png,0,resize_0.25,0.3608711041331564
data/fixtures/dummy/images/00084.png,0,noise_0.02,0.12499311289658521
data/fixtures/dummy/images/00084.png,0,noise_0.05,0.2690741196484844
data/fixtures/dummy/images/00084.png,0,noise_0.1,0.5735019024560383
data/fixtures/dummy/images/00084.png,0,jitter_0.2,0.9058526241354926
data/fixtures/dummy/images/00084.png,0,center_crop_0.8,0.3823468976749054
data/fixtures/dummy/images/00084.png,0,composed_blur1.0+jpeg70,0.09073082821426903
data/fixtures/dummy/images/00084.png,0,composed_resize0.5+jpeg50,0.4430718132316894
data/fixtures/dummy/images/00084.png,0,composed_jitter0.2+jpeg30,0.6359467160965399
data/fixtures/dummy/images/00084.png,0,composed_resize0.25+blur0.5+jpeg30,0.5037782462114544
data/fixtures/dummy/images/00085.png,1,clean,0.3643354725881627
data/fixtures/dummy/images/00085.png,1,jpeg_90,0.20815994718813047
data/fixtures/dummy/images/00085.png,1,jpeg_70,0.975118752206043
data/fixtures/dummy/images/00085.png,1,jpeg_50,0.31173242789688094
data/fixtures/dummy/images/00085.png,1,jpeg_30,0.3794674805928566
data/fixtures/dummy/images/00085.png,1,blur_0.5,0.0308051119939865
data/fixtures/dummy/images/00085.png,1,blur_1.0,0.33433599238297707
data/fixtures/dummy/images/00085.png,1,blur_2.0,0.48579951226213725
data/fixtures/dummy/images/00085.png,1,resize_0.5,0.41385896032905845
data/fixtures/dummy/images/00085.png,1,resize_0.25,0.1361091512231566
data/fixtures/dummy/images/00085.png,1,noise_0.02,0.717181358660009
data/fixtures/dummy/images/00085.png,1,noise_0.05,0.5980639023309766
data/fixtures/dummy/images/00085.png,1,noise_0.1,0.7618865572735501
data/fixtures/dummy/images/00085.png,1,jitter_0.2,0.8800097058680761
data/fixtures/dummy/images/00085.png,1,center_crop_0.8,0.419950009386144
data/fixtures/dummy/images/00085.png,1,composed_blur1.0+jpeg70,0.9699452595740452
data/fixtures/dummy/images/00085.png,1,composed_resize0.5+jpeg50,0.5064519963591473
data/fixtures/dummy/images/00085.png,1,composed_jitter0.2+jpeg30,0.7536592186083886
data/fixtures/dummy/images/00085.png,1,composed_resize0.25+blur0.5+jpeg30,0.6875427805248091
data/fixtures/dummy/images/00086.png,1,clean,0.52543993593323
data/fixtures/dummy/images/00086.png,1,jpeg_90,0.48249921168384713
data/fixtures/dummy/images/00086.png,1,jpeg_70,0.1729804017975508
data/fixtures/dummy/images/00086.png,1,jpeg_50,0.13224967780766794
data/fixtures/dummy/images/00086.png,1,jpeg_30,0.8662095931690891
data/fixtures/dummy/images/00086.png,1,blur_0.5,0.9386094444780309
data/fixtures/dummy/images/00086.png,1,blur_1.0,0.3990621247157311
data/fixtures/dummy/images/00086.png,1,blur_2.0,0.37313218714432694
data/fixtures/dummy/images/00086.png,1,resize_0.5,0.5260606527490117
data/fixtures/dummy/images/00086.png,1,resize_0.25,0.8670621686218575
data/fixtures/dummy/images/00086.png,1,noise_0.02,0.685292085182621
data/fixtures/dummy/images/00086.png,1,noise_0.05,0.43946183658784743
data/fixtures/dummy/images/00086.png,1,noise_0.1,0.055225130235071695
data/fixtures/dummy/images/00086.png,1,jitter_0.2,0.2705021536747576
data/fixtures/dummy/images/00086.png,1,center_crop_0.8,0.8492197507885851
data/fixtures/dummy/images/00086.png,1,composed_blur1.0+jpeg70,0.06282003998503205
data/fixtures/dummy/images/00086.png,1,composed_resize0.5+jpeg50,0.912419559761886
data/fixtures/dummy/images/00086.png,1,composed_jitter0.2+jpeg30,0.3672082516737817
data/fixtures/dummy/images/00086.png,1,composed_resize0.25+blur0.5+jpeg30,0.02823724550276241
data/fixtures/dummy/images/00087.png,0,clean,0.3091574398401624
data/fixtures/dummy/images/00087.png,0,jpeg_90,0.3362372126662708
data/fixtures/dummy/images/00087.png,0,jpeg_70,0.22347531083971228
data/fixtures/dummy/images/00087.png,0,jpeg_50,0.6254943993376841
data/fixtures/dummy/images/00087.png,0,jpeg_30,0.07278848565240259
data/fixtures/dummy/images/00087.png,0,blur_0.5,0.9851562787400557
data/fixtures/dummy/images/00087.png,0,blur_1.0,0.5362361177838331
data/fixtures/dummy/images/00087.png,0,blur_2.0,0.49690986640454216
data/fixtures/dummy/images/00087.png,0,resize_0.5,0.07329741723138172
data/fixtures/dummy/images/00087.png,0,resize_0.25,0.7851632741554091
data/fixtures/dummy/images/00087.png,0,noise_0.02,0.8031304041121021
data/fixtures/dummy/images/00087.png,0,noise_0.05,0.9209567047295666
data/fixtures/dummy/images/00087.png,0,noise_0.1,0.343730040959518
data/fixtures/dummy/images/00087.png,0,jitter_0.2,0.31609239596330463
data/fixtures/dummy/images/00087.png,0,center_crop_0.8,0.8041060738661173
data/fixtures/dummy/images/00087.png,0,composed_blur1.0+jpeg70,0.7907982174567416
data/fixtures/dummy/images/00087.png,0,composed_resize0.5+jpeg50,0.04116898194550034
data/fixtures/dummy/images/00087.png,0,composed_jitter0.2+jpeg30,0.8562255720080482
data/fixtures/dummy/images/00087.png,0,composed_resize0.25+blur0.5+jpeg30,0.5433373673378484
data/fixtures/dummy/images/00088.png,0,clean,0.03896143320944234
data/fixtures/dummy/images/00088.png,0,jpeg_90,0.6082101464023413
data/fixtures/dummy/images/00088.png,0,jpeg_70,0.37497969950565035
data/fixtures/dummy/images/00088.png,0,jpeg_50,0.3194968133169527
data/fixtures/dummy/images/00088.png,0,jpeg_30,0.14830096050476194
data/fixtures/dummy/images/00088.png,0,blur_0.5,0.010845686829407786
data/fixtures/dummy/images/00088.png,0,blur_1.0,0.39497270092009296
data/fixtures/dummy/images/00088.png,0,blur_2.0,0.35018826622294796
data/fixtures/dummy/images/00088.png,0,resize_0.5,0.3113093638141158
data/fixtures/dummy/images/00088.png,0,resize_0.25,0.10852364873344111
data/fixtures/dummy/images/00088.png,0,noise_0.02,0.11483564567562643
data/fixtures/dummy/images/00088.png,0,noise_0.05,0.7626194035929397
data/fixtures/dummy/images/00088.png,0,noise_0.1,0.9563511616020476
data/fixtures/dummy/images/00088.png,0,jitter_0.2,0.345534271442812
data/fixtures/dummy/images/00088.png,0,center_crop_0.8,0.40076041723249334
data/fixtures/dummy/images/00088.png,0,composed_blur1.0+jpeg70,0.5662842765104432
data/fixtures/dummy/images/00088.png,0,composed_resize0.5+jpeg50,0.15787556619582843
data/fixtures/dummy/images/00088.png,0,composed_jitter0.2+jpeg30,0.357383502346853
data/fixtures/dummy/images/00088.png,0,composed_resize0.25+blur0.5+jpeg30,0.6513548689399731
data/fixtures/dummy/images/00089.png,1,clean,0.5112816742860805
data/fixtures/dummy/images/00089.png,1,jpeg_90,0.13639244093428204
data/fixtures/dummy/images/00089.png,1,jpeg_70,0.5949643091271193
data/fixtures/dummy/images/00089.png,1,jpeg_50,0.8298026105516085
data/fixtures/dummy/images/00089.png,1,jpeg_30,0.08578436496897146
data/fixtures/dummy/images/00089.png,1,blur_0.5,0.030707422021872266
data/fixtures/dummy/images/00089.png,1,blur_1.0,0.14636076483135874
data/fixtures/dummy/images/00089.png,1,blur_2.0,0.9542528076893421
data/fixtures/dummy/images/00089.png,1,resize_0.5,0.3045206707328275
data/fixtures/dummy/images/00089.png,1,resize_0.25,0.6844605831325844
data/fixtures/dummy/images/00089.png,1,noise_0.02,0.021114199734620476
data/fixtures/dummy/images/00089.png,1,noise_0.05,0.11509909607992641
data/fixtures/dummy/images/00089.png,1,noise_0.1,0.6533112758756243
data/fixtures/dummy/images/00089.png,1,jitter_0.2,0.7962681801082382
data/fixtures/dummy/images/00089.png,1,center_crop_0.8,0.7828880423642796
data/fixtures/dummy/images/00089.png,1,composed_blur1.0+jpeg70,0.4717208578111787
data/fixtures/dummy/images/00089.png,1,composed_resize0.5+jpeg50,0.41542911183540276
data/fixtures/dummy/images/00089.png,1,composed_jitter0.2+jpeg30,0.46561159362864546
data/fixtures/dummy/images/00089.png,1,composed_resize0.25+blur0.5+jpeg30,0.7997748547062149
data/fixtures/dummy/images/00090.png,0,clean,0.522409662909203
data/fixtures/dummy/images/00090.png,0,jpeg_90,0.7603141848546465
data/fixtures/dummy/images/00090.png,0,jpeg_70,0.5483382901942941
data/fixtures/dummy/images/00090.png,0,jpeg_50,0.841353136333913
data/fixtures/dummy/images/00090.png,0,jpeg_30,0.14936499242631407
data/fixtures/dummy/images/00090.png,0,blur_0.5,0.4753410564570467
data/fixtures/dummy/images/00090.png,0,blur_1.0,0.09262081160192503
data/fixtures/dummy/images/00090.png,0,blur_2.0,0.6624069322895841
data/fixtures/dummy/images/00090.png,0,resize_0.5,0.5706237087258675
data/fixtures/dummy/images/00090.png,0,resize_0.25,0.3504876608925439
data/fixtures/dummy/images/00090.png,0,noise_0.02,0.625468523010637
data/fixtures/dummy/images/00090.png,0,noise_0.05,0.01354858202028808
data/fixtures/dummy/images/00090.png,0,noise_0.1,0.4097797087848897
data/fixtures/dummy/images/00090.png,0,jitter_0.2,0.659862899904929
data/fixtures/dummy/images/00090.png,0,center_crop_0.8,0.8760225938929922
data/fixtures/dummy/images/00090.png,0,composed_blur1.0+jpeg70,0.2575900600285126
data/fixtures/dummy/images/00090.png,0,composed_resize0.5+jpeg50,0.38520023758050403
data/fixtures/dummy/images/00090.png,0,composed_jitter0.2+jpeg30,0.776123757647172
data/fixtures/dummy/images/00090.png,0,composed_resize0.25+blur0.5+jpeg30,0.9051053885338954
data/fixtures/dummy/images/00091.png,1,clean,0.25153443175063417
data/fixtures/dummy/images/00091.png,1,jpeg_90,0.2450390842355139
data/fixtures/dummy/images/00091.png,1,jpeg_70,0.718168664958126
data/fixtures/dummy/images/00091.png,1,jpeg_50,0.9476990350082343
data/fixtures/dummy/images/00091.png,1,jpeg_30,0.38943748132174527
data/fixtures/dummy/images/00091.png,1,blur_0.5,0.48896162936603804
data/fixtures/dummy/images/00091.png,1,blur_1.0,0.4204326889965193
data/fixtures/dummy/images/00091.png,1,blur_2.0,0.306711863027166
data/fixtures/dummy/images/00091.png,1,resize_0.5,0.3483407571690844
data/fixtures/dummy/images/00091.png,1,resize_0.25,0.9101461753009712
data/fixtures/dummy/images/00091.png,1,noise_0.02,0.31726891029820625
data/fixtures/dummy/images/00091.png,1,noise_0.05,0.9365800715919702
data/fixtures/dummy/images/00091.png,1,noise_0.1,0.34912235541371095
data/fixtures/dummy/images/00091.png,1,jitter_0.2,0.08286642573617398
data/fixtures/dummy/images/00091.png,1,center_crop_0.8,0.4256182454730776
data/fixtures/dummy/images/00091.png,1,composed_blur1.0+jpeg70,0.8739229403583721
data/fixtures/dummy/images/00091.png,1,composed_resize0.5+jpeg50,0.36790632818258506
data/fixtures/dummy/images/00091.png,1,composed_jitter0.2+jpeg30,0.23314163187862413
data/fixtures/dummy/images/00091.png,1,composed_resize0.25+blur0.5+jpeg30,0.13567018584016188
data/fixtures/dummy/images/00092.png,0,clean,0.5537115035644851
data/fixtures/dummy/images/00092.png,0,jpeg_90,0.6854256851006169
data/fixtures/dummy/images/00092.png,0,jpeg_70,0.49120888072960467
data/fixtures/dummy/images/00092.png,0,jpeg_50,0.04165984761079966
data/fixtures/dummy/images/00092.png,0,jpeg_30,0.23221915016079797
data/fixtures/dummy/images/00092.png,0,blur_0.5,0.9691997089260068
data/fixtures/dummy/images/00092.png,0,blur_1.0,0.4696424029795685
data/fixtures/dummy/images/00092.png,0,blur_2.0,0.491731956485584
data/fixtures/dummy/images/00092.png,0,resize_0.5,0.20643029849892414
data/fixtures/dummy/images/00092.png,0,resize_0.25,0.9872447800676609
data/fixtures/dummy/images/00092.png,0,noise_0.02,0.6885283778958082
data/fixtures/dummy/images/00092.png,0,noise_0.05,0.7504841000937754
data/fixtures/dummy/images/00092.png,0,noise_0.1,0.8584452217785135
data/fixtures/dummy/images/00092.png,0,jitter_0.2,0.2790401855490834
data/fixtures/dummy/images/00092.png,0,center_crop_0.8,0.5449378723038473
data/fixtures/dummy/images/00092.png,0,composed_blur1.0+jpeg70,0.32383567354836573
data/fixtures/dummy/images/00092.png,0,composed_resize0.5+jpeg50,0.0793595576913777
data/fixtures/dummy/images/00092.png,0,composed_jitter0.2+jpeg30,0.31524723440779
data/fixtures/dummy/images/00092.png,0,composed_resize0.25+blur0.5+jpeg30,0.33009497502668805
data/fixtures/dummy/images/00093.png,1,clean,0.9781700824408467
data/fixtures/dummy/images/00093.png,1,jpeg_90,0.5083051359817987
data/fixtures/dummy/images/00093.png,1,jpeg_70,0.26003310488476294
data/fixtures/dummy/images/00093.png,1,jpeg_50,0.0429643743853122
data/fixtures/dummy/images/00093.png,1,jpeg_30,0.40063276034408535
data/fixtures/dummy/images/00093.png,1,blur_0.5,0.1812936753731339
data/fixtures/dummy/images/00093.png,1,blur_1.0,0.45820913560592935
data/fixtures/dummy/images/00093.png,1,blur_2.0,0.2891732504533251
data/fixtures/dummy/images/00093.png,1,resize_0.5,0.2380404436532334
data/fixtures/dummy/images/00093.png,1,resize_0.25,0.28716271916211045
data/fixtures/dummy/images/00093.png,1,noise_0.02,0.8620186319645147
data/fixtures/dummy/images/00093.png,1,noise_0.05,0.6048020799556981
data/fixtures/dummy/images/00093.png,1,noise_0.1,0.36576449673852296
data/fixtures/dummy/images/00093.png,1,jitter_0.2,0.6250185393098093
data/fixtures/dummy/images/00093.png,1,center_crop_0.8,0.43508014324511224
data/fixtures/dummy/images/00093.png,1,composed_blur1.0+jpeg70,0.24710109308127182
data/fixtures/dummy/images/00093.png,1,composed_resize0.5+jpeg50,0.07754274448673715
data/fixtures/dummy/images/00093.png,1,composed_jitter0.2+jpeg30,0.5190014762631745
data/fixtures/dummy/images/00093.png,1,composed_resize0.25+blur0.5+jpeg30,0.5392367477712857
data/fixtures/dummy/images/00094.png,1,clean,0.7584006389540543
data/fixtures/dummy/images/00094.png,1,jpeg_90,0.1509462816322259
data/fixtures/dummy/images/00094.png,1,jpeg_70,0.804441511769234
data/fixtures/dummy/images/00094.png,1,jpeg_50,0.6234325701648595
data/fixtures/dummy/images/00094.png,1,jpeg_30,0.34577449088331536
data/fixtures/dummy/images/00094.png,1,blur_0.5,0.2736135332847024
data/fixtures/dummy/images/00094.png,1,blur_1.0,0.5374975065174047
data/fixtures/dummy/images/00094.png,1,blur_2.0,0.3116157652113698
data/fixtures/dummy/images/00094.png,1,resize_0.5,0.2312914935297118
data/fixtures/dummy/images/00094.png,1,resize_0.25,0.37103059059407184
data/fixtures/dummy/images/00094.png,1,noise_0.02,0.7305199249650517
data/fixtures/dummy/images/00094.png,1,noise_0.05,0.777654948466004
data/fixtures/dummy/images/00094.png,1,noise_0.1,0.3975942320339012
data/fixtures/dummy/images/00094.png,1,jitter_0.2,0.7811408688522509
data/fixtures/dummy/images/00094.png,1,center_crop_0.8,0.3415199040595903
data/fixtures/dummy/images/00094.png,1,composed_blur1.0+jpeg70,0.08101008900178408
data/fixtures/dummy/images/00094.png,1,composed_resize0.5+jpeg50,0.7542592537367583
data/fixtures/dummy/images/00094.png,1,composed_jitter0.2+jpeg30,0.5882195557669341
data/fixtures/dummy/images/00094.png,1,composed_resize0.25+blur0.5+jpeg30,0.6591757842494629
data/fixtures/dummy/images/00095.png,0,clean,0.047351883250282945
data/fixtures/dummy/images/00095.png,0,jpeg_90,0.17403263290455429
data/fixtures/dummy/images/00095.png,0,jpeg_70,0.23656443073903266
data/fixtures/dummy/images/00095.png,0,jpeg_50,0.6943452861913888
data/fixtures/dummy/images/00095.png,0,jpeg_30,0.8849258055653169
data/fixtures/dummy/images/00095.png,0,blur_0.5,0.1038120019604708
data/fixtures/dummy/images/00095.png,0,blur_1.0,0.6960041573458422
data/fixtures/dummy/images/00095.png,0,blur_2.0,0.2369543040692884
data/fixtures/dummy/images/00095.png,0,resize_0.5,0.7192892891396272
data/fixtures/dummy/images/00095.png,0,resize_0.25,0.8748911545761924
data/fixtures/dummy/images/00095.png,0,noise_0.02,0.5503091970315304
data/fixtures/dummy/images/00095.png,0,noise_0.05,0.06928918605944534
data/fixtures/dummy/images/00095.png,0,noise_0.1,0.4388801724934519
data/fixtures/dummy/images/00095.png,0,jitter_0.2,0.15825955496286126
data/fixtures/dummy/images/00095.png,0,center_crop_0.8,0.015228421848343388
data/fixtures/dummy/images/00095.png,0,composed_blur1.0+jpeg70,0.8866654918312945
data/fixtures/dummy/images/00095.png,0,composed_resize0.5+jpeg50,0.15724748182008097
data/fixtures/dummy/images/00095.png,0,composed_jitter0.2+jpeg30,0.5071843110069052
data/fixtures/dummy/images/00095.png,0,composed_resize0.25+blur0.5+jpeg30,0.36971597403703615
data/fixtures/dummy/images/00096.png,1,clean,0.46677319721657506
data/fixtures/dummy/images/00096.png,1,jpeg_90,0.3149266986765409
data/fixtures/dummy/images/00096.png,1,jpeg_70,0.4271373645103048
data/fixtures/dummy/images/00096.png,1,jpeg_50,0.8289447231451473
data/fixtures/dummy/images/00096.png,1,jpeg_30,0.6207900015591742
data/fixtures/dummy/images/00096.png,1,blur_0.5,0.9172142094927358
data/fixtures/dummy/images/00096.png,1,blur_1.0,0.22941227349461935
data/fixtures/dummy/images/00096.png,1,blur_2.0,0.784462088102821
data/fixtures/dummy/images/00096.png,1,resize_0.5,0.3012455391484401
data/fixtures/dummy/images/00096.png,1,resize_0.25,0.7177308872613184
data/fixtures/dummy/images/00096.png,1,noise_0.02,0.4484176456716972
data/fixtures/dummy/images/00096.png,1,noise_0.05,0.8721460798773516
data/fixtures/dummy/images/00096.png,1,noise_0.1,0.743339458053366
data/fixtures/dummy/images/00096.png,1,jitter_0.2,0.5689251302926521
data/fixtures/dummy/images/00096.png,1,center_crop_0.8,0.7638414546082773
data/fixtures/dummy/images/00096.png,1,composed_blur1.0+jpeg70,0.14066692209220577
data/fixtures/dummy/images/00096.png,1,composed_resize0.5+jpeg50,0.42016064378901885
data/fixtures/dummy/images/00096.png,1,composed_jitter0.2+jpeg30,0.921052918579219
data/fixtures/dummy/images/00096.png,1,composed_resize0.25+blur0.5+jpeg30,0.5771649935308146
data/fixtures/dummy/images/00097.png,1,clean,0.08235518600215785
data/fixtures/dummy/images/00097.png,1,jpeg_90,0.8791250816201275
data/fixtures/dummy/images/00097.png,1,jpeg_70,0.8787497744333099
data/fixtures/dummy/images/00097.png,1,jpeg_50,0.17079826707847523
data/fixtures/dummy/images/00097.png,1,jpeg_30,0.8172880676289854
data/fixtures/dummy/images/00097.png,1,blur_0.5,0.5333424706551207
data/fixtures/dummy/images/00097.png,1,blur_1.0,0.6101747934820241
data/fixtures/dummy/images/00097.png,1,blur_2.0,0.1091494412928411
data/fixtures/dummy/images/00097.png,1,resize_0.5,0.7376163528186584
data/fixtures/dummy/images/00097.png,1,resize_0.25,0.016706758613080464
data/fixtures/dummy/images/00097.png,1,noise_0.02,0.5935216109700889
data/fixtures/dummy/images/00097.png,1,noise_0.05,0.026044773164078272
data/fixtures/dummy/images/00097.png,1,noise_0.1,0.32430835752618414
data/fixtures/dummy/images/00097.png,1,jitter_0.2,0.18780131173873515
data/fixtures/dummy/images/00097.png,1,center_crop_0.8,0.534186982387265
data/fixtures/dummy/images/00097.png,1,composed_blur1.0+jpeg70,0.7093720291377257
data/fixtures/dummy/images/00097.png,1,composed_resize0.5+jpeg50,0.28285105724929704
data/fixtures/dummy/images/00097.png,1,composed_jitter0.2+jpeg30,0.0696613158324978
data/fixtures/dummy/images/00097.png,1,composed_resize0.25+blur0.5+jpeg30,0.6390274765354346
data/fixtures/dummy/images/00098.png,1,clean,0.09202349359044482
data/fixtures/dummy/images/00098.png,1,jpeg_90,0.08324598777644054
data/fixtures/dummy/images/00098.png,1,jpeg_70,0.043674570344366614
data/fixtures/dummy/images/00098.png,1,jpeg_50,0.9965488617894516
data/fixtures/dummy/images/00098.png,1,jpeg_30,0.8406672442914181
data/fixtures/dummy/images/00098.png,1,blur_0.5,0.940737087563812
data/fixtures/dummy/images/00098.png,1,blur_1.0,0.5299917402016535
data/fixtures/dummy/images/00098.png,1,blur_2.0,0.3676279951635141
data/fixtures/dummy/images/00098.png,1,resize_0.5,0.1455841009641673
data/fixtures/dummy/images/00098.png,1,resize_0.25,0.5358365685247395
data/fixtures/dummy/images/00098.png,1,noise_0.02,0.5139798491206335
data/fixtures/dummy/images/00098.png,1,noise_0.05,0.8464666445098427
data/fixtures/dummy/images/00098.png,1,noise_0.1,0.9155623022826599
data/fixtures/dummy/images/00098.png,1,jitter_0.2,0.6550932940403494
data/fixtures/dummy/images/00098.png,1,center_crop_0.8,0.6029001334268743
data/fixtures/dummy/images/00098.png,1,composed_blur1.0+jpeg70,0.5726698212007787
data/fixtures/dummy/images/00098.png,1,composed_resize0.5+jpeg50,0.45551828658494686
data/fixtures/dummy/images/00098.png,1,composed_jitter0.2+jpeg30,0.22604240031585454
data/fixtures/dummy/images/00098.png,1,composed_resize0.25+blur0.5+jpeg30,0.9199497067560032
data/fixtures/dummy/images/00099.png,1,clean,0.5465680129555565
data/fixtures/dummy/images/00099.png,1,jpeg_90,0.8574463912428724
data/fixtures/dummy/images/00099.png,1,jpeg_70,0.6821400655644325
data/fixtures/dummy/images/00099.png,1,jpeg_50,0.5957112000084954
data/fixtures/dummy/images/00099.png,1,jpeg_30,0.1116643797300465
data/fixtures/dummy/images/00099.png,1,blur_0.5,0.7442998980268475
data/fixtures/dummy/images/00099.png,1,blur_1.0,0.822975381579831
data/fixtures/dummy/images/00099.png,1,blur_2.0,0.18799550660330921
data/fixtures/dummy/images/00099.png,1,resize_0.5,0.2765558032140457
data/fixtures/dummy/images/00099.png,1,resize_0.25,0.17062061344152313
data/fixtures/dummy/images/00099.png,1,noise_0.02,0.1993201083716274
data/fixtures/dummy/images/00099.png,1,noise_0.05,0.1451046488837855
data/fixtures/dummy/images/00099.png,1,noise_0.1,0.2976939031512825
data/fixtures/dummy/images/00099.png,1,jitter_0.2,0.23670859775649133
data/fixtures/dummy/images/00099.png,1,center_crop_0.8,0.5483737437171747
data/fixtures/dummy/images/00099.png,1,composed_blur1.0+jpeg70,0.8545242566682295
data/fixtures/dummy/images/00099.png,1,composed_resize0.5+jpeg50,0.6408013995610904
data/fixtures/dummy/images/00099.png,1,composed_jitter0.2+jpeg30,0.760943579839635
data/fixtures/dummy/images/00099.png,1,composed_resize0.25+blur0.5+jpeg30,0.23145194872313057
data/fixtures/dummy/images/00100.png,1,clean,0.6681861563808743
data/fixtures/dummy/images/00100.png,1,jpeg_90,0.1066452821953694
data/fixtures/dummy/images/00100.png,1,jpeg_70,0.9222231473029308
data/fixtures/dummy/images/00100.png,1,jpeg_50,0.27632354840504747
data/fixtures/dummy/images/00100.png,1,jpeg_30,0.030419675787919598
data/fixtures/dummy/images/00100.png,1,blur_0.5,0.053657797422280384
data/fixtures/dummy/images/00100.png,1,blur_1.0,0.9587922969107985
data/fixtures/dummy/images/00100.png,1,blur_2.0,0.9399873213882047
data/fixtures/dummy/images/00100.png,1,resize_0.5,0.8898572068824124
data/fixtures/dummy/images/00100.png,1,resize_0.25,0.9213941464388059
data/fixtures/dummy/images/00100.png,1,noise_0.02,0.41497871803948927
data/fixtures/dummy/images/00100.png,1,noise_0.05,0.4202490808928009
data/fixtures/dummy/images/00100.png,1,noise_0.1,0.2726227275889552
data/fixtures/dummy/images/00100.png,1,jitter_0.2,0.2008837935732376
data/fixtures/dummy/images/00100.png,1,center_crop_0.8,0.7055903012053824
data/fixtures/dummy/images/00100.png,1,composed_blur1.0+jpeg70,0.16120736962579496
data/fixtures/dummy/images/00100.png,1,composed_resize0.5+jpeg50,0.7377508455337964
data/fixtures/dummy/images/00100.png,1,composed_jitter0.2+jpeg30,0.9934625263365299
data/fixtures/dummy/images/00100.png,1,composed_resize0.25+blur0.5+jpeg30,0.488401826120184
data/fixtures/dummy/images/00101.png,0,clean,0.8764732788126505
data/fixtures/dummy/images/00101.png,0,jpeg_90,0.7566377655370259
data/fixtures/dummy/images/00101.png,0,jpeg_70,0.41230387677856506
data/fixtures/dummy/images/00101.png,0,jpeg_50,0.39880813143795335
data/fixtures/dummy/images/00101.png,0,jpeg_30,0.9659611847712979
data/fixtures/dummy/images/00101.png,0,blur_0.5,0.06991579452259666
data/fixtures/dummy/images/00101.png,0,blur_1.0,0.31846737514648016
data/fixtures/dummy/images/00101.png,0,blur_2.0,0.34483498582415006
data/fixtures/dummy/images/00101.png,0,resize_0.5,0.1007183136713703
data/fixtures/dummy/images/00101.png,0,resize_0.25,0.19709592212159743
data/fixtures/dummy/images/00101.png,0,noise_0.02,0.5543117320888675
data/fixtures/dummy/images/00101.png,0,noise_0.05,0.12502120547281947
data/fixtures/dummy/images/00101.png,0,noise_0.1,0.004326584621853091
data/fixtures/dummy/images/00101.png,0,jitter_0.2,0.35866509059348817
data/fixtures/dummy/images/00101.png,0,center_crop_0.8,0.9820080998230378
data/fixtures/dummy/images/00101.png,0,composed_blur1.0+jpeg70,0.9976340133542341
data/fixtures/dummy/images/00101.png,0,composed_resize0.5+jpeg50,0.9628416191662944
data/fixtures/dummy/images/00101.png,0,composed_jitter0.2+jpeg30,0.7120969505662168
data/fixtures/dummy/images/00101.png,0,composed_resize0.25+blur0.5+jpeg30,0.5703173140424058
data/fixtures/dummy/images/00102.png,1,clean,0.570681187628102
data/fixtures/dummy/images/00102.png,1,jpeg_90,0.041139422868152975
data/fixtures/dummy/images/00102.png,1,jpeg_70,0.833952068119274
data/fixtures/dummy/images/00102.png,1,jpeg_50,0.07552180248006501
data/fixtures/dummy/images/00102.png,1,jpeg_30,0.6579645196374391
data/fixtures/dummy/images/00102.png,1,blur_0.5,0.4616949030288289
data/fixtures/dummy/images/00102.png,1,blur_1.0,0.9559798650747352
data/fixtures/dummy/images/00102.png,1,blur_2.0,0.2421327290791946
data/fixtures/dummy/images/00102.png,1,resize_0.5,0.26860412471939976
data/fixtures/dummy/images/00102.png,1,resize_0.25,0.862786991121825
data/fixtures/dummy/images/00102.png,1,noise_0.02,0.5251119082506259
data/fixtures/dummy/images/00102.png,1,noise_0.05,0.17213816518384772
data/fixtures/dummy/images/00102.png,1,noise_0.1,0.9674133270726714
data/fixtures/dummy/images/00102.png,1,jitter_0.2,0.9952204565180494
data/fixtures/dummy/images/00102.png,1,center_crop_0.8,0.06984344371323292
data/fixtures/dummy/images/00102.png,1,composed_blur1.0+jpeg70,0.2856169534949309
data/fixtures/dummy/images/00102.png,1,composed_resize0.5+jpeg50,0.294494979608491
data/fixtures/dummy/images/00102.png,1,composed_jitter0.2+jpeg30,0.35336600828097997
data/fixtures/dummy/images/00102.png,1,composed_resize0.25+blur0.5+jpeg30,0.8512139616755984
data/fixtures/dummy/images/00103.png,1,clean,0.458718169594561
data/fixtures/dummy/images/00103.png,1,jpeg_90,0.8096336927311837
data/fixtures/dummy/images/00103.png,1,jpeg_70,0.673756931098967
data/fixtures/dummy/images/00103.png,1,jpeg_50,0.10360391651670053
data/fixtures/dummy/images/00103.png,1,jpeg_30,0.8930413130930683
data/fixtures/dummy/images/00103.png,1,blur_0.5,0.8257791099907151
data/fixtures/dummy/images/00103.png,1,blur_1.0,0.9852200950070832
data/fixtures/dummy/images/00103.png,1,blur_2.0,0.8703289151120425
data/fixtures/dummy/images/00103.png,1,resize_0.5,0.7352328890679403
data/fixtures/dummy/images/00103.png,1,resize_0.25,0.8606960394507847
data/fixtures/dummy/images/00103.png,1,noise_0.02,0.9991149442531805
data/fixtures/dummy/images/00103.png,1,noise_0.05,0.5983306968363633
data/fixtures/dummy/images/00103.png,1,noise_0.1,0.20330286468002112
data/fixtures/dummy/images/00103.png,1,jitter_0.2,0.15108268245207812
data/fixtures/dummy/images/00103.png,1,center_crop_0.8,0.9217776167795205
data/fixtures/dummy/images/00103.png,1,composed_blur1.0+jpeg70,0.7241735266586722
data/fixtures/dummy/images/00103.png,1,composed_resize0.5+jpeg50,0.07687049907814103
data/fixtures/dummy/images/00103.png,1,composed_jitter0.2+jpeg30,0.276973360457095
data/fixtures/dummy/images/00103.png,1,composed_resize0.25+blur0.5+jpeg30,0.7562921243159716
data/fixtures/dummy/images/00104.png,0,clean,0.9310242288448188
data/fixtures/dummy/images/00104.png,0,jpeg_90,0.13760921898365175
data/fixtures/dummy/images/00104.png,0,jpeg_70,0.6273320998292462
data/fixtures/dummy/images/00104.png,0,jpeg_50,0.001684095809583508
data/fixtures/dummy/images/00104.png,0,jpeg_30,0.6683848540635657
data/fixtures/dummy/images/00104.png,0,blur_0.5,0.21470808122413687
data/fixtures/dummy/images/00104.png,0,blur_1.0,0.13825129226829946
data/fixtures/dummy/images/00104.png,0,blur_2.0,0.16352832658437522
data/fixtures/dummy/images/00104.png,0,resize_0.5,0.1967613773762893
data/fixtures/dummy/images/00104.png,0,resize_0.25,0.5341943362022818
data/fixtures/dummy/images/00104.png,0,noise_0.02,0.08312596602297484
data/fixtures/dummy/images/00104.png,0,noise_0.05,0.834412142896874
data/fixtures/dummy/images/00104.png,0,noise_0.1,0.8837733855770918
data/fixtures/dummy/images/00104.png,0,jitter_0.2,0.6531960595845131
data/fixtures/dummy/images/00104.png,0,center_crop_0.8,0.39246341524700257
data/fixtures/dummy/images/00104.png,0,composed_blur1.0+jpeg70,0.0031647854093517225
data/fixtures/dummy/images/00104.png,0,composed_resize0.5+jpeg50,0.67337544661672
data/fixtures/dummy/images/00104.png,0,composed_jitter0.2+jpeg30,0.44405797596403274
data/fixtures/dummy/images/00104.png,0,composed_resize0.25+blur0.5+jpeg30,0.41147929677502915
data/fixtures/dummy/images/00105.png,1,clean,0.829359493610751
data/fixtures/dummy/images/00105.png,1,jpeg_90,0.7231268605449365
data/fixtures/dummy/images/00105.png,1,jpeg_70,0.6477136393657991
data/fixtures/dummy/images/00105.png,1,jpeg_50,0.4450460958324721
data/fixtures/dummy/images/00105.png,1,jpeg_30,0.47071794464871664
data/fixtures/dummy/images/00105.png,1,blur_0.5,0.9848987864874326
data/fixtures/dummy/images/00105.png,1,blur_1.0,0.8420058895420777
data/fixtures/dummy/images/00105.png,1,blur_2.0,0.75103538469421
data/fixtures/dummy/images/00105.png,1,resize_0.5,0.8342217176830332
data/fixtures/dummy/images/00105.png,1,resize_0.25,0.6376341337460879
data/fixtures/dummy/images/00105.png,1,noise_0.02,0.6829944248918677
data/fixtures/dummy/images/00105.png,1,noise_0.05,0.014119286159161026
data/fixtures/dummy/images/00105.png,1,noise_0.1,0.8378142503171879
data/fixtures/dummy/images/00105.png,1,jitter_0.2,0.46561950468329216
data/fixtures/dummy/images/00105.png,1,center_crop_0.8,0.387499081699354
data/fixtures/dummy/images/00105.png,1,composed_blur1.0+jpeg70,0.20468370984432338
data/fixtures/dummy/images/00105.png,1,composed_resize0.5+jpeg50,0.9503885953422128
data/fixtures/dummy/images/00105.png,1,composed_jitter0.2+jpeg30,0.7434280854015626
data/fixtures/dummy/images/00105.png,1,composed_resize0.25+blur0.5+jpeg30,0.7421037538399369
data/fixtures/dummy/images/00106.png,1,clean,0.7707591638713084
data/fixtures/dummy/images/00106.png,1,jpeg_90,0.34956844753489735
data/fixtures/dummy/images/00106.png,1,jpeg_70,0.06649847385241281
data/fixtures/dummy/images/00106.png,1,jpeg_50,0.3746246778758906
data/fixtures/dummy/images/00106.png,1,jpeg_30,0.5406578304556361
data/fixtures/dummy/images/00106.png,1,blur_0.5,0.18736450465380328
data/fixtures/dummy/images/00106.png,1,blur_1.0,0.8279390716810692
data/fixtures/dummy/images/00106.png,1,blur_2.0,0.2992594405095994
data/fixtures/dummy/images/00106.png,1,resize_0.5,0.9596515028391335
data/fixtures/dummy/images/00106.png,1,resize_0.25,0.2779446307983353
data/fixtures/dummy/images/00106.png,1,noise_0.02,0.665615224746775
data/fixtures/dummy/images/00106.png,1,noise_0.05,0.9571519262675927
data/fixtures/dummy/images/00106.png,1,noise_0.1,0.08565208304480798
data/fixtures/dummy/images/00106.png,1,jitter_0.2,0.2009416303365158
data/fixtures/dummy/images/00106.png,1,center_crop_0.8,0.7316629755655126
data/fixtures/dummy/images/00106.png,1,composed_blur1.0+jpeg70,0.3082166041904346
data/fixtures/dummy/images/00106.png,1,composed_resize0.5+jpeg50,0.019318714877419874
data/fixtures/dummy/images/00106.png,1,composed_jitter0.2+jpeg30,0.05452508967895786
data/fixtures/dummy/images/00106.png,1,composed_resize0.25+blur0.5+jpeg30,0.953318039772709
data/fixtures/dummy/images/00107.png,1,clean,0.7140105279780924
data/fixtures/dummy/images/00107.png,1,jpeg_90,0.2904978331133605
data/fixtures/dummy/images/00107.png,1,jpeg_70,0.10899582699303323
data/fixtures/dummy/images/00107.png,1,jpeg_50,0.0019916586070570785
data/fixtures/dummy/images/00107.png,1,jpeg_30,0.3076883603552719
data/fixtures/dummy/images/00107.png,1,blur_0.5,0.9424076054505405
data/fixtures/dummy/images/00107.png,1,blur_1.0,0.85988513651092
data/fixtures/dummy/images/00107.png,1,blur_2.0,0.4974743090743806
data/fixtures/dummy/images/00107.png,1,resize_0.5,0.35631776580827523
data/fixtures/dummy/images/00107.png,1,resize_0.25,0.3898152432947599
data/fixtures/dummy/images/00107.png,1,noise_0.02,0.02079049131360533
data/fixtures/dummy/images/00107.png,1,noise_0.05,0.6401767965608297
data/fixtures/dummy/images/00107.png,1,noise_0.1,0.7682225064803593
data/fixtures/dummy/images/00107.png,1,jitter_0.2,0.026806371087987557
data/fixtures/dummy/images/00107.png,1,center_crop_0.8,0.07000119788036585
data/fixtures/dummy/images/00107.png,1,composed_blur1.0+jpeg70,0.22192184807343196
data/fixtures/dummy/images/00107.png,1,composed_resize0.5+jpeg50,0.6324772149390985
data/fixtures/dummy/images/00107.png,1,composed_jitter0.2+jpeg30,0.763890156666385
data/fixtures/dummy/images/00107.png,1,composed_resize0.25+blur0.5+jpeg30,0.2911501461395325
data/fixtures/dummy/images/00108.png,0,clean,0.006417601911486548
data/fixtures/dummy/images/00108.png,0,jpeg_90,0.883063707881196
data/fixtures/dummy/images/00108.png,0,jpeg_70,0.17897811781939676
data/fixtures/dummy/images/00108.png,0,jpeg_50,0.8889086511427744
data/fixtures/dummy/images/00108.png,0,jpeg_30,0.8287467361300892
data/fixtures/dummy/images/00108.png,0,blur_0.5,0.9517626703578255
data/fixtures/dummy/images/00108.png,0,blur_1.0,0.1598880188543872
data/fixtures/dummy/images/00108.png,0,blur_2.0,0.011706063302261982
data/fixtures/dummy/images/00108.png,0,resize_0.5,0.571949383918699
data/fixtures/dummy/images/00108.png,0,resize_0.25,0.7055875294637273
data/fixtures/dummy/images/00108.png,0,noise_0.02,0.5014614872873063
data/fixtures/dummy/images/00108.png,0,noise_0.05,0.6316255763420361
data/fixtures/dummy/images/00108.png,0,noise_0.1,0.4059152086510196
data/fixtures/dummy/images/00108.png,0,jitter_0.2,0.3757776837394333
data/fixtures/dummy/images/00108.png,0,center_crop_0.8,0.8179079621686814
data/fixtures/dummy/images/00108.png,0,composed_blur1.0+jpeg70,0.0332708994883415
data/fixtures/dummy/images/00108.png,0,composed_resize0.5+jpeg50,0.8768088094651996
data/fixtures/dummy/images/00108.png,0,composed_jitter0.2+jpeg30,0.11358621015233017
data/fixtures/dummy/images/00108.png,0,composed_resize0.25+blur0.5+jpeg30,0.4474927348465293
data/fixtures/dummy/images/00109.png,0,clean,0.3121849620689099
data/fixtures/dummy/images/00109.png,0,jpeg_90,0.36053635893599745
data/fixtures/dummy/images/00109.png,0,jpeg_70,0.9188073695787969
data/fixtures/dummy/images/00109.png,0,jpeg_50,0.17474745075175013
data/fixtures/dummy/images/00109.png,0,jpeg_30,0.10931325953974524
data/fixtures/dummy/images/00109.png,0,blur_0.5,0.6661987535909647
data/fixtures/dummy/images/00109.png,0,blur_1.0,0.36620979567956125
data/fixtures/dummy/images/00109.png,0,blur_2.0,0.3912591227229548
data/fixtures/dummy/images/00109.png,0,resize_0.5,0.2891248093222737
data/fixtures/dummy/images/00109.png,0,resize_0.25,0.19904056935324355
data/fixtures/dummy/images/00109.png,0,noise_0.02,0.18559888262846147
data/fixtures/dummy/images/00109.png,0,noise_0.05,0.7225232278327695
data/fixtures/dummy/images/00109.png,0,noise_0.1,0.1281304851514249
data/fixtures/dummy/images/00109.png,0,jitter_0.2,0.1461249640385811
data/fixtures/dummy/images/00109.png,0,center_crop_0.8,0.8075304591510688
data/fixtures/dummy/images/00109.png,0,composed_blur1.0+jpeg70,0.42021540041274863
data/fixtures/dummy/images/00109.png,0,composed_resize0.5+jpeg50,0.2705562557334722
data/fixtures/dummy/images/00109.png,0,composed_jitter0.2+jpeg30,0.15967684146321326
data/fixtures/dummy/images/00109.png,0,composed_resize0.25+blur0.5+jpeg30,0.7562452023853011
data/fixtures/dummy/images/00110.jpg,1,clean,0.5260942810123792
data/fixtures/dummy/images/00110.jpg,1,jpeg_90,0.5640891278163405
data/fixtures/dummy/images/00110.jpg,1,jpeg_70,0.8980341883885444
data/fixtures/dummy/images/00110.jpg,1,jpeg_50,0.5887347757874798
data/fixtures/dummy/images/00110.jpg,1,jpeg_30,0.23582396809861828
data/fixtures/dummy/images/00110.jpg,1,blur_0.5,0.6112273410896207
data/fixtures/dummy/images/00110.jpg,1,blur_1.0,0.04620569413450226
data/fixtures/dummy/images/00110.jpg,1,blur_2.0,0.2462613034469181
data/fixtures/dummy/images/00110.jpg,1,resize_0.5,0.19655680693398114
data/fixtures/dummy/images/00110.jpg,1,resize_0.25,0.8814948078981211
data/fixtures/dummy/images/00110.jpg,1,noise_0.02,0.3741355494644889
data/fixtures/dummy/images/00110.jpg,1,noise_0.05,0.7074766849890348
data/fixtures/dummy/images/00110.jpg,1,noise_0.1,0.9774380748109409
data/fixtures/dummy/images/00110.jpg,1,jitter_0.2,0.3858440227591471
data/fixtures/dummy/images/00110.jpg,1,center_crop_0.8,0.013708960020308414
data/fixtures/dummy/images/00110.jpg,1,composed_blur1.0+jpeg70,0.2128766598859434
data/fixtures/dummy/images/00110.jpg,1,composed_resize0.5+jpeg50,0.27381135097653386
data/fixtures/dummy/images/00110.jpg,1,composed_jitter0.2+jpeg30,0.4075424273135553
data/fixtures/dummy/images/00110.jpg,1,composed_resize0.25+blur0.5+jpeg30,0.18131232028519617
data/fixtures/dummy/images/00111.png,1,clean,0.217153056399355
data/fixtures/dummy/images/00111.png,1,jpeg_90,0.40487791746966006
data/fixtures/dummy/images/00111.png,1,jpeg_70,0.5621870568117886
data/fixtures/dummy/images/00111.png,1,jpeg_50,0.16320852644318717
data/fixtures/dummy/images/00111.png,1,jpeg_30,0.067069835876585
data/fixtures/dummy/images/00111.png,1,blur_0.5,0.19151165070827358
data/fixtures/dummy/images/00111.png,1,blur_1.0,0.4922532544311574
data/fixtures/dummy/images/00111.png,1,blur_2.0,0.503802556950239
data/fixtures/dummy/images/00111.png,1,resize_0.5,0.8605006934177629
data/fixtures/dummy/images/00111.png,1,resize_0.25,0.7947467193891157
data/fixtures/dummy/images/00111.png,1,noise_0.02,0.5009062999553778
data/fixtures/dummy/images/00111.png,1,noise_0.05,0.6803236077293259
data/fixtures/dummy/images/00111.png,1,noise_0.1,0.13721880210185877
data/fixtures/dummy/images/00111.png,1,jitter_0.2,0.9332141460426941
data/fixtures/dummy/images/00111.png,1,center_crop_0.8,0.39306880815071155
data/fixtures/dummy/images/00111.png,1,composed_blur1.0+jpeg70,0.32660412851245146
data/fixtures/dummy/images/00111.png,1,composed_resize0.5+jpeg50,0.3072686472551377
data/fixtures/dummy/images/00111.png,1,composed_jitter0.2+jpeg30,0.6726693325540218
data/fixtures/dummy/images/00111.png,1,composed_resize0.25+blur0.5+jpeg30,0.6510963777487214
data/fixtures/dummy/images/00112.png,1,clean,0.5509555124675461
data/fixtures/dummy/images/00112.png,1,jpeg_90,0.4249917413987606
data/fixtures/dummy/images/00112.png,1,jpeg_70,0.3540084871640229
data/fixtures/dummy/images/00112.png,1,jpeg_50,0.8866463091655009
data/fixtures/dummy/images/00112.png,1,jpeg_30,0.05141610620934811
data/fixtures/dummy/images/00112.png,1,blur_0.5,0.4448884260776469
data/fixtures/dummy/images/00112.png,1,blur_1.0,0.36082478797107076
data/fixtures/dummy/images/00112.png,1,blur_2.0,0.418479532655629
data/fixtures/dummy/images/00112.png,1,resize_0.5,0.9892324854808519
data/fixtures/dummy/images/00112.png,1,resize_0.25,0.6693901831546952
data/fixtures/dummy/images/00112.png,1,noise_0.02,0.2643891264297905
data/fixtures/dummy/images/00112.png,1,noise_0.05,0.8024236070691956
data/fixtures/dummy/images/00112.png,1,noise_0.1,0.8572152675494843
data/fixtures/dummy/images/00112.png,1,jitter_0.2,0.9467097461578162
data/fixtures/dummy/images/00112.png,1,center_crop_0.8,0.7310932932094306
data/fixtures/dummy/images/00112.png,1,composed_blur1.0+jpeg70,0.6854655450394098
data/fixtures/dummy/images/00112.png,1,composed_resize0.5+jpeg50,0.19519176580513642
data/fixtures/dummy/images/00112.png,1,composed_jitter0.2+jpeg30,0.6831667377597084
data/fixtures/dummy/images/00112.png,1,composed_resize0.25+blur0.5+jpeg30,0.19262260023088495
data/fixtures/dummy/images/00113.png,0,clean,0.9070641636994647
data/fixtures/dummy/images/00113.png,0,jpeg_90,0.11394002145570836
data/fixtures/dummy/images/00113.png,0,jpeg_70,0.7174232321124864
data/fixtures/dummy/images/00113.png,0,jpeg_50,0.2726350196437366
data/fixtures/dummy/images/00113.png,0,jpeg_30,0.8174795233266176
data/fixtures/dummy/images/00113.png,0,blur_0.5,0.9818278470022684
data/fixtures/dummy/images/00113.png,0,blur_1.0,0.7692856029987835
data/fixtures/dummy/images/00113.png,0,blur_2.0,0.9173113101964923
data/fixtures/dummy/images/00113.png,0,resize_0.5,0.8882687402431123
data/fixtures/dummy/images/00113.png,0,resize_0.25,0.2712222074115104
data/fixtures/dummy/images/00113.png,0,noise_0.02,0.79833721998357
data/fixtures/dummy/images/00113.png,0,noise_0.05,0.5554223269413642
data/fixtures/dummy/images/00113.png,0,noise_0.1,0.6752145723106684
data/fixtures/dummy/images/00113.png,0,jitter_0.2,0.9347494057692874
data/fixtures/dummy/images/00113.png,0,center_crop_0.8,0.06303324538213839
data/fixtures/dummy/images/00113.png,0,composed_blur1.0+jpeg70,0.8837608381851427
data/fixtures/dummy/images/00113.png,0,composed_resize0.5+jpeg50,0.3870332942512975
data/fixtures/dummy/images/00113.png,0,composed_jitter0.2+jpeg30,0.8720103337119745
data/fixtures/dummy/images/00113.png,0,composed_resize0.25+blur0.5+jpeg30,0.21089775494191887
data/fixtures/dummy/images/00114.png,1,clean,0.3367968133802989
data/fixtures/dummy/images/00114.png,1,jpeg_90,0.16578724599427808
data/fixtures/dummy/images/00114.png,1,jpeg_70,0.6719286076598483
data/fixtures/dummy/images/00114.png,1,jpeg_50,0.4192260870727613
data/fixtures/dummy/images/00114.png,1,jpeg_30,0.8566383973293448
data/fixtures/dummy/images/00114.png,1,blur_0.5,0.12836497712427875
data/fixtures/dummy/images/00114.png,1,blur_1.0,0.6353919334681087
data/fixtures/dummy/images/00114.png,1,blur_2.0,0.3006242598939347
data/fixtures/dummy/images/00114.png,1,resize_0.5,0.8711228593522242
data/fixtures/dummy/images/00114.png,1,resize_0.25,0.41671811719775975
data/fixtures/dummy/images/00114.png,1,noise_0.02,0.9204469423827641
data/fixtures/dummy/images/00114.png,1,noise_0.05,0.13422177741767993
data/fixtures/dummy/images/00114.png,1,noise_0.1,0.9366475235419485
data/fixtures/dummy/images/00114.png,1,jitter_0.2,0.9218831135244767
data/fixtures/dummy/images/00114.png,1,center_crop_0.8,0.6757642947929962
data/fixtures/dummy/images/00114.png,1,composed_blur1.0+jpeg70,0.7779953928344405
data/fixtures/dummy/images/00114.png,1,composed_resize0.5+jpeg50,0.5756154014434359
data/fixtures/dummy/images/00114.png,1,composed_jitter0.2+jpeg30,0.2443717547368407
data/fixtures/dummy/images/00114.png,1,composed_resize0.25+blur0.5+jpeg30,0.8078327636771121
data/fixtures/dummy/images/00115.png,0,clean,0.7884759116779521
data/fixtures/dummy/images/00115.png,0,jpeg_90,0.6457763367210904
data/fixtures/dummy/images/00115.png,0,jpeg_70,0.08348421682908935
data/fixtures/dummy/images/00115.png,0,jpeg_50,0.6101035532703517
data/fixtures/dummy/images/00115.png,0,jpeg_30,0.1653985097681806
data/fixtures/dummy/images/00115.png,0,blur_0.5,0.12101866864731714
data/fixtures/dummy/images/00115.png,0,blur_1.0,0.0897622529575286
data/fixtures/dummy/images/00115.png,0,blur_2.0,0.9441761653980411
data/fixtures/dummy/images/00115.png,0,resize_0.5,0.288519682165855
data/fixtures/dummy/images/00115.png,0,resize_0.25,0.8509574125115567
data/fixtures/dummy/images/00115.png,0,noise_0.02,0.7329514661167389
data/fixtures/dummy/images/00115.png,0,noise_0.05,0.7550187496243189
data/fixtures/dummy/images/00115.png,0,noise_0.1,0.5099611610294136
data/fixtures/dummy/images/00115.png,0,jitter_0.2,0.6081501891288181
data/fixtures/dummy/images/00115.png,0,center_crop_0.8,0.620607106987157
data/fixtures/dummy/images/00115.png,0,composed_blur1.0+jpeg70,0.4792927945291202
data/fixtures/dummy/images/00115.png,0,composed_resize0.5+jpeg50,0.0014218801585536012
data/fixtures/dummy/images/00115.png,0,composed_jitter0.2+jpeg30,0.9077513923968924
data/fixtures/dummy/images/00115.png,0,composed_resize0.25+blur0.5+jpeg30,0.8528687851495429
data/fixtures/dummy/images/00116.png,0,clean,0.00776057076632275
data/fixtures/dummy/images/00116.png,0,jpeg_90,0.32947003531632524
data/fixtures/dummy/images/00116.png,0,jpeg_70,0.5864016824110618
data/fixtures/dummy/images/00116.png,0,jpeg_50,0.1987691026056576
data/fixtures/dummy/images/00116.png,0,jpeg_30,0.39139086375643073
data/fixtures/dummy/images/00116.png,0,blur_0.5,0.985808200678272
data/fixtures/dummy/images/00116.png,0,blur_1.0,0.5840349057315143
data/fixtures/dummy/images/00116.png,0,blur_2.0,0.5955047969410958
data/fixtures/dummy/images/00116.png,0,resize_0.5,0.8157215491992957
data/fixtures/dummy/images/00116.png,0,resize_0.25,0.9583059642393584
data/fixtures/dummy/images/00116.png,0,noise_0.02,0.4668478686085512
data/fixtures/dummy/images/00116.png,0,noise_0.05,0.09603824477818723
data/fixtures/dummy/images/00116.png,0,noise_0.1,0.11573668073453658
data/fixtures/dummy/images/00116.png,0,jitter_0.2,0.11332601404325249
data/fixtures/dummy/images/00116.png,0,center_crop_0.8,0.17440401150958895
data/fixtures/dummy/images/00116.png,0,composed_blur1.0+jpeg70,0.13017828394217523
data/fixtures/dummy/images/00116.png,0,composed_resize0.5+jpeg50,0.664679227279355
data/fixtures/dummy/images/00116.png,0,composed_jitter0.2+jpeg30,0.6200110903818579
data/fixtures/dummy/images/00116.png,0,composed_resize0.25+blur0.5+jpeg30,0.6246552275251005
data/fixtures/dummy/images/00117.png,0,clean,0.12188118278761895
data/fixtures/dummy/images/00117.png,0,jpeg_90,0.8087338247567762
data/fixtures/dummy/images/00117.png,0,jpeg_70,0.5465493563084152
data/fixtures/dummy/images/00117.png,0,jpeg_50,0.1445184215929961
data/fixtures/dummy/images/00117.png,0,jpeg_30,0.7383960912901589
data/fixtures/dummy/images/00117.png,0,blur_0.5,0.017010228011287376
data/fixtures/dummy/images/00117.png,0,blur_1.0,0.6474198240093149
data/fixtures/dummy/images/00117.png,0,blur_2.0,0.77397360265942
data/fixtures/dummy/images/00117.png,0,resize_0.5,0.9121256376585659
data/fixtures/dummy/images/00117.png,0,resize_0.25,0.7471365230782647
data/fixtures/dummy/images/00117.png,0,noise_0.02,0.942178073482698
data/fixtures/dummy/images/00117.png,0,noise_0.05,0.8093496711224896
data/fixtures/dummy/images/00117.png,0,noise_0.1,0.9373452863330317
data/fixtures/dummy/images/00117.png,0,jitter_0.2,0.9476622665735696
data/fixtures/dummy/images/00117.png,0,center_crop_0.8,0.8193381204367639
data/fixtures/dummy/images/00117.png,0,composed_blur1.0+jpeg70,0.038626615224859884
data/fixtures/dummy/images/00117.png,0,composed_resize0.5+jpeg50,0.2785898429117496
data/fixtures/dummy/images/00117.png,0,composed_jitter0.2+jpeg30,0.5995744320013581
data/fixtures/dummy/images/00117.png,0,composed_resize0.25+blur0.5+jpeg30,0.26222335545111497
data/fixtures/dummy/images/00118.png,1,clean,0.2643803332408893
data/fixtures/dummy/images/00118.png,1,jpeg_90,0.25315048653970085
data/fixtures/dummy/images/00118.png,1,jpeg_70,0.45529953095258047
data/fixtures/dummy/images/00118.png,1,jpeg_50,0.18554525952928747
data/fixtures/dummy/images/00118.png,1,jpeg_30,0.23644673427729224
data/fixtures/dummy/images/00118.png,1,blur_0.5,0.5266082980906938
data/fixtures/dummy/images/00118.png,1,blur_1.0,0.06824630111373053
data/fixtures/dummy/images/00118.png,1,blur_2.0,0.4381677356488962
data/fixtures/dummy/images/00118.png,1,resize_0.5,0.9945418680868411
data/fixtures/dummy/images/00118.png,1,resize_0.25,0.07350371699645397
data/fixtures/dummy/images/00118.png,1,noise_0.02,0.8491604614519117
data/fixtures/dummy/images/00118.png,1,noise_0.05,0.9600691413246898
data/fixtures/dummy/images/00118.png,1,noise_0.1,0.955858552157776
data/fixtures/dummy/images/00118.png,1,jitter_0.2,0.6563114061459572
data/fixtures/dummy/images/00118.png,1,center_crop_0.8,0.024015285860631397
data/fixtures/dummy/images/00118.png,1,composed_blur1.0+jpeg70,0.04029962356210948
data/fixtures/dummy/images/00118.png,1,composed_resize0.5+jpeg50,0.8576160259700207
data/fixtures/dummy/images/00118.png,1,composed_jitter0.2+jpeg30,0.019230459131689526
data/fixtures/dummy/images/00118.png,1,composed_resize0.25+blur0.5+jpeg30,0.5700942435388363
data/fixtures/dummy/images/00119.png,1,clean,0.13124942772870407
data/fixtures/dummy/images/00119.png,1,jpeg_90,0.0856414366454149
data/fixtures/dummy/images/00119.png,1,jpeg_70,0.47472222824343957
data/fixtures/dummy/images/00119.png,1,jpeg_50,0.5347157881954833
data/fixtures/dummy/images/00119.png,1,jpeg_30,0.23183135352548134
data/fixtures/dummy/images/00119.png,1,blur_0.5,0.936754520776672
data/fixtures/dummy/images/00119.png,1,blur_1.0,0.1981081239714999
data/fixtures/dummy/images/00119.png,1,blur_2.0,0.8248267335943544
data/fixtures/dummy/images/00119.png,1,resize_0.5,0.9224143770302944
data/fixtures/dummy/images/00119.png,1,resize_0.25,0.8501962756431896
data/fixtures/dummy/images/00119.png,1,noise_0.02,0.5710575734318339
data/fixtures/dummy/images/00119.png,1,noise_0.05,0.613159948902051
data/fixtures/dummy/images/00119.png,1,noise_0.1,0.3932445008009283
data/fixtures/dummy/images/00119.png,1,jitter_0.2,0.6045075345797865
data/fixtures/dummy/images/00119.png,1,center_crop_0.8,0.3166780019994512
data/fixtures/dummy/images/00119.png,1,composed_blur1.0+jpeg70,0.14123075631787774
data/fixtures/dummy/images/00119.png,1,composed_resize0.5+jpeg50,0.02403577049159067
data/fixtures/dummy/images/00119.png,1,composed_jitter0.2+jpeg30,0.5883784375753396
data/fixtures/dummy/images/00119.png,1,composed_resize0.25+blur0.5+jpeg30,0.8360723533252159
data/fixtures/dummy/images/00120.png,0,clean,0.08549227964628536
data/fixtures/dummy/images/00120.png,0,jpeg_90,0.8009971716761952
data/fixtures/dummy/images/00120.png,0,jpeg_70,0.5238424910826046
data/fixtures/dummy/images/00120.png,0,jpeg_50,0.45917512876384836
data/fixtures/dummy/images/00120.png,0,jpeg_30,0.675454800452105
data/fixtures/dummy/images/00120.png,0,blur_0.5,0.25603692394348554
data/fixtures/dummy/images/00120.png,0,blur_1.0,0.30160381192163477
data/fixtures/dummy/images/00120.png,0,blur_2.0,0.8261233309994683
data/fixtures/dummy/images/00120.png,0,resize_0.5,0.2611753430882511
data/fixtures/dummy/images/00120.png,0,resize_0.25,0.762058739593241
data/fixtures/dummy/images/00120.png,0,noise_0.02,0.7195658745105633
data/fixtures/dummy/images/00120.png,0,noise_0.05,0.5571435370966997
data/fixtures/dummy/images/00120.png,0,noise_0.1,0.9423874408291539
data/fixtures/dummy/images/00120.png,0,jitter_0.2,0.37386376920489095
data/fixtures/dummy/images/00120.png,0,center_crop_0.8,0.3431162909757991
data/fixtures/dummy/images/00120.png,0,composed_blur1.0+jpeg70,0.8845469685194005
data/fixtures/dummy/images/00120.png,0,composed_resize0.5+jpeg50,0.016248307964488617
data/fixtures/dummy/images/00120.png,0,composed_jitter0.2+jpeg30,0.4827848872135706
data/fixtures/dummy/images/00120.png,0,composed_resize0.25+blur0.5+jpeg30,0.4468145274909885
data/fixtures/dummy/images/00121.png,0,clean,0.9076233501449825
data/fixtures/dummy/images/00121.png,0,jpeg_90,0.4992705531704128
data/fixtures/dummy/images/00121.png,0,jpeg_70,0.37239688827373385
data/fixtures/dummy/images/00121.png,0,jpeg_50,0.20393364374366008
data/fixtures/dummy/images/00121.png,0,jpeg_30,0.014692039948211444
data/fixtures/dummy/images/00121.png,0,blur_0.5,0.920949738960605
data/fixtures/dummy/images/00121.png,0,blur_1.0,0.029016050989603026
data/fixtures/dummy/images/00121.png,0,blur_2.0,0.3580229614369974
data/fixtures/dummy/images/00121.png,0,resize_0.5,0.06790281815875565
data/fixtures/dummy/images/00121.png,0,resize_0.25,0.6006052157616629
data/fixtures/dummy/images/00121.png,0,noise_0.02,0.38503430578628817
data/fixtures/dummy/images/00121.png,0,noise_0.05,0.053155101359200096
data/fixtures/dummy/images/00121.png,0,noise_0.1,0.938652842899616
data/fixtures/dummy/images/00121.png,0,jitter_0.2,0.5307511571175277
data/fixtures/dummy/images/00121.png,0,center_crop_0.8,0.08260903621678706
data/fixtures/dummy/images/00121.png,0,composed_blur1.0+jpeg70,0.9244478920303136
data/fixtures/dummy/images/00121.png,0,composed_resize0.5+jpeg50,0.749630280476552
data/fixtures/dummy/images/00121.png,0,composed_jitter0.2+jpeg30,0.8596398001838486
data/fixtures/dummy/images/00121.png,0,composed_resize0.25+blur0.5+jpeg30,0.7956270244322631
data/fixtures/dummy/images/00122.png,0,clean,0.7762810199636923
data/fixtures/dummy/images/00122.png,0,jpeg_90,0.8612636253165891
data/fixtures/dummy/images/00122.png,0,jpeg_70,0.8497365673637239
data/fixtures/dummy/images/00122.png,0,jpeg_50,0.13893736386226563
data/fixtures/dummy/images/00122.png,0,jpeg_30,0.7002037062421829
data/fixtures/dummy/images/00122.png,0,blur_0.5,0.7210505067302893
data/fixtures/dummy/images/00122.png,0,blur_1.0,0.5217175069923289
data/fixtures/dummy/images/00122.png,0,blur_2.0,0.18015811893589062
data/fixtures/dummy/images/00122.png,0,resize_0.5,0.8886593935970059
data/fixtures/dummy/images/00122.png,0,resize_0.25,0.021854689239422798
data/fixtures/dummy/images/00122.png,0,noise_0.02,0.9886930018934316
data/fixtures/dummy/images/00122.png,0,noise_0.05,0.4856573630433473
data/fixtures/dummy/images/00122.png,0,noise_0.1,0.37948318265132297
data/fixtures/dummy/images/00122.png,0,jitter_0.2,0.5044694893202679
data/fixtures/dummy/images/00122.png,0,center_crop_0.8,0.6263592198019696
data/fixtures/dummy/images/00122.png,0,composed_blur1.0+jpeg70,0.8681364029831137
data/fixtures/dummy/images/00122.png,0,composed_resize0.5+jpeg50,0.36222261336771666
data/fixtures/dummy/images/00122.png,0,composed_jitter0.2+jpeg30,0.21285680078233304
data/fixtures/dummy/images/00122.png,0,composed_resize0.25+blur0.5+jpeg30,0.8462810037687626
data/fixtures/dummy/images/00123.png,1,clean,0.7659116167579632
data/fixtures/dummy/images/00123.png,1,jpeg_90,0.28157994850739343
data/fixtures/dummy/images/00123.png,1,jpeg_70,0.3661948570957838
data/fixtures/dummy/images/00123.png,1,jpeg_50,0.6763908693344981
data/fixtures/dummy/images/00123.png,1,jpeg_30,0.797436519892776
data/fixtures/dummy/images/00123.png,1,blur_0.5,0.025159673898157986
data/fixtures/dummy/images/00123.png,1,blur_1.0,0.9966454799011435
data/fixtures/dummy/images/00123.png,1,blur_2.0,0.9181460978029193
data/fixtures/dummy/images/00123.png,1,resize_0.5,0.35575674025086723
data/fixtures/dummy/images/00123.png,1,resize_0.25,0.5156517139762568
data/fixtures/dummy/images/00123.png,1,noise_0.02,0.11538205627689901
data/fixtures/dummy/images/00123.png,1,noise_0.05,0.8637965426676518
data/fixtures/dummy/images/00123.png,1,noise_0.1,0.9483760326333469
data/fixtures/dummy/images/00123.png,1,jitter_0.2,0.3716747959070268
data/fixtures/dummy/images/00123.png,1,center_crop_0.8,0.8441001306894255
data/fixtures/dummy/images/00123.png,1,composed_blur1.0+jpeg70,0.6029472219681828
data/fixtures/dummy/images/00123.png,1,composed_resize0.5+jpeg50,0.7005086918337844
data/fixtures/dummy/images/00123.png,1,composed_jitter0.2+jpeg30,0.6520220802219703
data/fixtures/dummy/images/00123.png,1,composed_resize0.25+blur0.5+jpeg30,0.009731097099499153
data/fixtures/dummy/images/00124.png,0,clean,0.6476274488666268
data/fixtures/dummy/images/00124.png,0,jpeg_90,0.293146552721658
data/fixtures/dummy/images/00124.png,0,jpeg_70,0.8976273402004677
data/fixtures/dummy/images/00124.png,0,jpeg_50,0.25841061772316865
data/fixtures/dummy/images/00124.png,0,jpeg_30,0.29545918720280384
data/fixtures/dummy/images/00124.png,0,blur_0.5,0.7285535772137363
data/fixtures/dummy/images/00124.png,0,blur_1.0,0.23457380056433785
data/fixtures/dummy/images/00124.png,0,blur_2.0,0.6771865023228374
data/fixtures/dummy/images/00124.png,0,resize_0.5,0.5682748373190819
data/fixtures/dummy/images/00124.png,0,resize_0.25,0.6064126906890177
data/fixtures/dummy/images/00124.png,0,noise_0.02,0.8053383789257278
data/fixtures/dummy/images/00124.png,0,noise_0.05,0.7477568679818534
data/fixtures/dummy/images/00124.png,0,noise_0.1,0.664362404493115
data/fixtures/dummy/images/00124.png,0,jitter_0.2,0.6335812223142699
data/fixtures/dummy/images/00124.png,0,center_crop_0.8,0.46066804744939516
data/fixtures/dummy/images/00124.png,0,composed_blur1.0+jpeg70,0.09941289996767633
data/fixtures/dummy/images/00124.png,0,composed_resize0.5+jpeg50,0.22317715555014783
data/fixtures/dummy/images/00124.png,0,composed_jitter0.2+jpeg30,0.3919550121475397
data/fixtures/dummy/images/00124.png,0,composed_resize0.25+blur0.5+jpeg30,0.18927296074938882
data/fixtures/dummy/images/00125.png,1,clean,0.8256173899737105
data/fixtures/dummy/images/00125.png,1,jpeg_90,0.6442227118663353
data/fixtures/dummy/images/00125.png,1,jpeg_70,0.8506491959703992
data/fixtures/dummy/images/00125.png,1,jpeg_50,0.09868166281179969
data/fixtures/dummy/images/00125.png,1,jpeg_30,0.6209322575169968
data/fixtures/dummy/images/00125.png,1,blur_0.5,0.3057352820888284
data/fixtures/dummy/images/00125.png,1,blur_1.0,0.49531414236278926
data/fixtures/dummy/images/00125.png,1,blur_2.0,0.36772943274041714
data/fixtures/dummy/images/00125.png,1,resize_0.5,0.7271648741802046
data/fixtures/dummy/images/00125.png,1,resize_0.25,0.2432096523276669
data/fixtures/dummy/images/00125.png,1,noise_0.02,0.18152129618766633
data/fixtures/dummy/images/00125.png,1,noise_0.05,0.6605884072707413
data/fixtures/dummy/images/00125.png,1,noise_0.1,0.8261396522838785
data/fixtures/dummy/images/00125.png,1,jitter_0.2,0.5029233536352326
data/fixtures/dummy/images/00125.png,1,center_crop_0.8,0.4868302918763425
data/fixtures/dummy/images/00125.png,1,composed_blur1.0+jpeg70,0.14871070034723055
data/fixtures/dummy/images/00125.png,1,composed_resize0.5+jpeg50,0.24208465941498736
data/fixtures/dummy/images/00125.png,1,composed_jitter0.2+jpeg30,0.6308972085282545
data/fixtures/dummy/images/00125.png,1,composed_resize0.25+blur0.5+jpeg30,0.12001988075369607
data/fixtures/dummy/images/00126.png,0,clean,0.3555475521800211
data/fixtures/dummy/images/00126.png,0,jpeg_90,0.4662318179847623
data/fixtures/dummy/images/00126.png,0,jpeg_70,0.8259585206078577
data/fixtures/dummy/images/00126.png,0,jpeg_50,0.07296593527797113
data/fixtures/dummy/images/00126.png,0,jpeg_30,0.8225699475275438
data/fixtures/dummy/images/00126.png,0,blur_0.5,0.8823850321939264
data/fixtures/dummy/images/00126.png,0,blur_1.0,0.9630560058064497
data/fixtures/dummy/images/00126.png,0,blur_2.0,0.15060879993644638
data/fixtures/dummy/images/00126.png,0,resize_0.5,0.9477910939629923
data/fixtures/dummy/images/00126.png,0,resize_0.25,0.43490850524276503
data/fixtures/dummy/images/00126.png,0,noise_0.02,0.3905917803807166
data/fixtures/dummy/images/00126.png,0,noise_0.05,0.21680540960538885
data/fixtures/dummy/images/00126.png,0,noise_0.1,0.8211710794996957
data/fixtures/dummy/images/00126.png,0,jitter_0.2,0.42480283573598376
data/fixtures/dummy/images/00126.png,0,center_crop_0.8,0.08927129221284646
data/fixtures/dummy/images/00126.png,0,composed_blur1.0+jpeg70,0.0842298450296648
data/fixtures/dummy/images/00126.png,0,composed_resize0.5+jpeg50,0.74578595706155
data/fixtures/dummy/images/00126.png,0,composed_jitter0.2+jpeg30,0.5794150800085986
data/fixtures/dummy/images/00126.png,0,composed_resize0.25+blur0.5+jpeg30,0.8551670720465747
data/fixtures/dummy/images/00127.png,1,clean,0.5705673489061702
data/fixtures/dummy/images/00127.png,1,jpeg_90,0.9784824712211269
data/fixtures/dummy/images/00127.png,1,jpeg_70,0.6767273854797905
data/fixtures/dummy/images/00127.png,1,jpeg_50,0.14066721301769158
data/fixtures/dummy/images/00127.png,1,jpeg_30,0.5270272556926202
data/fixtures/dummy/images/00127.png,1,blur_0.5,0.17212947302144466
data/fixtures/dummy/images/00127.png,1,blur_1.0,0.7304175154935684
data/fixtures/dummy/images/00127.png,1,blur_2.0,0.28121767619367866
data/fixtures/dummy/images/00127.png,1,resize_0.5,0.5184210106982655
data/fixtures/dummy/images/00127.png,1,resize_0.25,0.20577661425334604
data/fixtures/dummy/images/00127.png,1,noise_0.02,0.33310960436348125
data/fixtures/dummy/images/00127.png,1,noise_0.05,0.6969914051097448
data/fixtures/dummy/images/00127.png,1,noise_0.1,0.9047194796914402
data/fixtures/dummy/images/00127.png,1,jitter_0.2,0.9715574677218249
data/fixtures/dummy/images/00127.png,1,center_crop_0.8,0.9600269325038019
data/fixtures/dummy/images/00127.png,1,composed_blur1.0+jpeg70,0.5837087527181716
data/fixtures/dummy/images/00127.png,1,composed_resize0.5+jpeg50,0.8341172524823774
data/fixtures/dummy/images/00127.png,1,composed_jitter0.2+jpeg30,0.28670637353242834
data/fixtures/dummy/images/00127.png,1,composed_resize0.25+blur0.5+jpeg30,0.9100588314971465
data/fixtures/dummy/images/00128.png,0,clean,0.4151033729345165
data/fixtures/dummy/images/00128.png,0,jpeg_90,0.8933469693666712
data/fixtures/dummy/images/00128.png,0,jpeg_70,0.5122221987834847
data/fixtures/dummy/images/00128.png,0,jpeg_50,0.8096882361394505
data/fixtures/dummy/images/00128.png,0,jpeg_30,0.09284905193278947
data/fixtures/dummy/images/00128.png,0,blur_0.5,0.6875733736996149
data/fixtures/dummy/images/00128.png,0,blur_1.0,0.42053591706240245
data/fixtures/dummy/images/00128.png,0,blur_2.0,0.4075858141587293
data/fixtures/dummy/images/00128.png,0,resize_0.5,0.3852521157213028
data/fixtures/dummy/images/00128.png,0,resize_0.25,0.2556718855254747
data/fixtures/dummy/images/00128.png,0,noise_0.02,0.981552033047267
data/fixtures/dummy/images/00128.png,0,noise_0.05,0.5415783103669788
data/fixtures/dummy/images/00128.png,0,noise_0.1,0.05006184667108171
data/fixtures/dummy/images/00128.png,0,jitter_0.2,0.36379148876267
data/fixtures/dummy/images/00128.png,0,center_crop_0.8,0.7558274764469477
data/fixtures/dummy/images/00128.png,0,composed_blur1.0+jpeg70,0.5143648515636264
data/fixtures/dummy/images/00128.png,0,composed_resize0.5+jpeg50,0.13004769098393554
data/fixtures/dummy/images/00128.png,0,composed_jitter0.2+jpeg30,0.48777799471927763
data/fixtures/dummy/images/00128.png,0,composed_resize0.25+blur0.5+jpeg30,0.5854096859106972
data/fixtures/dummy/images/00129.png,0,clean,0.4878652535089675
data/fixtures/dummy/images/00129.png,0,jpeg_90,0.47317329172946
data/fixtures/dummy/images/00129.png,0,jpeg_70,0.04452007182202089
data/fixtures/dummy/images/00129.png,0,jpeg_50,0.29572797620041935
data/fixtures/dummy/images/00129.png,0,jpeg_30,0.05279768351221137
data/fixtures/dummy/images/00129.png,0,blur_0.5,0.42327542847820776
data/fixtures/dummy/images/00129.png,0,blur_1.0,0.983711202951773
data/fixtures/dummy/images/00129.png,0,blur_2.0,0.2250473650460738
data/fixtures/dummy/images/00129.png,0,resize_0.5,0.8252216438505298
data/fixtures/dummy/images/00129.png,0,resize_0.25,0.7970767591834775
data/fixtures/dummy/images/00129.png,0,noise_0.02,0.5659737988438013
data/fixtures/dummy/images/00129.png,0,noise_0.05,0.07040485057995649
data/fixtures/dummy/images/00129.png,0,noise_0.1,0.1672437610538875
data/fixtures/dummy/images/00129.png,0,jitter_0.2,0.19125993566151944
data/fixtures/dummy/images/00129.png,0,center_crop_0.8,0.5542011125062482
data/fixtures/dummy/images/00129.png,0,composed_blur1.0+jpeg70,0.859338885135278
data/fixtures/dummy/images/00129.png,0,composed_resize0.5+jpeg50,0.21776553486588301
data/fixtures/dummy/images/00129.png,0,composed_jitter0.2+jpeg30,0.2470714637495136
data/fixtures/dummy/images/00129.png,0,composed_resize0.25+blur0.5+jpeg30,0.24565378266533933
data/fixtures/dummy/images/00130.png,1,clean,0.4407781167472856
data/fixtures/dummy/images/00130.png,1,jpeg_90,0.7287733417435591
data/fixtures/dummy/images/00130.png,1,jpeg_70,0.08922143655413162
data/fixtures/dummy/images/00130.png,1,jpeg_50,0.6804076594141253
data/fixtures/dummy/images/00130.png,1,jpeg_30,0.5679452971255584
data/fixtures/dummy/images/00130.png,1,blur_0.5,0.22026843131122864
data/fixtures/dummy/images/00130.png,1,blur_1.0,0.6733994842750692
data/fixtures/dummy/images/00130.png,1,blur_2.0,0.2164499251123807
data/fixtures/dummy/images/00130.png,1,resize_0.5,0.2640710708552654
data/fixtures/dummy/images/00130.png,1,resize_0.25,0.21426876660009242
data/fixtures/dummy/images/00130.png,1,noise_0.02,0.7172410508644461
data/fixtures/dummy/images/00130.png,1,noise_0.05,0.21181612117923065
data/fixtures/dummy/images/00130.png,1,noise_0.1,0.09120357824027214
data/fixtures/dummy/images/00130.png,1,jitter_0.2,0.3620211782592395
data/fixtures/dummy/images/00130.png,1,center_crop_0.8,0.2803163705079429
data/fixtures/dummy/images/00130.png,1,composed_blur1.0+jpeg70,0.9567622735796438
data/fixtures/dummy/images/00130.png,1,composed_resize0.5+jpeg50,0.8818159176605206
data/fixtures/dummy/images/00130.png,1,composed_jitter0.2+jpeg30,0.32333681276812865
data/fixtures/dummy/images/00130.png,1,composed_resize0.25+blur0.5+jpeg30,0.8875768884257836
data/fixtures/dummy/images/00131.png,0,clean,0.9231695757747714
data/fixtures/dummy/images/00131.png,0,jpeg_90,0.12931484957025507
data/fixtures/dummy/images/00131.png,0,jpeg_70,0.34135960284942857
data/fixtures/dummy/images/00131.png,0,jpeg_50,0.906497810657748
data/fixtures/dummy/images/00131.png,0,jpeg_30,0.9458636697590788
data/fixtures/dummy/images/00131.png,0,blur_0.5,0.4885000736244718
data/fixtures/dummy/images/00131.png,0,blur_1.0,0.4605892515899017
data/fixtures/dummy/images/00131.png,0,blur_2.0,0.4555557417555235
data/fixtures/dummy/images/00131.png,0,resize_0.5,0.3196395003241689
data/fixtures/dummy/images/00131.png,0,resize_0.25,0.8115801658431919
data/fixtures/dummy/images/00131.png,0,noise_0.02,0.6686549489313893
data/fixtures/dummy/images/00131.png,0,noise_0.05,0.28523797469816026
data/fixtures/dummy/images/00131.png,0,noise_0.1,0.6797089755021981
data/fixtures/dummy/images/00131.png,0,jitter_0.2,0.9854743046905714
data/fixtures/dummy/images/00131.png,0,center_crop_0.8,0.9653469388967736
data/fixtures/dummy/images/00131.png,0,composed_blur1.0+jpeg70,0.9701044305661013
data/fixtures/dummy/images/00131.png,0,composed_resize0.5+jpeg50,0.6125612418715183
data/fixtures/dummy/images/00131.png,0,composed_jitter0.2+jpeg30,0.10269126719699573
data/fixtures/dummy/images/00131.png,0,composed_resize0.25+blur0.5+jpeg30,0.7741239392996409
data/fixtures/dummy/images/00132.png,1,clean,0.8567601686035312
data/fixtures/dummy/images/00132.png,1,jpeg_90,0.9913630642903442
data/fixtures/dummy/images/00132.png,1,jpeg_70,0.7823910435951323
data/fixtures/dummy/images/00132.png,1,jpeg_50,0.3373803704396201
data/fixtures/dummy/images/00132.png,1,jpeg_30,0.4939594225183128
data/fixtures/dummy/images/00132.png,1,blur_0.5,0.5983878821483762
data/fixtures/dummy/images/00132.png,1,blur_1.0,0.5362377174768853
data/fixtures/dummy/images/00132.png,1,blur_2.0,0.1781521469067111
data/fixtures/dummy/images/00132.png,1,resize_0.5,0.9639114106284935
data/fixtures/dummy/images/00132.png,1,resize_0.25,0.13940911063100403
data/fixtures/dummy/images/00132.png,1,noise_0.02,0.8730561334099751
data/fixtures/dummy/images/00132.png,1,noise_0.05,0.5884897050278323
data/fixtures/dummy/images/00132.png,1,noise_0.1,0.15438775526616466
data/fixtures/dummy/images/00132.png,1,jitter_0.2,0.9439556524838763
data/fixtures/dummy/images/00132.png,1,center_crop_0.8,0.14038515133549379
data/fixtures/dummy/images/00132.png,1,composed_blur1.0+jpeg70,0.8549582727228845
data/fixtures/dummy/images/00132.png,1,composed_resize0.5+jpeg50,0.7028322887574607
data/fixtures/dummy/images/00132.png,1,composed_jitter0.2+jpeg30,0.5364897454516879
data/fixtures/dummy/images/00132.png,1,composed_resize0.25+blur0.5+jpeg30,0.08402787060469408
data/fixtures/dummy/images/00133.png,0,clean,0.1310562942502801
data/fixtures/dummy/images/00133.png,0,jpeg_90,0.4599350358355273
data/fixtures/dummy/images/00133.png,0,jpeg_70,0.3421536832894635
data/fixtures/dummy/images/00133.png,0,jpeg_50,0.7938844651169844
data/fixtures/dummy/images/00133.png,0,jpeg_30,0.06160546877326689
data/fixtures/dummy/images/00133.png,0,blur_0.5,0.8017502821317386
data/fixtures/dummy/images/00133.png,0,blur_1.0,0.4740877778270167
data/fixtures/dummy/images/00133.png,0,blur_2.0,0.6106327006990734
data/fixtures/dummy/images/00133.png,0,resize_0.5,0.030003122647357827
data/fixtures/dummy/images/00133.png,0,resize_0.25,0.113740497689644
data/fixtures/dummy/images/00133.png,0,noise_0.02,0.15205856056922684
data/fixtures/dummy/images/00133.png,0,noise_0.05,0.5595015072499986
data/fixtures/dummy/images/00133.png,0,noise_0.1,0.45622293030749217
data/fixtures/dummy/images/00133.png,0,jitter_0.2,0.7557577344236107
data/fixtures/dummy/images/00133.png,0,center_crop_0.8,0.23211363434195298
data/fixtures/dummy/images/00133.png,0,composed_blur1.0+jpeg70,0.361396016355057
data/fixtures/dummy/images/00133.png,0,composed_resize0.5+jpeg50,0.8518590062053406
data/fixtures/dummy/images/00133.png,0,composed_jitter0.2+jpeg30,0.5588208837037361
data/fixtures/dummy/images/00133.png,0,composed_resize0.25+blur0.5+jpeg30,0.8894348654636863
data/fixtures/dummy/images/00134.png,0,clean,0.34418975438787747
data/fixtures/dummy/images/00134.png,0,jpeg_90,0.33245559067631714
data/fixtures/dummy/images/00134.png,0,jpeg_70,0.4856524557061548
data/fixtures/dummy/images/00134.png,0,jpeg_50,0.6602876916605227
data/fixtures/dummy/images/00134.png,0,jpeg_30,0.49330674538626673
data/fixtures/dummy/images/00134.png,0,blur_0.5,0.16098475912571875
data/fixtures/dummy/images/00134.png,0,blur_1.0,0.1476136435098977
data/fixtures/dummy/images/00134.png,0,blur_2.0,0.7584245453744749
data/fixtures/dummy/images/00134.png,0,resize_0.5,0.9035254515544053
data/fixtures/dummy/images/00134.png,0,resize_0.25,0.8426798825597084
data/fixtures/dummy/images/00134.png,0,noise_0.02,0.33822003949193813
data/fixtures/dummy/images/00134.png,0,noise_0.05,0.3938218237379485
data/fixtures/dummy/images/00134.png,0,noise_0.1,0.9457088436395669
data/fixtures/dummy/images/00134.png,0,jitter_0.2,0.1686996863596688
data/fixtures/dummy/images/00134.png,0,center_crop_0.8,0.342101212361443
data/fixtures/dummy/images/00134.png,0,composed_blur1.0+jpeg70,0.9618094399204791
data/fixtures/dummy/images/00134.png,0,composed_resize0.5+jpeg50,0.4168784437693488
data/fixtures/dummy/images/00134.png,0,composed_jitter0.2+jpeg30,0.14260342077418386
data/fixtures/dummy/images/00134.png,0,composed_resize0.25+blur0.5+jpeg30,0.9833550624348677
data/fixtures/dummy/images/00135.png,1,clean,0.8328672447220768
data/fixtures/dummy/images/00135.png,1,jpeg_90,0.2782279162253404
data/fixtures/dummy/images/00135.png,1,jpeg_70,0.3424697387120573
data/fixtures/dummy/images/00135.png,1,jpeg_50,0.7984017429896956
data/fixtures/dummy/images/00135.png,1,jpeg_30,0.3878731292918829
data/fixtures/dummy/images/00135.png,1,blur_0.5,0.7962375367702872
data/fixtures/dummy/images/00135.png,1,blur_1.0,0.5725264974558938
data/fixtures/dummy/images/00135.png,1,blur_2.0,0.2536903164673544
data/fixtures/dummy/images/00135.png,1,resize_0.5,0.09642735861006557
data/fixtures/dummy/images/00135.png,1,resize_0.25,0.0005016506838427803
data/fixtures/dummy/images/00135.png,1,noise_0.02,0.08357084884302268
data/fixtures/dummy/images/00135.png,1,noise_0.05,0.9208584903151485
data/fixtures/dummy/images/00135.png,1,noise_0.1,0.44596954975564074
data/fixtures/dummy/images/00135.png,1,jitter_0.2,0.06292023809766789
data/fixtures/dummy/images/00135.png,1,center_crop_0.8,0.5496305455569396
data/fixtures/dummy/images/00135.png,1,composed_blur1.0+jpeg70,0.5915504089328303
data/fixtures/dummy/images/00135.png,1,composed_resize0.5+jpeg50,0.6976161004719943
data/fixtures/dummy/images/00135.png,1,composed_jitter0.2+jpeg30,0.5974972430627629
data/fixtures/dummy/images/00135.png,1,composed_resize0.25+blur0.5+jpeg30,0.9934161670961861
data/fixtures/dummy/images/00136.png,0,clean,0.049839912519085594
data/fixtures/dummy/images/00136.png,0,jpeg_90,0.47118680666796187
data/fixtures/dummy/images/00136.png,0,jpeg_70,0.3665371970035053
data/fixtures/dummy/images/00136.png,0,jpeg_50,0.4087189214455639
data/fixtures/dummy/images/00136.png,0,jpeg_30,0.5027284500337841
data/fixtures/dummy/images/00136.png,0,blur_0.5,0.7271507488653742
data/fixtures/dummy/images/00136.png,0,blur_1.0,0.5702477725824098
data/fixtures/dummy/images/00136.png,0,blur_2.0,0.539929054328646
data/fixtures/dummy/images/00136.png,0,resize_0.5,0.025907248573884045
data/fixtures/dummy/images/00136.png,0,resize_0.25,0.5927984238320063
data/fixtures/dummy/images/00136.png,0,noise_0.02,0.5316991221066152
data/fixtures/dummy/images/00136.png,0,noise_0.05,0.1253365543256445
data/fixtures/dummy/images/00136.png,0,noise_0.1,0.9746057337640971
data/fixtures/dummy/images/00136.png,0,jitter_0.2,0.8245365979017151
data/fixtures/dummy/images/00136.png,0,center_crop_0.8,0.2868740297043798
data/fixtures/dummy/images/00136.png,0,composed_blur1.0+jpeg70,0.9546536032424192
data/fixtures/dummy/images/00136.png,0,composed_resize0.5+jpeg50,0.8967606672569588
data/fixtures/dummy/images/00136.png,0,composed_jitter0.2+jpeg30,0.6207947243462075
data/fixtures/dummy/images/00136.png,0,composed_resize0.25+blur0.5+jpeg30,0.2776093871807641
data/fixtures/dummy/images/00137.png,0,clean,0.6251743812111189
data/fixtures/dummy/images/00137.png,0,jpeg_90,0.061917208493473375
data/fixtures/dummy/images/00137.png,0,jpeg_70,0.6862167384631729
data/fixtures/dummy/images/00137.png,0,jpeg_50,0.2786769508933604
data/fixtures/dummy/images/00137.png,0,jpeg_30,0.6937292748532694
data/fixtures/dummy/images/00137.png,0,blur_0.5,0.7867768195130644
data/fixtures/dummy/images/00137.png,0,blur_1.0,0.345273034785439
data/fixtures/dummy/images/00137.png,0,blur_2.0,0.944624137130001
data/fixtures/dummy/images/00137.png,0,resize_0.5,0.2437912291737513
data/fixtures/dummy/images/00137.png,0,resize_0.25,0.42014429942466014
data/fixtures/dummy/images/00137.png,0,noise_0.02,0.9486512728517007
data/fixtures/dummy/images/00137.png,0,noise_0.05,0.36780004721974513
data/fixtures/dummy/images/00137.png,0,noise_0.1,0.5779307561962383
data/fixtures/dummy/images/00137.png,0,jitter_0.2,0.29374580298795727
data/fixtures/dummy/images/00137.png,0,center_crop_0.8,0.054539275153358435
data/fixtures/dummy/images/00137.png,0,composed_blur1.0+jpeg70,0.21566547231029976
data/fixtures/dummy/images/00137.png,0,composed_resize0.5+jpeg50,0.933533213031743
data/fixtures/dummy/images/00137.png,0,composed_jitter0.2+jpeg30,0.6844262345819836
data/fixtures/dummy/images/00137.png,0,composed_resize0.25+blur0.5+jpeg30,0.7447537971908339
data/fixtures/dummy/images/00138.png,0,clean,0.9794870507506153
data/fixtures/dummy/images/00138.png,0,jpeg_90,0.34153973142664185
data/fixtures/dummy/images/00138.png,0,jpeg_70,0.6113642817678896
data/fixtures/dummy/images/00138.png,0,jpeg_50,0.32353250663503086
data/fixtures/dummy/images/00138.png,0,jpeg_30,0.12997259969078756
data/fixtures/dummy/images/00138.png,0,blur_0.5,0.09794331334933748
data/fixtures/dummy/images/00138.png,0,blur_1.0,0.7176296676549249
data/fixtures/dummy/images/00138.png,0,blur_2.0,0.9287603572366105
data/fixtures/dummy/images/00138.png,0,resize_0.5,0.15041514736635242
data/fixtures/dummy/images/00138.png,0,resize_0.25,0.5526248933874344
data/fixtures/dummy/images/00138.png,0,noise_0.02,0.8041752784657764
data/fixtures/dummy/images/00138.png,0,noise_0.05,0.18578623110785797
data/fixtures/dummy/images/00138.png,0,noise_0.1,0.23858974744717376
data/fixtures/dummy/images/00138.png,0,jitter_0.2,0.1252935617398434
data/fixtures/dummy/images/00138.png,0,center_crop_0.8,0.8195378826870259
data/fixtures/dummy/images/00138.png,0,composed_blur1.0+jpeg70,0.5547823570385996
data/fixtures/dummy/images/00138.png,0,composed_resize0.5+jpeg50,0.12777551284502975
data/fixtures/dummy/images/00138.png,0,composed_jitter0.2+jpeg30,0.5736205775433446
data/fixtures/dummy/images/00138.png,0,composed_resize0.25+blur0.5+jpeg30,0.7582620798109
data/fixtures/dummy/images/00139.png,1,clean,0.850469685603826
data/fixtures/dummy/images/00139.png,1,jpeg_90,0.9314227171786583
data/fixtures/dummy/images/00139.png,1,jpeg_70,0.8207454021033422
data/fixtures/dummy/images/00139.png,1,jpeg_50,0.662535389262771
data/fixtures/dummy/images/00139.png,1,jpeg_30,0.6035150815058812
data/fixtures/dummy/images/00139.png,1,blur_0.5,0.09337384717052066
data/fixtures/dummy/images/00139.png,1,blur_1.0,0.36573775566539557
data/fixtures/dummy/images/00139.png,1,blur_2.0,0.7259538938493052
data/fixtures/dummy/images/00139.png,1,resize_0.5,0.9349729798332199
data/fixtures/dummy/images/00139.png,1,resize_0.25,0.6798404967568149
data/fixtures/dummy/images/00139.png,1,noise_0.02,0.3335329447676473
data/fixtures/dummy/images/00139.png,1,noise_0.05,0.9765186348031852
data/fixtures/dummy/images/00139.png,1,noise_0.1,0.30492864353294125
data/fixtures/dummy/images/00139.png,1,jitter_0.2,0.590428852041992
data/fixtures/dummy/images/00139.png,1,center_crop_0.8,0.35514121344824723
data/fixtures/dummy/images/00139.png,1,composed_blur1.0+jpeg70,0.5586777245790145
data/fixtures/dummy/images/00139.png,1,composed_resize0.5+jpeg50,0.22262320929828572
data/fixtures/dummy/images/00139.png,1,composed_jitter0.2+jpeg30,0.38547882547179324
data/fixtures/dummy/images/00139.png,1,composed_resize0.25+blur0.5+jpeg30,0.03569668383828206
data/fixtures/dummy/images/00140.jpg,1,clean,0.2371860284551912
data/fixtures/dummy/images/00140.jpg,1,jpeg_90,0.6633176084708534
data/fixtures/dummy/images/00140.jpg,1,jpeg_70,0.41500366132884836
data/fixtures/dummy/images/00140.jpg,1,jpeg_50,0.6823175542505363
data/fixtures/dummy/images/00140.jpg,1,jpeg_30,0.5142504439033722
data/fixtures/dummy/images/00140.jpg,1,blur_0.5,0.8815745807165767
data/fixtures/dummy/images/00140.jpg,1,blur_1.0,0.7101621683618652
data/fixtures/dummy/images/00140.jpg,1,blur_2.0,0.36159394274832224
data/fixtures/dummy/images/00140.jpg,1,resize_0.5,0.049936678057808215
data/fixtures/dummy/images/00140.jpg,1,resize_0.25,0.38911573373376773
data/fixtures/dummy/images/00140.jpg,1,noise_0.02,0.4739331950094571
data/fixtures/dummy/images/00140.jpg,1,noise_0.05,0.06615654809690619
data/fixtures/dummy/images/00140.jpg,1,noise_0.1,0.32419024222661397
data/fixtures/dummy/images/00140.jpg,1,jitter_0.2,0.6157819803148001
data/fixtures/dummy/images/00140.jpg,1,center_crop_0.8,0.905107450503108
data/fixtures/dummy/images/00140.jpg,1,composed_blur1.0+jpeg70,0.04350274363354445
data/fixtures/dummy/images/00140.jpg,1,composed_resize0.5+jpeg50,0.292812424558747
data/fixtures/dummy/images/00140.jpg,1,composed_jitter0.2+jpeg30,0.7238668861277998
data/fixtures/dummy/images/00140.jpg,1,composed_resize0.25+blur0.5+jpeg30,0.4109305792840853
data/fixtures/dummy/images/00141.png,0,clean,0.3552150707841285
data/fixtures/dummy/images/00141.png,0,jpeg_90,0.3689379050841888
data/fixtures/dummy/images/00141.png,0,jpeg_70,0.8063987158658416
data/fixtures/dummy/images/00141.png,0,jpeg_50,0.07939709129594819
data/fixtures/dummy/images/00141.png,0,jpeg_30,0.738748210907287
data/fixtures/dummy/images/00141.png,0,blur_0.5,0.9200964944447333
data/fixtures/dummy/images/00141.png,0,blur_1.0,0.22936190328519546
data/fixtures/dummy/images/00141.png,0,blur_2.0,0.11942679716168703
data/fixtures/dummy/images/00141.png,0,resize_0.5,0.9088411206497984
data/fixtures/dummy/images/00141.png,0,resize_0.25,0.4802173061273126
data/fixtures/dummy/images/00141.png,0,noise_0.02,0.6896703222830745
data/fixtures/dummy/images/00141.png,0,noise_0.05,0.4388145683320809
data/fixtures/dummy/images/00141.png,0,noise_0.1,0.4512645515782969
data/fixtures/dummy/images/00141.png,0,jitter_0.2,0.19970244102068924
data/fixtures/dummy/images/00141.png,0,center_crop_0.8,0.7324821576140144
data/fixtures/dummy/images/00141.png,0,composed_blur1.0+jpeg70,0.35748930258577005
data/fixtures/dummy/images/00141.png,0,composed_resize0.5+jpeg50,0.6176711999190604
data/fixtures/dummy/images/00141.png,0,composed_jitter0.2+jpeg30,0.3273410313084628
data/fixtures/dummy/images/00141.png,0,composed_resize0.25+blur0.5+jpeg30,0.22633943884451435
data/fixtures/dummy/images/00142.png,1,clean,0.42176611088409943
data/fixtures/dummy/images/00142.png,1,jpeg_90,0.42911748973929453
data/fixtures/dummy/images/00142.png,1,jpeg_70,0.49452797372457447
data/fixtures/dummy/images/00142.png,1,jpeg_50,0.37424989216837623
data/fixtures/dummy/images/00142.png,1,jpeg_30,0.748541309919377
data/fixtures/dummy/images/00142.png,1,blur_0.5,0.09677258303920133
data/fixtures/dummy/images/00142.png,1,blur_1.0,0.249959589707609
data/fixtures/dummy/images/00142.png,1,blur_2.0,0.24088353771924442
data/fixtures/dummy/images/00142.png,1,resize_0.5,0.6760108448973969
data/fixtures/dummy/images/00142.png,1,resize_0.25,0.2277990625987133
data/fixtures/dummy/images/00142.png,1,noise_0.02,0.7221675730697897
data/fixtures/dummy/images/00142.png,1,noise_0.05,0.8528181471590015
data/fixtures/dummy/images/00142.png,1,noise_0.1,0.9420093248219735
data/fixtures/dummy/images/00142.png,1,jitter_0.2,0.5504539348728427
data/fixtures/dummy/images/00142.png,1,center_crop_0.8,0.8274956724630713
data/fixtures/dummy/images/00142.png,1,composed_blur1.0+jpeg70,0.013518954181010234
data/fixtures/dummy/images/00142.png,1,composed_resize0.5+jpeg50,0.754615932416763
data/fixtures/dummy/images/00142.png,1,composed_jitter0.2+jpeg30,0.9341193279158385
data/fixtures/dummy/images/00142.png,1,composed_resize0.25+blur0.5+jpeg30,0.28144993119321626
data/fixtures/dummy/images/00143.png,1,clean,0.8073869008554361
data/fixtures/dummy/images/00143.png,1,jpeg_90,0.28350460600145766
data/fixtures/dummy/images/00143.png,1,jpeg_70,0.8120401982949282
data/fixtures/dummy/images/00143.png,1,jpeg_50,0.3684060972324109
data/fixtures/dummy/images/00143.png,1,jpeg_30,0.51954956954871
data/fixtures/dummy/images/00143.png,1,blur_0.5,0.866357987738226
data/fixtures/dummy/images/00143.png,1,blur_1.0,0.21177079612554062
data/fixtures/dummy/images/00143.png,1,blur_2.0,0.10446282290534337
data/fixtures/dummy/images/00143.png,1,resize_0.5,0.6214495116613241
data/fixtures/dummy/images/00143.png,1,resize_0.25,0.4355643563029966
data/fixtures/dummy/images/00143.png,1,noise_0.02,0.686573802657451
data/fixtures/dummy/images/00143.png,1,noise_0.05,0.27765857746300004
data/fixtures/dummy/images/00143.png,1,noise_0.1,0.674218838276877
data/fixtures/dummy/images/00143.png,1,jitter_0.2,0.5674279912462644
data/fixtures/dummy/images/00143.png,1,center_crop_0.8,0.5891279538053679
data/fixtures/dummy/images/00143.png,1,composed_blur1.0+jpeg70,0.23235891847995926
data/fixtures/dummy/images/00143.png,1,composed_resize0.5+jpeg50,0.7901538161510769
data/fixtures/dummy/images/00143.png,1,composed_jitter0.2+jpeg30,0.7005755735994911
data/fixtures/dummy/images/00143.png,1,composed_resize0.25+blur0.5+jpeg30,0.3422938177495266
data/fixtures/dummy/images/00144.png,0,clean,0.3338582827155874
data/fixtures/dummy/images/00144.png,0,jpeg_90,0.5997312776015408
data/fixtures/dummy/images/00144.png,0,jpeg_70,0.9782547847437715
data/fixtures/dummy/images/00144.png,0,jpeg_50,0.5359577627041583
data/fixtures/dummy/images/00144.png,0,jpeg_30,0.5589403743914366
data/fixtures/dummy/images/00144.png,0,blur_0.5,0.0626540614213762
data/fixtures/dummy/images/00144.png,0,blur_1.0,0.04532067296215536
data/fixtures/dummy/images/00144.png,0,blur_2.0,0.2991699830221106
data/fixtures/dummy/images/00144.png,0,resize_0.5,0.7940491328776015
data/fixtures/dummy/images/00144.png,0,resize_0.25,0.032577535685259784
data/fixtures/dummy/images/00144.png,0,noise_0.02,0.19143889600502362
data/fixtures/dummy/images/00144.png,0,noise_0.05,0.8384644181411125
data/fixtures/dummy/images/00144.png,0,noise_0.1,0.21795203622748083
data/fixtures/dummy/images/00144.png,0,jitter_0.2,0.6623126943263842
data/fixtures/dummy/images/00144.png,0,center_crop_0.8,0.8407505502591013
data/fixtures/dummy/images/00144.png,0,composed_blur1.0+jpeg70,0.34670018132930225
data/fixtures/dummy/images/00144.png,0,composed_resize0.5+jpeg50,0.7684842091219084
data/fixtures/dummy/images/00144.png,0,composed_jitter0.2+jpeg30,0.385541729647636
data/fixtures/dummy/images/00144.png,0,composed_resize0.25+blur0.5+jpeg30,0.30070909521850375
data/fixtures/dummy/images/00145.png,1,clean,0.6360920523010256
data/fixtures/dummy/images/00145.png,1,jpeg_90,0.07170526966121449
data/fixtures/dummy/images/00145.png,1,jpeg_70,0.05516179856865022
data/fixtures/dummy/images/00145.png,1,jpeg_50,0.22667619196463462
data/fixtures/dummy/images/00145.png,1,jpeg_30,0.5340713759230776
data/fixtures/dummy/images/00145.png,1,blur_0.5,0.21723298798553525
data/fixtures/dummy/images/00145.png,1,blur_1.0,0.23500988651575605
data/fixtures/dummy/images/00145.png,1,blur_2.0,0.5035762196954016
data/fixtures/dummy/images/00145.png,1,resize_0.5,0.6626217591863374
data/fixtures/dummy/images/00145.png,1,resize_0.25,0.7824305710444307
data/fixtures/dummy/images/00145.png,1,noise_0.02,0.8252812252211026
data/fixtures/dummy/images/00145.png,1,noise_0.05,0.1413687451891147
data/fixtures/dummy/images/00145.png,1,noise_0.1,0.1367617908384282
data/fixtures/dummy/images/00145.png,1,jitter_0.2,0.8563726532128046
data/fixtures/dummy/images/00145.png,1,center_crop_0.8,0.5884969847955871
data/fixtures/dummy/images/00145.png,1,composed_blur1.0+jpeg70,0.13702637153010866
data/fixtures/dummy/images/00145.png,1,composed_resize0.5+jpeg50,0.6510596412398871
data/fixtures/dummy/images/00145.png,1,composed_jitter0.2+jpeg30,0.17946665531200567
data/fixtures/dummy/images/00145.png,1,composed_resize0.25+blur0.5+jpeg30,0.3283295402412709
data/fixtures/dummy/images/00146.png,1,clean,0.517760485220258
data/fixtures/dummy/images/00146.png,1,jpeg_90,0.19375351581512135
data/fixtures/dummy/images/00146.png,1,jpeg_70,0.6720788433234424
data/fixtures/dummy/images/00146.png,1,jpeg_50,0.48196747642392046
data/fixtures/dummy/images/00146.png,1,jpeg_30,0.2778129699230243
data/fixtures/dummy/images/00146.png,1,blur_0.5,0.022807658927133545
data/fixtures/dummy/images/00146.png,1,blur_1.0,0.9788936203614528
data/fixtures/dummy/images/00146.png,1,blur_2.0,0.10220334600990921
data/fixtures/dummy/images/00146.png,1,resize_0.5,0.3992955585500785
data/fixtures/dummy/images/00146.png,1,resize_0.25,0.7291427561233391
data/fixtures/dummy/images/00146.png,1,noise_0.02,0.499080679732098
data/fixtures/dummy/images/00146.png,1,noise_0.05,0.43726023242656253
data/fixtures/dummy/images/00146.png,1,noise_0.1,0.11836378592752017
data/fixtures/dummy/images/00146.png,1,jitter_0.2,0.7134057285334632
data/fixtures/dummy/images/00146.png,1,center_crop_0.8,0.6311889351390975
data/fixtures/dummy/images/00146.png,1,composed_blur1.0+jpeg70,0.3399095915790218
data/fixtures/dummy/images/00146.png,1,composed_resize0.5+jpeg50,0.14565668948480515
data/fixtures/dummy/images/00146.png,1,composed_jitter0.2+jpeg30,0.5370490008007086
data/fixtures/dummy/images/00146.png,1,composed_resize0.25+blur0.5+jpeg30,0.1737224087682534
data/fixtures/dummy/images/00147.png,0,clean,0.04546396231921124
data/fixtures/dummy/images/00147.png,0,jpeg_90,0.23412586418715509
data/fixtures/dummy/images/00147.png,0,jpeg_70,0.28405578512684415
data/fixtures/dummy/images/00147.png,0,jpeg_50,0.7129008639731188
data/fixtures/dummy/images/00147.png,0,jpeg_30,0.4458250428270719
data/fixtures/dummy/images/00147.png,0,blur_0.5,0.7355463111564124
data/fixtures/dummy/images/00147.png,0,blur_1.0,0.19372582729397603
data/fixtures/dummy/images/00147.png,0,blur_2.0,0.6294017144552411
data/fixtures/dummy/images/00147.png,0,resize_0.5,0.3574150741153824
data/fixtures/dummy/images/00147.png,0,resize_0.25,0.1873408176867839
data/fixtures/dummy/images/00147.png,0,noise_0.02,0.908915133048
data/fixtures/dummy/images/00147.png,0,noise_0.05,0.10053261338065256
data/fixtures/dummy/images/00147.png,0,noise_0.1,0.4845063759338334
data/fixtures/dummy/images/00147.png,0,jitter_0.2,0.7903307043158617
data/fixtures/dummy/images/00147.png,0,center_crop_0.8,0.003470016460886849
data/fixtures/dummy/images/00147.png,0,composed_blur1.0+jpeg70,0.19345204814198935
data/fixtures/dummy/images/00147.png,0,composed_resize0.5+jpeg50,0.6222563088919735
data/fixtures/dummy/images/00147.png,0,composed_jitter0.2+jpeg30,0.8036405128619043
data/fixtures/dummy/images/00147.png,0,composed_resize0.25+blur0.5+jpeg30,0.3400211985231246
data/fixtures/dummy/images/00148.png,0,clean,0.5681787133373241
data/fixtures/dummy/images/00148.png,0,jpeg_90,0.5402472925957572
data/fixtures/dummy/images/00148.png,0,jpeg_70,0.6136013552632152
data/fixtures/dummy/images/00148.png,0,jpeg_50,0.6724092964728874
data/fixtures/dummy/images/00148.png,0,jpeg_30,0.1458686084905627
data/fixtures/dummy/images/00148.png,0,blur_0.5,0.6144555639165127
data/fixtures/dummy/images/00148.png,0,blur_1.0,0.003762927380718706
data/fixtures/dummy/images/00148.png,0,blur_2.0,0.8265207531008911
data/fixtures/dummy/images/00148.png,0,resize_0.5,0.9880950865086724
data/fixtures/dummy/images/00148.png,0,resize_0.25,0.40794378097272366
data/fixtures/dummy/images/00148.png,0,noise_0.02,0.6397196402641379
data/fixtures/dummy/images/00148.png,0,noise_0.05,0.4446771576056465
data/fixtures/dummy/images/00148.png,0,noise_0.1,0.4328798332103678
data/fixtures/dummy/images/00148.png,0,jitter_0.2,0.36168053004966705
data/fixtures/dummy/images/00148.png,0,center_crop_0.8,0.19841272190438386
data/fixtures/dummy/images/00148.png,0,composed_blur1.0+jpeg70,0.5846045080390415
data/fixtures/dummy/images/00148.png,0,composed_resize0.5+jpeg50,0.4594281287332156
data/fixtures/dummy/images/00148.png,0,composed_jitter0.2+jpeg30,0.28390978774443865
data/fixtures/dummy/images/00148.png,0,composed_resize0.25+blur0.5+jpeg30,0.2621644949254651
data/fixtures/dummy/images/00149.png,0,clean,0.1264464327374356
data/fixtures/dummy/images/00149.png,0,jpeg_90,0.0903171281782823
data/fixtures/dummy/images/00149.png,0,jpeg_70,0.34064135868966294
data/fixtures/dummy/images/00149.png,0,jpeg_50,0.6843591002212654
data/fixtures/dummy/images/00149.png,0,jpeg_30,0.5266675585349287
data/fixtures/dummy/images/00149.png,0,blur_0.5,0.051834908661211876
data/fixtures/dummy/images/00149.png,0,blur_1.0,0.20980966295882109
data/fixtures/dummy/images/00149.png,0,blur_2.0,0.5508769437741883
data/fixtures/dummy/images/00149.png,0,resize_0.5,0.14527102687867832
data/fixtures/dummy/images/00149.png,0,resize_0.25,0.07346420943301912
data/fixtures/dummy/images/00149.png,0,noise_0.02,0.8106630292840745
data/fixtures/dummy/images/00149.png,0,noise_0.05,0.7560428084125128
data/fixtures/dummy/images/00149.png,0,noise_0.1,0.47777462608710186
data/fixtures/dummy/images/00149.png,0,jitter_0.2,0.8549127848172646
data/fixtures/dummy/images/00149.png,0,center_crop_0.8,0.5393943231000292
data/fixtures/dummy/images/00149.png,0,composed_blur1.0+jpeg70,0.09293363019432
data/fixtures/dummy/images/00149.png,0,composed_resize0.5+jpeg50,0.4684951285046348
data/fixtures/dummy/images/00149.png,0,composed_jitter0.2+jpeg30,0.8217159000712635
data/fixtures/dummy/images/00149.png,0,composed_resize0.25+blur0.5+jpeg30,0.533347628575264
data/fixtures/dummy/images/00150.png,0,clean,0.5670220491583737
data/fixtures/dummy/images/00150.png,0,jpeg_90,0.8814362697216126
data/fixtures/dummy/images/00150.png,0,jpeg_70,0.8249319308920324
data/fixtures/dummy/images/00150.png,0,jpeg_50,0.21814354727771867
data/fixtures/dummy/images/00150.png,0,jpeg_30,0.5008800707329475
data/fixtures/dummy/images/00150.png,0,blur_0.5,0.4880650627298835
data/fixtures/dummy/images/00150.png,0,blur_1.0,0.5856115310240451
data/fixtures/dummy/images/00150.png,0,blur_2.0,0.9596666013526675
data/fixtures/dummy/images/00150.png,0,resize_0.5,0.8372620256120402
data/fixtures/dummy/images/00150.png,0,resize_0.25,0.6876164477932661
data/fixtures/dummy/images/00150.png,0,noise_0.02,0.6881739838909947
data/fixtures/dummy/images/00150.png,0,noise_0.05,0.304915223009099
data/fixtures/dummy/images/00150.png,0,noise_0.1,0.8426303830172978
data/fixtures/dummy/images/00150.png,0,jitter_0.2,0.36859560474920106
data/fixtures/dummy/images/00150.png,0,center_crop_0.8,0.15521058100006035
data/fixtures/dummy/images/00150.png,0,composed_blur1.0+jpeg70,0.633481957021247
data/fixtures/dummy/images/00150.png,0,composed_resize0.5+jpeg50,0.691350406064823
data/fixtures/dummy/images/00150.png,0,composed_jitter0.2+jpeg30,0.5513638298195406
data/fixtures/dummy/images/00150.png,0,composed_resize0.25+blur0.5+jpeg30,0.019161860123028118
data/fixtures/dummy/images/00151.png,0,clean,0.377115531690409
data/fixtures/dummy/images/00151.png,0,jpeg_90,0.7582130419513512
data/fixtures/dummy/images/00151.png,0,jpeg_70,0.4257013671225509
data/fixtures/dummy/images/00151.png,0,jpeg_50,0.1721417667000953
data/fixtures/dummy/images/00151.png,0,jpeg_30,0.3127852093983705
data/fixtures/dummy/images/00151.png,0,blur_0.5,0.08863189935086324
data/fixtures/dummy/images/00151.png,0,blur_1.0,0.20554014757837957
data/fixtures/dummy/images/00151.png,0,blur_2.0,0.7656668382041265
data/fixtures/dummy/images/00151.png,0,resize_0.5,0.10917273039541397
data/fixtures/dummy/images/00151.png,0,resize_0.25,0.4313107750462517
data/fixtures/dummy/images/00151.png,0,noise_0.02,0.5144583234904312
data/fixtures/dummy/images/00151.png,0,noise_0.05,0.4374891528342777
data/fixtures/dummy/images/00151.png,0,noise_0.1,0.2320187937005873
data/fixtures/dummy/images/00151.png,0,jitter_0.2,0.20362812041534928
data/fixtures/dummy/images/00151.png,0,center_crop_0.8,0.9709301495892672
data/fixtures/dummy/images/00151.png,0,composed_blur1.0+jpeg70,0.994306139522512
data/fixtures/dummy/images/00151.png,0,composed_resize0.5+jpeg50,0.07452291172052306
data/fixtures/dummy/images/00151.png,0,composed_jitter0.2+jpeg30,0.28935417923248585
data/fixtures/dummy/images/00151.png,0,composed_resize0.25+blur0.5+jpeg30,0.5459291621691342
data/fixtures/dummy/images/00152.png,1,clean,0.8489214058371057
data/fixtures/dummy/images/00152.png,1,jpeg_90,0.4904202397965308
data/fixtures/dummy/images/00152.png,1,jpeg_70,0.7697727333619528
data/fixtures/dummy/images/00152.png,1,jpeg_50,0.1152045888824883
data/fixtures/dummy/images/00152.png,1,jpeg_30,0.012962595610718997
data/fixtures/dummy/images/00152.png,1,blur_0.5,0.9302183149484774
data/fixtures/dummy/images/00152.png,1,blur_1.0,0.6786681153442927
data/fixtures/dummy/images/00152.png,1,blur_2.0,0.6363947634210588
data/fixtures/dummy/images/00152.png,1,resize_0.5,0.2511709983926197
data/fixtures/dummy/images/00152.png,1,resize_0.25,0.24817579281830926
data/fixtures/dummy/images/00152.png,1,noise_0.02,0.2094277562060225
data/fixtures/dummy/images/00152.png,1,noise_0.05,0.8449571404266734
data/fixtures/dummy/images/00152.png,1,noise_0.1,0.8385886068359353
data/fixtures/dummy/images/00152.png,1,jitter_0.2,0.19077834510430047
data/fixtures/dummy/images/00152.png,1,center_crop_0.8,0.4980435025815091
data/fixtures/dummy/images/00152.png,1,composed_blur1.0+jpeg70,0.5252218693000587
data/fixtures/dummy/images/00152.png,1,composed_resize0.5+jpeg50,0.27172373469402755
data/fixtures/dummy/images/00152.png,1,composed_jitter0.2+jpeg30,0.3205040243044667
data/fixtures/dummy/images/00152.png,1,composed_resize0.25+blur0.5+jpeg30,0.5810930444164375
data/fixtures/dummy/images/00153.png,0,clean,0.6993083546539627
data/fixtures/dummy/images/00153.png,0,jpeg_90,0.6565185025111042
data/fixtures/dummy/images/00153.png,0,jpeg_70,0.3425242894248117
data/fixtures/dummy/images/00153.png,0,jpeg_50,0.9478133505624459
data/fixtures/dummy/images/00153.png,0,jpeg_30,0.9232091726346754
data/fixtures/dummy/images/00153.png,0,blur_0.5,0.7730907914781087
data/fixtures/dummy/images/00153.png,0,blur_1.0,0.31014431829423794
data/fixtures/dummy/images/00153.png,0,blur_2.0,0.9224360554705888
data/fixtures/dummy/images/00153.png,0,resize_0.5,0.8064481438900347
data/fixtures/dummy/images/00153.png,0,resize_0.25,0.2701331897399667
data/fixtures/dummy/images/00153.png,0,noise_0.02,0.18964593376021288
data/fixtures/dummy/images/00153.png,0,noise_0.05,0.5702404787074931
data/fixtures/dummy/images/00153.png,0,noise_0.1,0.29757672978824545
data/fixtures/dummy/images/00153.png,0,jitter_0.2,0.8555016218266658
data/fixtures/dummy/images/00153.png,0,center_crop_0.8,0.2636998780584727
data/fixtures/dummy/images/00153.png,0,composed_blur1.0+jpeg70,0.8378111297981063
data/fixtures/dummy/images/00153.png,0,composed_resize0.5+jpeg50,0.31381905885293915
data/fixtures/dummy/images/00153.png,0,composed_jitter0.2+jpeg30,0.5154716161997911
data/fixtures/dummy/images/00153.png,0,composed_resize0.25+blur0.5+jpeg30,0.20794095541110225
data/fixtures/dummy/images/00154.png,1,clean,0.2077693343353011
data/fixtures/dummy/images/00154.png,1,jpeg_90,0.8200509106802297
data/fixtures/dummy/images/00154.png,1,jpeg_70,0.0019068467345857432
data/fixtures/dummy/images/00154.png,1,jpeg_50,0.6204888622519891
data/fixtures/dummy/images/00154.png,1,jpeg_30,0.4906774436920276
data/fixtures/dummy/images/00154.png,1,blur_0.5,0.04221585571788056
data/fixtures/dummy/images/00154.png,1,blur_1.0,0.6683438652373654
data/fixtures/dummy/images/00154.png,1,blur_2.0,0.034758435240219154
data/fixtures/dummy/images/00154.png,1,resize_0.5,0.14393602290238683
data/fixtures/dummy/images/00154.png,1,resize_0.25,0.24964727047305857
data/fixtures/dummy/images/00154.png,1,noise_0.02,0.37218464420620356
data/fixtures/dummy/images/00154.png,1,noise_0.05,0.7459107034853469
data/fixtures/dummy/images/00154.png,1,noise_0.1,0.6159837602459247
data/fixtures/dummy/images/00154.png,1,jitter_0.2,0.8103883361983992
data/fixtures/dummy/images/00154.png,1,center_crop_0.8,0.134657211748487
data/fixtures/dummy/images/00154.png,1,composed_blur1.0+jpeg70,0.031183858357966665
data/fixtures/dummy/images/00154.png,1,composed_resize0.5+jpeg50,0.44797674451743297
data/fixtures/dummy/images/00154.png,1,composed_jitter0.2+jpeg30,0.9725456367071055
data/fixtures/dummy/images/00154.png,1,composed_resize0.25+blur0.5+jpeg30,0.004075925526758728
data/fixtures/dummy/images/00155.png,0,clean,0.14822596960039858
data/fixtures/dummy/images/00155.png,0,jpeg_90,0.636762766244869
data/fixtures/dummy/images/00155.png,0,jpeg_70,0.1396524380579628
data/fixtures/dummy/images/00155.png,0,jpeg_50,0.4924089578922859
data/fixtures/dummy/images/00155.png,0,jpeg_30,0.6186006428823301
data/fixtures/dummy/images/00155.png,0,blur_0.5,0.9742561241115371
data/fixtures/dummy/images/00155.png,0,blur_1.0,0.15405363151381213
data/fixtures/dummy/images/00155.png,0,blur_2.0,0.7283836155787444
data/fixtures/dummy/images/00155.png,0,resize_0.5,0.13288178810006024
data/fixtures/dummy/images/00155.png,0,resize_0.25,0.9401545344381288
data/fixtures/dummy/images/00155.png,0,noise_0.02,0.21371104321436651
data/fixtures/dummy/images/00155.png,0,noise_0.05,0.17919156755787602
data/fixtures/dummy/images/00155.png,0,noise_0.1,0.8278808404879451
data/fixtures/dummy/images/00155.png,0,jitter_0.2,0.306318175068957
data/fixtures/dummy/images/00155.png,0,center_crop_0.8,0.8756713375755919
data/fixtures/dummy/images/00155.png,0,composed_blur1.0+jpeg70,0.9536234476526292
data/fixtures/dummy/images/00155.png,0,composed_resize0.5+jpeg50,0.2891049060366928
data/fixtures/dummy/images/00155.png,0,composed_jitter0.2+jpeg30,0.918049936366467
data/fixtures/dummy/images/00155.png,0,composed_resize0.25+blur0.5+jpeg30,0.5401128887353698
data/fixtures/dummy/images/00156.png,0,clean,0.8735347239790316
data/fixtures/dummy/images/00156.png,0,jpeg_90,0.32867672921103785
data/fixtures/dummy/images/00156.png,0,jpeg_70,0.3792656251675737
data/fixtures/dummy/images/00156.png,0,jpeg_50,0.12948393911204004
data/fixtures/dummy/images/00156.png,0,jpeg_30,0.739715221359205
data/fixtures/dummy/images/00156.png,0,blur_0.5,0.5106033986572506
data/fixtures/dummy/images/00156.png,0,blur_1.0,0.22147002804433247
data/fixtures/dummy/images/00156.png,0,blur_2.0,0.19709275774729795
data/fixtures/dummy/images/00156.png,0,resize_0.5,0.21247415590147356
data/fixtures/dummy/images/00156.png,0,resize_0.25,0.04106644804697357
data/fixtures/dummy/images/00156.png,0,noise_0.02,0.948424878918367
data/fixtures/dummy/images/00156.png,0,noise_0.05,0.5091298278519626
data/fixtures/dummy/images/00156.png,0,noise_0.1,0.940260415253476
data/fixtures/dummy/images/00156.png,0,jitter_0.2,0.94974751583936
data/fixtures/dummy/images/00156.png,0,center_crop_0.8,0.8353887251963678
data/fixtures/dummy/images/00156.png,0,composed_blur1.0+jpeg70,0.7330940406277116
data/fixtures/dummy/images/00156.png,0,composed_resize0.5+jpeg50,0.5534792941622897
data/fixtures/dummy/images/00156.png,0,composed_jitter0.2+jpeg30,0.8251826910595327
data/fixtures/dummy/images/00156.png,0,composed_resize0.25+blur0.5+jpeg30,0.7736080055856143
data/fixtures/dummy/images/00157.png,0,clean,0.2350697580168305
data/fixtures/dummy/images/00157.png,0,jpeg_90,0.5382403627346549
data/fixtures/dummy/images/00157.png,0,jpeg_70,0.5077259760750558
data/fixtures/dummy/images/00157.png,0,jpeg_50,0.8355091356186433
data/fixtures/dummy/images/00157.png,0,jpeg_30,0.21094432061864543
data/fixtures/dummy/images/00157.png,0,blur_0.5,0.11811293838675374
data/fixtures/dummy/images/00157.png,0,blur_1.0,0.8697588834677
data/fixtures/dummy/images/00157.png,0,blur_2.0,0.7712163446794712
data/fixtures/dummy/images/00157.png,0,resize_0.5,0.8883338193075486
data/fixtures/dummy/images/00157.png,0,resize_0.25,0.41122598254814113
data/fixtures/dummy/images/00157.png,0,noise_0.02,0.8660304140695007
data/fixtures/dummy/images/00157.png,0,noise_0.05,0.4675417241996458
data/fixtures/dummy/images/00157.png,0,noise_0.1,0.047713838163292555
data/fixtures/dummy/images/00157.png,0,jitter_0.2,0.7291110610443463
data/fixtures/dummy/images/00157.png,0,center_crop_0.8,0.7640002223396594
data/fixtures/dummy/images/00157.png,0,composed_blur1.0+jpeg70,0.36826065012792275
data/fixtures/dummy/images/00157.png,0,composed_resize0.5+jpeg50,0.14394237401287202
data/fixtures/dummy/images/00157.png,0,composed_jitter0.2+jpeg30,0.4343700285514088
data/fixtures/dummy/images/00157.png,0,composed_resize0.25+blur0.5+jpeg30,0.11058450070651615
data/fixtures/dummy/images/00158.png,0,clean,0.2599492609451626
data/fixtures/dummy/images/00158.png,0,jpeg_90,0.18030802732949192
data/fixtures/dummy/images/00158.png,0,jpeg_70,0.31700103982471717
data/fixtures/dummy/images/00158.png,0,jpeg_50,0.7901895585815928
data/fixtures/dummy/images/00158.png,0,jpeg_30,0.8768731456648347
data/fixtures/dummy/images/00158.png,0,blur_0.5,0.23972559420895645
data/fixtures/dummy/images/00158.png,0,blur_1.0,0.5527578405185433
data/fixtures/dummy/images/00158.png,0,blur_2.0,0.32147279292759434
data/fixtures/dummy/images/00158.png,0,resize_0.5,0.7367853630071162
data/fixtures/dummy/images/00158.png,0,resize_0.25,0.12482521729454288
data/fixtures/dummy/images/00158.png,0,noise_0.02,0.6158774613103948
data/fixtures/dummy/images/00158.png,0,noise_0.05,0.40109195433212574
data/fixtures/dummy/images/00158.png,0,noise_0.1,0.6370478864873101
data/fixtures/dummy/images/00158.png,0,jitter_0.2,0.5001403159457039
data/fixtures/dummy/images/00158.png,0,center_crop_0.8,0.37624124282400184
data/fixtures/dummy/images/00158.png,0,composed_blur1.0+jpeg70,0.8204720241118991
data/fixtures/dummy/images/00158.png,0,composed_resize0.5+jpeg50,0.3962000851715344
data/fixtures/dummy/images/00158.png,0,composed_jitter0.2+jpeg30,0.6407335197228589
data/fixtures/dummy/images/00158.png,0,composed_resize0.25+blur0.5+jpeg30,0.24474704239024614
data/fixtures/dummy/images/00159.png,1,clean,0.6541987683948227
data/fixtures/dummy/images/00159.png,1,jpeg_90,0.11709205044037152
data/fixtures/dummy/images/00159.png,1,jpeg_70,0.2313679798383227
data/fixtures/dummy/images/00159.png,1,jpeg_50,0.353413847909981
data/fixtures/dummy/images/00159.png,1,jpeg_30,0.9167547860939075
data/fixtures/dummy/images/00159.png,1,blur_0.5,0.6997955857573342
data/fixtures/dummy/images/00159.png,1,blur_1.0,0.18945670555259986
data/fixtures/dummy/images/00159.png,1,blur_2.0,0.20021002381802544
data/fixtures/dummy/images/00159.png,1,resize_0.5,0.5987204875718781
data/fixtures/dummy/images/00159.png,1,resize_0.25,0.11573655733001764
data/fixtures/dummy/images/00159.png,1,noise_0.02,0.8847073928051422
data/fixtures/dummy/images/00159.png,1,noise_0.05,0.8684777622787176
data/fixtures/dummy/images/00159.png,1,noise_0.1,0.8531540747695939
data/fixtures/dummy/images/00159.png,1,jitter_0.2,0.38493548645033604
data/fixtures/dummy/images/00159.png,1,center_crop_0.8,0.7521637522928458
data/fixtures/dummy/images/00159.png,1,composed_blur1.0+jpeg70,0.6245785726487377
data/fixtures/dummy/images/00159.png,1,composed_resize0.5+jpeg50,0.5061996487995785
data/fixtures/dummy/images/00159.png,1,composed_jitter0.2+jpeg30,0.6291262990095713
data/fixtures/dummy/images/00159.png,1,composed_resize0.25+blur0.5+jpeg30,0.8879170569197956
data/fixtures/dummy/images/00160.png,1,clean,0.4079970103718421
data/fixtures/dummy/images/00160.png,1,jpeg_90,0.9119122842926368
data/fixtures/dummy/images/00160.png,1,jpeg_70,0.7919881299586895
data/fixtures/dummy/images/00160.png,1,jpeg_50,0.473333514800782
data/fixtures/dummy/images/00160.png,1,jpeg_30,0.39217151297890906
data/fixtures/dummy/images/00160.png,1,blur_0.5,0.283877252145294
data/fixtures/dummy/images/00160.png,1,blur_1.0,0.9351015606019781
data/fixtures/dummy/images/00160.png,1,blur_2.0,0.29831872705858675
data/fixtures/dummy/images/00160.png,1,resize_0.5,0.35183501079689994
data/fixtures/dummy/images/00160.png,1,resize_0.25,0.7009144763998056
data/fixtures/dummy/images/00160.png,1,noise_0.02,0.2137165137040431
data/fixtures/dummy/images/00160.png,1,noise_0.05,0.9667601864634967
data/fixtures/dummy/images/00160.png,1,noise_0.1,0.8315244738235729
data/fixtures/dummy/images/00160.png,1,jitter_0.2,0.9328901254900337
data/fixtures/dummy/images/00160.png,1,center_crop_0.8,0.6642250349505949
data/fixtures/dummy/images/00160.png,1,composed_blur1.0+jpeg70,0.19712246458379756
data/fixtures/dummy/images/00160.png,1,composed_resize0.5+jpeg50,0.4804437495496926
data/fixtures/dummy/images/00160.png,1,composed_jitter0.2+jpeg30,0.8395557222279959
data/fixtures/dummy/images/00160.png,1,composed_resize0.25+blur0.5+jpeg30,0.16189842308506086
data/fixtures/dummy/images/00161.png,0,clean,0.12955135013585273
data/fixtures/dummy/images/00161.png,0,jpeg_90,0.04084421010616213
data/fixtures/dummy/images/00161.png,0,jpeg_70,0.21549989326981545
data/fixtures/dummy/images/00161.png,0,jpeg_50,0.10474859375716994
data/fixtures/dummy/images/00161.png,0,jpeg_30,0.7589212870348658
data/fixtures/dummy/images/00161.png,0,blur_0.5,0.8824029948005789
data/fixtures/dummy/images/00161.png,0,blur_1.0,0.19583338959366825
data/fixtures/dummy/images/00161.png,0,blur_2.0,0.23932042153632427
data/fixtures/dummy/images/00161.png,0,resize_0.5,0.8464929262657223
data/fixtures/dummy/images/00161.png,0,resize_0.25,0.30111274782235076
data/fixtures/dummy/images/00161.png,0,noise_0.02,0.7377802813469168
data/fixtures/dummy/images/00161.png,0,noise_0.05,0.7188974800762788
data/fixtures/dummy/images/00161.png,0,noise_0.1,0.9782595645738003
data/fixtures/dummy/images/00161.png,0,jitter_0.2,0.5517903066748302
data/fixtures/dummy/images/00161.png,0,center_crop_0.8,0.30192534177477603
data/fixtures/dummy/images/00161.png,0,composed_blur1.0+jpeg70,0.6540294839616972
data/fixtures/dummy/images/00161.png,0,composed_resize0.5+jpeg50,0.6609882447925196
data/fixtures/dummy/images/00161.png,0,composed_jitter0.2+jpeg30,0.707800663201366
data/fixtures/dummy/images/00161.png,0,composed_resize0.25+blur0.5+jpeg30,0.7782103299783433
data/fixtures/dummy/images/00162.png,1,clean,0.5336642008209168
data/fixtures/dummy/images/00162.png,1,jpeg_90,0.2902040593207946
data/fixtures/dummy/images/00162.png,1,jpeg_70,0.6527493568552438
data/fixtures/dummy/images/00162.png,1,jpeg_50,0.06250345354617837
data/fixtures/dummy/images/00162.png,1,jpeg_30,0.6124804772763687
data/fixtures/dummy/images/00162.png,1,blur_0.5,0.8135674106882492
data/fixtures/dummy/images/00162.png,1,blur_1.0,0.03608808576412592
data/fixtures/dummy/images/00162.png,1,blur_2.0,0.4872377705787426
data/fixtures/dummy/images/00162.png,1,resize_0.5,0.359514545284377
data/fixtures/dummy/images/00162.png,1,resize_0.25,0.5909529065883403
data/fixtures/dummy/images/00162.png,1,noise_0.02,0.44950711183949843
data/fixtures/dummy/images/00162.png,1,noise_0.05,0.4125227677096639
data/fixtures/dummy/images/00162.png,1,noise_0.1,0.6207969025990432
data/fixtures/dummy/images/00162.png,1,jitter_0.2,0.24407869810616323
data/fixtures/dummy/images/00162.png,1,center_crop_0.8,0.38748091728895895
data/fixtures/dummy/images/00162.png,1,composed_blur1.0+jpeg70,0.910248871499065
data/fixtures/dummy/images/00162.png,1,composed_resize0.5+jpeg50,0.966831901765593
data/fixtures/dummy/images/00162.png,1,composed_jitter0.2+jpeg30,0.7343810090476043
data/fixtures/dummy/images/00162.png,1,composed_resize0.25+blur0.5+jpeg30,0.8761450808261301
data/fixtures/dummy/images/00163.png,1,clean,0.7641254030949697
data/fixtures/dummy/images/00163.png,1,jpeg_90,0.9960039203132955
data/fixtures/dummy/images/00163.png,1,jpeg_70,0.06215682941570455
data/fixtures/dummy/images/00163.png,1,jpeg_50,0.1421991993581
data/fixtures/dummy/images/00163.png,1,jpeg_30,0.8049603137067781
data/fixtures/dummy/images/00163.png,1,blur_0.5,0.48248320716431015
data/fixtures/dummy/images/00163.png,1,blur_1.0,0.960247034291201
data/fixtures/dummy/images/00163.png,1,blur_2.0,0.35670525116565
data/fixtures/dummy/images/00163.png,1,resize_0.5,0.6838498159466199
data/fixtures/dummy/images/00163.png,1,resize_0.25,0.9733833419544544
data/fixtures/dummy/images/00163.png,1,noise_0.02,0.6796869754977228
data/fixtures/dummy/images/00163.png,1,noise_0.05,0.2694882921678232
data/fixtures/dummy/images/00163.png,1,noise_0.1,0.34595827857184425
data/fixtures/dummy/images/00163.png,1,jitter_0.2,0.9722800759862555
data/fixtures/dummy/images/00163.png,1,center_crop_0.8,0.8090690527843841
data/fixtures/dummy/images/00163.png,1,composed_blur1.0+jpeg70,0.875325846647442
data/fixtures/dummy/images/00163.png,1,composed_resize0.5+jpeg50,0.5823276322079084
data/fixtures/dummy/images/00163.png,1,composed_jitter0.2+jpeg30,0.8130694644114607
data/fixtures/dummy/images/00163.png,1,composed_resize0.25+blur0.5+jpeg30,0.28898002993047234
data/fixtures/dummy/images/00164.png,0,clean,0.27495786121704957
data/fixtures/dummy/images/00164.png,0,jpeg_90,0.18944574934422598
data/fixtures/dummy/images/00164.png,0,jpeg_70,0.28117181637600974
data/fixtures/dummy/images/00164.png,0,jpeg_50,0.0906211104090564
data/fixtures/dummy/images/00164.png,0,jpeg_30,0.36064581359656256
data/fixtures/dummy/images/00164.png,0,blur_0.5,0.10267509723427382
data/fixtures/dummy/images/00164.png,0,blur_1.0,0.5770113225937646
data/fixtures/dummy/images/00164.png,0,blur_2.0,0.7825079569997457
data/fixtures/dummy/images/00164.png,0,resize_0.5,0.20706036930265426
data/fixtures/dummy/images/00164.png,0,resize_0.25,0.6645137673106519
data/fixtures/dummy/images/00164.png,0,noise_0.02,0.4527908816971047
data/fixtures/dummy/images/00164.png,0,noise_0.05,0.3061470034056981
data/fixtures/dummy/images/00164.png,0,noise_0.1,0.23348495650595225
data/fixtures/dummy/images/00164.png,0,jitter_0.2,0.9642375225052027
data/fixtures/dummy/images/00164.png,0,center_crop_0.8,0.3156565340883547
data/fixtures/dummy/images/00164.png,0,composed_blur1.0+jpeg70,0.5617927645235785
data/fixtures/dummy/images/00164.png,0,composed_resize0.5+jpeg50,0.031445616838752355
data/fixtures/dummy/images/00164.png,0,composed_jitter0.2+jpeg30,0.6271045904932526
data/fixtures/dummy/images/00164.png,0,composed_resize0.25+blur0.5+jpeg30,0.6616743164029534
data/fixtures/dummy/images/00165.png,0,clean,0.47578827145527836
data/fixtures/dummy/images/00165.png,0,jpeg_90,0.6028656115442426
data/fixtures/dummy/images/00165.png,0,jpeg_70,0.03354858543807171
data/fixtures/dummy/images/00165.png,0,jpeg_50,0.00808490771499093
data/fixtures/dummy/images/00165.png,0,jpeg_30,0.5267380681032898
data/fixtures/dummy/images/00165.png,0,blur_0.5,0.13490358779381173
data/fixtures/dummy/images/00165.png,0,blur_1.0,0.03599543275673389
data/fixtures/dummy/images/00165.png,0,blur_2.0,0.9066410667482241
data/fixtures/dummy/images/00165.png,0,resize_0.5,0.5696502040033565
data/fixtures/dummy/images/00165.png,0,resize_0.25,0.39858855673645754
data/fixtures/dummy/images/00165.png,0,noise_0.02,0.40363828400353075
data/fixtures/dummy/images/00165.png,0,noise_0.05,0.5853383223789137
data/fixtures/dummy/images/00165.png,0,noise_0.1,0.9019829920126196
data/fixtures/dummy/images/00165.png,0,jitter_0.2,0.5994393583629636
data/fixtures/dummy/images/00165.png,0,center_crop_0.8,0.6834974999457913
data/fixtures/dummy/images/00165.png,0,composed_blur1.0+jpeg70,0.6930831195442839
data/fixtures/dummy/images/00165.png,0,composed_resize0.5+jpeg50,0.3309331268891419
data/fixtures/dummy/images/00165.png,0,composed_jitter0.2+jpeg30,0.029108891818699467
data/fixtures/dummy/images/00165.png,0,composed_resize0.25+blur0.5+jpeg30,0.7080359869383743
data/fixtures/dummy/images/00166.png,1,clean,0.3485119295979551
data/fixtures/dummy/images/00166.png,1,jpeg_90,0.02966788875404769
data/fixtures/dummy/images/00166.png,1,jpeg_70,0.8112102068235761
data/fixtures/dummy/images/00166.png,1,jpeg_50,0.5018970756180056
data/fixtures/dummy/images/00166.png,1,jpeg_30,0.9539193976591614
data/fixtures/dummy/images/00166.png,1,blur_0.5,0.2895590818004453
data/fixtures/dummy/images/00166.png,1,blur_1.0,0.6927728083805298
data/fixtures/dummy/images/00166.png,1,blur_2.0,0.41990090526984847
data/fixtures/dummy/images/00166.png,1,resize_0.5,0.10946180872468714
data/fixtures/dummy/images/00166.png,1,resize_0.25,0.44158327977341605
data/fixtures/dummy/images/00166.png,1,noise_0.02,0.8258022056600737
data/fixtures/dummy/images/00166.png,1,noise_0.05,0.6867791661397613
data/fixtures/dummy/images/00166.png,1,noise_0.1,0.769838415541748
data/fixtures/dummy/images/00166.png,1,jitter_0.2,0.18082741040678063
data/fixtures/dummy/images/00166.png,1,center_crop_0.8,0.2979594624734736
data/fixtures/dummy/images/00166.png,1,composed_blur1.0+jpeg70,0.9221471383881938
data/fixtures/dummy/images/00166.png,1,composed_resize0.5+jpeg50,0.9808936999522077
data/fixtures/dummy/images/00166.png,1,composed_jitter0.2+jpeg30,0.03130799556832842
data/fixtures/dummy/images/00166.png,1,composed_resize0.25+blur0.5+jpeg30,0.11509176450599246
data/fixtures/dummy/images/00167.png,0,clean,0.37871091875698626
data/fixtures/dummy/images/00167.png,0,jpeg_90,0.9745175473897096
data/fixtures/dummy/images/00167.png,0,jpeg_70,0.2272507028472337
data/fixtures/dummy/images/00167.png,0,jpeg_50,0.5186291405853015
data/fixtures/dummy/images/00167.png,0,jpeg_30,0.784523354063129
data/fixtures/dummy/images/00167.png,0,blur_0.5,0.7633190646048916
data/fixtures/dummy/images/00167.png,0,blur_1.0,0.2513059755522392
data/fixtures/dummy/images/00167.png,0,blur_2.0,0.8005870592977901
data/fixtures/dummy/images/00167.png,0,resize_0.5,0.3615778149429397
data/fixtures/dummy/images/00167.png,0,resize_0.25,0.16507603778355584
data/fixtures/dummy/images/00167.png,0,noise_0.02,0.9083145086519165
data/fixtures/dummy/images/00167.png,0,noise_0.05,0.07683841168511363
data/fixtures/dummy/images/00167.png,0,noise_0.1,0.8359108948147983
data/fixtures/dummy/images/00167.png,0,jitter_0.2,0.5777378511419838
data/fixtures/dummy/images/00167.png,0,center_crop_0.8,0.19752689912360777
data/fixtures/dummy/images/00167.png,0,composed_blur1.0+jpeg70,0.08151226091823416
data/fixtures/dummy/images/00167.png,0,composed_resize0.5+jpeg50,0.5452430528180999
data/fixtures/dummy/images/00167.png,0,composed_jitter0.2+jpeg30,0.8007438251643983
data/fixtures/dummy/images/00167.png,0,composed_resize0.25+blur0.5+jpeg30,0.11326629492577645
data/fixtures/dummy/images/00168.png,0,clean,0.26799176483004805
data/fixtures/dummy/images/00168.png,0,jpeg_90,0.9613981793556649
data/fixtures/dummy/images/00168.png,0,jpeg_70,0.4243693564189853
data/fixtures/dummy/images/00168.png,0,jpeg_50,0.8887135512293562
data/fixtures/dummy/images/00168.png,0,jpeg_30,0.7820048094817961
data/fixtures/dummy/images/00168.png,0,blur_0.5,0.6775515568930051
data/fixtures/dummy/images/00168.png,0,blur_1.0,0.11398598387753567
data/fixtures/dummy/images/00168.png,0,blur_2.0,0.4450905596355623
data/fixtures/dummy/images/00168.png,0,resize_0.5,0.013803946611065099
data/fixtures/dummy/images/00168.png,0,resize_0.25,0.18570134137209948
data/fixtures/dummy/images/00168.png,0,noise_0.02,0.8989041529343049
data/fixtures/dummy/images/00168.png,0,noise_0.05,0.43311325191622474
data/fixtures/dummy/images/00168.png,0,noise_0.1,0.7213885315209753
data/fixtures/dummy/images/00168.png,0,jitter_0.2,0.627492346611464
data/fixtures/dummy/images/00168.png,0,center_crop_0.8,0.7602836413156833
data/fixtures/dummy/images/00168.png,0,composed_blur1.0+jpeg70,0.48931239709850805
data/fixtures/dummy/images/00168.png,0,composed_resize0.5+jpeg50,0.6806272249847654
data/fixtures/dummy/images/00168.png,0,composed_jitter0.2+jpeg30,0.2553181360308636
data/fixtures/dummy/images/00168.png,0,composed_resize0.25+blur0.5+jpeg30,0.8073083426263119
data/fixtures/dummy/images/00169.png,1,clean,0.6384782793388595
data/fixtures/dummy/images/00169.png,1,jpeg_90,0.894772022038805
data/fixtures/dummy/images/00169.png,1,jpeg_70,0.4568028996630372
data/fixtures/dummy/images/00169.png,1,jpeg_50,0.7304776752727002
data/fixtures/dummy/images/00169.png,1,jpeg_30,0.10883997678415958
data/fixtures/dummy/images/00169.png,1,blur_0.5,0.3369995356698988
data/fixtures/dummy/images/00169.png,1,blur_1.0,0.7008988688838658
data/fixtures/dummy/images/00169.png,1,blur_2.0,0.9135887382535092
data/fixtures/dummy/images/00169.png,1,resize_0.5,0.5977167558349408
data/fixtures/dummy/images/00169.png,1,resize_0.25,0.260465352271091
data/fixtures/dummy/images/00169.png,1,noise_0.02,0.8016148823352621
data/fixtures/dummy/images/00169.png,1,noise_0.05,0.9841047587899536
data/fixtures/dummy/images/00169.png,1,noise_0.1,0.4299465985637344
data/fixtures/dummy/images/00169.png,1,jitter_0.2,0.648145167987125
data/fixtures/dummy/images/00169.png,1,center_crop_0.8,0.7671489298030332
data/fixtures/dummy/images/00169.png,1,composed_blur1.0+jpeg70,0.7519180728846605
data/fixtures/dummy/images/00169.png,1,composed_resize0.5+jpeg50,0.9545703269412623
data/fixtures/dummy/images/00169.png,1,composed_jitter0.2+jpeg30,0.5911631133473493
data/fixtures/dummy/images/00169.png,1,composed_resize0.25+blur0.5+jpeg30,0.19976572012592686
data/fixtures/dummy/images/00170.jpg,1,clean,0.6300823567154115
data/fixtures/dummy/images/00170.jpg,1,jpeg_90,0.4102093936211677
data/fixtures/dummy/images/00170.jpg,1,jpeg_70,0.5927224742394772
data/fixtures/dummy/images/00170.jpg,1,jpeg_50,0.6146392840811234
data/fixtures/dummy/images/00170.jpg,1,jpeg_30,0.4487306385232267
data/fixtures/dummy/images/00170.jpg,1,blur_0.5,0.7062436388621777
data/fixtures/dummy/images/00170.jpg,1,blur_1.0,0.3606595948869167
data/fixtures/dummy/images/00170.jpg,1,blur_2.0,0.24486300101074976
data/fixtures/dummy/images/00170.jpg,1,resize_0.5,0.2453322889614814
data/fixtures/dummy/images/00170.jpg,1,resize_0.25,0.7547565531696974
data/fixtures/dummy/images/00170.jpg,1,noise_0.02,0.4137039960655844
data/fixtures/dummy/images/00170.jpg,1,noise_0.05,0.9210454922822372
data/fixtures/dummy/images/00170.jpg,1,noise_0.1,0.475082005284736
data/fixtures/dummy/images/00170.jpg,1,jitter_0.2,0.8600299886435836
data/fixtures/dummy/images/00170.jpg,1,center_crop_0.8,0.38704777571457527
data/fixtures/dummy/images/00170.jpg,1,composed_blur1.0+jpeg70,0.0506938743284302
data/fixtures/dummy/images/00170.jpg,1,composed_resize0.5+jpeg50,0.747610860275262
data/fixtures/dummy/images/00170.jpg,1,composed_jitter0.2+jpeg30,0.6569561758410701
data/fixtures/dummy/images/00170.jpg,1,composed_resize0.25+blur0.5+jpeg30,0.4843234672891138
data/fixtures/dummy/images/00171.png,0,clean,0.507097147429925
data/fixtures/dummy/images/00171.png,0,jpeg_90,0.12740561563980457
data/fixtures/dummy/images/00171.png,0,jpeg_70,0.2314242306395321
data/fixtures/dummy/images/00171.png,0,jpeg_50,0.24389226358433047
data/fixtures/dummy/images/00171.png,0,jpeg_30,0.42803159730426354
data/fixtures/dummy/images/00171.png,0,blur_0.5,0.41621507669692015
data/fixtures/dummy/images/00171.png,0,blur_1.0,0.9737444509704273
data/fixtures/dummy/images/00171.png,0,blur_2.0,0.694200586690995
data/fixtures/dummy/images/00171.png,0,resize_0.5,0.9471501677405658
data/fixtures/dummy/images/00171.png,0,resize_0.25,0.25152464530839
data/fixtures/dummy/images/00171.png,0,noise_0.02,0.9433195883817518
data/fixtures/dummy/images/00171.png,0,noise_0.05,0.6306839062509085
data/fixtures/dummy/images/00171.png,0,noise_0.1,0.21662887584296853
data/fixtures/dummy/images/00171.png,0,jitter_0.2,0.018056787193814428
data/fixtures/dummy/images/00171.png,0,center_crop_0.8,0.9908612653421484
data/fixtures/dummy/images/00171.png,0,composed_blur1.0+jpeg70,0.11352250013408416
data/fixtures/dummy/images/00171.png,0,composed_resize0.5+jpeg50,0.40297493037868004
data/fixtures/dummy/images/00171.png,0,composed_jitter0.2+jpeg30,0.3553157319686858
data/fixtures/dummy/images/00171.png,0,composed_resize0.25+blur0.5+jpeg30,0.5203708012302941
data/fixtures/dummy/images/00172.png,1,clean,0.6757322074612196
data/fixtures/dummy/images/00172.png,1,jpeg_90,0.5512674404575745
data/fixtures/dummy/images/00172.png,1,jpeg_70,0.9441731828266537
data/fixtures/dummy/images/00172.png,1,jpeg_50,0.11364187209149956
data/fixtures/dummy/images/00172.png,1,jpeg_30,0.5515614406314704
data/fixtures/dummy/images/00172.png,1,blur_0.5,0.07433701346998478
data/fixtures/dummy/images/00172.png,1,blur_1.0,0.6009387681232574
data/fixtures/dummy/images/00172.png,1,blur_2.0,0.8071542529289892
data/fixtures/dummy/images/00172.png,1,resize_0.5,0.9587404251864043
data/fixtures/dummy/images/00172.png,1,resize_0.25,0.11404933124620209
data/fixtures/dummy/images/00172.png,1,noise_0.02,0.9398140725579227
data/fixtures/dummy/images/00172.png,1,noise_0.05,0.5883995425423592
data/fixtures/dummy/images/00172.png,1,noise_0.1,0.26370002319580976
data/fixtures/dummy/images/00172.png,1,jitter_0.2,0.12621205494113263
data/fixtures/dummy/images/00172.png,1,center_crop_0.8,0.8805149439501773
data/fixtures/dummy/images/00172.png,1,composed_blur1.0+jpeg70,0.08714516591923127
data/fixtures/dummy/images/00172.png,1,composed_resize0.5+jpeg50,0.9094588550256266
data/fixtures/dummy/images/00172.png,1,composed_jitter0.2+jpeg30,0.25745693249541424
data/fixtures/dummy/images/00172.png,1,composed_resize0.25+blur0.5+jpeg30,0.6291105502748437
data/fixtures/dummy/images/00173.png,0,clean,0.9333784449047142
data/fixtures/dummy/images/00173.png,0,jpeg_90,0.8138463164241421
data/fixtures/dummy/images/00173.png,0,jpeg_70,0.015539056692209008
data/fixtures/dummy/images/00173.png,0,jpeg_50,0.5552674289995704
data/fixtures/dummy/images/00173.png,0,jpeg_30,0.09552684858214588
data/fixtures/dummy/images/00173.png,0,blur_0.5,0.6648544930507206
data/fixtures/dummy/images/00173.png,0,blur_1.0,0.7569515112588476
data/fixtures/dummy/images/00173.png,0,blur_2.0,0.21945930094733057
data/fixtures/dummy/images/00173.png,0,resize_0.5,0.27724406632591825
data/fixtures/dummy/images/00173.png,0,resize_0.25,0.011530645084328661
data/fixtures/dummy/images/00173.png,0,noise_0.02,0.8827696836078335
data/fixtures/dummy/images/00173.png,0,noise_0.05,0.39059354719665607
data/fixtures/dummy/images/00173.png,0,noise_0.1,0.41903115082961173
data/fixtures/dummy/images/00173.png,0,jitter_0.2,0.46840789356802515
data/fixtures/dummy/images/00173.png,0,center_crop_0.8,0.35456697674950144
data/fixtures/dummy/images/00173.png,0,composed_blur1.0+jpeg70,0.004699974402455842
data/fixtures/dummy/images/00173.png,0,composed_resize0.5+jpeg50,0.42175254156409525
data/fixtures/dummy/images/00173.png,0,composed_jitter0.2+jpeg30,0.9943091557537969
data/fixtures/dummy/images/00173.png,0,composed_resize0.25+blur0.5+jpeg30,0.6994563549794695
data/fixtures/dummy/images/00174.png,1,clean,0.4604607399505064
data/fixtures/dummy/images/00174.png,1,jpeg_90,0.5819402816908992
data/fixtures/dummy/images/00174.png,1,jpeg_70,0.7433805012254928
data/fixtures/dummy/images/00174.png,1,jpeg_50,0.9757017178107004
data/fixtures/dummy/images/00174.png,1,jpeg_30,0.5080244395006466
data/fixtures/dummy/images/00174.png,1,blur_0.5,0.9585136587137811
data/fixtures/dummy/images/00174.png,1,blur_1.0,0.30748486744376047
data/fixtures/dummy/images/00174.png,1,blur_2.0,0.34734057877721836
data/fixtures/dummy/images/00174.png,1,resize_0.5,0.1292717797788976
data/fixtures/dummy/images/00174.png,1,resize_0.25,0.6235007795546667
data/fixtures/dummy/images/00174.png,1,noise_0.02,0.3541596906935871
data/fixtures/dummy/images/00174.png,1,noise_0.05,0.4321143782873389
data/fixtures/dummy/images/00174.png,1,noise_0.1,0.09389051519719815
data/fixtures/dummy/images/00174.png,1,jitter_0.2,0.6853531778437837
data/fixtures/dummy/images/00174.png,1,center_crop_0.8,0.49520721167779913
data/fixtures/dummy/images/00174.png,1,composed_blur1.0+jpeg70,0.721146538529527
data/fixtures/dummy/images/00174.png,1,composed_resize0.5+jpeg50,0.8151152226453742
data/fixtures/dummy/images/00174.png,1,composed_jitter0.2+jpeg30,0.2946814592767081
data/fixtures/dummy/images/00174.png,1,composed_resize0.25+blur0.5+jpeg30,0.44196413455033867
data/fixtures/dummy/images/00175.png,0,clean,0.5368485122619152
data/fixtures/dummy/images/00175.png,0,jpeg_90,0.9019380258274714
data/fixtures/dummy/images/00175.png,0,jpeg_70,0.4572039614881579
data/fixtures/dummy/images/00175.png,0,jpeg_50,0.26856319286338803
data/fixtures/dummy/images/00175.png,0,jpeg_30,0.636530166769266
data/fixtures/dummy/images/00175.png,0,blur_0.5,0.3215784688642802
data/fixtures/dummy/images/00175.png,0,blur_1.0,0.601650941511174
data/fixtures/dummy/images/00175.png,0,blur_2.0,0.9190416869908326
data/fixtures/dummy/images/00175.png,0,resize_0.5,0.5549828374532974
data/fixtures/dummy/images/00175.png,0,resize_0.25,0.5661879367867114
data/fixtures/dummy/images/00175.png,0,noise_0.02,0.7426809297539906
data/fixtures/dummy/images/00175.png,0,noise_0.05,0.395610199384567
data/fixtures/dummy/images/00175.png,0,noise_0.1,0.7543275568383291
data/fixtures/dummy/images/00175.png,0,jitter_0.2,0.1526271481247523
data/fixtures/dummy/images/00175.png,0,center_crop_0.8,0.8332384885557935
data/fixtures/dummy/images/00175.png,0,composed_blur1.0+jpeg70,0.27033509034294334
data/fixtures/dummy/images/00175.png,0,composed_resize0.5+jpeg50,0.4534905548905632
data/fixtures/dummy/images/00175.png,0,composed_jitter0.2+jpeg30,0.6436125692301646
data/fixtures/dummy/images/00175.png,0,composed_resize0.25+blur0.5+jpeg30,0.18109930430784282
data/fixtures/dummy/images/00176.png,0,clean,0.41775922892657924
data/fixtures/dummy/images/00176.png,0,jpeg_90,0.47226482417539306
data/fixtures/dummy/images/00176.png,0,jpeg_70,0.5686011080114507
data/fixtures/dummy/images/00176.png,0,jpeg_50,0.46628590551229543
data/fixtures/dummy/images/00176.png,0,jpeg_30,0.705128132336632
data/fixtures/dummy/images/00176.png,0,blur_0.5,0.9775253190879553
data/fixtures/dummy/images/00176.png,0,blur_1.0,0.4859573049401644
data/fixtures/dummy/images/00176.png,0,blur_2.0,0.5156732149865221
data/fixtures/dummy/images/00176.png,0,resize_0.5,0.29613045099669466
data/fixtures/dummy/images/00176.png,0,resize_0.25,0.9210430094637079
data/fixtures/dummy/images/00176.png,0,noise_0.02,0.590689761114039
data/fixtures/dummy/images/00176.png,0,noise_0.05,0.7256152319496215
data/fixtures/dummy/images/00176.png,0,noise_0.1,0.19185665990501455
data/fixtures/dummy/images/00176.png,0,jitter_0.2,0.4177226004446316
data/fixtures/dummy/images/00176.png,0,center_crop_0.8,0.230391022582759
data/fixtures/dummy/images/00176.png,0,composed_blur1.0+jpeg70,0.24020662724639652
data/fixtures/dummy/images/00176.png,0,composed_resize0.5+jpeg50,0.43822390722093496
data/fixtures/dummy/images/00176.png,0,composed_jitter0.2+jpeg30,0.3872721912829008
data/fixtures/dummy/images/00176.png,0,composed_resize0.25+blur0.5+jpeg30,0.7167731103588764
data/fixtures/dummy/images/00177.png,1,clean,0.15678351265870927
data/fixtures/dummy/images/00177.png,1,jpeg_90,0.3738535528088657
data/fixtures/dummy/images/00177.png,1,jpeg_70,0.2854245469467148
data/fixtures/dummy/images/00177.png,1,jpeg_50,0.9822217235367375
data/fixtures/dummy/images/00177.png,1,jpeg_30,0.3426963731871402
data/fixtures/dummy/images/00177.png,1,blur_0.5,0.1958639447419641
data/fixtures/dummy/images/00177.png,1,blur_1.0,0.8157357921458611
data/fixtures/dummy/images/00177.png,1,blur_2.0,0.1872170167799554
data/fixtures/dummy/images/00177.png,1,resize_0.5,0.4421466821025335
data/fixtures/dummy/images/00177.png,1,resize_0.25,0.8866052702861503
data/fixtures/dummy/images/00177.png,1,noise_0.02,0.5039907044623342
data/fixtures/dummy/images/00177.png,1,noise_0.05,0.8191139402211146
data/fixtures/dummy/images/00177.png,1,noise_0.1,0.17671757136027366
data/fixtures/dummy/images/00177.png,1,jitter_0.2,0.20732403696092572
data/fixtures/dummy/images/00177.png,1,center_crop_0.8,0.49818430461884844
data/fixtures/dummy/images/00177.png,1,composed_blur1.0+jpeg70,0.14993905059929158
data/fixtures/dummy/images/00177.png,1,composed_resize0.5+jpeg50,0.7218103975118392
data/fixtures/dummy/images/00177.png,1,composed_jitter0.2+jpeg30,0.4607533112134452
data/fixtures/dummy/images/00177.png,1,composed_resize0.25+blur0.5+jpeg30,0.9375031634076353
data/fixtures/dummy/images/00178.png,1,clean,0.44748012713248564
data/fixtures/dummy/images/00178.png,1,jpeg_90,0.807199729214334
data/fixtures/dummy/images/00178.png,1,jpeg_70,0.5583688857572565
data/fixtures/dummy/images/00178.png,1,jpeg_50,0.8275535417344909
data/fixtures/dummy/images/00178.png,1,jpeg_30,0.14807202002618625
data/fixtures/dummy/images/00178.png,1,blur_0.5,0.8731126676817595
data/fixtures/dummy/images/00178.png,1,blur_1.0,0.3380115758878568
data/fixtures/dummy/images/00178.png,1,blur_2.0,0.7777140681528003
data/fixtures/dummy/images/00178.png,1,resize_0.5,0.27761611242256545
data/fixtures/dummy/images/00178.png,1,resize_0.25,0.13576256419801258
data/fixtures/dummy/images/00178.png,1,noise_0.02,0.40097182644103746
data/fixtures/dummy/images/00178.png,1,noise_0.05,0.218552294769645
data/fixtures/dummy/images/00178.png,1,noise_0.1,0.060319893035389205
data/fixtures/dummy/images/00178.png,1,jitter_0.2,0.03572766557442941
data/fixtures/dummy/images/00178.png,1,center_crop_0.8,0.44118741285558494
data/fixtures/dummy/images/00178.png,1,composed_blur1.0+jpeg70,0.8826347267402658
data/fixtures/dummy/images/00178.png,1,composed_resize0.5+jpeg50,0.4688929699180209
data/fixtures/dummy/images/00178.png,1,composed_jitter0.2+jpeg30,0.26080675327934943
data/fixtures/dummy/images/00178.png,1,composed_resize0.25+blur0.5+jpeg30,0.7989040811820931
data/fixtures/dummy/images/00179.png,0,clean,0.9505697032468541
data/fixtures/dummy/images/00179.png,0,jpeg_90,0.04264217579362273
data/fixtures/dummy/images/00179.png,0,jpeg_70,0.3040111546653741
data/fixtures/dummy/images/00179.png,0,jpeg_50,0.7721131953572695
data/fixtures/dummy/images/00179.png,0,jpeg_30,0.7297558457280809
data/fixtures/dummy/images/00179.png,0,blur_0.5,0.4482806106825029
data/fixtures/dummy/images/00179.png,0,blur_1.0,0.4519313027835691
data/fixtures/dummy/images/00179.png,0,blur_2.0,0.6407248155345494
data/fixtures/dummy/images/00179.png,0,resize_0.5,0.32708646353893067
data/fixtures/dummy/images/00179.png,0,resize_0.25,0.325623353752182
data/fixtures/dummy/images/00179.png,0,noise_0.02,0.0886934239180518
data/fixtures/dummy/images/00179.png,0,noise_0.05,0.3283575243341146
data/fixtures/dummy/images/00179.png,0,noise_0.1,0.9681205684725478
data/fixtures/dummy/images/00179.png,0,jitter_0.2,0.8724431730014828
data/fixtures/dummy/images/00179.png,0,center_crop_0.8,0.5862420400100508
data/fixtures/dummy/images/00179.png,0,composed_blur1.0+jpeg70,0.36380830321005064
data/fixtures/dummy/images/00179.png,0,composed_resize0.5+jpeg50,0.8345559878749331
data/fixtures/dummy/images/00179.png,0,composed_jitter0.2+jpeg30,0.6649008995811023
data/fixtures/dummy/images/00179.png,0,composed_resize0.25+blur0.5+jpeg30,0.49724700230269525
data/fixtures/dummy/images/00180.png,1,clean,0.5018059648767169
data/fixtures/dummy/images/00180.png,1,jpeg_90,0.21865543014381883
data/fixtures/dummy/images/00180.png,1,jpeg_70,0.19243277182336194
data/fixtures/dummy/images/00180.png,1,jpeg_50,0.04752604244703795
data/fixtures/dummy/images/00180.png,1,jpeg_30,0.6982680390630099
data/fixtures/dummy/images/00180.png,1,blur_0.5,0.0946104570071622
data/fixtures/dummy/images/00180.png,1,blur_1.0,0.06678121836312301
data/fixtures/dummy/images/00180.png,1,blur_2.0,0.5154968958000966
data/fixtures/dummy/images/00180.png,1,resize_0.5,0.6675719230401164
data/fixtures/dummy/images/00180.png,1,resize_0.25,0.5380393331086077
data/fixtures/dummy/images/00180.png,1,noise_0.02,0.6103331836245898
data/fixtures/dummy/images/00180.png,1,noise_0.05,0.18429360926465022
data/fixtures/dummy/images/00180.png,1,noise_0.1,0.2684893946729553
data/fixtures/dummy/images/00180.png,1,jitter_0.2,0.02734575238774617
data/fixtures/dummy/images/00180.png,1,center_crop_0.8,0.3609340763063288
data/fixtures/dummy/images/00180.png,1,composed_blur1.0+jpeg70,0.8730839807104301
data/fixtures/dummy/images/00180.png,1,composed_resize0.5+jpeg50,0.47083420540178345
data/fixtures/dummy/images/00180.png,1,composed_jitter0.2+jpeg30,0.0054306770229268775
data/fixtures/dummy/images/00180.png,1,composed_resize0.25+blur0.5+jpeg30,0.8707443359671662
data/fixtures/dummy/images/00181.png,0,clean,0.24619238218219097
data/fixtures/dummy/images/00181.png,0,jpeg_90,0.8947285719309442
data/fixtures/dummy/images/00181.png,0,jpeg_70,0.9300074438748664
data/fixtures/dummy/images/00181.png,0,jpeg_50,0.41560290879586415
data/fixtures/dummy/images/00181.png,0,jpeg_30,0.764272138967399
data/fixtures/dummy/images/00181.png,0,blur_0.5,0.7257048509190449
data/fixtures/dummy/images/00181.png,0,blur_1.0,0.4970049982126632
data/fixtures/dummy/images/00181.png,0,blur_2.0,0.24688309354537674
data/fixtures/dummy/images/00181.png,0,resize_0.5,0.12751389932925483
data/fixtures/dummy/images/00181.png,0,resize_0.25,0.016666759530201247
data/fixtures/dummy/images/00181.png,0,noise_0.02,0.483149395561304
data/fixtures/dummy/images/00181.png,0,noise_0.05,0.8729570814103373
data/fixtures/dummy/images/00181.png,0,noise_0.1,0.7635907526763291
data/fixtures/dummy/images/00181.png,0,jitter_0.2,0.3362433583809269
data/fixtures/dummy/images/00181.png,0,center_crop_0.8,0.236943231516616
data/fixtures/dummy/images/00181.png,0,composed_blur1.0+jpeg70,0.9995229003697211
data/fixtures/dummy/images/00181.png,0,composed_resize0.5+jpeg50,0.26915485604703426
data/fixtures/dummy/images/00181.png,0,composed_jitter0.2+jpeg30,0.8921255652816203
data/fixtures/dummy/images/00181.png,0,composed_resize0.25+blur0.5+jpeg30,0.027980761249298602
data/fixtures/dummy/images/00182.png,0,clean,0.9948814292551619
data/fixtures/dummy/images/00182.png,0,jpeg_90,0.5319333311371431
data/fixtures/dummy/images/00182.png,0,jpeg_70,0.16100012773777872
data/fixtures/dummy/images/00182.png,0,jpeg_50,0.3716240762396159
data/fixtures/dummy/images/00182.png,0,jpeg_30,0.15294042477287972
data/fixtures/dummy/images/00182.png,0,blur_0.5,0.6478220520277251
data/fixtures/dummy/images/00182.png,0,blur_1.0,0.6082002518474113
data/fixtures/dummy/images/00182.png,0,blur_2.0,0.832798712323025
data/fixtures/dummy/images/00182.png,0,resize_0.5,0.46732707206721735
data/fixtures/dummy/images/00182.png,0,resize_0.25,0.6982106079805015
data/fixtures/dummy/images/00182.png,0,noise_0.02,0.38057261303698875
data/fixtures/dummy/images/00182.png,0,noise_0.05,0.19874635047319655
data/fixtures/dummy/images/00182.png,0,noise_0.1,0.8254726019375295
data/fixtures/dummy/images/00182.png,0,jitter_0.2,0.9587317323508107
data/fixtures/dummy/images/00182.png,0,center_crop_0.8,0.8825847075813469
data/fixtures/dummy/images/00182.png,0,composed_blur1.0+jpeg70,0.6481094621518284
data/fixtures/dummy/images/00182.png,0,composed_resize0.5+jpeg50,0.7576221333830017
data/fixtures/dummy/images/00182.png,0,composed_jitter0.2+jpeg30,0.7808133796525197
data/fixtures/dummy/images/00182.png,0,composed_resize0.25+blur0.5+jpeg30,0.37806147907013066
data/fixtures/dummy/images/00183.png,0,clean,0.212365017721036
data/fixtures/dummy/images/00183.png,0,jpeg_90,0.6701143853937597
data/fixtures/dummy/images/00183.png,0,jpeg_70,0.3213515170833068
data/fixtures/dummy/images/00183.png,0,jpeg_50,0.37791019450452534
data/fixtures/dummy/images/00183.png,0,jpeg_30,0.3465337863634762
data/fixtures/dummy/images/00183.png,0,blur_0.5,0.9114282492138339
data/fixtures/dummy/images/00183.png,0,blur_1.0,0.3904317508831918
data/fixtures/dummy/images/00183.png,0,blur_2.0,0.35251497935079523
data/fixtures/dummy/images/00183.png,0,resize_0.5,0.0803092955393433
data/fixtures/dummy/images/00183.png,0,resize_0.25,0.6347722282585553
data/fixtures/dummy/images/00183.png,0,noise_0.02,0.4851819548017313
data/fixtures/dummy/images/00183.png,0,noise_0.05,0.033522339123221
data/fixtures/dummy/images/00183.png,0,noise_0.1,0.005976070720484117
data/fixtures/dummy/images/00183.png,0,jitter_0.2,0.19578065323721483
data/fixtures/dummy/images/00183.png,0,center_crop_0.8,0.7867287177169829
data/fixtures/dummy/images/00183.png,0,composed_blur1.0+jpeg70,0.24704643167638085
data/fixtures/dummy/images/00183.png,0,composed_resize0.5+jpeg50,0.47000534897773705
data/fixtures/dummy/images/00183.png,0,composed_jitter0.2+jpeg30,0.8730598528129393
data/fixtures/dummy/images/00183.png,0,composed_resize0.25+blur0.5+jpeg30,0.5288773965285489
data/fixtures/dummy/images/00184.png,1,clean,0.8836429053142478
data/fixtures/dummy/images/00184.png,1,jpeg_90,0.07749892518787016
data/fixtures/dummy/images/00184.png,1,jpeg_70,0.38074066621754366
data/fixtures/dummy/images/00184.png,1,jpeg_50,0.9626468636863034
data/fixtures/dummy/images/00184.png,1,jpeg_30,0.6185393148633423
data/fixtures/dummy/images/00184.png,1,blur_0.5,0.33645373112881827
data/fixtures/dummy/images/00184.png,1,blur_1.0,0.9075572535321353
data/fixtures/dummy/images/00184.png,1,blur_2.0,0.43763806657008475
data/fixtures/dummy/images/00184.png,1,resize_0.5,0.2578501529346595
data/fixtures/dummy/images/00184.png,1,resize_0.25,0.4677310163171031
data/fixtures/dummy/images/00184.png,1,noise_0.02,0.47287505590581425
data/fixtures/dummy/images/00184.png,1,noise_0.05,0.44285829671517196
data/fixtures/dummy/images/00184.png,1,noise_0.1,0.05419246644471509
data/fixtures/dummy/images/00184.png,1,jitter_0.2,0.013926922241957573
data/fixtures/dummy/images/00184.png,1,center_crop_0.8,0.34472353565547587
data/fixtures/dummy/images/00184.png,1,composed_blur1.0+jpeg70,0.6796773760223377
data/fixtures/dummy/images/00184.png,1,composed_resize0.5+jpeg50,0.2633561253300588
data/fixtures/dummy/images/00184.png,1,composed_jitter0.2+jpeg30,0.40654904511025414
data/fixtures/dummy/images/00184.png,1,composed_resize0.25+blur0.5+jpeg30,0.14973263972632922
data/fixtures/dummy/images/00185.png,1,clean,0.5077953534938862
data/fixtures/dummy/images/00185.png,1,jpeg_90,0.8037290231468008
data/fixtures/dummy/images/00185.png,1,jpeg_70,0.020838155752633925
data/fixtures/dummy/images/00185.png,1,jpeg_50,0.793212805611985
data/fixtures/dummy/images/00185.png,1,jpeg_30,0.9937590078856041
data/fixtures/dummy/images/00185.png,1,blur_0.5,0.14921445857621773
data/fixtures/dummy/images/00185.png,1,blur_1.0,0.7616054643687399
data/fixtures/dummy/images/00185.png,1,blur_2.0,0.42136102831353883
data/fixtures/dummy/images/00185.png,1,resize_0.5,0.7871732906643427
data/fixtures/dummy/images/00185.png,1,resize_0.25,0.017329066057120257
data/fixtures/dummy/images/00185.png,1,noise_0.02,0.4001100392444522
data/fixtures/dummy/images/00185.png,1,noise_0.05,0.06117810926788392
data/fixtures/dummy/images/00185.png,1,noise_0.1,0.3966651426016621
data/fixtures/dummy/images/00185.png,1,jitter_0.2,0.9463252266925606
data/fixtures/dummy/images/00185.png,1,center_crop_0.8,0.17492538333947005
data/fixtures/dummy/images/00185.png,1,composed_blur1.0+jpeg70,0.8408753958915784
data/fixtures/dummy/images/00185.png,1,composed_resize0.5+jpeg50,0.6425947687108083
data/fixtures/dummy/images/00185.png,1,composed_jitter0.2+jpeg30,0.4652374816809822
data/fixtures/dummy/images/00185.png,1,composed_resize0.25+blur0.5+jpeg30,0.2444527905285706
data/fixtures/dummy/images/00186.png,1,clean,0.36748009563363104
data/fixtures/dummy/images/00186.png,1,jpeg_90,0.11403629393140813
data/fixtures/dummy/images/00186.png,1,jpeg_70,0.3000486880628531
data/fixtures/dummy/images/00186.png,1,jpeg_50,0.728675671440401
data/fixtures/dummy/images/00186.png,1,jpeg_30,0.5532514612513313
data/fixtures/dummy/images/00186.png,1,blur_0.5,0.872972646389159
data/fixtures/dummy/images/00186.png,1,blur_1.0,0.2672377238207454
data/fixtures/dummy/images/00186.png,1,blur_2.0,0.2874030672022446
data/fixtures/dummy/images/00186.png,1,resize_0.5,0.5759633102880212
data/fixtures/dummy/images/00186.png,1,resize_0.25,0.48360361288308196
data/fixtures/dummy/images/00186.png,1,noise_0.02,0.3716112849320775
data/fixtures/dummy/images/00186.png,1,noise_0.05,0.48401979880815305
data/fixtures/dummy/images/00186.png,1,noise_0.1,0.8419209833162061
data/fixtures/dummy/images/00186.png,1,jitter_0.2,0.1327866012708836
data/fixtures/dummy/images/00186.png,1,center_crop_0.8,0.17575508132563367
data/fixtures/dummy/images/00186.png,1,composed_blur1.0+jpeg70,0.22228010268767429
data/fixtures/dummy/images/00186.png,1,composed_resize0.5+jpeg50,0.7450255205078238
data/fixtures/dummy/images/00186.png,1,composed_jitter0.2+jpeg30,0.30587910016913566
data/fixtures/dummy/images/00186.png,1,composed_resize0.25+blur0.5+jpeg30,0.3423794269860544
data/fixtures/dummy/images/00187.png,0,clean,0.8542974893392081
data/fixtures/dummy/images/00187.png,0,jpeg_90,0.8237484913026493
data/fixtures/dummy/images/00187.png,0,jpeg_70,0.7138569891313568
data/fixtures/dummy/images/00187.png,0,jpeg_50,0.3318994621979531
data/fixtures/dummy/images/00187.png,0,jpeg_30,0.23456067386479118
data/fixtures/dummy/images/00187.png,0,blur_0.5,0.009003664882877294
data/fixtures/dummy/images/00187.png,0,blur_1.0,0.8495847325144278
data/fixtures/dummy/images/00187.png,0,blur_2.0,0.008233479873343996
data/fixtures/dummy/images/00187.png,0,resize_0.5,0.003837316102844879
data/fixtures/dummy/images/00187.png,0,resize_0.25,0.2494604839478186
data/fixtures/dummy/images/00187.png,0,noise_0.02,0.9063120595733353
data/fixtures/dummy/images/00187.png,0,noise_0.05,0.3331525348999298
data/fixtures/dummy/images/00187.png,0,noise_0.1,0.08012409515729535
data/fixtures/dummy/images/00187.png,0,jitter_0.2,0.8129183408365009
data/fixtures/dummy/images/00187.png,0,center_crop_0.8,0.6402086396001726
data/fixtures/dummy/images/00187.png,0,composed_blur1.0+jpeg70,0.058086575902961624
data/fixtures/dummy/images/00187.png,0,composed_resize0.5+jpeg50,0.8724583504060157
data/fixtures/dummy/images/00187.png,0,composed_jitter0.2+jpeg30,0.03001565652004845
data/fixtures/dummy/images/00187.png,0,composed_resize0.25+blur0.5+jpeg30,0.6677118873173089
data/fixtures/dummy/images/00188.png,0,clean,0.9330731235136411
data/fixtures/dummy/images/00188.png,0,jpeg_90,0.9839149845520411
data/fixtures/dummy/images/00188.png,0,jpeg_70,0.004129391419052331
data/fixtures/dummy/images/00188.png,0,jpeg_50,0.6409393540537698
data/fixtures/dummy/images/00188.png,0,jpeg_30,0.3453481140100991
data/fixtures/dummy/images/00188.png,0,blur_0.5,0.45018091569000973
data/fixtures/dummy/images/00188.png,0,blur_1.0,0.24769110074174083
data/fixtures/dummy/images/00188.png,0,blur_2.0,0.9316273865434156
data/fixtures/dummy/images/00188.png,0,resize_0.5,0.981502664839143
data/fixtures/dummy/images/00188.png,0,resize_0.25,0.8097987111283114
data/fixtures/dummy/images/00188.png,0,noise_0.02,0.8443989469223694
data/fixtures/dummy/images/00188.png,0,noise_0.05,0.5308600572969874
data/fixtures/dummy/images/00188.png,0,noise_0.1,0.05405928527657056
data/fixtures/dummy/images/00188.png,0,jitter_0.2,0.3535819467017981
data/fixtures/dummy/images/00188.png,0,center_crop_0.8,0.5515367789854287
data/fixtures/dummy/images/00188.png,0,composed_blur1.0+jpeg70,0.936856111000189
data/fixtures/dummy/images/00188.png,0,composed_resize0.5+jpeg50,0.06812299189473647
data/fixtures/dummy/images/00188.png,0,composed_jitter0.2+jpeg30,0.40557952180613344
data/fixtures/dummy/images/00188.png,0,composed_resize0.25+blur0.5+jpeg30,0.4508594937742666
data/fixtures/dummy/images/00189.png,1,clean,0.45288408568812866
data/fixtures/dummy/images/00189.png,1,jpeg_90,0.47313214367843615
data/fixtures/dummy/images/00189.png,1,jpeg_70,0.8784821347586447
data/fixtures/dummy/images/00189.png,1,jpeg_50,0.7451969913355218
data/fixtures/dummy/images/00189.png,1,jpeg_30,0.03843165922057168
data/fixtures/dummy/images/00189.png,1,blur_0.5,0.9076422308159737
data/fixtures/dummy/images/00189.png,1,blur_1.0,0.28427380847011585
data/fixtures/dummy/images/00189.png,1,blur_2.0,0.770629181513346
data/fixtures/dummy/images/00189.png,1,resize_0.5,0.37102517086324094
data/fixtures/dummy/images/00189.png,1,resize_0.25,0.6459037997129246
data/fixtures/dummy/images/00189.png,1,noise_0.02,0.8742623414317399
data/fixtures/dummy/images/00189.png,1,noise_0.05,0.3239134842139989
data/fixtures/dummy/images/00189.png,1,noise_0.1,0.5628411813106073
data/fixtures/dummy/images/00189.png,1,jitter_0.2,0.5451598186108305
data/fixtures/dummy/images/00189.png,1,center_crop_0.8,0.8580677011218727
data/fixtures/dummy/images/00189.png,1,composed_blur1.0+jpeg70,0.3029581387926191
data/fixtures/dummy/images/00189.png,1,composed_resize0.5+jpeg50,0.6846716336851537
data/fixtures/dummy/images/00189.png,1,composed_jitter0.2+jpeg30,0.38750006517284474
data/fixtures/dummy/images/00189.png,1,composed_resize0.25+blur0.5+jpeg30,0.19958858910733346
data/fixtures/dummy/images/00190.png,1,clean,0.9308835299417169
data/fixtures/dummy/images/00190.png,1,jpeg_90,0.9883789048244644
data/fixtures/dummy/images/00190.png,1,jpeg_70,0.5444346537468352
data/fixtures/dummy/images/00190.png,1,jpeg_50,0.01310911842342588
data/fixtures/dummy/images/00190.png,1,jpeg_30,0.7285681634240111
data/fixtures/dummy/images/00190.png,1,blur_0.5,0.3367064709490366
data/fixtures/dummy/images/00190.png,1,blur_1.0,0.8251490333030189
data/fixtures/dummy/images/00190.png,1,blur_2.0,0.2669113933099496
data/fixtures/dummy/images/00190.png,1,resize_0.5,0.47067559727560193
data/fixtures/dummy/images/00190.png,1,resize_0.25,0.603403534648763
data/fixtures/dummy/images/00190.png,1,noise_0.02,0.5471576724784202
data/fixtures/dummy/images/00190.png,1,noise_0.05,0.5792247937791253
data/fixtures/dummy/images/00190.png,1,noise_0.1,0.04912807249359363
data/fixtures/dummy/images/00190.png,1,jitter_0.2,0.27307650439292397
data/fixtures/dummy/images/00190.png,1,center_crop_0.8,0.5533313699808047
data/fixtures/dummy/images/00190.png,1,composed_blur1.0+jpeg70,0.4687264768265761
data/fixtures/dummy/images/00190.png,1,composed_resize0.5+jpeg50,0.9744979329469213
data/fixtures/dummy/images/00190.png,1,composed_jitter0.2+jpeg30,0.9675591132129225
data/fixtures/dummy/images/00190.png,1,composed_resize0.25+blur0.5+jpeg30,0.08668822499932505
data/fixtures/dummy/images/00191.png,0,clean,0.8982747581019882
data/fixtures/dummy/images/00191.png,0,jpeg_90,0.38271937992990723
data/fixtures/dummy/images/00191.png,0,jpeg_70,0.3039628209478068
data/fixtures/dummy/images/00191.png,0,jpeg_50,0.3943428730355606
data/fixtures/dummy/images/00191.png,0,jpeg_30,0.8041875011937899
data/fixtures/dummy/images/00191.png,0,blur_0.5,0.492219782596935
data/fixtures/dummy/images/00191.png,0,blur_1.0,0.7351555937604727
data/fixtures/dummy/images/00191.png,0,blur_2.0,0.03355275225033916
data/fixtures/dummy/images/00191.png,0,resize_0.5,0.7157492008087817
data/fixtures/dummy/images/00191.png,0,resize_0.25,0.33597976857392375
data/fixtures/dummy/images/00191.png,0,noise_0.02,0.7749745651978657
data/fixtures/dummy/images/00191.png,0,noise_0.05,0.48797862920406543
data/fixtures/dummy/images/00191.png,0,noise_0.1,0.49546216469843163
data/fixtures/dummy/images/00191.png,0,jitter_0.2,0.5957342031430349
data/fixtures/dummy/images/00191.png,0,center_crop_0.8,0.7772070496908903
data/fixtures/dummy/images/00191.png,0,composed_blur1.0+jpeg70,0.11131498930229822
data/fixtures/dummy/images/00191.png,0,composed_resize0.5+jpeg50,0.6646472089870011
data/fixtures/dummy/images/00191.png,0,composed_jitter0.2+jpeg30,0.3076936578485401
data/fixtures/dummy/images/00191.png,0,composed_resize0.25+blur0.5+jpeg30,0.47967173476969027
data/fixtures/dummy/images/00192.png,0,clean,0.32164713037434645
data/fixtures/dummy/images/00192.png,0,jpeg_90,0.7883999864064112
data/fixtures/dummy/images/00192.png,0,jpeg_70,0.3552439429975114
data/fixtures/dummy/images/00192.png,0,jpeg_50,0.9075975444551274
data/fixtures/dummy/images/00192.png,0,jpeg_30,0.7113010581530419
data/fixtures/dummy/images/00192.png,0,blur_0.5,0.2694171489456769
data/fixtures/dummy/images/00192.png,0,blur_1.0,0.5734218594647398
data/fixtures/dummy/images/00192.png,0,blur_2.0,0.09335758809065209
data/fixtures/dummy/images/00192.png,0,resize_0.5,0.955368147773427
data/fixtures/dummy/images/00192.png,0,resize_0.25,0.05796703094447231
data/fixtures/dummy/images/00192.png,0,noise_0.02,0.3488966098876751
data/fixtures/dummy/images/00192.png,0,noise_0.05,0.5305557524504089
data/fixtures/dummy/images/00192.png,0,noise_0.1,0.5357180540120912
data/fixtures/dummy/images/00192.png,0,jitter_0.2,0.33525351700239925
data/fixtures/dummy/images/00192.png,0,center_crop_0.8,0.33668740140748254
data/fixtures/dummy/images/00192.png,0,composed_blur1.0+jpeg70,0.9548541104712875
data/fixtures/dummy/images/00192.png,0,composed_resize0.5+jpeg50,0.5247199557453281
data/fixtures/dummy/images/00192.png,0,composed_jitter0.2+jpeg30,0.722128653328198
data/fixtures/dummy/images/00192.png,0,composed_resize0.25+blur0.5+jpeg30,0.9409713032077066
data/fixtures/dummy/images/00193.png,0,clean,0.6113053735682084
data/fixtures/dummy/images/00193.png,0,jpeg_90,0.6435063179532006
data/fixtures/dummy/images/00193.png,0,jpeg_70,0.8964001852452989
data/fixtures/dummy/images/00193.png,0,jpeg_50,0.7693082850672265
data/fixtures/dummy/images/00193.png,0,jpeg_30,0.8229669496935561
data/fixtures/dummy/images/00193.png,0,blur_0.5,0.6270820672405842
data/fixtures/dummy/images/00193.png,0,blur_1.0,0.5513230417520356
data/fixtures/dummy/images/00193.png,0,blur_2.0,0.8219722989413968
data/fixtures/dummy/images/00193.png,0,resize_0.5,0.730041479644647
data/fixtures/dummy/images/00193.png,0,resize_0.25,0.020419065302104022
data/fixtures/dummy/images/00193.png,0,noise_0.02,0.15977623513547035
data/fixtures/dummy/images/00193.png,0,noise_0.05,0.9977659892457896
data/fixtures/dummy/images/00193.png,0,noise_0.1,0.9450593899600426
data/fixtures/dummy/images/00193.png,0,jitter_0.2,0.672871620225097
data/fixtures/dummy/images/00193.png,0,center_crop_0.8,0.3476358721783155
data/fixtures/dummy/images/00193.png,0,composed_blur1.0+jpeg70,0.34813355936139667
data/fixtures/dummy/images/00193.png,0,composed_resize0.5+jpeg50,0.3407230658512561
data/fixtures/dummy/images/00193.png,0,composed_jitter0.2+jpeg30,0.6973228897581977
data/fixtures/dummy/images/00193.png,0,composed_resize0.25+blur0.5+jpeg30,0.10233576257105559
data/fixtures/dummy/images/00194.png,1,clean,0.527702759559014
data/fixtures/dummy/images/00194.png,1,jpeg_90,0.5330014555941669
data/fixtures/dummy/images/00194.png,1,jpeg_70,0.4682644437149197
data/fixtures/dummy/images/00194.png,1,jpeg_50,0.013690998371841179
data/fixtures/dummy/images/00194.png,1,jpeg_30,0.03138067187579696
data/fixtures/dummy/images/00194.png,1,blur_0.5,0.4121829208748041
data/fixtures/dummy/images/00194.png,1,blur_1.0,0.9118302125911145
data/fixtures/dummy/images/00194.png,1,blur_2.0,0.3191518874146606
data/fixtures/dummy/images/00194.png,1,resize_0.5,0.10758418068673847
data/fixtures/dummy/images/00194.png,1,resize_0.25,0.3434679255342471
data/fixtures/dummy/images/00194.png,1,noise_0.02,0.10720423824689373
data/fixtures/dummy/images/00194.png,1,noise_0.05,0.1942812097632477
data/fixtures/dummy/images/00194.png,1,noise_0.1,0.3772867146476365
data/fixtures/dummy/images/00194.png,1,jitter_0.2,0.05278158369130437
data/fixtures/dummy/images/00194.png,1,center_crop_0.8,0.8812670634464937
data/fixtures/dummy/images/00194.png,1,composed_blur1.0+jpeg70,0.34396300135881797
data/fixtures/dummy/images/00194.png,1,composed_resize0.5+jpeg50,0.9309871691583887
data/fixtures/dummy/images/00194.png,1,composed_jitter0.2+jpeg30,0.9818199104693681
data/fixtures/dummy/images/00194.png,1,composed_resize0.25+blur0.5+jpeg30,0.9608664034278289
data/fixtures/dummy/images/00195.png,0,clean,0.37960920679503984
data/fixtures/dummy/images/00195.png,0,jpeg_90,0.14639804788907995
data/fixtures/dummy/images/00195.png,0,jpeg_70,0.8630478356677079
data/fixtures/dummy/images/00195.png,0,jpeg_50,0.5941217691167208
data/fixtures/dummy/images/00195.png,0,jpeg_30,0.9337438141828056
data/fixtures/dummy/images/00195.png,0,blur_0.5,0.9979951499477746
data/fixtures/dummy/images/00195.png,0,blur_1.0,0.2170761169153157
data/fixtures/dummy/images/00195.png,0,blur_2.0,0.8715959153039665
data/fixtures/dummy/images/00195.png,0,resize_0.5,0.41047523267387764
data/fixtures/dummy/images/00195.png,0,resize_0.25,0.8283993001178638
data/fixtures/dummy/images/00195.png,0,noise_0.02,0.705311444143824
data/fixtures/dummy/images/00195.png,0,noise_0.05,0.4909286526367951
data/fixtures/dummy/images/00195.png,0,noise_0.1,0.385068054982724
data/fixtures/dummy/images/00195.png,0,jitter_0.2,0.9938026318378634
data/fixtures/dummy/images/00195.png,0,center_crop_0.8,0.1983353358016594
data/fixtures/dummy/images/00195.png,0,composed_blur1.0+jpeg70,0.08582839979835488
data/fixtures/dummy/images/00195.png,0,composed_resize0.5+jpeg50,0.9341918323467364
data/fixtures/dummy/images/00195.png,0,composed_jitter0.2+jpeg30,0.8790735740191878
data/fixtures/dummy/images/00195.png,0,composed_resize0.25+blur0.5+jpeg30,0.020866922024540546
data/fixtures/dummy/images/00196.png,0,clean,0.7931162463542071
data/fixtures/dummy/images/00196.png,0,jpeg_90,0.032027753650109236
data/fixtures/dummy/images/00196.png,0,jpeg_70,0.27360567155914994
data/fixtures/dummy/images/00196.png,0,jpeg_50,0.6275907076140204
data/fixtures/dummy/images/00196.png,0,jpeg_30,0.0388335055252762
data/fixtures/dummy/images/00196.png,0,blur_0.5,0.11786316183602996
data/fixtures/dummy/images/00196.png,0,blur_1.0,0.31578302322328067
data/fixtures/dummy/images/00196.png,0,blur_2.0,0.4016520660948689
data/fixtures/dummy/images/00196.png,0,resize_0.5,0.6607621757551472
data/fixtures/dummy/images/00196.png,0,resize_0.25,0.4009780852692483
data/fixtures/dummy/images/00196.png,0,noise_0.02,0.4519275881322462
data/fixtures/dummy/images/00196.png,0,noise_0.05,0.2774766233583067
data/fixtures/dummy/images/00196.png,0,noise_0.1,0.0930184423831133
data/fixtures/dummy/images/00196.png,0,jitter_0.2,0.7362549235598053
data/fixtures/dummy/images/00196.png,0,center_crop_0.8,0.4696505539932643
data/fixtures/dummy/images/00196.png,0,composed_blur1.0+jpeg70,0.09834049589040761
data/fixtures/dummy/images/00196.png,0,composed_resize0.5+jpeg50,0.3231138430234558
data/fixtures/dummy/images/00196.png,0,composed_jitter0.2+jpeg30,0.969131764712809
data/fixtures/dummy/images/00196.png,0,composed_resize0.25+blur0.5+jpeg30,0.5760942900488858
data/fixtures/dummy/images/00197.png,0,clean,0.5970965486574802
data/fixtures/dummy/images/00197.png,0,jpeg_90,0.5297334944761662
data/fixtures/dummy/images/00197.png,0,jpeg_70,0.622454063060264
data/fixtures/dummy/images/00197.png,0,jpeg_50,0.12132356695069224
data/fixtures/dummy/images/00197.png,0,jpeg_30,0.1770832216130085
data/fixtures/dummy/images/00197.png,0,blur_0.5,0.050197163280846
data/fixtures/dummy/images/00197.png,0,blur_1.0,0.40110120917390735
data/fixtures/dummy/images/00197.png,0,blur_2.0,0.34844130973036
data/fixtures/dummy/images/00197.png,0,resize_0.5,0.09440668469541902
data/fixtures/dummy/images/00197.png,0,resize_0.25,0.6575681901333239
data/fixtures/dummy/images/00197.png,0,noise_0.02,0.3884050012341832
data/fixtures/dummy/images/00197.png,0,noise_0.05,0.361394726512296
data/fixtures/dummy/images/00197.png,0,noise_0.1,0.9963116464323817
data/fixtures/dummy/images/00197.png,0,jitter_0.2,0.5873886479178241
data/fixtures/dummy/images/00197.png,0,center_crop_0.8,0.7058921780783629
data/fixtures/dummy/images/00197.png,0,composed_blur1.0+jpeg70,0.26083757120567974
data/fixtures/dummy/images/00197.png,0,composed_resize0.5+jpeg50,0.0817722860779675
data/fixtures/dummy/images/00197.png,0,composed_jitter0.2+jpeg30,0.10442739223568287
data/fixtures/dummy/images/00197.png,0,composed_resize0.25+blur0.5+jpeg30,0.16208329211620065
data/fixtures/dummy/images/00198.png,0,clean,0.027843584186882264
data/fixtures/dummy/images/00198.png,0,jpeg_90,0.5107099470183374
data/fixtures/dummy/images/00198.png,0,jpeg_70,0.9644602098631925
data/fixtures/dummy/images/00198.png,0,jpeg_50,0.7262362182505259
data/fixtures/dummy/images/00198.png,0,jpeg_30,0.13301946007431165
data/fixtures/dummy/images/00198.png,0,blur_0.5,0.9285866887370873
data/fixtures/dummy/images/00198.png,0,blur_1.0,0.8678409132411679
data/fixtures/dummy/images/00198.png,0,blur_2.0,0.3296011458651974
data/fixtures/dummy/images/00198.png,0,resize_0.5,0.1736218868119015
data/fixtures/dummy/images/00198.png,0,resize_0.25,0.9996453625224695
data/fixtures/dummy/images/00198.png,0,noise_0.02,0.06703208393448046
data/fixtures/dummy/images/00198.png,0,noise_0.05,0.2365380004612666
data/fixtures/dummy/images/00198.png,0,noise_0.1,0.008627800042558587
data/fixtures/dummy/images/00198.png,0,jitter_0.2,0.8103587988246345
data/fixtures/dummy/images/00198.png,0,center_crop_0.8,0.5705760878876246
data/fixtures/dummy/images/00198.png,0,composed_blur1.0+jpeg70,0.495316936431645
data/fixtures/dummy/images/00198.png,0,composed_resize0.5+jpeg50,0.07684128146011249
data/fixtures/dummy/images/00198.png,0,composed_jitter0.2+jpeg30,0.17609068309800757
data/fixtures/dummy/images/00198.png,0,composed_resize0.25+blur0.5+jpeg30,0.3877865166986135
data/fixtures/dummy/images/00199.png,1,clean,0.872521906075487
data/fixtures/dummy/images/00199.png,1,jpeg_90,0.6620048513848533
data/fixtures/dummy/images/00199.png,1,jpeg_70,0.5077195028581348
data/fixtures/dummy/images/00199.png,1,jpeg_50,0.03521161898900471
data/fixtures/dummy/images/00199.png,1,jpeg_30,0.5835584571064881
data/fixtures/dummy/images/00199.png,1,blur_0.5,0.08159515517498916
data/fixtures/dummy/images/00199.png,1,blur_1.0,0.09780155305746063
data/fixtures/dummy/images/00199.png,1,blur_2.0,0.13335426469539535
data/fixtures/dummy/images/00199.png,1,resize_0.5,0.769246049816337
data/fixtures/dummy/images/00199.png,1,resize_0.25,0.4683229057996865
data/fixtures/dummy/images/00199.png,1,noise_0.02,0.7596464678373441
data/fixtures/dummy/images/00199.png,1,noise_0.05,0.6979826117122033
data/fixtures/dummy/images/00199.png,1,noise_0.1,0.1142607799758888
data/fixtures/dummy/images/00199.png,1,jitter_0.2,0.4508859518896604
data/fixtures/dummy/images/00199.png,1,center_crop_0.8,0.8943441396839021
data/fixtures/dummy/images/00199.png,1,composed_blur1.0+jpeg70,0.7518806892842708
data/fixtures/dummy/images/00199.png,1,composed_resize0.5+jpeg50,0.5878973926749556
data/fixtures/dummy/images/00199.png,1,composed_jitter0.2+jpeg30,0.5735808947389893
data/fixtures/dummy/images/00199.png,1,composed_resize0.25+blur0.5+jpeg30,0.8920977369042689
data/fixtures/dummy/images/00200.jpg,0,clean,0.21521794446814924
data/fixtures/dummy/images/00200.jpg,0,jpeg_90,0.48831227402445787
data/fixtures/dummy/images/00200.jpg,0,jpeg_70,0.45207455917118067
data/fixtures/dummy/images/00200.jpg,0,jpeg_50,0.8829438410047444
data/fixtures/dummy/images/00200.jpg,0,jpeg_30,0.33875019469042444
data/fixtures/dummy/images/00200.jpg,0,blur_0.5,0.6922270232238671
data/fixtures/dummy/images/00200.jpg,0,blur_1.0,0.08558547092499014
data/fixtures/dummy/images/00200.jpg,0,blur_2.0,0.41519116028368863
data/fixtures/dummy/images/00200.jpg,0,resize_0.5,0.1924970846475328
data/fixtures/dummy/images/00200.jpg,0,resize_0.25,0.7873427345379
data/fixtures/dummy/images/00200.jpg,0,noise_0.02,0.3576798106465373
data/fixtures/dummy/images/00200.jpg,0,noise_0.05,0.731585061437126
data/fixtures/dummy/images/00200.jpg,0,noise_0.1,0.03155048563139362
data/fixtures/dummy/images/00200.jpg,0,jitter_0.2,0.8676159992749877
data/fixtures/dummy/images/00200.jpg,0,center_crop_0.8,0.34801182107287265
data/fixtures/dummy/images/00200.jpg,0,composed_blur1.0+jpeg70,0.02741902674747876
data/fixtures/dummy/images/00200.jpg,0,composed_resize0.5+jpeg50,0.7145356964478554
data/fixtures/dummy/images/00200.jpg,0,composed_jitter0.2+jpeg30,0.5977896258080002
data/fixtures/dummy/images/00200.jpg,0,composed_resize0.25+blur0.5+jpeg30,0.7433776347313121
data/fixtures/dummy/images/00201.png,1,clean,0.6979801218496816
data/fixtures/dummy/images/00201.png,1,jpeg_90,0.3536445363071564
data/fixtures/dummy/images/00201.png,1,jpeg_70,0.3499574231312188
data/fixtures/dummy/images/00201.png,1,jpeg_50,0.045159248392461215
data/fixtures/dummy/images/00201.png,1,jpeg_30,0.0495585498136113
data/fixtures/dummy/images/00201.png,1,blur_0.5,0.2515945599325502
data/fixtures/dummy/images/00201.png,1,blur_1.0,0.23286829666620013
data/fixtures/dummy/images/00201.png,1,blur_2.0,0.9100223111495321
data/fixtures/dummy/images/00201.png,1,resize_0.5,0.2959972442395813
data/fixtures/dummy/images/00201.png,1,resize_0.25,0.762097847711203
data/fixtures/dummy/images/00201.png,1,noise_0.02,0.4223129982929712
data/fixtures/dummy/images/00201.png,1,noise_0.05,0.24656980304087073
data/fixtures/dummy/images/00201.png,1,noise_0.1,0.4732240060098749
data/fixtures/dummy/images/00201.png,1,jitter_0.2,0.13981408472683476
data/fixtures/dummy/images/00201.png,1,center_crop_0.8,0.9311501584199294
data/fixtures/dummy/images/00201.png,1,composed_blur1.0+jpeg70,0.988034485315122
data/fixtures/dummy/images/00201.png,1,composed_resize0.5+jpeg50,0.4912952194111597
data/fixtures/dummy/images/00201.png,1,composed_jitter0.2+jpeg30,0.7921707340078434
data/fixtures/dummy/images/00201.png,1,composed_resize0.25+blur0.5+jpeg30,0.8881972155100101
data/fixtures/dummy/images/00202.png,1,clean,0.01119180389720753
data/fixtures/dummy/images/00202.png,1,jpeg_90,0.9240455735694033
data/fixtures/dummy/images/00202.png,1,jpeg_70,0.6593515916070853
data/fixtures/dummy/images/00202.png,1,jpeg_50,0.1911633105270224
data/fixtures/dummy/images/00202.png,1,jpeg_30,0.6526529703037272
data/fixtures/dummy/images/00202.png,1,blur_0.5,0.02040365598069971
data/fixtures/dummy/images/00202.png,1,blur_1.0,0.9193318254342585
data/fixtures/dummy/images/00202.png,1,blur_2.0,0.7791283066609812
data/fixtures/dummy/images/00202.png,1,resize_0.5,0.3651113258044335
data/fixtures/dummy/images/00202.png,1,resize_0.25,0.3993130858510644
data/fixtures/dummy/images/00202.png,1,noise_0.02,0.8364048277268309
data/fixtures/dummy/images/00202.png,1,noise_0.05,0.34275393495764783
data/fixtures/dummy/images/00202.png,1,noise_0.1,0.08787948345486363
data/fixtures/dummy/images/00202.png,1,jitter_0.2,0.4411463773688924
data/fixtures/dummy/images/00202.png,1,center_crop_0.8,0.6086354662025186
data/fixtures/dummy/images/00202.png,1,composed_blur1.0+jpeg70,0.14699306159996606
data/fixtures/dummy/images/00202.png,1,composed_resize0.5+jpeg50,0.9140883368939247
data/fixtures/dummy/images/00202.png,1,composed_jitter0.2+jpeg30,0.3862884991434006
data/fixtures/dummy/images/00202.png,1,composed_resize0.25+blur0.5+jpeg30,0.041755427083058905
data/fixtures/dummy/images/00203.png,0,clean,0.09488321502331676
data/fixtures/dummy/images/00203.png,0,jpeg_90,0.08344912366248936
data/fixtures/dummy/images/00203.png,0,jpeg_70,0.4771502204366743
data/fixtures/dummy/images/00203.png,0,jpeg_50,0.06493546354712487
data/fixtures/dummy/images/00203.png,0,jpeg_30,0.6832775978034502
data/fixtures/dummy/images/00203.png,0,blur_0.5,0.6442199178837774
data/fixtures/dummy/images/00203.png,0,blur_1.0,0.25410685384274123
data/fixtures/dummy/images/00203.png,0,blur_2.0,0.6315368491696985
data/fixtures/dummy/images/00203.png,0,resize_0.5,0.7818908970752486
data/fixtures/dummy/images/00203.png,0,resize_0.25,0.7844384779431799
data/fixtures/dummy/images/00203.png,0,noise_0.02,0.8305064866605305
data/fixtures/dummy/images/00203.png,0,noise_0.05,0.5330761503968833
data/fixtures/dummy/images/00203.png,0,noise_0.1,0.6840267959077665
data/fixtures/dummy/images/00203.png,0,jitter_0.2,0.11098981400356023
data/fixtures/dummy/images/00203.png,0,center_crop_0.8,0.3453147913562694
data/fixtures/dummy/images/00203.png,0,composed_blur1.0+jpeg70,0.9112114118978019
data/fixtures/dummy/images/00203.png,0,composed_resize0.5+jpeg50,0.04048546990896973
data/fixtures/dummy/images/00203.png,0,composed_jitter0.2+jpeg30,0.8747715213652245
data/fixtures/dummy/images/00203.png,0,composed_resize0.25+blur0.5+jpeg30,0.5919534895815826
data/fixtures/dummy/images/00204.png,0,clean,0.12750995734186144
data/fixtures/dummy/images/00204.png,0,jpeg_90,0.8009179555398573
data/fixtures/dummy/images/00204.png,0,jpeg_70,0.17575934867882514
data/fixtures/dummy/images/00204.png,0,jpeg_50,0.3639338277656191
data/fixtures/dummy/images/00204.png,0,jpeg_30,0.9526492231908332
data/fixtures/dummy/images/00204.png,0,blur_0.5,0.1807975356309114
data/fixtures/dummy/images/00204.png,0,blur_1.0,0.6165044287141253
data/fixtures/dummy/images/00204.png,0,blur_2.0,0.26546064121570545
data/fixtures/dummy/images/00204.png,0,resize_0.5,0.537975059440708
data/fixtures/dummy/images/00204.png,0,resize_0.25,0.9629396193716607
data/fixtures/dummy/images/00204.png,0,noise_0.02,0.8000865759840505
data/fixtures/dummy/images/00204.png,0,noise_0.05,0.3842515239832851
data/fixtures/dummy/images/00204.png,0,noise_0.1,0.7323826342443243
data/fixtures/dummy/images/00204.png,0,jitter_0.2,0.40549158097530136
data/fixtures/dummy/images/00204.png,0,center_crop_0.8,0.7138184907789223
data/fixtures/dummy/images/00204.png,0,composed_blur1.0+jpeg70,0.22476496408176028
data/fixtures/dummy/images/00204.png,0,composed_resize0.5+jpeg50,0.7455145244611177
data/fixtures/dummy/images/00204.png,0,composed_jitter0.2+jpeg30,0.35029588309690174
data/fixtures/dummy/images/00204.png,0,composed_resize0.25+blur0.5+jpeg30,0.9809951853761191
data/fixtures/dummy/images/00205.png,0,clean,0.17528306654709047
data/fixtures/dummy/images/00205.png,0,jpeg_90,0.08853838375280165
data/fixtures/dummy/images/00205.png,0,jpeg_70,0.17168328681520262
data/fixtures/dummy/images/00205.png,0,jpeg_50,0.46109038895314103
data/fixtures/dummy/images/00205.png,0,jpeg_30,0.5669130777396996
data/fixtures/dummy/images/00205.png,0,blur_0.5,0.9552855182166307
data/fixtures/dummy/images/00205.png,0,blur_1.0,0.9308861925424842
data/fixtures/dummy/images/00205.png,0,blur_2.0,0.14808817946426767
data/fixtures/dummy/images/00205.png,0,resize_0.5,0.28384963863309776
data/fixtures/dummy/images/00205.png,0,resize_0.25,0.9718066298273971
data/fixtures/dummy/images/00205.png,0,noise_0.02,0.03543433805183216
data/fixtures/dummy/images/00205.png,0,noise_0.05,0.03273322318179561
data/fixtures/dummy/images/00205.png,0,noise_0.1,0.37645286735519
data/fixtures/dummy/images/00205.png,0,jitter_0.2,0.31433024747912053
data/fixtures/dummy/images/00205.png,0,center_crop_0.8,0.6334743809319588
data/fixtures/dummy/images/00205.png,0,composed_blur1.0+jpeg70,0.3549468587259874
data/fixtures/dummy/images/00205.png,0,composed_resize0.5+jpeg50,0.2269425697434646
data/fixtures/dummy/images/00205.png,0,composed_jitter0.2+jpeg30,0.5577221866875569
data/fixtures/dummy/images/00205.png,0,composed_resize0.25+blur0.5+jpeg30,0.5568634081861549
data/fixtures/dummy/images/00206.png,1,clean,0.24596453540861785
data/fixtures/dummy/images/00206.png,1,jpeg_90,0.4004891909886499
data/fixtures/dummy/images/00206.png,1,jpeg_70,0.2782170049545254
data/fixtures/dummy/images/00206.png,1,jpeg_50,0.7885350906035179
data/fixtures/dummy/images/00206.png,1,jpeg_30,0.04108922361305212
data/fixtures/dummy/images/00206.png,1,blur_0.5,0.4896611134114951
data/fixtures/dummy/images/00206.png,1,blur_1.0,0.05745808908391503
data/fixtures/dummy/images/00206.png,1,blur_2.0,0.7634022836553886
data/fixtures/dummy/images/00206.png,1,resize_0.5,0.732526593947039
data/fixtures/dummy/images/00206.png,1,resize_0.25,0.39236533828791864
data/fixtures/dummy/images/00206.png,1,noise_0.02,0.8436305733637207
data/fixtures/dummy/images/00206.png,1,noise_0.05,0.4780995079104168
data/fixtures/dummy/images/00206.png,1,noise_0.1,0.697456018724659
data/fixtures/dummy/images/00206.png,1,jitter_0.2,0.26029762510036414
data/fixtures/dummy/images/00206.png,1,center_crop_0.8,0.45770214207003657
data/fixtures/dummy/images/00206.png,1,composed_blur1.0+jpeg70,0.38126205539668334
data/fixtures/dummy/images/00206.png,1,composed_resize0.5+jpeg50,0.030906835607281025
data/fixtures/dummy/images/00206.png,1,composed_jitter0.2+jpeg30,0.7622106469378535
data/fixtures/dummy/images/00206.png,1,composed_resize0.25+blur0.5+jpeg30,0.35832377181058317
data/fixtures/dummy/images/00207.png,0,clean,0.8976136765164601
data/fixtures/dummy/images/00207.png,0,jpeg_90,0.33484400010956283
data/fixtures/dummy/images/00207.png,0,jpeg_70,0.11991014062809247
data/fixtures/dummy/images/00207.png,0,jpeg_50,0.19024909626736708
data/fixtures/dummy/images/00207.png,0,jpeg_30,0.12176556903556934
data/fixtures/dummy/images/00207.png,0,blur_0.5,0.7852881870274196
data/fixtures/dummy/images/00207.png,0,blur_1.0,0.07574573286991393
data/fixtures/dummy/images/00207.png,0,blur_2.0,0.14954943079852812
data/fixtures/dummy/images/00207.png,0,resize_0.5,0.6906861994529141
data/fixtures/dummy/images/00207.png,0,resize_0.25,0.794203973370865
data/fixtures/dummy/images/00207.png,0,noise_0.02,0.23896171322457027
data/fixtures/dummy/images/00207.png,0,noise_0.05,0.8707279808709104
data/fixtures/dummy/images/00207.png,0,noise_0.1,0.9777393083917079
data/fixtures/dummy/images/00207.png,0,jitter_0.2,0.0580788019302354
data/fixtures/dummy/images/00207.png,0,center_crop_0.8,0.6449452237732095
data/fixtures/dummy/images/00207.png,0,composed_blur1.0+jpeg70,0.11000725525404564
data/fixtures/dummy/images/00207.png,0,composed_resize0.5+jpeg50,0.3759524102062819
data/fixtures/dummy/images/00207.png,0,composed_jitter0.2+jpeg30,0.006927025747804572
data/fixtures/dummy/images/00207.png,0,composed_resize0.25+blur0.5+jpeg30,0.8509616541500493
data/fixtures/dummy/images/00208.png,1,clean,0.24554867666525904
data/fixtures/dummy/images/00208.png,1,jpeg_90,0.5042710674526768
data/fixtures/dummy/images/00208.png,1,jpeg_70,0.6422444901901583
data/fixtures/dummy/images/00208.png,1,jpeg_50,0.8608451195906476
data/fixtures/dummy/images/00208.png,1,jpeg_30,0.00842461107652892
data/fixtures/dummy/images/00208.png,1,blur_0.5,0.29338774070642726
data/fixtures/dummy/images/00208.png,1,blur_1.0,0.09095925197389898
data/fixtures/dummy/images/00208.png,1,blur_2.0,0.5342970443020729
data/fixtures/dummy/images/00208.png,1,resize_0.5,0.315398896320782
data/fixtures/dummy/images/00208.png,1,resize_0.25,0.2805136660689259
data/fixtures/dummy/images/00208.png,1,noise_0.02,0.038795368037019995
data/fixtures/dummy/images/00208.png,1,noise_0.05,0.2052315277707737
data/fixtures/dummy/images/00208.png,1,noise_0.1,0.022913541050090802
data/fixtures/dummy/images/00208.png,1,jitter_0.2,0.40117145767997386
data/fixtures/dummy/images/00208.png,1,center_crop_0.8,0.21980718765484786
data/fixtures/dummy/images/00208.png,1,composed_blur1.0+jpeg70,0.011672868243712275
data/fixtures/dummy/images/00208.png,1,composed_resize0.5+jpeg50,0.01883880898802992
data/fixtures/dummy/images/00208.png,1,composed_jitter0.2+jpeg30,0.42186831416695303
data/fixtures/dummy/images/00208.png,1,composed_resize0.25+blur0.5+jpeg30,0.46206639611671685
data/fixtures/dummy/images/00209.png,1,clean,0.8989457495808864
data/fixtures/dummy/images/00209.png,1,jpeg_90,0.043870803038820516
data/fixtures/dummy/images/00209.png,1,jpeg_70,0.13772988378066897
data/fixtures/dummy/images/00209.png,1,jpeg_50,0.3792786115391059
data/fixtures/dummy/images/00209.png,1,jpeg_30,0.8320114120883864
data/fixtures/dummy/images/00209.png,1,blur_0.5,0.9287173541708527
data/fixtures/dummy/images/00209.png,1,blur_1.0,0.7863764509264648
data/fixtures/dummy/images/00209.png,1,blur_2.0,0.8041888109186635
data/fixtures/dummy/images/00209.png,1,resize_0.5,0.16108504960231318
data/fixtures/dummy/images/00209.png,1,resize_0.25,0.673820019544687
data/fixtures/dummy/images/00209.png,1,noise_0.02,0.31957930832859494
data/fixtures/dummy/images/00209.png,1,noise_0.05,0.02296542719885053
data/fixtures/dummy/images/00209.png,1,noise_0.1,0.9596822156751587
data/fixtures/dummy/images/00209.png,1,jitter_0.2,0.013595334685692406
data/fixtures/dummy/images/00209.png,1,center_crop_0.8,0.5611267681046418
data/fixtures/dummy/images/00209.png,1,composed_blur1.0+jpeg70,0.033191194834370275
data/fixtures/dummy/images/00209.png,1,composed_resize0.5+jpeg50,0.9674036417616451
data/fixtures/dummy/images/00209.png,1,composed_jitter0.2+jpeg30,0.05212695297942749
data/fixtures/dummy/images/00209.png,1,composed_resize0.25+blur0.5+jpeg30,0.6261432550038079
data/fixtures/dummy/images/00210.png,1,clean,0.09989594102042665
data/fixtures/dummy/images/00210.png,1,jpeg_90,0.0076172808977177375
data/fixtures/dummy/images/00210.png,1,jpeg_70,0.434700585511435
data/fixtures/dummy/images/00210.png,1,jpeg_50,0.8088251292342471
data/fixtures/dummy/images/00210.png,1,jpeg_30,0.20415307469034216
data/fixtures/dummy/images/00210.png,1,blur_0.5,0.1012011515175184
data/fixtures/dummy/images/00210.png,1,blur_1.0,0.6026158563304858
data/fixtures/dummy/images/00210.png,1,blur_2.0,0.8121833927555492
data/fixtures/dummy/images/00210.png,1,resize_0.5,0.4745254758456403
data/fixtures/dummy/images/00210.png,1,resize_0.25,0.22202738197665572
data/fixtures/dummy/images/00210.png,1,noise_0.02,0.7802621578383808
data/fixtures/dummy/images/00210.png,1,noise_0.05,0.318726972645066
data/fixtures/dummy/images/00210.png,1,noise_0.1,0.4844952048900477
data/fixtures/dummy/images/00210.png,1,jitter_0.2,0.15189335855892772
data/fixtures/dummy/images/00210.png,1,center_crop_0.8,0.06424716636566585
data/fixtures/dummy/images/00210.png,1,composed_blur1.0+jpeg70,0.6525028805859673
data/fixtures/dummy/images/00210.png,1,composed_resize0.5+jpeg50,0.9080756035813011
data/fixtures/dummy/images/00210.png,1,composed_jitter0.2+jpeg30,0.908003525003045
data/fixtures/dummy/images/00210.png,1,composed_resize0.25+blur0.5+jpeg30,0.8926072959226551
data/fixtures/dummy/images/00211.png,0,clean,0.3067703952305857
data/fixtures/dummy/images/00211.png,0,jpeg_90,0.7182430289315548
data/fixtures/dummy/images/00211.png,0,jpeg_70,0.1936660346095086
data/fixtures/dummy/images/00211.png,0,jpeg_50,0.9244886007397998
data/fixtures/dummy/images/00211.png,0,jpeg_30,0.9010272770716162
data/fixtures/dummy/images/00211.png,0,blur_0.5,0.4470541433127382
data/fixtures/dummy/images/00211.png,0,blur_1.0,0.2662458781245418
data/fixtures/dummy/images/00211.png,0,blur_2.0,0.6549124295861378
data/fixtures/dummy/images/00211.png,0,resize_0.5,0.06696981317661965
data/fixtures/dummy/images/00211.png,0,resize_0.25,0.7017437538508006
data/fixtures/dummy/images/00211.png,0,noise_0.02,0.14785489064637436
data/fixtures/dummy/images/00211.png,0,noise_0.05,0.4875956296476024
data/fixtures/dummy/images/00211.png,0,noise_0.1,0.22975494129559493
data/fixtures/dummy/images/00211.png,0,jitter_0.2,0.4385982221853464
data/fixtures/dummy/images/00211.png,0,center_crop_0.8,0.8135340861190294
data/fixtures/dummy/images/00211.png,0,composed_blur1.0+jpeg70,0.3790566265619192
data/fixtures/dummy/images/00211.png,0,composed_resize0.5+jpeg50,0.8578302520319167
data/fixtures/dummy/images/00211.png,0,composed_jitter0.2+jpeg30,0.59530915225963
data/fixtures/dummy/images/00211.png,0,composed_resize0.25+blur0.5+jpeg30,0.3651609260556484
data/fixtures/dummy/images/00212.png,0,clean,0.9009149675839444
data/fixtures/dummy/images/00212.png,0,jpeg_90,0.04027827676921425
data/fixtures/dummy/images/00212.png,0,jpeg_70,0.1900803182693942
data/fixtures/dummy/images/00212.png,0,jpeg_50,0.4364670776152544
data/fixtures/dummy/images/00212.png,0,jpeg_30,0.9217236027141429
data/fixtures/dummy/images/00212.png,0,blur_0.5,0.9754545660720702
data/fixtures/dummy/images/00212.png,0,blur_1.0,0.4350161443134396
data/fixtures/dummy/images/00212.png,0,blur_2.0,0.9610884818467933
data/fixtures/dummy/images/00212.png,0,resize_0.5,0.24221302833712122
data/fixtures/dummy/images/00212.png,0,resize_0.25,0.8521658063368138
data/fixtures/dummy/images/00212.png,0,noise_0.02,0.7381449641834532
data/fixtures/dummy/images/00212.png,0,noise_0.05,0.6135916231733208
data/fixtures/dummy/images/00212.png,0,noise_0.1,0.21716947813408882
data/fixtures/dummy/images/00212.png,0,jitter_0.2,0.2822651018183827
data/fixtures/dummy/images/00212.png,0,center_crop_0.8,0.9491888366937523
data/fixtures/dummy/images/00212.png,0,composed_blur1.0+jpeg70,0.7111917340545552
data/fixtures/dummy/images/00212.png,0,composed_resize0.5+jpeg50,0.45611003754700374
data/fixtures/dummy/images/00212.png,0,composed_jitter0.2+jpeg30,0.5002995310045238
data/fixtures/dummy/images/00212.png,0,composed_resize0.25+blur0.5+jpeg30,0.7666025460641881
data/fixtures/dummy/images/00213.png,0,clean,0.27073237541164197
data/fixtures/dummy/images/00213.png,0,jpeg_90,0.25344832156746244
data/fixtures/dummy/images/00213.png,0,jpeg_70,0.5072198824749614
data/fixtures/dummy/images/00213.png,0,jpeg_50,0.5738237831967841
data/fixtures/dummy/images/00213.png,0,jpeg_30,0.8701561474727079
data/fixtures/dummy/images/00213.png,0,blur_0.5,0.46386221325899657
data/fixtures/dummy/images/00213.png,0,blur_1.0,0.569825813798176
data/fixtures/dummy/images/00213.png,0,blur_2.0,0.14494379438296
data/fixtures/dummy/images/00213.png,0,resize_0.5,0.7911326840686004
data/fixtures/dummy/images/00213.png,0,resize_0.25,0.578534695132509
data/fixtures/dummy/images/00213.png,0,noise_0.02,0.3288442438882141
data/fixtures/dummy/images/00213.png,0,noise_0.05,0.32370705508797537
data/fixtures/dummy/images/00213.png,0,noise_0.1,0.20757729146107473
data/fixtures/dummy/images/00213.png,0,jitter_0.2,0.45085644959819393
data/fixtures/dummy/images/00213.png,0,center_crop_0.8,0.34896199138535877
data/fixtures/dummy/images/00213.png,0,composed_blur1.0+jpeg70,0.3831012264546272
data/fixtures/dummy/images/00213.png,0,composed_resize0.5+jpeg50,0.1775611703382185
data/fixtures/dummy/images/00213.png,0,composed_jitter0.2+jpeg30,0.42070120882341866
data/fixtures/dummy/images/00213.png,0,composed_resize0.25+blur0.5+jpeg30,0.5879045971999832
data/fixtures/dummy/images/00214.png,1,clean,0.10469597265655939
data/fixtures/dummy/images/00214.png,1,jpeg_90,0.38589321568806234
data/fixtures/dummy/images/00214.png,1,jpeg_70,0.7317123083502737
data/fixtures/dummy/images/00214.png,1,jpeg_50,0.3412780805662581
data/fixtures/dummy/images/00214.png,1,jpeg_30,0.8574080281306438
data/fixtures/dummy/images/00214.png,1,blur_0.5,0.6270961601571615
data/fixtures/dummy/images/00214.png,1,blur_1.0,0.7517875824282427
data/fixtures/dummy/images/00214.png,1,blur_2.0,0.8092398506362396
data/fixtures/dummy/images/00214.png,1,resize_0.5,0.08534761659620993
data/fixtures/dummy/images/00214.png,1,resize_0.25,0.5659547010548401
data/fixtures/dummy/images/00214.png,1,noise_0.02,0.7882115975303411
data/fixtures/dummy/images/00214.png,1,noise_0.05,0.45761582038454995
data/fixtures/dummy/images/00214.png,1,noise_0.1,0.6512894489602555
data/fixtures/dummy/images/00214.png,1,jitter_0.2,0.022940107167289114
data/fixtures/dummy/images/00214.png,1,center_crop_0.8,0.3679837202869134
data/fixtures/dummy/images/00214.png,1,composed_blur1.0+jpeg70,0.10105901883541635
data/fixtures/dummy/images/00214.png,1,composed_resize0.5+jpeg50,0.7549863532827087
data/fixtures/dummy/images/00214.png,1,composed_jitter0.2+jpeg30,0.9369222544615526
data/fixtures/dummy/images/00214.png,1,composed_resize0.25+blur0.5+jpeg30,0.5566021978706165
data/fixtures/dummy/images/00215.png,0,clean,0.6606878439917834
data/fixtures/dummy/images/00215.png,0,jpeg_90,0.019595843648053002
data/fixtures/dummy/images/00215.png,0,jpeg_70,0.38023073813532904
data/fixtures/dummy/images/00215.png,0,jpeg_50,0.01596765561133473
data/fixtures/dummy/images/00215.png,0,jpeg_30,0.10136737969635823
data/fixtures/dummy/images/00215.png,0,blur_0.5,0.2863235574145532
data/fixtures/dummy/images/00215.png,0,blur_1.0,0.4113546889846875
data/fixtures/dummy/images/00215.png,0,blur_2.0,0.6229426995623922
data/fixtures/dummy/images/00215.png,0,resize_0.5,0.17366925752224294
data/fixtures/dummy/images/00215.png,0,resize_0.25,0.6131390748565421
data/fixtures/dummy/images/00215.png,0,noise_0.02,0.08552863715845482
data/fixtures/dummy/images/00215.png,0,noise_0.05,0.8402450112316181
data/fixtures/dummy/images/00215.png,0,noise_0.1,0.9379057127643013
data/fixtures/dummy/images/00215.png,0,jitter_0.2,0.23009142969444052
data/fixtures/dummy/images/00215.png,0,center_crop_0.8,0.06975094311756058
data/fixtures/dummy/images/00215.png,0,composed_blur1.0+jpeg70,0.7249733783478456
data/fixtures/dummy/images/00215.png,0,composed_resize0.5+jpeg50,0.7508161156865527
data/fixtures/dummy/images/00215.png,0,composed_jitter0.2+jpeg30,0.5507081447716622
data/fixtures/dummy/images/00215.png,0,composed_resize0.25+blur0.5+jpeg30,0.47649033690675435
data/fixtures/dummy/images/00216.png,0,clean,0.3417436423625728
data/fixtures/dummy/images/00216.png,0,jpeg_90,0.028021646606997463
data/fixtures/dummy/images/00216.png,0,jpeg_70,0.8120529798101556
data/fixtures/dummy/images/00216.png,0,jpeg_50,0.08274019996752435
data/fixtures/dummy/images/00216.png,0,jpeg_30,0.559034263697871
data/fixtures/dummy/images/00216.png,0,blur_0.5,0.3214400764288049
data/fixtures/dummy/images/00216.png,0,blur_1.0,0.02771455386907562
data/fixtures/dummy/images/00216.png,0,blur_2.0,0.2589481414148388
data/fixtures/dummy/images/00216.png,0,resize_0.5,0.6814691488832472
data/fixtures/dummy/images/00216.png,0,resize_0.25,0.5303691678277996
data/fixtures/dummy/images/00216.png,0,noise_0.02,0.06359814153923948
data/fixtures/dummy/images/00216.png,0,noise_0.05,0.8960821100143382
data/fixtures/dummy/images/00216.png,0,noise_0.1,0.3564264403203903
data/fixtures/dummy/images/00216.png,0,jitter_0.2,0.8604974011098805
data/fixtures/dummy/images/00216.png,0,center_crop_0.8,0.7972227422172496
data/fixtures/dummy/images/00216.png,0,composed_blur1.0+jpeg70,0.1075263930934699
data/fixtures/dummy/images/00216.png,0,composed_resize0.5+jpeg50,0.5866254764252666
data/fixtures/dummy/images/00216.png,0,composed_jitter0.2+jpeg30,0.47159631598015095
data/fixtures/dummy/images/00216.png,0,composed_resize0.25+blur0.5+jpeg30,0.3575084386165901
data/fixtures/dummy/images/00217.png,0,clean,0.5652600904899763
data/fixtures/dummy/images/00217.png,0,jpeg_90,0.9440228372330755
data/fixtures/dummy/images/00217.png,0,jpeg_70,0.3973629687418412
data/fixtures/dummy/images/00217.png,0,jpeg_50,0.23072336929925974
data/fixtures/dummy/images/00217.png,0,jpeg_30,0.4606749341647408
data/fixtures/dummy/images/00217.png,0,blur_0.5,0.69925161775104
data/fixtures/dummy/images/00217.png,0,blur_1.0,0.6881581291187673
data/fixtures/dummy/images/00217.png,0,blur_2.0,0.0655681865382427
data/fixtures/dummy/images/00217.png,0,resize_0.5,0.506136051781716
data/fixtures/dummy/images/00217.png,0,resize_0.25,0.6646719310436109
data/fixtures/dummy/images/00217.png,0,noise_0.02,0.9001108357748311
data/fixtures/dummy/images/00217.png,0,noise_0.05,0.6043035007368165
data/fixtures/dummy/images/00217.png,0,noise_0.1,0.9898026768247878
data/fixtures/dummy/images/00217.png,0,jitter_0.2,0.08520041219181562
data/fixtures/dummy/images/00217.png,0,center_crop_0.8,0.19938144930810808
data/fixtures/dummy/images/00217.png,0,composed_blur1.0+jpeg70,0.5051925354582975
data/fixtures/dummy/images/00217.png,0,composed_resize0.5+jpeg50,0.05302850701845818
data/fixtures/dummy/images/00217.png,0,composed_jitter0.2+jpeg30,0.8248349941160308
data/fixtures/dummy/images/00217.png,0,composed_resize0.25+blur0.5+jpeg30,0.22735000215986323
data/fixtures/dummy/images/00218.png,0,clean,0.010603255478170093
data/fixtures/dummy/images/00218.png,0,jpeg_90,0.2243535547576554
data/fixtures/dummy/images/00218.png,0,jpeg_70,0.8329206791401994
data/fixtures/dummy/images/00218.png,0,jpeg_50,0.6000780043722966
data/fixtures/dummy/images/00218.png,0,jpeg_30,0.2144158996077653
data/fixtures/dummy/images/00218.png,0,blur_0.5,0.43857368258498575
data/fixtures/dummy/images/00218.png,0,blur_1.0,0.48993508303457767
data/fixtures/dummy/images/00218.png,0,blur_2.0,0.5876336621580794
data/fixtures/dummy/images/00218.png,0,resize_0.5,0.44875743158557657
data/fixtures/dummy/images/00218.png,0,resize_0.25,0.3845757877112198
data/fixtures/dummy/images/00218.png,0,noise_0.02,0.555394247522307
data/fixtures/dummy/images/00218.png,0,noise_0.05,0.9735020533094201
data/fixtures/dummy/images/00218.png,0,noise_0.1,0.028585653720135995
data/fixtures/dummy/images/00218.png,0,jitter_0.2,0.1362798361427211
data/fixtures/dummy/images/00218.png,0,center_crop_0.8,0.7554137977452337
data/fixtures/dummy/images/00218.png,0,composed_blur1.0+jpeg70,0.7336967825628005
data/fixtures/dummy/images/00218.png,0,composed_resize0.5+jpeg50,0.48190993994933407
data/fixtures/dummy/images/00218.png,0,composed_jitter0.2+jpeg30,0.5061396369652207
data/fixtures/dummy/images/00218.png,0,composed_resize0.25+blur0.5+jpeg30,0.05637252734885079
data/fixtures/dummy/images/00219.png,1,clean,0.7151765110201984
data/fixtures/dummy/images/00219.png,1,jpeg_90,0.14686175098251186
data/fixtures/dummy/images/00219.png,1,jpeg_70,0.3374396510337262
data/fixtures/dummy/images/00219.png,1,jpeg_50,0.5380625542737648
data/fixtures/dummy/images/00219.png,1,jpeg_30,0.6368692744251624
data/fixtures/dummy/images/00219.png,1,blur_0.5,0.5452905030591633
data/fixtures/dummy/images/00219.png,1,blur_1.0,0.22968333246105932
data/fixtures/dummy/images/00219.png,1,blur_2.0,0.700463178753793
data/fixtures/dummy/images/00219.png,1,resize_0.5,0.7372642537159014
data/fixtures/dummy/images/00219.png,1,resize_0.25,0.14269229932677951
data/fixtures/dummy/images/00219.png,1,noise_0.02,0.3426617451813302
data/fixtures/dummy/images/00219.png,1,noise_0.05,0.9365794615415547
data/fixtures/dummy/images/00219.png,1,noise_0.1,0.4104770047222521
data/fixtures/dummy/images/00219.png,1,jitter_0.2,0.8887870677926174
data/fixtures/dummy/images/00219.png,1,center_crop_0.8,0.08152759388355235
data/fixtures/dummy/images/00219.png,1,composed_blur1.0+jpeg70,0.14680671439161308
data/fixtures/dummy/images/00219.png,1,composed_resize0.5+jpeg50,0.8948837166444312
data/fixtures/dummy/images/00219.png,1,composed_jitter0.2+jpeg30,0.20324238890041868
data/fixtures/dummy/images/00219.png,1,composed_resize0.25+blur0.5+jpeg30,0.5873555946332807
data/fixtures/dummy/images/00220.png,1,clean,0.39027354150853844
data/fixtures/dummy/images/00220.png,1,jpeg_90,0.5934907067930663
data/fixtures/dummy/images/00220.png,1,jpeg_70,0.5572639101668153
data/fixtures/dummy/images/00220.png,1,jpeg_50,0.6913613095927754
data/fixtures/dummy/images/00220.png,1,jpeg_30,0.8895174105040197
data/fixtures/dummy/images/00220.png,1,blur_0.5,0.45727229970640604
data/fixtures/dummy/images/00220.png,1,blur_1.0,0.782070394616628
data/fixtures/dummy/images/00220.png,1,blur_2.0,0.7540717623972913
data/fixtures/dummy/images/00220.png,1,resize_0.5,0.8450386109606992
data/fixtures/dummy/images/00220.png,1,resize_0.25,0.9165468149798618
data/fixtures/dummy/images/00220.png,1,noise_0.02,0.46456508440422173
data/fixtures/dummy/images/00220.png,1,noise_0.05,0.943391823387491
data/fixtures/dummy/images/00220.png,1,noise_0.1,0.5132984728086948
data/fixtures/dummy/images/00220.png,1,jitter_0.2,0.0624621414510973
data/fixtures/dummy/images/00220.png,1,center_crop_0.8,0.889983651839377
data/fixtures/dummy/images/00220.png,1,composed_blur1.0+jpeg70,0.5461216003184746
data/fixtures/dummy/images/00220.png,1,composed_resize0.5+jpeg50,0.5031948301760036
data/fixtures/dummy/images/00220.png,1,composed_jitter0.2+jpeg30,0.28199379658714585
data/fixtures/dummy/images/00220.png,1,composed_resize0.25+blur0.5+jpeg30,0.49655360723384223
data/fixtures/dummy/images/00221.png,0,clean,0.7205994313471826
data/fixtures/dummy/images/00221.png,0,jpeg_90,0.11356716792992405
data/fixtures/dummy/images/00221.png,0,jpeg_70,0.5945410328293627
data/fixtures/dummy/images/00221.png,0,jpeg_50,0.6245605236407192
data/fixtures/dummy/images/00221.png,0,jpeg_30,0.6260210033342646
data/fixtures/dummy/images/00221.png,0,blur_0.5,0.15765616562795537
data/fixtures/dummy/images/00221.png,0,blur_1.0,0.8088394832895354
data/fixtures/dummy/images/00221.png,0,blur_2.0,0.6595081641269223
data/fixtures/dummy/images/00221.png,0,resize_0.5,0.39133497654641347
data/fixtures/dummy/images/00221.png,0,resize_0.25,0.5995195652620952
data/fixtures/dummy/images/00221.png,0,noise_0.02,0.9549214846350531
data/fixtures/dummy/images/00221.png,0,noise_0.05,0.9693819437497354
data/fixtures/dummy/images/00221.png,0,noise_0.1,0.3078932266601939
data/fixtures/dummy/images/00221.png,0,jitter_0.2,0.21304263184881678
data/fixtures/dummy/images/00221.png,0,center_crop_0.8,0.8672327018515651
data/fixtures/dummy/images/00221.png,0,composed_blur1.0+jpeg70,0.8978753941365498
data/fixtures/dummy/images/00221.png,0,composed_resize0.5+jpeg50,0.9893538176098184
data/fixtures/dummy/images/00221.png,0,composed_jitter0.2+jpeg30,0.18613509994809185
data/fixtures/dummy/images/00221.png,0,composed_resize0.25+blur0.5+jpeg30,0.7671812120938254
data/fixtures/dummy/images/00222.png,0,clean,0.6668530118193947
data/fixtures/dummy/images/00222.png,0,jpeg_90,0.27393285909150655
data/fixtures/dummy/images/00222.png,0,jpeg_70,0.1408164532471443
data/fixtures/dummy/images/00222.png,0,jpeg_50,0.8934759793295839
data/fixtures/dummy/images/00222.png,0,jpeg_30,0.8794454499065484
data/fixtures/dummy/images/00222.png,0,blur_0.5,0.3064626169271325
data/fixtures/dummy/images/00222.png,0,blur_1.0,0.7769475344175135
data/fixtures/dummy/images/00222.png,0,blur_2.0,0.42462622568739083
data/fixtures/dummy/images/00222.png,0,resize_0.5,0.0606008914413233
data/fixtures/dummy/images/00222.png,0,resize_0.25,0.1540752106873059
data/fixtures/dummy/images/00222.png,0,noise_0.02,0.3667016461017433
data/fixtures/dummy/images/00222.png,0,noise_0.05,0.13448534828418457
data/fixtures/dummy/images/00222.png,0,noise_0.1,0.3818903515656179
data/fixtures/dummy/images/00222.png,0,jitter_0.2,0.21080066171598644
data/fixtures/dummy/images/00222.png,0,center_crop_0.8,0.10050469883499169
data/fixtures/dummy/images/00222.png,0,composed_blur1.0+jpeg70,0.165763625770056
data/fixtures/dummy/images/00222.png,0,composed_resize0.5+jpeg50,0.2725216182391521
data/fixtures/dummy/images/00222.png,0,composed_jitter0.2+jpeg30,0.9430434063739966
data/fixtures/dummy/images/00222.png,0,composed_resize0.25+blur0.5+jpeg30,0.008162601400550584
data/fixtures/dummy/images/00223.png,0,clean,0.8349560552321724
data/fixtures/dummy/images/00223.png,0,jpeg_90,0.629977363137713
data/fixtures/dummy/images/00223.png,0,jpeg_70,0.7123143456798622
data/fixtures/dummy/images/00223.png,0,jpeg_50,0.7501225290916442
data/fixtures/dummy/images/00223.png,0,jpeg_30,0.5816745915646522
data/fixtures/dummy/images/00223.png,0,blur_0.5,0.5170667411493375
data/fixtures/dummy/images/00223.png,0,blur_1.0,0.032648043073353894
data/fixtures/dummy/images/00223.png,0,blur_2.0,0.4238968616812778
data/fixtures/dummy/images/00223.png,0,resize_0.5,0.2774005242165515
data/fixtures/dummy/images/00223.png,0,resize_0.25,0.05436298464759204
data/fixtures/dummy/images/00223.png,0,noise_0.02,0.49054579273914856
data/fixtures/dummy/images/00223.png,0,noise_0.05,0.8318747657373188
data/fixtures/dummy/images/00223.png,0,noise_0.1,0.2945265187097592
data/fixtures/dummy/images/00223.png,0,jitter_0.2,0.2259720379999316
data/fixtures/dummy/images/00223.png,0,center_crop_0.8,0.6519632586130983
data/fixtures/dummy/images/00223.png,0,composed_blur1.0+jpeg70,0.33134019782319524
data/fixtures/dummy/images/00223.png,0,composed_resize0.5+jpeg50,0.13355103163581006
data/fixtures/dummy/images/00223.png,0,composed_jitter0.2+jpeg30,0.7399985262638293
data/fixtures/dummy/images/00223.png,0,composed_resize0.25+blur0.5+jpeg30,0.6154422951230196
data/fixtures/dummy/images/00224.png,1,clean,0.9483166156416494
data/fixtures/dummy/images/00224.png,1,jpeg_90,0.13452025743016882
data/fixtures/dummy/images/00224.png,1,jpeg_70,0.7006386335213061
data/fixtures/dummy/images/00224.png,1,jpeg_50,0.4781574517436493
data/fixtures/dummy/images/00224.png,1,jpeg_30,0.7097439303632422
data/fixtures/dummy/images/00224.png,1,blur_0.5,0.9988192319342305
data/fixtures/dummy/images/00224.png,1,blur_1.0,0.7395168299221404
data/fixtures/dummy/images/00224.png,1,blur_2.0,0.9579250453638978
data/fixtures/dummy/images/00224.png,1,resize_0.5,0.4725327307217213
data/fixtures/dummy/images/00224.png,1,resize_0.25,0.05934474870589823
data/fixtures/dummy/images/00224.png,1,noise_0.02,0.5526619289067971
data/fixtures/dummy/images/00224.png,1,noise_0.05,0.8473332166176674
data/fixtures/dummy/images/00224.png,1,noise_0.1,0.9598770224211614
data/fixtures/dummy/images/00224.png,1,jitter_0.2,0.33487441963185494
data/fixtures/dummy/images/00224.png,1,center_crop_0.8,0.6295885263529686
data/fixtures/dummy/images/00224.png,1,composed_blur1.0+jpeg70,0.44949124482241065
data/fixtures/dummy/images/00224.png,1,composed_resize0.5+jpeg50,0.5036851752932728
data/fixtures/dummy/images/00224.png,1,composed_jitter0.2+jpeg30,0.1360909534955127
data/fixtures/dummy/images/00224.png,1,composed_resize0.25+blur0.5+jpeg30,0.46461160648263944
data/fixtures/dummy/images/00225.png,1,clean,0.13069042093624927
data/fixtures/dummy/images/00225.png,1,jpeg_90,0.5239511631361604
data/fixtures/dummy/images/00225.png,1,jpeg_70,0.8757827839545942
data/fixtures/dummy/images/00225.png,1,jpeg_50,0.7173886093762164
data/fixtures/dummy/images/00225.png,1,jpeg_30,0.9104893300331693
data/fixtures/dummy/images/00225.png,1,blur_0.5,0.12008888950342922
data/fixtures/dummy/images/00225.png,1,blur_1.0,0.60034108254212
data/fixtures/dummy/images/00225.png,1,blur_2.0,0.32378756368673756
data/fixtures/dummy/images/00225.png,1,resize_0.5,0.8221841711521319
data/fixtures/dummy/images/00225.png,1,resize_0.25,0.721484022786713
data/fixtures/dummy/images/00225.png,1,noise_0.02,0.35377999698587326
data/fixtures/dummy/images/00225.png,1,noise_0.05,0.19735981914851164
data/fixtures/dummy/images/00225.png,1,noise_0.1,0.08526436266838922
data/fixtures/dummy/images/00225.png,1,jitter_0.2,0.8801104296045802
data/fixtures/dummy/images/00225.png,1,center_crop_0.8,0.766314558408663
data/fixtures/dummy/images/00225.png,1,composed_blur1.0+jpeg70,0.6662965880784527
data/fixtures/dummy/images/00225.png,1,composed_resize0.5+jpeg50,0.45096504774934787
data/fixtures/dummy/images/00225.png,1,composed_jitter0.2+jpeg30,0.9510639666913573
data/fixtures/dummy/images/00225.png,1,composed_resize0.25+blur0.5+jpeg30,0.11860425520334594
data/fixtures/dummy/images/00226.png,0,clean,0.3082678911641511
data/fixtures/dummy/images/00226.png,0,jpeg_90,0.35179826204615017
data/fixtures/dummy/images/00226.png,0,jpeg_70,0.05616650592152994
data/fixtures/dummy/images/00226.png,0,jpeg_50,0.28379311761125914
data/fixtures/dummy/images/00226.png,0,jpeg_30,0.864378424853122
data/fixtures/dummy/images/00226.png,0,blur_0.5,0.21287735618264614
data/fixtures/dummy/images/00226.png,0,blur_1.0,0.5537069928666106
data/fixtures/dummy/images/00226.png,0,blur_2.0,0.5075090761653468
data/fixtures/dummy/images/00226.png,0,resize_0.5,0.6030168908083291
data/fixtures/dummy/images/00226.png,0,resize_0.25,0.8140410628186977
data/fixtures/dummy/images/00226.png,0,noise_0.02,0.48680529008969287
data/fixtures/dummy/images/00226.png,0,noise_0.05,0.9088743008933851
data/fixtures/dummy/images/00226.png,0,noise_0.1,0.9021854288827175
data/fixtures/dummy/images/00226.png,0,jitter_0.2,0.5190210108438608
data/fixtures/dummy/images/00226.png,0,center_crop_0.8,0.7072009592945635
data/fixtures/dummy/images/00226.png,0,composed_blur1.0+jpeg70,0.3783725018020724
data/fixtures/dummy/images/00226.png,0,composed_resize0.5+jpeg50,0.3192139025177988
data/fixtures/dummy/images/00226.png,0,composed_jitter0.2+jpeg30,0.1610661069624495
data/fixtures/dummy/images/00226.png,0,composed_resize0.25+blur0.5+jpeg30,0.49933828860506535
data/fixtures/dummy/images/00227.png,1,clean,0.0024833181927864656
data/fixtures/dummy/images/00227.png,1,jpeg_90,0.7419146289126036
data/fixtures/dummy/images/00227.png,1,jpeg_70,0.5313922455511537
data/fixtures/dummy/images/00227.png,1,jpeg_50,0.5595268330978144
data/fixtures/dummy/images/00227.png,1,jpeg_30,0.6897130779438427
data/fixtures/dummy/images/00227.png,1,blur_0.5,0.10982389729407493
data/fixtures/dummy/images/00227.png,1,blur_1.0,0.7375529991691785
data/fixtures/dummy/images/00227.png,1,blur_2.0,0.521269896876949
data/fixtures/dummy/images/00227.png,1,resize_0.5,0.008868153351686558
data/fixtures/dummy/images/00227.png,1,resize_0.25,0.5640496286678738
data/fixtures/dummy/images/00227.png,1,noise_0.02,0.03235448175896971
data/fixtures/dummy/images/00227.png,1,noise_0.05,0.12964664470693954
data/fixtures/dummy/images/00227.png,1,noise_0.1,0.46546473303616065
data/fixtures/dummy/images/00227.png,1,jitter_0.2,0.6518048759045237
data/fixtures/dummy/images/00227.png,1,center_crop_0.8,0.4653506197586227
data/fixtures/dummy/images/00227.png,1,composed_blur1.0+jpeg70,0.9990168033213431
data/fixtures/dummy/images/00227.png,1,composed_resize0.5+jpeg50,0.22856797864079914
data/fixtures/dummy/images/00227.png,1,composed_jitter0.2+jpeg30,0.6379524145884284
data/fixtures/dummy/images/00227.png,1,composed_resize0.25+blur0.5+jpeg30,0.8329619038048499
data/fixtures/dummy/images/00228.png,0,clean,0.7873963484535575
data/fixtures/dummy/images/00228.png,0,jpeg_90,0.7746379639126922
data/fixtures/dummy/images/00228.png,0,jpeg_70,0.6995425990293883
data/fixtures/dummy/images/00228.png,0,jpeg_50,0.4923590870719897
data/fixtures/dummy/images/00228.png,0,jpeg_30,0.47003953989881053
data/fixtures/dummy/images/00228.png,0,blur_0.5,0.6624193020883234
data/fixtures/dummy/images/00228.png,0,blur_1.0,0.6764048547370862
data/fixtures/dummy/images/00228.png,0,blur_2.0,0.154306985097726
data/fixtures/dummy/images/00228.png,0,resize_0.5,0.3017054061499921
data/fixtures/dummy/images/00228.png,0,resize_0.25,0.3633283698658403
data/fixtures/dummy/images/00228.png,0,noise_0.02,0.9863862082165463
data/fixtures/dummy/images/00228.png,0,noise_0.05,0.21625727495209368
data/fixtures/dummy/images/00228.png,0,noise_0.1,0.22541572516156028
data/fixtures/dummy/images/00228.png,0,jitter_0.2,0.15371706440049127
data/fixtures/dummy/images/00228.png,0,center_crop_0.8,0.8950652014510225
data/fixtures/dummy/images/00228.png,0,composed_blur1.0+jpeg70,0.8711011604597046
data/fixtures/dummy/images/00228.png,0,composed_resize0.5+jpeg50,0.5668332022923569
data/fixtures/dummy/images/00228.png,0,composed_jitter0.2+jpeg30,0.6864215606289137
data/fixtures/dummy/images/00228.png,0,composed_resize0.25+blur0.5+jpeg30,0.7425901487205929
data/fixtures/dummy/images/00229.png,0,clean,0.4116459398262937
data/fixtures/dummy/images/00229.png,0,jpeg_90,0.4472358672895189
data/fixtures/dummy/images/00229.png,0,jpeg_70,0.08765288887744838
data/fixtures/dummy/images/00229.png,0,jpeg_50,0.5311963856114131
data/fixtures/dummy/images/00229.png,0,jpeg_30,0.4661347045444104
data/fixtures/dummy/images/00229.png,0,blur_0.5,0.639570616588912
data/fixtures/dummy/images/00229.png,0,blur_1.0,0.41981851267928305
data/fixtures/dummy/images/00229.png,0,blur_2.0,0.9222483861827696
data/fixtures/dummy/images/00229.png,0,resize_0.5,0.5236382607217406
data/fixtures/dummy/images/00229.png,0,resize_0.25,0.26893995835734386
data/fixtures/dummy/images/00229.png,0,noise_0.02,0.4415249302197698
data/fixtures/dummy/images/00229.png,0,noise_0.05,0.5899692345668219
data/fixtures/dummy/images/00229.png,0,noise_0.1,0.14920539885714001
data/fixtures/dummy/images/00229.png,0,jitter_0.2,0.6015056430188507
data/fixtures/dummy/images/00229.png,0,center_crop_0.8,0.2582917999649006
data/fixtures/dummy/images/00229.png,0,composed_blur1.0+jpeg70,0.5314869849962169
data/fixtures/dummy/images/00229.png,0,composed_resize0.5+jpeg50,0.8712975515962019
data/fixtures/dummy/images/00229.png,0,composed_jitter0.2+jpeg30,0.9271862068363271
data/fixtures/dummy/images/00229.png,0,composed_resize0.25+blur0.5+jpeg30,0.49936568748368704
data/fixtures/dummy/images/00230.jpg,0,clean,0.7192359716485457
data/fixtures/dummy/images/00230.jpg,0,jpeg_90,0.6781940142407078
data/fixtures/dummy/images/00230.jpg,0,jpeg_70,0.1218168743157454
data/fixtures/dummy/images/00230.jpg,0,jpeg_50,0.09973056295918603
data/fixtures/dummy/images/00230.jpg,0,jpeg_30,0.13807955034606545
data/fixtures/dummy/images/00230.jpg,0,blur_0.5,0.45449495222094294
data/fixtures/dummy/images/00230.jpg,0,blur_1.0,0.1747016753465439
data/fixtures/dummy/images/00230.jpg,0,blur_2.0,0.10698166802163589
data/fixtures/dummy/images/00230.jpg,0,resize_0.5,0.16523990131597188
data/fixtures/dummy/images/00230.jpg,0,resize_0.25,0.3420109054917968
data/fixtures/dummy/images/00230.jpg,0,noise_0.02,0.2725666404706665
data/fixtures/dummy/images/00230.jpg,0,noise_0.05,0.8070511329333215
data/fixtures/dummy/images/00230.jpg,0,noise_0.1,0.9810713974544487
data/fixtures/dummy/images/00230.jpg,0,jitter_0.2,0.07199688946603156
data/fixtures/dummy/images/00230.jpg,0,center_crop_0.8,0.5482684456485157
data/fixtures/dummy/images/00230.jpg,0,composed_blur1.0+jpeg70,0.6899075005620054
data/fixtures/dummy/images/00230.jpg,0,composed_resize0.5+jpeg50,0.9583980866237973
data/fixtures/dummy/images/00230.jpg,0,composed_jitter0.2+jpeg30,0.011301493790160766
data/fixtures/dummy/images/00230.jpg,0,composed_resize0.25+blur0.5+jpeg30,0.9859267835674139
data/fixtures/dummy/images/00231.png,0,clean,0.01831040175907428
data/fixtures/dummy/images/00231.png,0,jpeg_90,0.6813511521025353
data/fixtures/dummy/images/00231.png,0,jpeg_70,0.6336456205319836
data/fixtures/dummy/images/00231.png,0,jpeg_50,0.96548887549313
data/fixtures/dummy/images/00231.png,0,jpeg_30,0.5980765777543015
data/fixtures/dummy/images/00231.png,0,blur_0.5,0.932871407455644
data/fixtures/dummy/images/00231.png,0,blur_1.0,0.5004220959781366
data/fixtures/dummy/images/00231.png,0,blur_2.0,0.0400997371868792
data/fixtures/dummy/images/00231.png,0,resize_0.5,0.704520438521803
data/fixtures/dummy/images/00231.png,0,resize_0.25,0.7300048804423052
data/fixtures/dummy/images/00231.png,0,noise_0.02,0.3656169341758565
data/fixtures/dummy/images/00231.png,0,noise_0.05,0.8960974263472982
data/fixtures/dummy/images/00231.png,0,noise_0.1,0.23294016665312312
data/fixtures/dummy/images/00231.png,0,jitter_0.2,0.6425529481711789
data/fixtures/dummy/images/00231.png,0,center_crop_0.8,0.13751974161703462
data/fixtures/dummy/images/00231.png,0,composed_blur1.0+jpeg70,0.9878946491290843
data/fixtures/dummy/images/00231.png,0,composed_resize0.5+jpeg50,0.6819737674718249
data/fixtures/dummy/images/00231.png,0,composed_jitter0.2+jpeg30,0.41701046251708207
data/fixtures/dummy/images/00231.png,0,composed_resize0.25+blur0.5+jpeg30,0.8803230580609327
data/fixtures/dummy/images/00232.png,1,clean,0.9389661847751188
data/fixtures/dummy/images/00232.png,1,jpeg_90,0.6009892205478349
data/fixtures/dummy/images/00232.png,1,jpeg_70,0.5151983517634583
data/fixtures/dummy/images/00232.png,1,jpeg_50,0.3364642710451753
data/fixtures/dummy/images/00232.png,1,jpeg_30,0.584141212946156
data/fixtures/dummy/images/00232.png,1,blur_0.5,0.869053460899499
data/fixtures/dummy/images/00232.png,1,blur_1.0,0.12976088115842188
data/fixtures/dummy/images/00232.png,1,blur_2.0,0.44354498721378843
data/fixtures/dummy/images/00232.png,1,resize_0.5,0.7217779900711869
data/fixtures/dummy/images/00232.png,1,resize_0.25,0.5147758007480547
data/fixtures/dummy/images/00232.png,1,noise_0.02,0.6674071198402368
data/fixtures/dummy/images/00232.png,1,noise_0.05,0.43652509115219196
data/fixtures/dummy/images/00232.png,1,noise_0.1,0.7259589028325908
data/fixtures/dummy/images/00232.png,1,jitter_0.2,0.46470637917573665
data/fixtures/dummy/images/00232.png,1,center_crop_0.8,0.7004405799950862
data/fixtures/dummy/images/00232.png,1,composed_blur1.0+jpeg70,0.9931569014463346
data/fixtures/dummy/images/00232.png,1,composed_resize0.5+jpeg50,0.643906576702776
data/fixtures/dummy/images/00232.png,1,composed_jitter0.2+jpeg30,0.7661046547003805
data/fixtures/dummy/images/00232.png,1,composed_resize0.25+blur0.5+jpeg30,0.9975526154150443
data/fixtures/dummy/images/00233.png,0,clean,0.3640593174180732
data/fixtures/dummy/images/00233.png,0,jpeg_90,0.2867682467138031
data/fixtures/dummy/images/00233.png,0,jpeg_70,0.6202726191985006
data/fixtures/dummy/images/00233.png,0,jpeg_50,0.705637208009231
data/fixtures/dummy/images/00233.png,0,jpeg_30,0.09694497488843334
data/fixtures/dummy/images/00233.png,0,blur_0.5,0.6170178602440485
data/fixtures/dummy/images/00233.png,0,blur_1.0,0.1416204753692366
data/fixtures/dummy/images/00233.png,0,blur_2.0,0.8990044010045746
data/fixtures/dummy/images/00233.png,0,resize_0.5,0.1259007763994151
data/fixtures/dummy/images/00233.png,0,resize_0.25,0.6960314859488013
data/fixtures/dummy/images/00233.png,0,noise_0.02,0.4011086411260626
data/fixtures/dummy/images/00233.png,0,noise_0.05,0.11273697348049816
data/fixtures/dummy/images/00233.png,0,noise_0.1,0.29991302985370993
data/fixtures/dummy/images/00233.png,0,jitter_0.2,0.6196378318479696
data/fixtures/dummy/images/00233.png,0,center_crop_0.8,0.11076647969492226
data/fixtures/dummy/images/00233.png,0,composed_blur1.0+jpeg70,0.8066954242626446
data/fixtures/dummy/images/00233.png,0,composed_resize0.5+jpeg50,0.9667546486235832
data/fixtures/dummy/images/00233.png,0,composed_jitter0.2+jpeg30,0.050535196788878745
data/fixtures/dummy/images/00233.png,0,composed_resize0.25+blur0.5+jpeg30,0.49691909282754176
data/fixtures/dummy/images/00234.png,1,clean,0.30686225490417063
data/fixtures/dummy/images/00234.png,1,jpeg_90,0.3122085327200137
data/fixtures/dummy/images/00234.png,1,jpeg_70,0.40283732998879107
data/fixtures/dummy/images/00234.png,1,jpeg_50,0.17054585547208123
data/fixtures/dummy/images/00234.png,1,jpeg_30,0.3888172790914528
data/fixtures/dummy/images/00234.png,1,blur_0.5,0.49714718125874613
data/fixtures/dummy/images/00234.png,1,blur_1.0,0.5275479102526641
data/fixtures/dummy/images/00234.png,1,blur_2.0,0.5941888603980426
data/fixtures/dummy/images/00234.png,1,resize_0.5,0.03655369965863975
data/fixtures/dummy/images/00234.png,1,resize_0.25,0.5612848233860857
data/fixtures/dummy/images/00234.png,1,noise_0.02,0.22299730526114747
data/fixtures/dummy/images/00234.png,1,noise_0.05,0.08552602822309008
data/fixtures/dummy/images/00234.png,1,noise_0.1,0.9315902043921249
data/fixtures/dummy/images/00234.png,1,jitter_0.2,0.740893844687894
data/fixtures/dummy/images/00234.png,1,center_crop_0.8,0.9662148771802538
data/fixtures/dummy/images/00234.png,1,composed_blur1.0+jpeg70,0.3393242814027816
data/fixtures/dummy/images/00234.png,1,composed_resize0.5+jpeg50,0.32942812445353864
data/fixtures/dummy/images/00234.png,1,composed_jitter0.2+jpeg30,0.47804195422603823
data/fixtures/dummy/images/00234.png,1,composed_resize0.25+blur0.5+jpeg30,0.6641868221806912
data/fixtures/dummy/images/00235.png,0,clean,0.6458468564241262
data/fixtures/dummy/images/00235.png,0,jpeg_90,0.036455379866233484
data/fixtures/dummy/images/00235.png,0,jpeg_70,0.2101104072675265
data/fixtures/dummy/images/00235.png,0,jpeg_50,0.7333611537164559
data/fixtures/dummy/images/00235.png,0,jpeg_30,0.11378862814424695
data/fixtures/dummy/images/00235.png,0,blur_0.5,0.9713649128338147
data/fixtures/dummy/images/00235.png,0,blur_1.0,0.0779033305652459
data/fixtures/dummy/images/00235.png,0,blur_2.0,0.9391243645525754
data/fixtures/dummy/images/00235.png,0,resize_0.5,0.09377333545780331
data/fixtures/dummy/images/00235.png,0,resize_0.25,0.029049008806388832
data/fixtures/dummy/images/00235.png,0,noise_0.02,0.12916575364672245
data/fixtures/dummy/images/00235.png,0,noise_0.05,0.6086156814787632
data/fixtures/dummy/images/00235.png,0,noise_0.1,0.04764088956611534
data/fixtures/dummy/images/00235.png,0,jitter_0.2,0.1684025088404465
data/fixtures/dummy/images/00235.png,0,center_crop_0.8,0.368373040589141
data/fixtures/dummy/images/00235.png,0,composed_blur1.0+jpeg70,0.5718078384014768
data/fixtures/dummy/images/00235.png,0,composed_resize0.5+jpeg50,0.6569899986244372
data/fixtures/dummy/images/00235.png,0,composed_jitter0.2+jpeg30,0.41480008985738803
data/fixtures/dummy/images/00235.png,0,composed_resize0.25+blur0.5+jpeg30,0.2446186827278124
data/fixtures/dummy/images/00236.png,0,clean,0.19458649595825095
data/fixtures/dummy/images/00236.png,0,jpeg_90,0.5791990134385104
data/fixtures/dummy/images/00236.png,0,jpeg_70,0.38914692044795496
data/fixtures/dummy/images/00236.png,0,jpeg_50,0.6358497693677332
data/fixtures/dummy/images/00236.png,0,jpeg_30,0.2738020913166139
data/fixtures/dummy/images/00236.png,0,blur_0.5,0.27311087863784156
data/fixtures/dummy/images/00236.png,0,blur_1.0,0.8477211965627016
data/fixtures/dummy/images/00236.png,0,blur_2.0,0.9907172590803837
data/fixtures/dummy/images/00236.png,0,resize_0.5,0.0873393203325945
data/fixtures/dummy/images/00236.png,0,resize_0.25,0.8676577992201345
data/fixtures/dummy/images/00236.png,0,noise_0.02,0.9218931173723384
data/fixtures/dummy/images/00236.png,0,noise_0.05,0.7720467807133504
data/fixtures/dummy/images/00236.png,0,noise_0.1,0.8418745869652784
data/fixtures/dummy/images/00236.png,0,jitter_0.2,0.9323220190270242
data/fixtures/dummy/images/00236.png,0,center_crop_0.8,0.5452167565295959
data/fixtures/dummy/images/00236.png,0,composed_blur1.0+jpeg70,0.39940676116897855
data/fixtures/dummy/images/00236.png,0,composed_resize0.5+jpeg50,0.8301647116681985
data/fixtures/dummy/images/00236.png,0,composed_jitter0.2+jpeg30,0.6313531896435679
data/fixtures/dummy/images/00236.png,0,composed_resize0.25+blur0.5+jpeg30,0.05729240150626824
data/fixtures/dummy/images/00237.png,1,clean,0.8432082929666874
data/fixtures/dummy/images/00237.png,1,jpeg_90,0.9540881631204318
data/fixtures/dummy/images/00237.png,1,jpeg_70,0.0816320694635797
data/fixtures/dummy/images/00237.png,1,jpeg_50,0.9628934208724196
data/fixtures/dummy/images/00237.png,1,jpeg_30,0.44331951357049226
data/fixtures/dummy/images/00237.png,1,blur_0.5,0.38881969634062263
data/fixtures/dummy/images/00237.png,1,blur_1.0,0.1159679540355677
data/fixtures/dummy/images/00237.png,1,blur_2.0,0.4767541787643147
data/fixtures/dummy/images/00237.png,1,resize_0.5,0.8679769034557535
data/fixtures/dummy/images/00237.png,1,resize_0.25,0.6661361031396102
data/fixtures/dummy/images/00237.png,1,noise_0.02,0.7511763041248284
data/fixtures/dummy/images/00237.png,1,noise_0.05,0.15324360798171233
data/fixtures/dummy/images/00237.png,1,noise_0.1,0.7258576520251413
data/fixtures/dummy/images/00237.png,1,jitter_0.2,0.15320185090761118
data/fixtures/dummy/images/00237.png,1,center_crop_0.8,0.5412710944375617
data/fixtures/dummy/images/00237.png,1,composed_blur1.0+jpeg70,0.49681411268315356
data/fixtures/dummy/images/00237.png,1,composed_resize0.5+jpeg50,0.21842571498026808
data/fixtures/dummy/images/00237.png,1,composed_jitter0.2+jpeg30,0.4550830729361749
data/fixtures/dummy/images/00237.png,1,composed_resize0.25+blur0.5+jpeg30,0.6995525812083049
data/fixtures/dummy/images/00238.png,1,clean,0.6062003168788601
data/fixtures/dummy/images/00238.png,1,jpeg_90,0.7078640112946903
data/fixtures/dummy/images/00238.png,1,jpeg_70,0.15518077121453966
data/fixtures/dummy/images/00238.png,1,jpeg_50,0.3982235075361473
data/fixtures/dummy/images/00238.png,1,jpeg_30,0.39540797960689733
data/fixtures/dummy/images/00238.png,1,blur_0.5,0.0731145853126729
data/fixtures/dummy/images/00238.png,1,blur_1.0,0.7581953610922616
data/fixtures/dummy/images/00238.png,1,blur_2.0,0.8010415396663582
data/fixtures/dummy/images/00238.png,1,resize_0.5,0.24837602555348426
data/fixtures/dummy/images/00238.png,1,resize_0.25,0.14751463007584864
data/fixtures/dummy/images/00238.png,1,noise_0.02,0.4489445073203193
data/fixtures/dummy/images/00238.png,1,noise_0.05,0.07862846520708477
data/fixtures/dummy/images/00238.png,1,noise_0.1,0.7460380690703955
data/fixtures/dummy/images/00238.png,1,jitter_0.2,0.71600449686251
data/fixtures/dummy/images/00238.png,1,center_crop_0.8,0.22135453670037009
data/fixtures/dummy/images/00238.png,1,composed_blur1.0+jpeg70,0.3764909882425437
data/fixtures/dummy/images/00238.png,1,composed_resize0.5+jpeg50,0.9573556091681552
data/fixtures/dummy/images/00238.png,1,composed_jitter0.2+jpeg30,0.14535181001806885
data/fixtures/dummy/images/00238.png,1,composed_resize0.25+blur0.5+jpeg30,0.34235959088065093
data/fixtures/dummy/images/00239.png,1,clean,0.23060825972666277
data/fixtures/dummy/images/00239.png,1,jpeg_90,0.26638069309116075
data/fixtures/dummy/images/00239.png,1,jpeg_70,0.26291442440689916
data/fixtures/dummy/images/00239.png,1,jpeg_50,0.604424856006856
data/fixtures/dummy/images/00239.png,1,jpeg_30,0.9795311122521193
data/fixtures/dummy/images/00239.png,1,blur_0.5,0.027306184752303397
data/fixtures/dummy/images/00239.png,1,blur_1.0,0.5326903157726578
data/fixtures/dummy/images/00239.png,1,blur_2.0,0.3884202047621723
data/fixtures/dummy/images/00239.png,1,resize_0.5,0.9796364650485223
data/fixtures/dummy/images/00239.png,1,resize_0.25,0.8844944857182124
data/fixtures/dummy/images/00239.png,1,noise_0.02,0.6080980452143778
data/fixtures/dummy/images/00239.png,1,noise_0.05,0.008249710073346406
data/fixtures/dummy/images/00239.png,1,noise_0.1,0.6955842188147485
data/fixtures/dummy/images/00239.png,1,jitter_0.2,0.9506065745720077
data/fixtures/dummy/images/00239.png,1,center_crop_0.8,0.19793290083115622
data/fixtures/dummy/images/00239.png,1,composed_blur1.0+jpeg70,0.7955003696967493
data/fixtures/dummy/images/00239.png,1,composed_resize0.5+jpeg50,0.05820476718242573
data/fixtures/dummy/images/00239.png,1,composed_jitter0.2+jpeg30,0.4053809658869053
data/fixtures/dummy/images/00239.png,1,composed_resize0.25+blur0.5+jpeg30,0.905597608163788
data/fixtures/dummy/images/00240.png,0,clean,0.28408840325788687
data/fixtures/dummy/images/00240.png,0,jpeg_90,0.6988691086634296
data/fixtures/dummy/images/00240.png,0,jpeg_70,0.07170501244869043
data/fixtures/dummy/images/00240.png,0,jpeg_50,0.8302525132509714
data/fixtures/dummy/images/00240.png,0,jpeg_30,0.8463342194508809
data/fixtures/dummy/images/00240.png,0,blur_0.5,0.05699480745735097
data/fixtures/dummy/images/00240.png,0,blur_1.0,0.03906888284083465
data/fixtures/dummy/images/00240.png,0,blur_2.0,0.27428025242761167
data/fixtures/dummy/images/00240.png,0,resize_0.5,0.4091666639252256
data/fixtures/dummy/images/00240.png,0,resize_0.25,0.4920196175971375
data/fixtures/dummy/images/00240.png,0,noise_0.02,0.0007103857362062982
data/fixtures/dummy/images/00240.png,0,noise_0.05,0.5085525867784249
data/fixtures/dummy/images/00240.png,0,noise_0.1,0.5060328754869382
data/fixtures/dummy/images/00240.png,0,jitter_0.2,0.5232070215300055
data/fixtures/dummy/images/00240.png,0,center_crop_0.8,0.7282136930444597
data/fixtures/dummy/images/00240.png,0,composed_blur1.0+jpeg70,0.8185605844341031
data/fixtures/dummy/images/00240.png,0,composed_resize0.5+jpeg50,0.559640838930445
data/fixtures/dummy/images/00240.png,0,composed_jitter0.2+jpeg30,0.7526901912077381
data/fixtures/dummy/images/00240.png,0,composed_resize0.25+blur0.5+jpeg30,0.8570726689800049
data/fixtures/dummy/images/00241.png,0,clean,0.87894672318161
data/fixtures/dummy/images/00241.png,0,jpeg_90,0.14575423611560534
data/fixtures/dummy/images/00241.png,0,jpeg_70,0.37345674554447583
data/fixtures/dummy/images/00241.png,0,jpeg_50,0.0044077185148730935
data/fixtures/dummy/images/00241.png,0,jpeg_30,0.29112688545241727
data/fixtures/dummy/images/00241.png,0,blur_0.5,0.5501976229468089
data/fixtures/dummy/images/00241.png,0,blur_1.0,0.244253027355382
data/fixtures/dummy/images/00241.png,0,blur_2.0,0.16502982338424443
data/fixtures/dummy/images/00241.png,0,resize_0.5,0.11700110507534534
data/fixtures/dummy/images/00241.png,0,resize_0.25,0.7624011405634045
data/fixtures/dummy/images/00241.png,0,noise_0.02,0.3654838732950324
data/fixtures/dummy/images/00241.png,0,noise_0.05,0.00954916746742318
data/fixtures/dummy/images/00241.png,0,noise_0.1,0.6957928763092928
data/fixtures/dummy/images/00241.png,0,jitter_0.2,0.39236483574751524
data/fixtures/dummy/images/00241.png,0,center_crop_0.8,0.14154435710950286
data/fixtures/dummy/images/00241.png,0,composed_blur1.0+jpeg70,0.24132347699329915
data/fixtures/dummy/images/00241.png,0,composed_resize0.5+jpeg50,0.9046411758952619
data/fixtures/dummy/images/00241.png,0,composed_jitter0.2+jpeg30,0.6787011467258328
data/fixtures/dummy/images/00241.png,0,composed_resize0.25+blur0.5+jpeg30,0.9930035959207522
data/fixtures/dummy/images/00242.png,0,clean,0.7962041607211955
data/fixtures/dummy/images/00242.png,0,jpeg_90,0.030083243710861463
data/fixtures/dummy/images/00242.png,0,jpeg_70,0.7243353646233813
data/fixtures/dummy/images/00242.png,0,jpeg_50,0.19899504243072397
data/fixtures/dummy/images/00242.png,0,jpeg_30,0.13349742347509852
data/fixtures/dummy/images/00242.png,0,blur_0.5,0.3967084474059034
data/fixtures/dummy/images/00242.png,0,blur_1.0,0.9499771002279253
data/fixtures/dummy/images/00242.png,0,blur_2.0,0.48143375152083323
data/fixtures/dummy/images/00242.png,0,resize_0.5,0.7513950995396893
data/fixtures/dummy/images/00242.png,0,resize_0.25,0.30702513132798803
data/fixtures/dummy/images/00242.png,0,noise_0.02,0.7605358141692851
data/fixtures/dummy/images/00242.png,0,noise_0.05,0.08727551355080965
data/fixtures/dummy/images/00242.png,0,noise_0.1,0.06231404612729197
data/fixtures/dummy/images/00242.png,0,jitter_0.2,0.949028364033324
data/fixtures/dummy/images/00242.png,0,center_crop_0.8,0.8416813690651432
data/fixtures/dummy/images/00242.png,0,composed_blur1.0+jpeg70,0.43925810135624366
data/fixtures/dummy/images/00242.png,0,composed_resize0.5+jpeg50,0.8065605564349332
data/fixtures/dummy/images/00242.png,0,composed_jitter0.2+jpeg30,0.7048569967108508
data/fixtures/dummy/images/00242.png,0,composed_resize0.25+blur0.5+jpeg30,0.8223266472561994
data/fixtures/dummy/images/00243.png,0,clean,0.7460363214901319
data/fixtures/dummy/images/00243.png,0,jpeg_90,0.1084952715337939
data/fixtures/dummy/images/00243.png,0,jpeg_70,0.20938168612838381
data/fixtures/dummy/images/00243.png,0,jpeg_50,0.49584902115031615
data/fixtures/dummy/images/00243.png,0,jpeg_30,0.24044019568533592
data/fixtures/dummy/images/00243.png,0,blur_0.5,0.13255078041724477
data/fixtures/dummy/images/00243.png,0,blur_1.0,0.5495471500894129
data/fixtures/dummy/images/00243.png,0,blur_2.0,0.41410001137417285
data/fixtures/dummy/images/00243.png,0,resize_0.5,0.11860108094298227
data/fixtures/dummy/images/00243.png,0,resize_0.25,0.7940008706109637
data/fixtures/dummy/images/00243.png,0,noise_0.02,0.828401004060053
data/fixtures/dummy/images/00243.png,0,noise_0.05,0.0013570801285441858
data/fixtures/dummy/images/00243.png,0,noise_0.1,0.8152228856093511
data/fixtures/dummy/images/00243.png,0,jitter_0.2,0.9259457895695329
data/fixtures/dummy/images/00243.png,0,center_crop_0.8,0.41088819773653773
data/fixtures/dummy/images/00243.png,0,composed_blur1.0+jpeg70,0.535443753140134
data/fixtures/dummy/images/00243.png,0,composed_resize0.5+jpeg50,0.32228713003524234
data/fixtures/dummy/images/00243.png,0,composed_jitter0.2+jpeg30,0.719482411083794
data/fixtures/dummy/images/00243.png,0,composed_resize0.25+blur0.5+jpeg30,0.9586843371846843
data/fixtures/dummy/images/00244.png,0,clean,0.6461580231491392
data/fixtures/dummy/images/00244.png,0,jpeg_90,0.6347931637731868
data/fixtures/dummy/images/00244.png,0,jpeg_70,0.7794251755956305
data/fixtures/dummy/images/00244.png,0,jpeg_50,0.9717681989296052
data/fixtures/dummy/images/00244.png,0,jpeg_30,0.13467722870494658
data/fixtures/dummy/images/00244.png,0,blur_0.5,0.9633105809507986
data/fixtures/dummy/images/00244.png,0,blur_1.0,0.5399559270270082
data/fixtures/dummy/images/00244.png,0,blur_2.0,0.16396853751985818
data/fixtures/dummy/images/00244.png,0,resize_0.5,0.8595476576124088
data/fixtures/dummy/images/00244.png,0,resize_0.25,0.010369332456306779
data/fixtures/dummy/images/00244.png,0,noise_0.02,0.8074443936054524
data/fixtures/dummy/images/00244.png,0,noise_0.05,0.017876383236821503
data/fixtures/dummy/images/00244.png,0,noise_0.1,0.40041043695255196
data/fixtures/dummy/images/00244.png,0,jitter_0.2,0.6165270745186068
data/fixtures/dummy/images/00244.png,0,center_crop_0.8,0.8960492881218031
data/fixtures/dummy/images/00244.png,0,composed_blur1.0+jpeg70,0.1711356139003829
data/fixtures/dummy/images/00244.png,0,composed_resize0.5+jpeg50,0.25987825847791346
data/fixtures/dummy/images/00244.png,0,composed_jitter0.2+jpeg30,0.8134000289064826
data/fixtures/dummy/images/00244.png,0,composed_resize0.25+blur0.5+jpeg30,0.8748793948281035
data/fixtures/dummy/images/00245.png,1,clean,0.3360345017966543
data/fixtures/dummy/images/00245.png,1,jpeg_90,0.8779637760715702
data/fixtures/dummy/images/00245.png,1,jpeg_70,0.21632449852787694
data/fixtures/dummy/images/00245.png,1,jpeg_50,0.23317864596045712
data/fixtures/dummy/images/00245.png,1,jpeg_30,0.24314388192798886
data/fixtures/dummy/images/00245.png,1,blur_0.5,0.937012836805235
data/fixtures/dummy/images/00245.png,1,blur_1.0,0.22558496337483624
data/fixtures/dummy/images/00245.png,1,blur_2.0,0.01786564668743096
data/fixtures/dummy/images/00245.png,1,resize_0.5,0.09609687056801863
data/fixtures/dummy/images/00245.png,1,resize_0.25,0.7485453191990808
data/fixtures/dummy/images/00245.png,1,noise_0.02,0.22124197260675893
data/fixtures/dummy/images/00245.png,1,noise_0.05,0.45278768139072834
data/fixtures/dummy/images/00245.png,1,noise_0.1,0.12733111597924274
data/fixtures/dummy/images/00245.png,1,jitter_0.2,0.4704916012143324
data/fixtures/dummy/images/00245.png,1,center_crop_0.8,0.6969112062246237
data/fixtures/dummy/images/00245.png,1,composed_blur1.0+jpeg70,0.26380266330215807
data/fixtures/dummy/images/00245.png,1,composed_resize0.5+jpeg50,0.10504585229823571
data/fixtures/dummy/images/00245.png,1,composed_jitter0.2+jpeg30,0.6297097812999962
data/fixtures/dummy/images/00245.png,1,composed_resize0.25+blur0.5+jpeg30,0.027899014899104735
data/fixtures/dummy/images/00246.png,0,clean,0.3695697703237082
data/fixtures/dummy/images/00246.png,0,jpeg_90,0.7106799723389482
data/fixtures/dummy/images/00246.png,0,jpeg_70,0.6332418312910201
data/fixtures/dummy/images/00246.png,0,jpeg_50,0.7034493714320007
data/fixtures/dummy/images/00246.png,0,jpeg_30,0.560940379068424
data/fixtures/dummy/images/00246.png,0,blur_0.5,0.8754600347290696
data/fixtures/dummy/images/00246.png,0,blur_1.0,0.591274388212384
data/fixtures/dummy/images/00246.png,0,blur_2.0,0.2823179556950901
data/fixtures/dummy/images/00246.png,0,resize_0.5,0.6306591266014602
data/fixtures/dummy/images/00246.png,0,resize_0.25,0.3017130960151999
data/fixtures/dummy/images/00246.png,0,noise_0.02,0.6590697100053737
data/fixtures/dummy/images/00246.png,0,noise_0.05,0.6293286387924535
data/fixtures/dummy/images/00246.png,0,noise_0.1,0.8912739838041472
data/fixtures/dummy/images/00246.png,0,jitter_0.2,0.32782995703029005
data/fixtures/dummy/images/00246.png,0,center_crop_0.8,0.22271375567887475
data/fixtures/dummy/images/00246.png,0,composed_blur1.0+jpeg70,0.5531164159957491
data/fixtures/dummy/images/00246.png,0,composed_resize0.5+jpeg50,0.9383866201041986
data/fixtures/dummy/images/00246.png,0,composed_jitter0.2+jpeg30,0.10855593286064746
data/fixtures/dummy/images/00246.png,0,composed_resize0.25+blur0.5+jpeg30,0.2633659311121973
data/fixtures/dummy/images/00247.png,0,clean,0.48522018181591886
data/fixtures/dummy/images/00247.png,0,jpeg_90,0.6237115383590487
data/fixtures/dummy/images/00247.png,0,jpeg_70,0.8932057073871187
data/fixtures/dummy/images/00247.png,0,jpeg_50,0.13017985964914935
data/fixtures/dummy/images/00247.png,0,jpeg_30,0.2526466200729418
data/fixtures/dummy/images/00247.png,0,blur_0.5,0.36648120458149647
data/fixtures/dummy/images/00247.png,0,blur_1.0,0.31680604742062535
data/fixtures/dummy/images/00247.png,0,blur_2.0,0.4600258724283146
data/fixtures/dummy/images/00247.png,0,resize_0.5,0.08192821712974452
data/fixtures/dummy/images/00247.png,0,resize_0.25,0.07423817929967702
data/fixtures/dummy/images/00247.png,0,noise_0.02,0.08770751502897645
data/fixtures/dummy/images/00247.png,0,noise_0.05,0.06383530427850614
data/fixtures/dummy/images/00247.png,0,noise_0.1,0.6659792096940795
data/fixtures/dummy/images/00247.png,0,jitter_0.2,0.8202521520635943
data/fixtures/dummy/images/00247.png,0,center_crop_0.8,0.316591765148619
data/fixtures/dummy/images/00247.png,0,composed_blur1.0+jpeg70,0.8661038328632106
data/fixtures/dummy/images/00247.png,0,composed_resize0.5+jpeg50,0.3034558658143832
data/fixtures/dummy/images/00247.png,0,composed_jitter0.2+jpeg30,0.43399747898033136
data/fixtures/dummy/images/00247.png,0,composed_resize0.25+blur0.5+jpeg30,0.9133399430964881
data/fixtures/dummy/images/00248.png,1,clean,0.9149425010720199
data/fixtures/dummy/images/00248.png,1,jpeg_90,0.43425336825164207
data/fixtures/dummy/images/00248.png,1,jpeg_70,0.7330070276276515
data/fixtures/dummy/images/00248.png,1,jpeg_50,0.9698440302446532
data/fixtures/dummy/images/00248.png,1,jpeg_30,0.8693450479252006
data/fixtures/dummy/images/00248.png,1,blur_0.5,0.11991456532440903
data/fixtures/dummy/images/00248.png,1,blur_1.0,0.740092612384324
data/fixtures/dummy/images/00248.png,1,blur_2.0,0.4155096738299533
data/fixtures/dummy/images/00248.png,1,resize_0.5,0.3689039959957283
data/fixtures/dummy/images/00248.png,1,resize_0.25,0.20234982734178675
data/fixtures/dummy/images/00248.png,1,noise_0.02,0.142122656496807
data/fixtures/dummy/images/00248.png,1,noise_0.05,0.4944503601134319
data/fixtures/dummy/images/00248.png,1,noise_0.1,0.3553493847350615
data/fixtures/dummy/images/00248.png,1,jitter_0.2,0.7757318376155428
data/fixtures/dummy/images/00248.png,1,center_crop_0.8,0.9464276119351108
data/fixtures/dummy/images/00248.png,1,composed_blur1.0+jpeg70,0.012358805426988528
data/fixtures/dummy/images/00248.png,1,composed_resize0.5+jpeg50,0.6430606211374311
data/fixtures/dummy/images/00248.png,1,composed_jitter0.2+jpeg30,0.8388298887880139
data/fixtures/dummy/images/00248.png,1,composed_resize0.25+blur0.5+jpeg30,0.198034320247523
data/fixtures/dummy/images/00249.png,0,clean,0.8806267043914074
data/fixtures/dummy/images/00249.png,0,jpeg_90,0.24887172161769966
data/fixtures/dummy/images/00249.png,0,jpeg_70,0.16794279285800084
data/fixtures/dummy/images/00249.png,0,jpeg_50,0.03786995410466654
data/fixtures/dummy/images/00249.png,0,jpeg_30,0.1370394803213545
data/fixtures/dummy/images/00249.png,0,blur_0.5,0.8642447889582091
data/fixtures/dummy/images/00249.png,0,blur_1.0,0.2418579808538952
data/fixtures/dummy/images/00249.png,0,blur_2.0,0.322405213822228
data/fixtures/dummy/images/00249.png,0,resize_0.5,0.9401550523006494
data/fixtures/dummy/images/00249.png,0,resize_0.25,0.681834098551306
data/fixtures/dummy/images/00249.png,0,noise_0.02,0.5928956426225362
data/fixtures/dummy/images/00249.png,0,noise_0.05,0.08024580216639476
data/fixtures/dummy/images/00249.png,0,noise_0.1,0.5323112490015914
data/fixtures/dummy/images/00249.png,0,jitter_0.2,0.22359044671506534
data/fixtures/dummy/images/00249.png,0,center_crop_0.8,0.7929791653199117
data/fixtures/dummy/images/00249.png,0,composed_blur1.0+jpeg70,0.21603016783883455
data/fixtures/dummy/images/00249.png,0,composed_resize0.5+jpeg50,0.11000868595084179
data/fixtures/dummy/images/00249.png,0,composed_jitter0.2+jpeg30,0.017179075287132473
data/fixtures/dummy/images/00249.png,0,composed_resize0.25+blur0.5+jpeg30,0.058200967094567124
data/fixtures/dummy/images/00250.png,0,clean,0.3083152986880249
data/fixtures/dummy/images/00250.png,0,jpeg_90,0.1759435001736307
data/fixtures/dummy/images/00250.png,0,jpeg_70,0.8598016882404098
data/fixtures/dummy/images/00250.png,0,jpeg_50,0.267763787543572
data/fixtures/dummy/images/00250.png,0,jpeg_30,0.6016362212945793
data/fixtures/dummy/images/00250.png,0,blur_0.5,0.7631249951893525
data/fixtures/dummy/images/00250.png,0,blur_1.0,0.003870312053953051
data/fixtures/dummy/images/00250.png,0,blur_2.0,0.4345365443222763
data/fixtures/dummy/images/00250.png,0,resize_0.5,0.6192161655357842
data/fixtures/dummy/images/00250.png,0,resize_0.25,0.6507428905063691
data/fixtures/dummy/images/00250.png,0,noise_0.02,0.9020988674415102
data/fixtures/dummy/images/00250.png,0,noise_0.05,0.4357018690568587
data/fixtures/dummy/images/00250.png,0,noise_0.1,0.030749878010370768
data/fixtures/dummy/images/00250.png,0,jitter_0.2,0.8960823410433096
data/fixtures/dummy/images/00250.png,0,center_crop_0.8,0.07340435510823273
data/fixtures/dummy/images/00250.png,0,composed_blur1.0+jpeg70,0.9761668915174876
data/fixtures/dummy/images/00250.png,0,composed_resize0.5+jpeg50,0.5597890682805573
data/fixtures/dummy/images/00250.png,0,composed_jitter0.2+jpeg30,0.4724570661892097
data/fixtures/dummy/images/00250.png,0,composed_resize0.25+blur0.5+jpeg30,0.22543503381568464
data/fixtures/dummy/images/00251.png,1,clean,0.9137714843773119
data/fixtures/dummy/images/00251.png,1,jpeg_90,0.23844479117666417
data/fixtures/dummy/images/00251.png,1,jpeg_70,0.46842564915916873
data/fixtures/dummy/images/00251.png,1,jpeg_50,0.1739088387362403
data/fixtures/dummy/images/00251.png,1,jpeg_30,0.8085989403646665
data/fixtures/dummy/images/00251.png,1,blur_0.5,0.15973375378189913
data/fixtures/dummy/images/00251.png,1,blur_1.0,0.20478268755722395
data/fixtures/dummy/images/00251.png,1,blur_2.0,0.33796604381138584
data/fixtures/dummy/images/00251.png,1,resize_0.5,0.5282923390094553
data/fixtures/dummy/images/00251.png,1,resize_0.25,0.1945583874290857
data/fixtures/dummy/images/00251.png,1,noise_0.02,0.7062637934843116
data/fixtures/dummy/images/00251.png,1,noise_0.05,0.9974717310405954
data/fixtures/dummy/images/00251.png,1,noise_0.1,0.20788902584150926
data/fixtures/dummy/images/00251.png,1,jitter_0.2,0.9384503992497656
data/fixtures/dummy/images/00251.png,1,center_crop_0.8,0.18077201009372645
data/fixtures/dummy/images/00251.png,1,composed_blur1.0+jpeg70,0.9252188483611395
data/fixtures/dummy/images/00251.png,1,composed_resize0.5+jpeg50,0.8666864624503948
data/fixtures/dummy/images/00251.png,1,composed_jitter0.2+jpeg30,0.13115459443499644
data/fixtures/dummy/images/00251.png,1,composed_resize0.25+blur0.5+jpeg30,0.4390672881209422
data/fixtures/dummy/images/00252.png,1,clean,0.8837529316864113
data/fixtures/dummy/images/00252.png,1,jpeg_90,0.39076409515264776
data/fixtures/dummy/images/00252.png,1,jpeg_70,0.34074172710266926
data/fixtures/dummy/images/00252.png,1,jpeg_50,0.20417305413281694
data/fixtures/dummy/images/00252.png,1,jpeg_30,0.40776420070103025
data/fixtures/dummy/images/00252.png,1,blur_0.5,0.8228666827987027
data/fixtures/dummy/images/00252.png,1,blur_1.0,0.04733777592576682
data/fixtures/dummy/images/00252.png,1,blur_2.0,0.6739420821728591
data/fixtures/dummy/images/00252.png,1,resize_0.5,0.17415096293093846
data/fixtures/dummy/images/00252.png,1,resize_0.25,0.19466147324785477
data/fixtures/dummy/images/00252.png,1,noise_0.02,0.22863345596506301
data/fixtures/dummy/images/00252.png,1,noise_0.05,0.8257497754749811
data/fixtures/dummy/images/00252.png,1,noise_0.1,0.12097621059878472
data/fixtures/dummy/images/00252.png,1,jitter_0.2,0.005213487490410729
data/fixtures/dummy/images/00252.png,1,center_crop_0.8,0.6539797739616044
data/fixtures/dummy/images/00252.png,1,composed_blur1.0+jpeg70,0.4483653815332792
data/fixtures/dummy/images/00252.png,1,composed_resize0.5+jpeg50,0.2229610376598936
data/fixtures/dummy/images/00252.png,1,composed_jitter0.2+jpeg30,0.9025017013228085
data/fixtures/dummy/images/00252.png,1,composed_resize0.25+blur0.5+jpeg30,0.0365894135718392
data/fixtures/dummy/images/00253.png,1,clean,0.9518873233253002
data/fixtures/dummy/images/00253.png,1,jpeg_90,0.4514129592758823
data/fixtures/dummy/images/00253.png,1,jpeg_70,0.7016170476464403
data/fixtures/dummy/images/00253.png,1,jpeg_50,0.9347146573099994
data/fixtures/dummy/images/00253.png,1,jpeg_30,0.20268419226509726
data/fixtures/dummy/images/00253.png,1,blur_0.5,0.43562340626206975
data/fixtures/dummy/images/00253.png,1,blur_1.0,0.1310834948650058
data/fixtures/dummy/images/00253.png,1,blur_2.0,0.6600768620631934
data/fixtures/dummy/images/00253.png,1,resize_0.5,0.48666773799880814
data/fixtures/dummy/images/00253.png,1,resize_0.25,0.36907401292597386
data/fixtures/dummy/images/00253.png,1,noise_0.02,0.6284854761978763
data/fixtures/dummy/images/00253.png,1,noise_0.05,0.5496380865020586
data/fixtures/dummy/images/00253.png,1,noise_0.1,0.2997590153746523
data/fixtures/dummy/images/00253.png,1,jitter_0.2,0.3785767133600195
data/fixtures/dummy/images/00253.png,1,center_crop_0.8,0.6047162818941024
data/fixtures/dummy/images/00253.png,1,composed_blur1.0+jpeg70,0.5352029406035118
data/fixtures/dummy/images/00253.png,1,composed_resize0.5+jpeg50,0.9077590424758071
data/fixtures/dummy/images/00253.png,1,composed_jitter0.2+jpeg30,0.677927535782265
data/fixtures/dummy/images/00253.png,1,composed_resize0.25+blur0.5+jpeg30,0.631408463258144
data/fixtures/dummy/images/00254.png,1,clean,0.4814107448199143
data/fixtures/dummy/images/00254.png,1,jpeg_90,0.40503567024618103
data/fixtures/dummy/images/00254.png,1,jpeg_70,0.81915889956232
data/fixtures/dummy/images/00254.png,1,jpeg_50,0.9425254924218892
data/fixtures/dummy/images/00254.png,1,jpeg_30,0.9447795219501923
data/fixtures/dummy/images/00254.png,1,blur_0.5,0.9335261425688771
data/fixtures/dummy/images/00254.png,1,blur_1.0,0.42061417141904445
data/fixtures/dummy/images/00254.png,1,blur_2.0,0.6150115439203242
data/fixtures/dummy/images/00254.png,1,resize_0.5,0.3069091313775014
data/fixtures/dummy/images/00254.png,1,resize_0.25,0.8416212789009538
data/fixtures/dummy/images/00254.png,1,noise_0.02,0.7737066013018223
data/fixtures/dummy/images/00254.png,1,noise_0.05,0.835552551066064
data/fixtures/dummy/images/00254.png,1,noise_0.1,0.18831194201233048
data/fixtures/dummy/images/00254.png,1,jitter_0.2,0.5423722086610206
data/fixtures/dummy/images/00254.png,1,center_crop_0.8,0.7551750660120055
data/fixtures/dummy/images/00254.png,1,composed_blur1.0+jpeg70,0.4596418407319597
data/fixtures/dummy/images/00254.png,1,composed_resize0.5+jpeg50,0.6315078457773743
data/fixtures/dummy/images/00254.png,1,composed_jitter0.2+jpeg30,0.9754972586592794
data/fixtures/dummy/images/00254.png,1,composed_resize0.25+blur0.5+jpeg30,0.21648753396867626
data/fixtures/dummy/images/00255.png,1,clean,0.16546911791950403
data/fixtures/dummy/images/00255.png,1,jpeg_90,0.28325041307801646
data/fixtures/dummy/images/00255.png,1,jpeg_70,0.5899575264120567
data/fixtures/dummy/images/00255.png,1,jpeg_50,0.9052452940433509
data/fixtures/dummy/images/00255.png,1,jpeg_30,0.009651184869525542
data/fixtures/dummy/images/00255.png,1,blur_0.5,0.21078390367636035
data/fixtures/dummy/images/00255.png,1,blur_1.0,0.15737544222133126
data/fixtures/dummy/images/00255.png,1,blur_2.0,0.5982096920932052
data/fixtures/dummy/images/00255.png,1,resize_0.5,0.24609052764552874
data/fixtures/dummy/images/00255.png,1,resize_0.25,0.6445680569996647
data/fixtures/dummy/images/00255.png,1,noise_0.02,0.55892050915679
data/fixtures/dummy/images/00255.png,1,noise_0.05,0.8840625488131229
data/fixtures/dummy/images/00255.png,1,noise_0.1,0.3564250883221701
data/fixtures/dummy/images/00255.png,1,jitter_0.2,0.30466184063204316
data/fixtures/dummy/images/00255.png,1,center_crop_0.8,0.08490521699150566
data/fixtures/dummy/images/00255.png,1,composed_blur1.0+jpeg70,0.7159030734252472
data/fixtures/dummy/images/00255.png,1,composed_resize0.5+jpeg50,0.6930249839311253
data/fixtures/dummy/images/00255.png,1,composed_jitter0.2+jpeg30,0.27754328490686997
data/fixtures/dummy/images/00255.png,1,composed_resize0.25+blur0.5+jpeg30,0.22512853988807935
data/fixtures/dummy/images/00256.png,0,clean,0.4612350794036538
data/fixtures/dummy/images/00256.png,0,jpeg_90,0.1954089995377447
data/fixtures/dummy/images/00256.png,0,jpeg_70,0.2755748389379813
data/fixtures/dummy/images/00256.png,0,jpeg_50,0.48592231268123076
data/fixtures/dummy/images/00256.png,0,jpeg_30,0.023014600093097082
data/fixtures/dummy/images/00256.png,0,blur_0.5,0.36783278809314335
data/fixtures/dummy/images/00256.png,0,blur_1.0,0.4808974522786664
data/fixtures/dummy/images/00256.png,0,blur_2.0,0.3460749340297212
data/fixtures/dummy/images/00256.png,0,resize_0.5,0.215406694894002
data/fixtures/dummy/images/00256.png,0,resize_0.25,0.3982639610461439
data/fixtures/dummy/images/00256.png,0,noise_0.02,0.19320735130493083
data/fixtures/dummy/images/00256.png,0,noise_0.05,0.062363499988137616
data/fixtures/dummy/images/00256.png,0,noise_0.1,0.2864152222121781
data/fixtures/dummy/images/00256.png,0,jitter_0.2,0.9337170126327716
data/fixtures/dummy/images/00256.png,0,center_crop_0.8,0.969190776021146
data/fixtures/dummy/images/00256.png,0,composed_blur1.0+jpeg70,0.28445839588793653
data/fixtures/dummy/images/00256.png,0,composed_resize0.5+jpeg50,0.3236078958152796
data/fixtures/dummy/images/00256.png,0,composed_jitter0.2+jpeg30,0.24895062419053138
data/fixtures/dummy/images/00256.png,0,composed_resize0.25+blur0.5+jpeg30,0.6619276671599537
data/fixtures/dummy/images/00257.png,1,clean,0.01348850446770733
data/fixtures/dummy/images/00257.png,1,jpeg_90,0.5298583538743576
data/fixtures/dummy/images/00257.png,1,jpeg_70,0.22235753252715806
data/fixtures/dummy/images/00257.png,1,jpeg_50,0.11169856393462185
data/fixtures/dummy/images/00257.png,1,jpeg_30,0.07663729107650485
data/fixtures/dummy/images/00257.png,1,blur_0.5,0.8360618738612964
data/fixtures/dummy/images/00257.png,1,blur_1.0,0.2663485480722274
data/fixtures/dummy/images/00257.png,1,blur_2.0,0.6086252954705452
data/fixtures/dummy/images/00257.png,1,resize_0.5,0.7191211243931189
data/fixtures/dummy/images/00257.png,1,resize_0.25,0.33151888426389886
data/fixtures/dummy/images/00257.png,1,noise_0.02,0.18130384564414992
data/fixtures/dummy/images/00257.png,1,noise_0.05,0.4945452730412885
data/fixtures/dummy/images/00257.png,1,noise_0.1,0.5566908481747012
data/fixtures/dummy/images/00257.png,1,jitter_0.2,0.3833053014397142
data/fixtures/dummy/images/00257.png,1,center_crop_0.8,0.7946362260289831
data/fixtures/dummy/images/00257.png,1,composed_blur1.0+jpeg70,0.40160655733279926
data/fixtures/dummy/images/00257.png,1,composed_resize0.5+jpeg50,0.13161938125381356
data/fixtures/dummy/images/00257.png,1,composed_jitter0.2+jpeg30,0.5657803699115559
data/fixtures/dummy/images/00257.png,1,composed_resize0.25+blur0.5+jpeg30,0.15040553331410045
data/fixtures/dummy/images/00258.png,1,clean,0.5095809846508118
data/fixtures/dummy/images/00258.png,1,jpeg_90,0.18863508037835375
data/fixtures/dummy/images/00258.png,1,jpeg_70,0.9807902888046511
data/fixtures/dummy/images/00258.png,1,jpeg_50,0.2732385854246039
data/fixtures/dummy/images/00258.png,1,jpeg_30,0.7162512043053828
data/fixtures/dummy/images/00258.png,1,blur_0.5,0.34042096132463273
data/fixtures/dummy/images/00258.png,1,blur_1.0,0.8472870582624819
data/fixtures/dummy/images/00258.png,1,blur_2.0,0.5752054417285789
data/fixtures/dummy/images/00258.png,1,resize_0.5,0.756017779415913
data/fixtures/dummy/images/00258.png,1,resize_0.25,0.46912422648912233
data/fixtures/dummy/images/00258.png,1,noise_0.02,0.3080281506481476
data/fixtures/dummy/images/00258.png,1,noise_0.05,0.3902386090972555
data/fixtures/dummy/images/00258.png,1,noise_0.1,0.28126386710644136
data/fixtures/dummy/images/00258.png,1,jitter_0.2,0.3894447581542131
data/fixtures/dummy/images/00258.png,1,center_crop_0.8,0.4319799142492844
data/fixtures/dummy/images/00258.png,1,composed_blur1.0+jpeg70,0.35288357284668204
data/fixtures/dummy/images/00258.png,1,composed_resize0.5+jpeg50,0.9811446329018263
data/fixtures/dummy/images/00258.png,1,composed_jitter0.2+jpeg30,0.5321008964452677
data/fixtures/dummy/images/00258.png,1,composed_resize0.25+blur0.5+jpeg30,0.4422512032512129
data/fixtures/dummy/images/00259.png,1,clean,0.9975380957805421
data/fixtures/dummy/images/00259.png,1,jpeg_90,0.23821826353859732
data/fixtures/dummy/images/00259.png,1,jpeg_70,0.8633704896014633
data/fixtures/dummy/images/00259.png,1,jpeg_50,0.9175856610467987
data/fixtures/dummy/images/00259.png,1,jpeg_30,0.8674077643368449
data/fixtures/dummy/images/00259.png,1,blur_0.5,0.2919173810390844
data/fixtures/dummy/images/00259.png,1,blur_1.0,0.0851427202043672
data/fixtures/dummy/images/00259.png,1,blur_2.0,0.7435256797566797
data/fixtures/dummy/images/00259.png,1,resize_0.5,0.3984972816083593
data/fixtures/dummy/images/00259.png,1,resize_0.25,0.3503591938393902
data/fixtures/dummy/images/00259.png,1,noise_0.02,0.994341808316213
data/fixtures/dummy/images/00259.png,1,noise_0.05,0.24978898864360988
data/fixtures/dummy/images/00259.png,1,noise_0.1,0.08520336640793702
data/fixtures/dummy/images/00259.png,1,jitter_0.2,0.0931776226384089
data/fixtures/dummy/images/00259.png,1,center_crop_0.8,0.3005193475317227
data/fixtures/dummy/images/00259.png,1,composed_blur1.0+jpeg70,0.7397440991960115
data/fixtures/dummy/images/00259.png,1,composed_resize0.5+jpeg50,0.4678186766651289
data/fixtures/dummy/images/00259.png,1,composed_jitter0.2+jpeg30,0.8686947585965297
data/fixtures/dummy/images/00259.png,1,composed_resize0.25+blur0.5+jpeg30,0.6842159774217417
data/fixtures/dummy/images/00260.jpg,0,clean,0.2541521179138361
data/fixtures/dummy/images/00260.jpg,0,jpeg_90,0.2642616801454504
data/fixtures/dummy/images/00260.jpg,0,jpeg_70,0.1196606048730644
data/fixtures/dummy/images/00260.jpg,0,jpeg_50,0.5592472380069068
data/fixtures/dummy/images/00260.jpg,0,jpeg_30,0.2956420036344528
data/fixtures/dummy/images/00260.jpg,0,blur_0.5,0.37753987937395606
data/fixtures/dummy/images/00260.jpg,0,blur_1.0,0.40970051507558236
data/fixtures/dummy/images/00260.jpg,0,blur_2.0,0.3956721045609073
data/fixtures/dummy/images/00260.jpg,0,resize_0.5,0.32814611656560166
data/fixtures/dummy/images/00260.jpg,0,resize_0.25,0.5709561962166103
data/fixtures/dummy/images/00260.jpg,0,noise_0.02,0.5921560567465995
data/fixtures/dummy/images/00260.jpg,0,noise_0.05,0.8563116091236077
data/fixtures/dummy/images/00260.jpg,0,noise_0.1,0.704987458012393
data/fixtures/dummy/images/00260.jpg,0,jitter_0.2,0.030406234220003547
data/fixtures/dummy/images/00260.jpg,0,center_crop_0.8,0.7074577280182179
data/fixtures/dummy/images/00260.jpg,0,composed_blur1.0+jpeg70,0.5574402179842507
data/fixtures/dummy/images/00260.jpg,0,composed_resize0.5+jpeg50,0.6771149104654572
data/fixtures/dummy/images/00260.jpg,0,composed_jitter0.2+jpeg30,0.8119487380115374
data/fixtures/dummy/images/00260.jpg,0,composed_resize0.25+blur0.5+jpeg30,0.4637735882816062
data/fixtures/dummy/images/00261.png,0,clean,0.9283020695106446
data/fixtures/dummy/images/00261.png,0,jpeg_90,0.3945635128289745
data/fixtures/dummy/images/00261.png,0,jpeg_70,0.2540375467392354
data/fixtures/dummy/images/00261.png,0,jpeg_50,0.06437443709988744
data/fixtures/dummy/images/00261.png,0,jpeg_30,0.2312915004828191
data/fixtures/dummy/images/00261.png,0,blur_0.5,0.6041112492785572
data/fixtures/dummy/images/00261.png,0,blur_1.0,0.03552901858788182
data/fixtures/dummy/images/00261.png,0,blur_2.0,0.44916491013397797
data/fixtures/dummy/images/00261.png,0,resize_0.5,0.5017281786502836
data/fixtures/dummy/images/00261.png,0,resize_0.25,0.9541439377408071
data/fixtures/dummy/images/00261.png,0,noise_0.02,0.9526668732755573
data/fixtures/dummy/images/00261.png,0,noise_0.05,0.4180585546470398
data/fixtures/dummy/images/00261.png,0,noise_0.1,0.09297439849150657
data/fixtures/dummy/images/00261.png,0,jitter_0.2,0.8959574653230126
data/fixtures/dummy/images/00261.png,0,center_crop_0.8,0.15833454347883702
data/fixtures/dummy/images/00261.png,0,composed_blur1.0+jpeg70,0.3266721073639953
data/fixtures/dummy/images/00261.png,0,composed_resize0.5+jpeg50,0.6388348393993605
data/fixtures/dummy/images/00261.png,0,composed_jitter0.2+jpeg30,0.6724833390882408
data/fixtures/dummy/images/00261.png,0,composed_resize0.25+blur0.5+jpeg30,0.49535206142837596
data/fixtures/dummy/images/00262.png,0,clean,0.5640503597458366
data/fixtures/dummy/images/00262.png,0,jpeg_90,0.7527065401947115
data/fixtures/dummy/images/00262.png,0,jpeg_70,0.982461414360956
data/fixtures/dummy/images/00262.png,0,jpeg_50,0.08735669506247501
data/fixtures/dummy/images/00262.png,0,jpeg_30,0.14755563828488805
data/fixtures/dummy/images/00262.png,0,blur_0.5,0.7194446226611355
data/fixtures/dummy/images/00262.png,0,blur_1.0,0.5013918851776173
data/fixtures/dummy/images/00262.png,0,blur_2.0,0.7092410083120118
data/fixtures/dummy/images/00262.png,0,resize_0.5,0.4107445768428186
data/fixtures/dummy/images/00262.png,0,resize_0.25,0.3526951813060011
data/fixtures/dummy/images/00262.png,0,noise_0.02,0.9198870007343394
data/fixtures/dummy/images/00262.png,0,noise_0.05,0.22198461589278873
data/fixtures/dummy/images/00262.png,0,noise_0.1,0.9992967661717478
data/fixtures/dummy/images/00262.png,0,jitter_0.2,0.26964516988289977
data/fixtures/dummy/images/00262.png,0,center_crop_0.8,0.8752736041782743
data/fixtures/dummy/images/00262.png,0,composed_blur1.0+jpeg70,0.4337690892145708
data/fixtures/dummy/images/00262.png,0,composed_resize0.5+jpeg50,0.6200807674864387
data/fixtures/dummy/images/00262.png,0,composed_jitter0.2+jpeg30,0.8360904362459112
data/fixtures/dummy/images/00262.png,0,composed_resize0.25+blur0.5+jpeg30,0.5630915235851073
data/fixtures/dummy/images/00263.png,0,clean,0.10444951166901317
data/fixtures/dummy/images/00263.png,0,jpeg_90,0.008852520625255988
data/fixtures/dummy/images/00263.png,0,jpeg_70,0.47774392407259214
data/fixtures/dummy/images/00263.png,0,jpeg_50,0.6395906642070847
data/fixtures/dummy/images/00263.png,0,jpeg_30,0.7098582452207713
data/fixtures/dummy/images/00263.png,0,blur_0.5,0.2533375522172945
data/fixtures/dummy/images/00263.png,0,blur_1.0,0.7398046114908611
data/fixtures/dummy/images/00263.png,0,blur_2.0,0.8600125572974402
data/fixtures/dummy/images/00263.png,0,resize_0.5,0.20633479142240496
data/fixtures/dummy/images/00263.png,0,resize_0.25,0.12308968332610137
data/fixtures/dummy/images/00263.png,0,noise_0.02,0.22866479886681135
data/fixtures/dummy/images/00263.png,0,noise_0.05,0.2979521242415034
data/fixtures/dummy/images/00263.png,0,noise_0.1,0.10720044376379945
data/fixtures/dummy/images/00263.png,0,jitter_0.2,0.692181737598951
data/fixtures/dummy/images/00263.png,0,center_crop_0.8,0.8526274722194274
data/fixtures/dummy/images/00263.png,0,composed_blur1.0+jpeg70,0.003138721476775741
data/fixtures/dummy/images/00263.png,0,composed_resize0.5+jpeg50,0.48078844988926617
data/fixtures/dummy/images/00263.png,0,composed_jitter0.2+jpeg30,0.9867832513381337
data/fixtures/dummy/images/00263.png,0,composed_resize0.25+blur0.5+jpeg30,0.7177889627310975
data/fixtures/dummy/images/00264.png,1,clean,0.5198904457546462
data/fixtures/dummy/images/00264.png,1,jpeg_90,0.5620305189991861
data/fixtures/dummy/images/00264.png,1,jpeg_70,0.5259434539432959
data/fixtures/dummy/images/00264.png,1,jpeg_50,0.3627633948306227
data/fixtures/dummy/images/00264.png,1,jpeg_30,0.1335450466174184
data/fixtures/dummy/images/00264.png,1,blur_0.5,0.3537131477834179
data/fixtures/dummy/images/00264.png,1,blur_1.0,0.03862766567512077
data/fixtures/dummy/images/00264.png,1,blur_2.0,0.02071152119852615
data/fixtures/dummy/images/00264.png,1,resize_0.5,0.8504946614503283
data/fixtures/dummy/images/00264.png,1,resize_0.25,0.6564990118865113
data/fixtures/dummy/images/00264.png,1,noise_0.02,0.8816358892587736
data/fixtures/dummy/images/00264.png,1,noise_0.05,0.7003364835604858
data/fixtures/dummy/images/00264.png,1,noise_0.1,0.5624325650146366
data/fixtures/dummy/images/00264.png,1,jitter_0.2,0.8663309920080817
data/fixtures/dummy/images/00264.png,1,center_crop_0.8,0.0740880608863389
data/fixtures/dummy/images/00264.png,1,composed_blur1.0+jpeg70,0.739807316068715
data/fixtures/dummy/images/00264.png,1,composed_resize0.5+jpeg50,0.1528116677152277
data/fixtures/dummy/images/00264.png,1,composed_jitter0.2+jpeg30,0.025744394726626263
data/fixtures/dummy/images/00264.png,1,composed_resize0.25+blur0.5+jpeg30,0.5823193236937412
data/fixtures/dummy/images/00265.png,1,clean,0.9144900246404066
data/fixtures/dummy/images/00265.png,1,jpeg_90,0.7022441596162076
data/fixtures/dummy/images/00265.png,1,jpeg_70,0.6505044156446065
data/fixtures/dummy/images/00265.png,1,jpeg_50,0.8073485610459167
data/fixtures/dummy/images/00265.png,1,jpeg_30,0.28435889571325024
data/fixtures/dummy/images/00265.png,1,blur_0.5,0.3159058562178545
data/fixtures/dummy/images/00265.png,1,blur_1.0,0.5764342664251048
data/fixtures/dummy/images/00265.png,1,blur_2.0,0.5431179893603739
data/fixtures/dummy/images/00265.png,1,resize_0.5,0.4127147145376714
data/fixtures/dummy/images/00265.png,1,resize_0.25,0.39028493269641695
data/fixtures/dummy/images/00265.png,1,noise_0.02,0.4212280427635723
data/fixtures/dummy/images/00265.png,1,noise_0.05,0.6383375678413323
data/fixtures/dummy/images/00265.png,1,noise_0.1,0.35455159954462323
data/fixtures/dummy/images/00265.png,1,jitter_0.2,0.6012481970114648
data/fixtures/dummy/images/00265.png,1,center_crop_0.8,0.8436587685532086
data/fixtures/dummy/images/00265.png,1,composed_blur1.0+jpeg70,0.4218843227668807
data/fixtures/dummy/images/00265.png,1,composed_resize0.5+jpeg50,0.9255453357221829
data/fixtures/dummy/images/00265.png,1,composed_jitter0.2+jpeg30,0.7641224247572166
data/fixtures/dummy/images/00265.png,1,composed_resize0.25+blur0.5+jpeg30,0.6671430106603516
data/fixtures/dummy/images/00266.png,0,clean,0.9887976189270824
data/fixtures/dummy/images/00266.png,0,jpeg_90,0.18976289818982517
data/fixtures/dummy/images/00266.png,0,jpeg_70,0.11550450902674503
data/fixtures/dummy/images/00266.png,0,jpeg_50,0.6944487695007661
data/fixtures/dummy/images/00266.png,0,jpeg_30,0.039439423909912064
data/fixtures/dummy/images/00266.png,0,blur_0.5,0.07185718569322874
data/fixtures/dummy/images/00266.png,0,blur_1.0,0.5050635366513619
data/fixtures/dummy/images/00266.png,0,blur_2.0,0.8270967637213634
data/fixtures/dummy/images/00266.png,0,resize_0.5,0.3126566320740478
data/fixtures/dummy/images/00266.png,0,resize_0.25,0.4452331008029591
data/fixtures/dummy/images/00266.png,0,noise_0.02,0.21113347593449505
data/fixtures/dummy/images/00266.png,0,noise_0.05,0.7685459527002905
data/fixtures/dummy/images/00266.png,0,noise_0.1,0.646706730535106
data/fixtures/dummy/images/00266.png,0,jitter_0.2,0.8501677171501759
data/fixtures/dummy/images/00266.png,0,center_crop_0.8,0.07370657939909264
data/fixtures/dummy/images/00266.png,0,composed_blur1.0+jpeg70,0.15701847150601056
data/fixtures/dummy/images/00266.png,0,composed_resize0.5+jpeg50,0.8340988433346347
data/fixtures/dummy/images/00266.png,0,composed_jitter0.2+jpeg30,0.15649099560182644
data/fixtures/dummy/images/00266.png,0,composed_resize0.25+blur0.5+jpeg30,0.646561023841324
data/fixtures/dummy/images/00267.png,1,clean,0.35838371854973394
data/fixtures/dummy/images/00267.png,1,jpeg_90,0.5390672327780731
data/fixtures/dummy/images/00267.png,1,jpeg_70,0.4144227014631987
data/fixtures/dummy/images/00267.png,1,jpeg_50,0.37086342812161166
data/fixtures/dummy/images/00267.png,1,jpeg_30,0.8722428781599885
data/fixtures/dummy/images/00267.png,1,blur_0.5,0.7812127555827981
data/fixtures/dummy/images/00267.png,1,blur_1.0,0.3563619510448246
data/fixtures/dummy/images/00267.png,1,blur_2.0,0.5984292917447515
data/fixtures/dummy/images/00267.png,1,resize_0.5,0.8686675753264322
data/fixtures/dummy/images/00267.png,1,resize_0.25,0.29914538385439726
data/fixtures/dummy/images/00267.png,1,noise_0.02,0.16018460259876677
data/fixtures/dummy/images/00267.png,1,noise_0.05,0.09203599553521002
data/fixtures/dummy/images/00267.png,1,noise_0.1,0.7541862954909694
data/fixtures/dummy/images/00267.png,1,jitter_0.2,0.5922603362511741
data/fixtures/dummy/images/00267.png,1,center_crop_0.8,0.9305437520099625
data/fixtures/dummy/images/00267.png,1,composed_blur1.0+jpeg70,0.11722513501564102
data/fixtures/dummy/images/00267.png,1,composed_resize0.5+jpeg50,0.7553251267700064
data/fixtures/dummy/images/00267.png,1,composed_jitter0.2+jpeg30,0.2640960190186079
data/fixtures/dummy/images/00267.png,1,composed_resize0.25+blur0.5+jpeg30,0.003777856422671144
data/fixtures/dummy/images/00268.png,1,clean,0.9149124572554019
data/fixtures/dummy/images/00268.png,1,jpeg_90,0.9544798482386353
data/fixtures/dummy/images/00268.png,1,jpeg_70,0.763918356002426
data/fixtures/dummy/images/00268.png,1,jpeg_50,0.023761883005265827
data/fixtures/dummy/images/00268.png,1,jpeg_30,0.5831971002011224
data/fixtures/dummy/images/00268.png,1,blur_0.5,0.03662418555636082
data/fixtures/dummy/images/00268.png,1,blur_1.0,0.30900679185001967
data/fixtures/dummy/images/00268.png,1,blur_2.0,0.6799962057247948
data/fixtures/dummy/images/00268.png,1,resize_0.5,0.5273518099516157
data/fixtures/dummy/images/00268.png,1,resize_0.25,0.7272606387464162
data/fixtures/dummy/images/00268.png,1,noise_0.02,0.8051501130360246
data/fixtures/dummy/images/00268.png,1,noise_0.05,0.6647730165094569
data/fixtures/dummy/images/00268.png,1,noise_0.1,0.09399363492359958
data/fixtures/dummy/images/00268.png,1,jitter_0.2,0.7794720631487898
data/fixtures/dummy/images/00268.png,1,center_crop_0.8,0.2518574234782015
data/fixtures/dummy/images/00268.png,1,composed_blur1.0+jpeg70,0.598320812456977
data/fixtures/dummy/images/00268.png,1,composed_resize0.5+jpeg50,0.9845232893125614
data/fixtures/dummy/images/00268.png,1,composed_jitter0.2+jpeg30,0.7722575221443014
data/fixtures/dummy/images/00268.png,1,composed_resize0.25+blur0.5+jpeg30,0.5584255015023948
data/fixtures/dummy/images/00269.png,1,clean,0.4334649806483726
data/fixtures/dummy/images/00269.png,1,jpeg_90,0.17091702754423432
data/fixtures/dummy/images/00269.png,1,jpeg_70,0.22803189516565203
data/fixtures/dummy/images/00269.png,1,jpeg_50,0.1673259386316931
data/fixtures/dummy/images/00269.png,1,jpeg_30,0.3538265852552446
data/fixtures/dummy/images/00269.png,1,blur_0.5,0.9805138054747161
data/fixtures/dummy/images/00269.png,1,blur_1.0,0.1798100584969049
data/fixtures/dummy/images/00269.png,1,blur_2.0,0.12292763010455443
data/fixtures/dummy/images/00269.png,1,resize_0.5,0.09496078742867498
data/fixtures/dummy/images/00269.png,1,resize_0.25,0.2833087148625727
data/fixtures/dummy/images/00269.png,1,noise_0.02,0.9592265689399575
data/fixtures/dummy/images/00269.png,1,noise_0.05,0.013169186741840755
data/fixtures/dummy/images/00269.png,1,noise_0.1,0.139480092301275
data/fixtures/dummy/images/00269.png,1,jitter_0.2,0.8901548846177562
data/fixtures/dummy/images/00269.png,1,center_crop_0.8,0.3994304663356849
data/fixtures/dummy/images/00269.png,1,composed_blur1.0+jpeg70,0.09159659483324789
data/fixtures/dummy/images/00269.png,1,composed_resize0.5+jpeg50,0.7883147972380337
data/fixtures/dummy/images/00269.png,1,composed_jitter0.2+jpeg30,0.8449613932184151
data/fixtures/dummy/images/00269.png,1,composed_resize0.25+blur0.5+jpeg30,0.6961666926668564
data/fixtures/dummy/images/00270.png,1,clean,0.06139702985561257
data/fixtures/dummy/images/00270.png,1,jpeg_90,0.9343132347684204
data/fixtures/dummy/images/00270.png,1,jpeg_70,0.06139734825944221
data/fixtures/dummy/images/00270.png,1,jpeg_50,0.6441093867863158
data/fixtures/dummy/images/00270.png,1,jpeg_30,0.21650197201497812
data/fixtures/dummy/images/00270.png,1,blur_0.5,0.6074505221241152
data/fixtures/dummy/images/00270.png,1,blur_1.0,0.8040596104104424
data/fixtures/dummy/images/00270.png,1,blur_2.0,0.07696367750585476
data/fixtures/dummy/images/00270.png,1,resize_0.5,0.38595054302711684
data/fixtures/dummy/images/00270.png,1,resize_0.25,0.13797954446329175
data/fixtures/dummy/images/00270.png,1,noise_0.02,0.716116159490523
data/fixtures/dummy/images/00270.png,1,noise_0.05,0.043040978430033294
data/fixtures/dummy/images/00270.png,1,noise_0.1,0.8371358703852809
data/fixtures/dummy/images/00270.png,1,jitter_0.2,0.6958533398634056
data/fixtures/dummy/images/00270.png,1,center_crop_0.8,0.5101020387279247
data/fixtures/dummy/images/00270.png,1,composed_blur1.0+jpeg70,0.8841686681134707
data/fixtures/dummy/images/00270.png,1,composed_resize0.5+jpeg50,0.028402002149197414
data/fixtures/dummy/images/00270.png,1,composed_jitter0.2+jpeg30,0.6807740759023143
data/fixtures/dummy/images/00270.png,1,composed_resize0.25+blur0.5+jpeg30,0.41758805942377275
data/fixtures/dummy/images/00271.png,1,clean,0.472036587559183
data/fixtures/dummy/images/00271.png,1,jpeg_90,0.8808777385746054
data/fixtures/dummy/images/00271.png,1,jpeg_70,0.5754417895945596
data/fixtures/dummy/images/00271.png,1,jpeg_50,0.61484357559379
data/fixtures/dummy/images/00271.png,1,jpeg_30,0.17140808154800913
data/fixtures/dummy/images/00271.png,1,blur_0.5,0.6792988075149271
data/fixtures/dummy/images/00271.png,1,blur_1.0,0.39267670271936417
data/fixtures/dummy/images/00271.png,1,blur_2.0,0.5740289849581368
data/fixtures/dummy/images/00271.png,1,resize_0.5,0.3961557384939407
data/fixtures/dummy/images/00271.png,1,resize_0.25,0.8539247325870053
data/fixtures/dummy/images/00271.png,1,noise_0.02,0.7948895497626831
data/fixtures/dummy/images/00271.png,1,noise_0.05,0.6735783257299045
data/fixtures/dummy/images/00271.png,1,noise_0.1,0.010188249598599874
data/fixtures/dummy/images/00271.png,1,jitter_0.2,0.280321907340508
data/fixtures/dummy/images/00271.png,1,center_crop_0.8,0.9377828681917537
data/fixtures/dummy/images/00271.png,1,composed_blur1.0+jpeg70,0.0872786350454886
data/fixtures/dummy/images/00271.png,1,composed_resize0.5+jpeg50,0.690739720175718
data/fixtures/dummy/images/00271.png,1,composed_jitter0.2+jpeg30,0.7567772584459954
data/fixtures/dummy/images/00271.png,1,composed_resize0.25+blur0.5+jpeg30,0.830249154564068
data/fixtures/dummy/images/00272.png,0,clean,0.40917761935486074
data/fixtures/dummy/images/00272.png,0,jpeg_90,0.8955028104901471
data/fixtures/dummy/images/00272.png,0,jpeg_70,0.31371388148100576
data/fixtures/dummy/images/00272.png,0,jpeg_50,0.14130996274415997
data/fixtures/dummy/images/00272.png,0,jpeg_30,0.6155621796309055
data/fixtures/dummy/images/00272.png,0,blur_0.5,0.08501011178785911
data/fixtures/dummy/images/00272.png,0,blur_1.0,0.569526325941422
data/fixtures/dummy/images/00272.png,0,blur_2.0,0.2778265812620475
data/fixtures/dummy/images/00272.png,0,resize_0.5,0.17904193848347172
data/fixtures/dummy/images/00272.png,0,resize_0.25,0.21904097515737053
data/fixtures/dummy/images/00272.png,0,noise_0.02,0.7816967297129477
data/fixtures/dummy/images/00272.png,0,noise_0.05,0.2771374488530518
data/fixtures/dummy/images/00272.png,0,noise_0.1,0.6035402246808883
data/fixtures/dummy/images/00272.png,0,jitter_0.2,0.3486046578318579
data/fixtures/dummy/images/00272.png,0,center_crop_0.8,0.5346652067296241
data/fixtures/dummy/images/00272.png,0,composed_blur1.0+jpeg70,0.7072770870985675
data/fixtures/dummy/images/00272.png,0,composed_resize0.5+jpeg50,0.33592624294641615
data/fixtures/dummy/images/00272.png,0,composed_jitter0.2+jpeg30,0.5173268958271224
data/fixtures/dummy/images/00272.png,0,composed_resize0.25+blur0.5+jpeg30,0.435292662839349
data/fixtures/dummy/images/00273.png,0,clean,0.26090759270375696
data/fixtures/dummy/images/00273.png,0,jpeg_90,0.9278243695646068
data/fixtures/dummy/images/00273.png,0,jpeg_70,0.6092095426472183
data/fixtures/dummy/images/00273.png,0,jpeg_50,0.40837956710677237
data/fixtures/dummy/images/00273.png,0,jpeg_30,0.6940561804842835
data/fixtures/dummy/images/00273.png,0,blur_0.5,0.8949960816277598
data/fixtures/dummy/images/00273.png,0,blur_1.0,0.11955253128845578
data/fixtures/dummy/images/00273.png,0,blur_2.0,0.795653076987354
data/fixtures/dummy/images/00273.png,0,resize_0.5,0.5589320805427171
data/fixtures/dummy/images/00273.png,0,resize_0.25,0.097240361883012
data/fixtures/dummy/images/00273.png,0,noise_0.02,0.3483111367754359
data/fixtures/dummy/images/00273.png,0,noise_0.05,0.5176949980158008
data/fixtures/dummy/images/00273.png,0,noise_0.1,0.8030634141069044
data/fixtures/dummy/images/00273.png,0,jitter_0.2,0.8101233950446302
data/fixtures/dummy/images/00273.png,0,center_crop_0.8,0.7686479777513637
data/fixtures/dummy/images/00273.png,0,composed_blur1.0+jpeg70,0.7974753296567529
data/fixtures/dummy/images/00273.png,0,composed_resize0.5+jpeg50,0.03967192032606548
data/fixtures/dummy/images/00273.png,0,composed_jitter0.2+jpeg30,0.06463917242001183
data/fixtures/dummy/images/00273.png,0,composed_resize0.25+blur0.5+jpeg30,0.07685524741838867
data/fixtures/dummy/images/00274.png,1,clean,0.4120870250907708
data/fixtures/dummy/images/00274.png,1,jpeg_90,0.3918170103711076
data/fixtures/dummy/images/00274.png,1,jpeg_70,0.3177083200644514
data/fixtures/dummy/images/00274.png,1,jpeg_50,0.3081367372668753
data/fixtures/dummy/images/00274.png,1,jpeg_30,0.2501220648373389
data/fixtures/dummy/images/00274.png,1,blur_0.5,0.698826049916102
data/fixtures/dummy/images/00274.png,1,blur_1.0,0.8762945806844444
data/fixtures/dummy/images/00274.png,1,blur_2.0,0.42841591460118844
data/fixtures/dummy/images/00274.png,1,resize_0.5,0.7573027990955811
data/fixtures/dummy/images/00274.png,1,resize_0.25,0.3775595808128571
data/fixtures/dummy/images/00274.png,1,noise_0.02,0.6765209471335347
data/fixtures/dummy/images/00274.png,1,noise_0.05,0.7274472211035978
data/fixtures/dummy/images/00274.png,1,noise_0.1,0.16301937973102143
data/fixtures/dummy/images/00274.png,1,jitter_0.2,0.3176653527212083
data/fixtures/dummy/images/00274.png,1,center_crop_0.8,0.7131840107019537
data/fixtures/dummy/images/00274.png,1,composed_blur1.0+jpeg70,0.5291203008600257
data/fixtures/dummy/images/00274.png,1,composed_resize0.5+jpeg50,0.8408028298649112
data/fixtures/dummy/images/00274.png,1,composed_jitter0.2+jpeg30,0.9470040820806722
data/fixtures/dummy/images/00274.png,1,composed_resize0.25+blur0.5+jpeg30,0.3418760721852149
data/fixtures/dummy/images/00275.png,0,clean,0.6680683482472191
data/fixtures/dummy/images/00275.png,0,jpeg_90,0.4653627527100094
data/fixtures/dummy/images/00275.png,0,jpeg_70,0.6979407522098681
data/fixtures/dummy/images/00275.png,0,jpeg_50,0.06495900110764719
data/fixtures/dummy/images/00275.png,0,jpeg_30,0.4006874366062707
data/fixtures/dummy/images/00275.png,0,blur_0.5,0.7957493352439041
data/fixtures/dummy/images/00275.png,0,blur_1.0,0.3368715718172607
data/fixtures/dummy/images/00275.png,0,blur_2.0,0.4406230391026683
data/fixtures/dummy/images/00275.png,0,resize_0.5,0.6442884478708175
data/fixtures/dummy/images/00275.png,0,resize_0.25,0.9851971366841988
data/fixtures/dummy/images/00275.png,0,noise_0.02,0.9240798911227465
data/fixtures/dummy/images/00275.png,0,noise_0.05,0.8404517868074196
data/fixtures/dummy/images/00275.png,0,noise_0.1,0.8521837369103598
data/fixtures/dummy/images/00275.png,0,jitter_0.2,0.4297673092144674
data/fixtures/dummy/images/00275.png,0,center_crop_0.8,0.47211470831027624
data/fixtures/dummy/images/00275.png,0,composed_blur1.0+jpeg70,0.9111462625451632
data/fixtures/dummy/images/00275.png,0,composed_resize0.5+jpeg50,0.2413356811017855
data/fixtures/dummy/images/00275.png,0,composed_jitter0.2+jpeg30,0.3489011918792836
data/fixtures/dummy/images/00275.png,0,composed_resize0.25+blur0.5+jpeg30,0.9511874670636383
data/fixtures/dummy/images/00276.png,0,clean,0.6599376626123407
data/fixtures/dummy/images/00276.png,0,jpeg_90,0.2407344188598165
data/fixtures/dummy/images/00276.png,0,jpeg_70,0.12810471741263962
data/fixtures/dummy/images/00276.png,0,jpeg_50,0.1651295553378357
data/fixtures/dummy/images/00276.png,0,jpeg_30,0.9467405330250207
data/fixtures/dummy/images/00276.png,0,blur_0.5,0.8513692958532902
data/fixtures/dummy/images/00276.png,0,blur_1.0,0.8133564979699194
data/fixtures/dummy/images/00276.png,0,blur_2.0,0.2586322667419986
data/fixtures/dummy/images/00276.png,0,resize_0.5,0.65195283269788
data/fixtures/dummy/images/00276.png,0,resize_0.25,0.10392928098030585
data/fixtures/dummy/images/00276.png,0,noise_0.02,0.6333878578408726
data/fixtures/dummy/images/00276.png,0,noise_0.05,0.2309556037284024
data/fixtures/dummy/images/00276.png,0,noise_0.1,0.7474314485811868
data/fixtures/dummy/images/00276.png,0,jitter_0.2,0.8100732752850293
data/fixtures/dummy/images/00276.png,0,center_crop_0.8,0.3127709016779142
data/fixtures/dummy/images/00276.png,0,composed_blur1.0+jpeg70,0.5725022132007529
data/fixtures/dummy/images/00276.png,0,composed_resize0.5+jpeg50,0.38733661788497875
data/fixtures/dummy/images/00276.png,0,composed_jitter0.2+jpeg30,0.6193502287066786
data/fixtures/dummy/images/00276.png,0,composed_resize0.25+blur0.5+jpeg30,0.8620087956064952
data/fixtures/dummy/images/00277.png,0,clean,0.8947078564906911
data/fixtures/dummy/images/00277.png,0,jpeg_90,0.7167247588325335
data/fixtures/dummy/images/00277.png,0,jpeg_70,0.6572913515838017
data/fixtures/dummy/images/00277.png,0,jpeg_50,0.444305284055029
data/fixtures/dummy/images/00277.png,0,jpeg_30,0.1690490813136124
data/fixtures/dummy/images/00277.png,0,blur_0.5,0.6163309953634895
data/fixtures/dummy/images/00277.png,0,blur_1.0,0.9573194140627648
data/fixtures/dummy/images/00277.png,0,blur_2.0,0.19762461341408932
data/fixtures/dummy/images/00277.png,0,resize_0.5,0.691299245786244
data/fixtures/dummy/images/00277.png,0,resize_0.25,0.5516057422120941
data/fixtures/dummy/images/00277.png,0,noise_0.02,0.6085296993748162
data/fixtures/dummy/images/00277.png,0,noise_0.05,0.0031199806271339225
data/fixtures/dummy/images/00277.png,0,noise_0.1,0.39838434272189893
data/fixtures/dummy/images/00277.png,0,jitter_0.2,0.5628216422813243
data/fixtures/dummy/images/00277.png,0,center_crop_0.8,0.9031899852986442
data/fixtures/dummy/images/00277.png,0,composed_blur1.0+jpeg70,0.7013447874927788
data/fixtures/dummy/images/00277.png,0,composed_resize0.5+jpeg50,0.3358064423853886
data/fixtures/dummy/images/00277.png,0,composed_jitter0.2+jpeg30,0.41140666117166846
data/fixtures/dummy/images/00277.png,0,composed_resize0.25+blur0.5+jpeg30,0.9407553838937716
data/fixtures/dummy/images/00278.png,0,clean,0.6539756437397993
data/fixtures/dummy/images/00278.png,0,jpeg_90,0.1042745889819533
data/fixtures/dummy/images/00278.png,0,jpeg_70,0.8964862347822621
data/fixtures/dummy/images/00278.png,0,jpeg_50,0.8972946621697253
data/fixtures/dummy/images/00278.png,0,jpeg_30,0.7181492895039899
data/fixtures/dummy/images/00278.png,0,blur_0.5,0.30105980860539694
data/fixtures/dummy/images/00278.png,0,blur_1.0,0.497327447851887
data/fixtures/dummy/images/00278.png,0,blur_2.0,0.32244259149360754
data/fixtures/dummy/images/00278.png,0,resize_0.5,0.4544006433480776
data/fixtures/dummy/images/00278.png,0,resize_0.25,0.979571611941113
data/fixtures/dummy/images/00278.png,0,noise_0.02,0.8879353689866296
data/fixtures/dummy/images/00278.png,0,noise_0.05,0.18327200576463287
data/fixtures/dummy/images/00278.png,0,noise_0.1,0.12248506597620723
data/fixtures/dummy/images/00278.png,0,jitter_0.2,0.6027103419984505
data/fixtures/dummy/images/00278.png,0,center_crop_0.8,0.10550098722200651
data/fixtures/dummy/images/00278.png,0,composed_blur1.0+jpeg70,0.1844235974974341
data/fixtures/dummy/images/00278.png,0,composed_resize0.5+jpeg50,0.6847128879372879
data/fixtures/dummy/images/00278.png,0,composed_jitter0.2+jpeg30,0.6496361704554684
data/fixtures/dummy/images/00278.png,0,composed_resize0.25+blur0.5+jpeg30,0.359931013175917
data/fixtures/dummy/images/00279.png,0,clean,0.3269857949209436
data/fixtures/dummy/images/00279.png,0,jpeg_90,0.7583386791310437
data/fixtures/dummy/images/00279.png,0,jpeg_70,0.4832825410126873
data/fixtures/dummy/images/00279.png,0,jpeg_50,0.7628687754352631
data/fixtures/dummy/images/00279.png,0,jpeg_30,0.16663756425717635
data/fixtures/dummy/images/00279.png,0,blur_0.5,0.4227473606358739
data/fixtures/dummy/images/00279.png,0,blur_1.0,0.6525487244025653
data/fixtures/dummy/images/00279.png,0,blur_2.0,0.946105464683004
data/fixtures/dummy/images/00279.png,0,resize_0.5,0.7273218192075622
data/fixtures/dummy/images/00279.png,0,resize_0.25,0.9119923749578221
data/fixtures/dummy/images/00279.png,0,noise_0.02,0.4155337872554937
data/fixtures/dummy/images/00279.png,0,noise_0.05,0.08768229208418932
data/fixtures/dummy/images/00279.png,0,noise_0.1,0.6443404546072721
data/fixtures/dummy/images/00279.png,0,jitter_0.2,0.08844385729860549
data/fixtures/dummy/images/00279.png,0,center_crop_0.8,0.9873323173548191
data/fixtures/dummy/images/00279.png,0,composed_blur1.0+jpeg70,0.5202694382592653
data/fixtures/dummy/images/00279.png,0,composed_resize0.5+jpeg50,0.8390265967571914
data/fixtures/dummy/images/00279.png,0,composed_jitter0.2+jpeg30,0.4820107453984378
data/fixtures/dummy/images/00279.png,0,composed_resize0.25+blur0.5+jpeg30,0.12174891517908115
data/fixtures/dummy/images/00280.png,0,clean,0.9171722984075207
data/fixtures/dummy/images/00280.png,0,jpeg_90,0.0986326918000896
data/fixtures/dummy/images/00280.png,0,jpeg_70,0.22387977128354652
data/fixtures/dummy/images/00280.png,0,jpeg_50,0.7293169397469883
data/fixtures/dummy/images/00280.png,0,jpeg_30,0.9543021086652241
data/fixtures/dummy/images/00280.png,0,blur_0.5,0.27710388865342717
data/fixtures/dummy/images/00280.png,0,blur_1.0,0.1305814591351424
data/fixtures/dummy/images/00280.png,0,blur_2.0,0.8799207459580014
data/fixtures/dummy/images/00280.png,0,resize_0.5,0.38407274344675557
data/fixtures/dummy/images/00280.png,0,resize_0.25,0.5605064767199257
data/fixtures/dummy/images/00280.png,0,noise_0.02,0.6547373505084458
data/fixtures/dummy/images/00280.png,0,noise_0.05,0.5113192724874391
data/fixtures/dummy/images/00280.png,0,noise_0.1,0.02873584093109538
data/fixtures/dummy/images/00280.png,0,jitter_0.2,0.8443002701115699
data/fixtures/dummy/images/00280.png,0,center_crop_0.8,0.6534254285848838
data/fixtures/dummy/images/00280.png,0,composed_blur1.0+jpeg70,0.8694865794070102
data/fixtures/dummy/images/00280.png,0,composed_resize0.5+jpeg50,0.6571773454706454
data/fixtures/dummy/images/00280.png,0,composed_jitter0.2+jpeg30,0.5490305712956789
data/fixtures/dummy/images/00280.png,0,composed_resize0.25+blur0.5+jpeg30,0.9032059019378637
data/fixtures/dummy/images/00281.png,0,clean,0.4390855715123406
data/fixtures/dummy/images/00281.png,0,jpeg_90,0.5247593299865771
data/fixtures/dummy/images/00281.png,0,jpeg_70,0.7824705425842842
data/fixtures/dummy/images/00281.png,0,jpeg_50,0.7151631811267702
data/fixtures/dummy/images/00281.png,0,jpeg_30,0.3793368621506914
data/fixtures/dummy/images/00281.png,0,blur_0.5,0.7480715341117847
data/fixtures/dummy/images/00281.png,0,blur_1.0,0.42416569273689275
data/fixtures/dummy/images/00281.png,0,blur_2.0,0.4108199830450824
data/fixtures/dummy/images/00281.png,0,resize_0.5,0.33575499672334197
data/fixtures/dummy/images/00281.png,0,resize_0.25,0.34262538220843686
data/fixtures/dummy/images/00281.png,0,noise_0.02,0.3081508948229289
data/fixtures/dummy/images/00281.png,0,noise_0.05,0.03422739837870248
data/fixtures/dummy/images/00281.png,0,noise_0.1,0.870936533747549
data/fixtures/dummy/images/00281.png,0,jitter_0.2,0.8254506631144192
data/fixtures/dummy/images/00281.png,0,center_crop_0.8,0.008888411475562186
data/fixtures/dummy/images/00281.png,0,composed_blur1.0+jpeg70,0.7847476911289637
data/fixtures/dummy/images/00281.png,0,composed_resize0.5+jpeg50,0.051440349900796045
data/fixtures/dummy/images/00281.png,0,composed_jitter0.2+jpeg30,0.6456783007263853
data/fixtures/dummy/images/00281.png,0,composed_resize0.25+blur0.5+jpeg30,0.486405984743124
data/fixtures/dummy/images/00282.png,0,clean,0.19057529815902974
data/fixtures/dummy/images/00282.png,0,jpeg_90,0.22882625919720523
data/fixtures/dummy/images/00282.png,0,jpeg_70,0.6215291774744738
data/fixtures/dummy/images/00282.png,0,jpeg_50,0.17078960809476273
data/fixtures/dummy/images/00282.png,0,jpeg_30,0.938990246045825
data/fixtures/dummy/images/00282.png,0,blur_0.5,0.41193269874590255
data/fixtures/dummy/images/00282.png,0,blur_1.0,0.1398245602606497
data/fixtures/dummy/images/00282.png,0,blur_2.0,0.7850479842391498
data/fixtures/dummy/images/00282.png,0,resize_0.5,0.5242484187062972
data/fixtures/dummy/images/00282.png,0,resize_0.25,0.1870284753083008
data/fixtures/dummy/images/00282.png,0,noise_0.02,0.5393072634955159
data/fixtures/dummy/images/00282.png,0,noise_0.05,0.9279469561006318
data/fixtures/dummy/images/00282.png,0,noise_0.1,0.5755917467078169
data/fixtures/dummy/images/00282.png,0,jitter_0.2,0.5346514730199045
data/fixtures/dummy/images/00282.png,0,center_crop_0.8,0.022858183500922724
data/fixtures/dummy/images/00282.png,0,composed_blur1.0+jpeg70,0.7046546927331921
data/fixtures/dummy/images/00282.png,0,composed_resize0.5+jpeg50,0.7707442087461884
data/fixtures/dummy/images/00282.png,0,composed_jitter0.2+jpeg30,0.46144882953898037
data/fixtures/dummy/images/00282.png,0,composed_resize0.25+blur0.5+jpeg30,0.3659263052920536
data/fixtures/dummy/images/00283.png,1,clean,0.2929920896791145
data/fixtures/dummy/images/00283.png,1,jpeg_90,0.5388888239063888
data/fixtures/dummy/images/00283.png,1,jpeg_70,0.5794820652268465
data/fixtures/dummy/images/00283.png,1,jpeg_50,0.40121504771542205
data/fixtures/dummy/images/00283.png,1,jpeg_30,0.3058713271663187
data/fixtures/dummy/images/00283.png,1,blur_0.5,0.8482749606523141
data/fixtures/dummy/images/00283.png,1,blur_1.0,0.9777108346621639
data/fixtures/dummy/images/00283.png,1,blur_2.0,0.4023349475114315
data/fixtures/dummy/images/00283.png,1,resize_0.5,0.37390430226774296
data/fixtures/dummy/images/00283.png,1,resize_0.25,0.8129574057429718
data/fixtures/dummy/images/00283.png,1,noise_0.02,0.8589005888532908
data/fixtures/dummy/images/00283.png,1,noise_0.05,0.6014757860266645
data/fixtures/dummy/images/00283.png,1,noise_0.1,0.04478458916587602
data/fixtures/dummy/images/00283.png,1,jitter_0.2,0.7531597464074495
data/fixtures/dummy/images/00283.png,1,center_crop_0.8,0.16626935653257002
data/fixtures/dummy/images/00283.png,1,composed_blur1.0+jpeg70,0.2278589879737376
data/fixtures/dummy/images/00283.png,1,composed_resize0.5+jpeg50,0.35807706446380383
data/fixtures/dummy/images/00283.png,1,composed_jitter0.2+jpeg30,0.21633623411522174
data/fixtures/dummy/images/00283.png,1,composed_resize0.25+blur0.5+jpeg30,0.4664478196667926
data/fixtures/dummy/images/00284.png,0,clean,0.3797374156761394
data/fixtures/dummy/images/00284.png,0,jpeg_90,0.9898385910702827
data/fixtures/dummy/images/00284.png,0,jpeg_70,0.6567936442844365
data/fixtures/dummy/images/00284.png,0,jpeg_50,0.8838967012017758
data/fixtures/dummy/images/00284.png,0,jpeg_30,0.9227164613625023
data/fixtures/dummy/images/00284.png,0,blur_0.5,0.19007444417472374
data/fixtures/dummy/images/00284.png,0,blur_1.0,0.8485276009440866
data/fixtures/dummy/images/00284.png,0,blur_2.0,0.19830549691782196
data/fixtures/dummy/images/00284.png,0,resize_0.5,0.7259405770968449
data/fixtures/dummy/images/00284.png,0,resize_0.25,0.8842981617792459
data/fixtures/dummy/images/00284.png,0,noise_0.02,0.3709003896689448
data/fixtures/dummy/images/00284.png,0,noise_0.05,0.20139351064305755
data/fixtures/dummy/images/00284.png,0,noise_0.1,0.2412825862989163
data/fixtures/dummy/images/00284.png,0,jitter_0.2,0.5515173088605891
data/fixtures/dummy/images/00284.png,0,center_crop_0.8,0.8719908471088919
data/fixtures/dummy/images/00284.png,0,composed_blur1.0+jpeg70,0.9654300050495602
data/fixtures/dummy/images/00284.png,0,composed_resize0.5+jpeg50,0.1025916392004157
data/fixtures/dummy/images/00284.png,0,composed_jitter0.2+jpeg30,0.2657393433153359
data/fixtures/dummy/images/00284.png,0,composed_resize0.25+blur0.5+jpeg30,0.1477712990389003
data/fixtures/dummy/images/00285.png,1,clean,0.42600233348353544
data/fixtures/dummy/images/00285.png,1,jpeg_90,0.9468898799566616
data/fixtures/dummy/images/00285.png,1,jpeg_70,0.048429435001411614
data/fixtures/dummy/images/00285.png,1,jpeg_50,0.7833200145539346
data/fixtures/dummy/images/00285.png,1,jpeg_30,0.10834285526281906
data/fixtures/dummy/images/00285.png,1,blur_0.5,0.4655425808058882
data/fixtures/dummy/images/00285.png,1,blur_1.0,0.3974891616580972
data/fixtures/dummy/images/00285.png,1,blur_2.0,0.5301187283478558
data/fixtures/dummy/images/00285.png,1,resize_0.5,0.8169456728437464
data/fixtures/dummy/images/00285.png,1,resize_0.25,0.296775556293555
data/fixtures/dummy/images/00285.png,1,noise_0.02,0.3364855017439762
data/fixtures/dummy/images/00285.png,1,noise_0.05,0.9445858022492094
data/fixtures/dummy/images/00285.png,1,noise_0.1,0.61546170069187
data/fixtures/dummy/images/00285.png,1,jitter_0.2,0.9596485175360926
data/fixtures/dummy/images/00285.png,1,center_crop_0.8,0.07041287991148337
data/fixtures/dummy/images/00285.png,1,composed_blur1.0+jpeg70,0.776268934617243
data/fixtures/dummy/images/00285.png,1,composed_resize0.5+jpeg50,0.486470927785834
data/fixtures/dummy/images/00285.png,1,composed_jitter0.2+jpeg30,0.7532237146824396
data/fixtures/dummy/images/00285.png,1,composed_resize0.25+blur0.5+jpeg30,0.11671674731863835
data/fixtures/dummy/images/00286.png,1,clean,0.8885054595406172
data/fixtures/dummy/images/00286.png,1,jpeg_90,0.373571017012565
data/fixtures/dummy/images/00286.png,1,jpeg_70,0.4455520417500729
data/fixtures/dummy/images/00286.png,1,jpeg_50,0.35669076548284095
data/fixtures/dummy/images/00286.png,1,jpeg_30,0.9899813212029352
data/fixtures/dummy/images/00286.png,1,blur_0.5,0.2319953760210115
data/fixtures/dummy/images/00286.png,1,blur_1.0,0.5256814065126562
data/fixtures/dummy/images/00286.png,1,blur_2.0,0.5924343083639917
data/fixtures/dummy/images/00286.png,1,resize_0.5,0.7685061915140713
data/fixtures/dummy/images/00286.png,1,resize_0.25,0.7787775236534692
data/fixtures/dummy/images/00286.png,1,noise_0.02,0.6834678125189785
data/fixtures/dummy/images/00286.png,1,noise_0.05,0.3025261483219799
data/fixtures/dummy/images/00286.png,1,noise_0.1,0.519071682680655
data/fixtures/dummy/images/00286.png,1,jitter_0.2,0.25979654182637824
data/fixtures/dummy/images/00286.png,1,center_crop_0.8,0.5462452306421177
data/fixtures/dummy/images/00286.png,1,composed_blur1.0+jpeg70,0.8109201784941789
data/fixtures/dummy/images/00286.png,1,composed_resize0.5+jpeg50,0.15154006565723876
data/fixtures/dummy/images/00286.png,1,composed_jitter0.2+jpeg30,0.6205294580022195
data/fixtures/dummy/images/00286.png,1,composed_resize0.25+blur0.5+jpeg30,0.2128097811311488
data/fixtures/dummy/images/00287.png,1,clean,0.18957637605646882
data/fixtures/dummy/images/00287.png,1,jpeg_90,0.4230298247047358
data/fixtures/dummy/images/00287.png,1,jpeg_70,0.30714696484180537
data/fixtures/dummy/images/00287.png,1,jpeg_50,0.6727645032528773
data/fixtures/dummy/images/00287.png,1,jpeg_30,0.44421515970399517
data/fixtures/dummy/images/00287.png,1,blur_0.5,0.5601195415841487
data/fixtures/dummy/images/00287.png,1,blur_1.0,0.010070661954634241
data/fixtures/dummy/images/00287.png,1,blur_2.0,0.48603688399364864
data/fixtures/dummy/images/00287.png,1,resize_0.5,0.16025992232640263
data/fixtures/dummy/images/00287.png,1,resize_0.25,0.002432469355386102
data/fixtures/dummy/images/00287.png,1,noise_0.02,0.06970942984465645
data/fixtures/dummy/images/00287.png,1,noise_0.05,0.6253237143298366
data/fixtures/dummy/images/00287.png,1,noise_0.1,0.5758532362314687
data/fixtures/dummy/images/00287.png,1,jitter_0.2,0.4559578709327903
data/fixtures/dummy/images/00287.png,1,center_crop_0.8,0.6062175832422658
data/fixtures/dummy/images/00287.png,1,composed_blur1.0+jpeg70,0.4234394234535991
data/fixtures/dummy/images/00287.png,1,composed_resize0.5+jpeg50,0.1576242484788135
data/fixtures/dummy/images/00287.png,1,composed_jitter0.2+jpeg30,0.10283876824149818
data/fixtures/dummy/images/00287.png,1,composed_resize0.25+blur0.5+jpeg30,0.4138070628875701
data/fixtures/dummy/images/00288.png,1,clean,0.5374221676207257
data/fixtures/dummy/images/00288.png,1,jpeg_90,0.049597283608828646
data/fixtures/dummy/images/00288.png,1,jpeg_70,0.3045969132962343
data/fixtures/dummy/images/00288.png,1,jpeg_50,0.9007055618264144
data/fixtures/dummy/images/00288.png,1,jpeg_30,0.2618375224727276
data/fixtures/dummy/images/00288.png,1,blur_0.5,0.04183820946125372
data/fixtures/dummy/images/00288.png,1,blur_1.0,0.07674424436691363
data/fixtures/dummy/images/00288.png,1,blur_2.0,0.9721987486408123
data/fixtures/dummy/images/00288.png,1,resize_0.5,0.4448245058606769
data/fixtures/dummy/images/00288.png,1,resize_0.25,0.4878203466775418
data/fixtures/dummy/images/00288.png,1,noise_0.02,0.5951267969687346
data/fixtures/dummy/images/00288.png,1,noise_0.05,0.6647327377915511
data/fixtures/dummy/images/00288.png,1,noise_0.1,0.037921983194509234
data/fixtures/dummy/images/00288.png,1,jitter_0.2,0.9819322422953026
data/fixtures/dummy/images/00288.png,1,center_crop_0.8,0.8948736034248271
data/fixtures/dummy/images/00288.png,1,composed_blur1.0+jpeg70,0.3545510854756363
data/fixtures/dummy/images/00288.png,1,composed_resize0.5+jpeg50,0.2351933162598332
data/fixtures/dummy/images/00288.png,1,composed_jitter0.2+jpeg30,0.28936932590309794
data/fixtures/dummy/images/00288.png,1,composed_resize0.25+blur0.5+jpeg30,0.7537613897287314
data/fixtures/dummy/images/00289.png,0,clean,0.39075937281306405
data/fixtures/dummy/images/00289.png,0,jpeg_90,0.19118537838465144
data/fixtures/dummy/images/00289.png,0,jpeg_70,0.20267699048707244
data/fixtures/dummy/images/00289.png,0,jpeg_50,0.8405971101419176
data/fixtures/dummy/images/00289.png,0,jpeg_30,0.8282495115254898
data/fixtures/dummy/images/00289.png,0,blur_0.5,0.021420477464821897
data/fixtures/dummy/images/00289.png,0,blur_1.0,0.6857183458210241
data/fixtures/dummy/images/00289.png,0,blur_2.0,0.4103385774860798
data/fixtures/dummy/images/00289.png,0,resize_0.5,0.21385081145440998
data/fixtures/dummy/images/00289.png,0,resize_0.25,0.4709090610012172
data/fixtures/dummy/images/00289.png,0,noise_0.02,0.774397616809409
data/fixtures/dummy/images/00289.png,0,noise_0.05,0.608646471984579
data/fixtures/dummy/images/00289.png,0,noise_0.1,0.3952692103817145
data/fixtures/dummy/images/00289.png,0,jitter_0.2,0.5259917659602795
data/fixtures/dummy/images/00289.png,0,center_crop_0.8,0.3756776363846567
data/fixtures/dummy/images/00289.png,0,composed_blur1.0+jpeg70,0.2929229548300549
data/fixtures/dummy/images/00289.png,0,composed_resize0.5+jpeg50,0.7997799032677672
data/fixtures/dummy/images/00289.png,0,composed_jitter0.2+jpeg30,0.1267266563271935
data/fixtures/dummy/images/00289.png,0,composed_resize0.25+blur0.5+jpeg30,0.3724288545238039
data/fixtures/dummy/images/00290.jpg,1,clean,0.8812270453702803
data/fixtures/dummy/images/00290.jpg,1,jpeg_90,0.04624550182048781
data/fixtures/dummy/images/00290.jpg,1,jpeg_70,0.588338824622849
data/fixtures/dummy/images/00290.jpg,1,jpeg_50,0.6569022614027357
data/fixtures/dummy/images/00290.jpg,1,jpeg_30,0.5715432138388125
data/fixtures/dummy/images/00290.jpg,1,blur_0.5,0.12651846907522546
data/fixtures/dummy/images/00290.jpg,1,blur_1.0,0.06094809529353251
data/fixtures/dummy/images/00290.jpg,1,blur_2.0,0.8877355408805542
data/fixtures/dummy/images/00290.jpg,1,resize_0.5,0.5711426315002712
data/fixtures/dummy/images/00290.jpg,1,resize_0.25,0.7024470190819123
data/fixtures/dummy/images/00290.jpg,1,noise_0.02,0.8209962823564468
data/fixtures/dummy/images/00290.jpg,1,noise_0.05,0.5282924358305109
data/fixtures/dummy/images/00290.jpg,1,noise_0.1,0.8252975795231502
data/fixtures/dummy/images/00290.jpg,1,jitter_0.2,0.5487932282965597
data/fixtures/dummy/images/00290.jpg,1,center_crop_0.8,0.41900872738832506
data/fixtures/dummy/images/00290.jpg,1,composed_blur1.0+jpeg70,0.37387260827088187
data/fixtures/dummy/images/00290.jpg,1,composed_resize0.5+jpeg50,0.47690355990171285
data/fixtures/dummy/images/00290.jpg,1,composed_jitter0.2+jpeg30,0.3042980166371937
data/fixtures/dummy/images/00290.jpg,1,composed_resize0.25+blur0.5+jpeg30,0.18055977698237247
data/fixtures/dummy/images/00291.png,0,clean,0.4720004518381533
data/fixtures/dummy/images/00291.png,0,jpeg_90,0.18536311928623916
data/fixtures/dummy/images/00291.png,0,jpeg_70,0.7103977431489653
data/fixtures/dummy/images/00291.png,0,jpeg_50,0.6180296770179823
data/fixtures/dummy/images/00291.png,0,jpeg_30,0.7701560527769846
data/fixtures/dummy/images/00291.png,0,blur_0.5,0.16873097939748283
data/fixtures/dummy/images/00291.png,0,blur_1.0,0.8758752124440966
data/fixtures/dummy/images/00291.png,0,blur_2.0,0.6879814407644536
data/fixtures/dummy/images/00291.png,0,resize_0.5,0.9412445673581878
data/fixtures/dummy/images/00291.png,0,resize_0.25,0.06852725872696286
data/fixtures/dummy/images/00291.png,0,noise_0.02,0.13970003951913168
data/fixtures/dummy/images/00291.png,0,noise_0.05,0.17953163348188017
data/fixtures/dummy/images/00291.png,0,noise_0.1,0.4409036487511253
data/fixtures/dummy/images/00291.png,0,jitter_0.2,0.06817653149718772
data/fixtures/dummy/images/00291.png,0,center_crop_0.8,0.4444396636027984
data/fixtures/dummy/images/00291.png,0,composed_blur1.0+jpeg70,0.5603348601283391
data/fixtures/dummy/images/00291.png,0,composed_resize0.5+jpeg50,0.21905552091173042
data/fixtures/dummy/images/00291.png,0,composed_jitter0.2+jpeg30,0.28833685019081556
data/fixtures/dummy/images/00291.png,0,composed_resize0.25+blur0.5+jpeg30,0.67158073983501
data/fixtures/dummy/images/00292.png,0,clean,0.6609566251850397
data/fixtures/dummy/images/00292.png,0,jpeg_90,0.7509019822072008
data/fixtures/dummy/images/00292.png,0,jpeg_70,0.07930151112927808
data/fixtures/dummy/images/00292.png,0,jpeg_50,0.3753593494517746
data/fixtures/dummy/images/00292.png,0,jpeg_30,0.3155686923431308
data/fixtures/dummy/images/00292.png,0,blur_0.5,0.04144962081844972
data/fixtures/dummy/images/00292.png,0,blur_1.0,0.6153716879764473
data/fixtures/dummy/images/00292.png,0,blur_2.0,0.019652624343004077
data/fixtures/dummy/images/00292.png,0,resize_0.5,0.006911609094601534
data/fixtures/dummy/images/00292.png,0,resize_0.25,0.04101484481846629
data/fixtures/dummy/images/00292.png,0,noise_0.02,0.2937693352020484
data/fixtures/dummy/images/00292.png,0,noise_0.05,0.27911830810554916
data/fixtures/dummy/images/00292.png,0,noise_0.1,0.5999673007562336
data/fixtures/dummy/images/00292.png,0,jitter_0.2,0.08526119828898482
data/fixtures/dummy/images/00292.png,0,center_crop_0.8,0.5993856068010013
data/fixtures/dummy/images/00292.png,0,composed_blur1.0+jpeg70,0.958435582567354
data/fixtures/dummy/images/00292.png,0,composed_resize0.5+jpeg50,0.6338453375884564
data/fixtures/dummy/images/00292.png,0,composed_jitter0.2+jpeg30,0.7363590749781066
data/fixtures/dummy/images/00292.png,0,composed_resize0.25+blur0.5+jpeg30,0.5387776730281694
data/fixtures/dummy/images/00293.png,1,clean,0.012455977456396816
data/fixtures/dummy/images/00293.png,1,jpeg_90,0.44026138556737004
data/fixtures/dummy/images/00293.png,1,jpeg_70,0.9412136274089622
data/fixtures/dummy/images/00293.png,1,jpeg_50,0.6066677880332476
data/fixtures/dummy/images/00293.png,1,jpeg_30,0.46491270075351976
data/fixtures/dummy/images/00293.png,1,blur_0.5,0.8621854747033195
data/fixtures/dummy/images/00293.png,1,blur_1.0,0.12991161789715466
data/fixtures/dummy/images/00293.png,1,blur_2.0,0.12483404985626712
data/fixtures/dummy/images/00293.png,1,resize_0.5,0.37542943647224936
data/fixtures/dummy/images/00293.png,1,resize_0.25,0.7696350624315029
data/fixtures/dummy/images/00293.png,1,noise_0.02,0.8549644508941547
data/fixtures/dummy/images/00293.png,1,noise_0.05,0.3730304507622446
data/fixtures/dummy/images/00293.png,1,noise_0.1,0.6007335652236933
data/fixtures/dummy/images/00293.png,1,jitter_0.2,0.34448949339213486
data/fixtures/dummy/images/00293.png,1,center_crop_0.8,0.4370441756143465
data/fixtures/dummy/images/00293.png,1,composed_blur1.0+jpeg70,0.9993014929093214
data/fixtures/dummy/images/00293.png,1,composed_resize0.5+jpeg50,0.3659121376401755
data/fixtures/dummy/images/00293.png,1,composed_jitter0.2+jpeg30,0.7165417841141102
data/fixtures/dummy/images/00293.png,1,composed_resize0.25+blur0.5+jpeg30,0.8391192674630609
data/fixtures/dummy/images/00294.png,1,clean,0.5184060069218329
data/fixtures/dummy/images/00294.png,1,jpeg_90,0.05594786591583589
data/fixtures/dummy/images/00294.png,1,jpeg_70,0.20782563463831794
data/fixtures/dummy/images/00294.png,1,jpeg_50,0.34375418899031585
data/fixtures/dummy/images/00294.png,1,jpeg_30,0.6840446957787081
data/fixtures/dummy/images/00294.png,1,blur_0.5,0.9436276144804611
data/fixtures/dummy/images/00294.png,1,blur_1.0,0.8011065561792288
data/fixtures/dummy/images/00294.png,1,blur_2.0,0.07775458601473262
data/fixtures/dummy/images/00294.png,1,resize_0.5,0.14365502827107357
data/fixtures/dummy/images/00294.png,1,resize_0.25,0.9023612672091266
data/fixtures/dummy/images/00294.png,1,noise_0.02,0.088386525820629
data/fixtures/dummy/images/00294.png,1,noise_0.05,0.38074761113345024
data/fixtures/dummy/images/00294.png,1,noise_0.1,0.9282395424757535
data/fixtures/dummy/images/00294.png,1,jitter_0.2,0.001567293094556499
data/fixtures/dummy/images/00294.png,1,center_crop_0.8,0.036267246342006065
data/fixtures/dummy/images/00294.png,1,composed_blur1.0+jpeg70,0.37794116724048343
data/fixtures/dummy/images/00294.png,1,composed_resize0.5+jpeg50,0.9871399260314205
data/fixtures/dummy/images/00294.png,1,composed_jitter0.2+jpeg30,0.34280878895776434
data/fixtures/dummy/images/00294.png,1,composed_resize0.25+blur0.5+jpeg30,0.9677090206659227
data/fixtures/dummy/images/00295.png,0,clean,0.14763454716159874
data/fixtures/dummy/images/00295.png,0,jpeg_90,0.34156737373401025
data/fixtures/dummy/images/00295.png,0,jpeg_70,0.06267525178463063
data/fixtures/dummy/images/00295.png,0,jpeg_50,0.835100349387182
data/fixtures/dummy/images/00295.png,0,jpeg_30,0.5419444269497782
data/fixtures/dummy/images/00295.png,0,blur_0.5,0.5332834450128787
data/fixtures/dummy/images/00295.png,0,blur_1.0,0.5530153983742505
data/fixtures/dummy/images/00295.png,0,blur_2.0,0.3765930796269038
data/fixtures/dummy/images/00295.png,0,resize_0.5,0.5803562274294902
data/fixtures/dummy/images/00295.png,0,resize_0.25,0.4545081381562909
data/fixtures/dummy/images/00295.png,0,noise_0.02,0.4241916381602664
data/fixtures/dummy/images/00295.png,0,noise_0.05,0.2851485374249604
data/fixtures/dummy/images/00295.png,0,noise_0.1,0.9892619945554438
data/fixtures/dummy/images/00295.png,0,jitter_0.2,0.7686947419692152
data/fixtures/dummy/images/00295.png,0,center_crop_0.8,0.7882772885958876
data/fixtures/dummy/images/00295.png,0,composed_blur1.0+jpeg70,0.4036536447021257
data/fixtures/dummy/images/00295.png,0,composed_resize0.5+jpeg50,0.16681122053089947
data/fixtures/dummy/images/00295.png,0,composed_jitter0.2+jpeg30,0.4665506348304188
data/fixtures/dummy/images/00295.png,0,composed_resize0.25+blur0.5+jpeg30,0.3598079699852702
data/fixtures/dummy/images/00296.png,0,clean,0.3223107504209791
data/fixtures/dummy/images/00296.png,0,jpeg_90,0.2361819984812621
data/fixtures/dummy/images/00296.png,0,jpeg_70,0.741209207616835
data/fixtures/dummy/images/00296.png,0,jpeg_50,0.8386922630516542
data/fixtures/dummy/images/00296.png,0,jpeg_30,0.8212641288711948
data/fixtures/dummy/images/00296.png,0,blur_0.5,0.2530428952659721
data/fixtures/dummy/images/00296.png,0,blur_1.0,0.856303667398286
data/fixtures/dummy/images/00296.png,0,blur_2.0,0.9960932769726559
data/fixtures/dummy/images/00296.png,0,resize_0.5,0.5935661358757948
data/fixtures/dummy/images/00296.png,0,resize_0.25,0.5384991272257833
data/fixtures/dummy/images/00296.png,0,noise_0.02,0.3173515633388604
data/fixtures/dummy/images/00296.png,0,noise_0.05,0.041685997399077745
data/fixtures/dummy/images/00296.png,0,noise_0.1,0.429691270722074
data/fixtures/dummy/images/00296.png,0,jitter_0.2,0.453942209785665
data/fixtures/dummy/images/00296.png,0,center_crop_0.8,0.36945640473939356
data/fixtures/dummy/images/00296.png,0,composed_blur1.0+jpeg70,0.804625868040304
data/fixtures/dummy/images/00296.png,0,composed_resize0.5+jpeg50,0.9844800112097614
data/fixtures/dummy/images/00296.png,0,composed_jitter0.2+jpeg30,0.37146838951036254
data/fixtures/dummy/images/00296.png,0,composed_resize0.25+blur0.5+jpeg30,0.8408457296800171
data/fixtures/dummy/images/00297.png,0,clean,0.15178295578594614
data/fixtures/dummy/images/00297.png,0,jpeg_90,0.25235960579095484
data/fixtures/dummy/images/00297.png,0,jpeg_70,0.8847906969811349
data/fixtures/dummy/images/00297.png,0,jpeg_50,0.8842397303398442
data/fixtures/dummy/images/00297.png,0,jpeg_30,0.0753619800332559
data/fixtures/dummy/images/00297.png,0,blur_0.5,0.3320848177011969
data/fixtures/dummy/images/00297.png,0,blur_1.0,0.7966176911602234
data/fixtures/dummy/images/00297.png,0,blur_2.0,0.7503462814493477
data/fixtures/dummy/images/00297.png,0,resize_0.5,0.27600997886315437
data/fixtures/dummy/images/00297.png,0,resize_0.25,0.8125563468844583
data/fixtures/dummy/images/00297.png,0,noise_0.02,0.31139261844335464
data/fixtures/dummy/images/00297.png,0,noise_0.05,0.16337461613474014
data/fixtures/dummy/images/00297.png,0,noise_0.1,0.1392455789613184
data/fixtures/dummy/images/00297.png,0,jitter_0.2,0.5728140345137942
data/fixtures/dummy/images/00297.png,0,center_crop_0.8,0.727255385282468
data/fixtures/dummy/images/00297.png,0,composed_blur1.0+jpeg70,0.5482926328501585
data/fixtures/dummy/images/00297.png,0,composed_resize0.5+jpeg50,0.6283159808953368
data/fixtures/dummy/images/00297.png,0,composed_jitter0.2+jpeg30,0.7650222306739962
data/fixtures/dummy/images/00297.png,0,composed_resize0.25+blur0.5+jpeg30,0.41117869018388475
data/fixtures/dummy/images/00298.png,1,clean,0.8126945727392618
data/fixtures/dummy/images/00298.png,1,jpeg_90,0.7500751651631914
data/fixtures/dummy/images/00298.png,1,jpeg_70,0.10474478932164177
data/fixtures/dummy/images/00298.png,1,jpeg_50,0.42062862807504076
data/fixtures/dummy/images/00298.png,1,jpeg_30,0.7828141802984541
data/fixtures/dummy/images/00298.png,1,blur_0.5,0.12407033909212928
data/fixtures/dummy/images/00298.png,1,blur_1.0,0.29693374212279655
data/fixtures/dummy/images/00298.png,1,blur_2.0,0.5889991047631089
data/fixtures/dummy/images/00298.png,1,resize_0.5,0.6892967739527307
data/fixtures/dummy/images/00298.png,1,resize_0.25,0.14771113899860022
data/fixtures/dummy/images/00298.png,1,noise_0.02,0.7365628805573259
data/fixtures/dummy/images/00298.png,1,noise_0.05,0.22748134539529996
data/fixtures/dummy/images/00298.png,1,noise_0.1,0.3635061607475114
data/fixtures/dummy/images/00298.png,1,jitter_0.2,0.5282942468175924
data/fixtures/dummy/images/00298.png,1,center_crop_0.8,0.23413457878677157
data/fixtures/dummy/images/00298.png,1,composed_blur1.0+jpeg70,0.0869820008027099
data/fixtures/dummy/images/00298.png,1,composed_resize0.5+jpeg50,0.1466280781359376
data/fixtures/dummy/images/00298.png,1,composed_jitter0.2+jpeg30,0.9729295018432887
data/fixtures/dummy/images/00298.png,1,composed_resize0.25+blur0.5+jpeg30,0.9688964855676154
data/fixtures/dummy/images/00299.png,0,clean,0.9929843336570298
data/fixtures/dummy/images/00299.png,0,jpeg_90,0.15234895332984488
data/fixtures/dummy/images/00299.png,0,jpeg_70,0.8705964037925397
data/fixtures/dummy/images/00299.png,0,jpeg_50,0.6909837671485065
data/fixtures/dummy/images/00299.png,0,jpeg_30,0.9542382864911644
data/fixtures/dummy/images/00299.png,0,blur_0.5,0.3650726636721132
data/fixtures/dummy/images/00299.png,0,blur_1.0,0.17011286160993155
data/fixtures/dummy/images/00299.png,0,blur_2.0,0.14900883542151766
data/fixtures/dummy/images/00299.png,0,resize_0.5,0.6385263479116821
data/fixtures/dummy/images/00299.png,0,resize_0.25,0.14549913001692383
data/fixtures/dummy/images/00299.png,0,noise_0.02,0.28734176818648016
data/fixtures/dummy/images/00299.png,0,noise_0.05,0.4813363317269974
data/fixtures/dummy/images/00299.png,0,noise_0.1,0.8455961915104683
data/fixtures/dummy/images/00299.png,0,jitter_0.2,0.9679116243689575
data/fixtures/dummy/images/00299.png,0,center_crop_0.8,0.05300066218593491
data/fixtures/dummy/images/00299.png,0,composed_blur1.0+jpeg70,0.472384645819778
data/fixtures/dummy/images/00299.png,0,composed_resize0.5+jpeg50,0.3156073894861591
data/fixtures/dummy/images/00299.png,0,composed_jitter0.2+jpeg30,0.1557712820129451
data/fixtures/dummy/images/00299.png,0,composed_resize0.25+blur0.5+jpeg30,0.6177520299031107
data/fixtures/dummy/images/00300.png,1,clean,0.5749669134525942
data/fixtures/dummy/images/00300.png,1,jpeg_90,0.7165986755445374
data/fixtures/dummy/images/00300.png,1,jpeg_70,0.5619183952441227
data/fixtures/dummy/images/00300.png,1,jpeg_50,0.1965008982286497
data/fixtures/dummy/images/00300.png,1,jpeg_30,0.6855282801345874
data/fixtures/dummy/images/00300.png,1,blur_0.5,0.7152871527282616
data/fixtures/dummy/images/00300.png,1,blur_1.0,0.7697028935379431
data/fixtures/dummy/images/00300.png,1,blur_2.0,0.8833117629345971
data/fixtures/dummy/images/00300.png,1,resize_0.5,0.042722211303904856
data/fixtures/dummy/images/00300.png,1,resize_0.25,0.2505512828029307
data/fixtures/dummy/images/00300.png,1,noise_0.02,0.8098623756087096
data/fixtures/dummy/images/00300.png,1,noise_0.05,0.3756216681624631
data/fixtures/dummy/images/00300.png,1,noise_0.1,0.6514455448369357
data/fixtures/dummy/images/00300.png,1,jitter_0.2,0.9414108335462941
data/fixtures/dummy/images/00300.png,1,center_crop_0.8,0.3984046328640761
data/fixtures/dummy/images/00300.png,1,composed_blur1.0+jpeg70,0.8967922986597152
data/fixtures/dummy/images/00300.png,1,composed_resize0.5+jpeg50,0.5723903994010137
data/fixtures/dummy/images/00300.png,1,composed_jitter0.2+jpeg30,0.4105252918592561
data/fixtures/dummy/images/00300.png,1,composed_resize0.25+blur0.5+jpeg30,0.3941438474357317
data/fixtures/dummy/images/00301.png,1,clean,0.8355123187360575
data/fixtures/dummy/images/00301.png,1,jpeg_90,0.6444385428729025
data/fixtures/dummy/images/00301.png,1,jpeg_70,0.5241885735681181
data/fixtures/dummy/images/00301.png,1,jpeg_50,0.26845598830374195
data/fixtures/dummy/images/00301.png,1,jpeg_30,0.2965650131808595
data/fixtures/dummy/images/00301.png,1,blur_0.5,0.2443938068503254
data/fixtures/dummy/images/00301.png,1,blur_1.0,0.08180508677378162
data/fixtures/dummy/images/00301.png,1,blur_2.0,0.7536968358043113
data/fixtures/dummy/images/00301.png,1,resize_0.5,0.6462170158469221
data/fixtures/dummy/images/00301.png,1,resize_0.25,0.30996424659991884
data/fixtures/dummy/images/00301.png,1,noise_0.02,0.231391095548532
data/fixtures/dummy/images/00301.png,1,noise_0.05,0.390762159153931
data/fixtures/dummy/images/00301.png,1,noise_0.1,0.5579419206372475
data/fixtures/dummy/images/00301.png,1,jitter_0.2,0.738029636336497
data/fixtures/dummy/images/00301.png,1,center_crop_0.8,0.9683796592760706
data/fixtures/dummy/images/00301.png,1,composed_blur1.0+jpeg70,0.5425270745590545
data/fixtures/dummy/images/00301.png,1,composed_resize0.5+jpeg50,0.6237298067698791
data/fixtures/dummy/images/00301.png,1,composed_jitter0.2+jpeg30,0.46011505949905473
data/fixtures/dummy/images/00301.png,1,composed_resize0.25+blur0.5+jpeg30,0.4667523874263598
data/fixtures/dummy/images/00302.png,0,clean,0.12362598426319171
data/fixtures/dummy/images/00302.png,0,jpeg_90,0.20180808835514064
data/fixtures/dummy/images/00302.png,0,jpeg_70,0.4773534425932071
data/fixtures/dummy/images/00302.png,0,jpeg_50,0.8558067490273501
data/fixtures/dummy/images/00302.png,0,jpeg_30,0.2574063811638011
data/fixtures/dummy/images/00302.png,0,blur_0.5,0.6654920604315395
data/fixtures/dummy/images/00302.png,0,blur_1.0,0.6760755124441875
data/fixtures/dummy/images/00302.png,0,blur_2.0,0.8466044536776648
data/fixtures/dummy/images/00302.png,0,resize_0.5,0.5200811039510391
data/fixtures/dummy/images/00302.png,0,resize_0.25,0.1315357288342004
data/fixtures/dummy/images/00302.png,0,noise_0.02,0.7580114208680152
data/fixtures/dummy/images/00302.png,0,noise_0.05,0.9757921917293814
data/fixtures/dummy/images/00302.png,0,noise_0.1,0.6646859365980585
data/fixtures/dummy/images/00302.png,0,jitter_0.2,0.2547382635434806
data/fixtures/dummy/images/00302.png,0,center_crop_0.8,0.6680656692673217
data/fixtures/dummy/images/00302.png,0,composed_blur1.0+jpeg70,0.2543406150001296
data/fixtures/dummy/images/00302.png,0,composed_resize0.5+jpeg50,0.5313042168239833
data/fixtures/dummy/images/00302.png,0,composed_jitter0.2+jpeg30,0.13264910901842608
data/fixtures/dummy/images/00302.png,0,composed_resize0.25+blur0.5+jpeg30,0.56015547777643
data/fixtures/dummy/images/00303.png,1,clean,0.7136667117909048
data/fixtures/dummy/images/00303.png,1,jpeg_90,0.1052851756128117
data/fixtures/dummy/images/00303.png,1,jpeg_70,0.18815951004568454
data/fixtures/dummy/images/00303.png,1,jpeg_50,0.4924623543654323
data/fixtures/dummy/images/00303.png,1,jpeg_30,0.013370323697382114
data/fixtures/dummy/images/00303.png,1,blur_0.5,0.7546453780197684
data/fixtures/dummy/images/00303.png,1,blur_1.0,0.5312890514775988
data/fixtures/dummy/images/00303.png,1,blur_2.0,0.09195650946121758
data/fixtures/dummy/images/00303.png,1,resize_0.5,0.1628854501491649
data/fixtures/dummy/images/00303.png,1,resize_0.25,0.06513783963379416
data/fixtures/dummy/images/00303.png,1,noise_0.02,0.3317993703664831
data/fixtures/dummy/images/00303.png,1,noise_0.05,0.8270004943790626
data/fixtures/dummy/images/00303.png,1,noise_0.1,0.39088751395543375
data/fixtures/dummy/images/00303.png,1,jitter_0.2,0.29619126899232284
data/fixtures/dummy/images/00303.png,1,center_crop_0.8,0.6839878425493682
data/fixtures/dummy/images/00303.png,1,composed_blur1.0+jpeg70,0.5894418626074146
data/fixtures/dummy/images/00303.png,1,composed_resize0.5+jpeg50,0.6516304078337714
data/fixtures/dummy/images/00303.png,1,composed_jitter0.2+jpeg30,0.11074374117041141
data/fixtures/dummy/images/00303.png,1,composed_resize0.25+blur0.5+jpeg30,0.34125842946213725
data/fixtures/dummy/images/00304.png,1,clean,0.46041929415898697
data/fixtures/dummy/images/00304.png,1,jpeg_90,0.25309054880108806
data/fixtures/dummy/images/00304.png,1,jpeg_70,0.1028058935282763
data/fixtures/dummy/images/00304.png,1,jpeg_50,0.1803436267286216
data/fixtures/dummy/images/00304.png,1,jpeg_30,0.4831350505608375
data/fixtures/dummy/images/00304.png,1,blur_0.5,0.4220461075817077
data/fixtures/dummy/images/00304.png,1,blur_1.0,0.1263480075881933
data/fixtures/dummy/images/00304.png,1,blur_2.0,0.3322905423565039
data/fixtures/dummy/images/00304.png,1,resize_0.5,0.05242657234849335
data/fixtures/dummy/images/00304.png,1,resize_0.25,0.8825969334950676
data/fixtures/dummy/images/00304.png,1,noise_0.02,0.5766558282818104
data/fixtures/dummy/images/00304.png,1,noise_0.05,0.8275400954819668
data/fixtures/dummy/images/00304.png,1,noise_0.1,0.576366800584992
data/fixtures/dummy/images/00304.png,1,jitter_0.2,0.9662531767008203
data/fixtures/dummy/images/00304.png,1,center_crop_0.8,0.2684195317816881
data/fixtures/dummy/images/00304.png,1,composed_blur1.0+jpeg70,0.26537787645096766
data/fixtures/dummy/images/00304.png,1,composed_resize0.5+jpeg50,0.19732609128554812
data/fixtures/dummy/images/00304.png,1,composed_jitter0.2+jpeg30,0.1812287459521137
data/fixtures/dummy/images/00304.png,1,composed_resize0.25+blur0.5+jpeg30,0.7182730618149342
data/fixtures/dummy/images/00305.png,1,clean,0.21144169953663816
data/fixtures/dummy/images/00305.png,1,jpeg_90,0.13897476708570622
data/fixtures/dummy/images/00305.png,1,jpeg_70,0.2429591868731622
data/fixtures/dummy/images/00305.png,1,jpeg_50,0.4574222091784206
data/fixtures/dummy/images/00305.png,1,jpeg_30,0.30806667251083864
data/fixtures/dummy/images/00305.png,1,blur_0.5,0.9128046196426506
data/fixtures/dummy/images/00305.png,1,blur_1.0,0.06970089524831213
data/fixtures/dummy/images/00305.png,1,blur_2.0,0.9751078052255318
data/fixtures/dummy/images/00305.png,1,resize_0.5,0.9000403058335094
data/fixtures/dummy/images/00305.png,1,resize_0.25,0.7689091104117786
data/fixtures/dummy/images/00305.png,1,noise_0.02,0.8802101018955426
data/fixtures/dummy/images/00305.png,1,noise_0.05,0.3712490640721904
data/fixtures/dummy/images/00305.png,1,noise_0.1,0.155653761410123
data/fixtures/dummy/images/00305.png,1,jitter_0.2,0.7239134757261276
data/fixtures/dummy/images/00305.png,1,center_crop_0.8,0.4207824879207256
data/fixtures/dummy/images/00305.png,1,composed_blur1.0+jpeg70,0.5036966454527495
data/fixtures/dummy/images/00305.png,1,composed_resize0.5+jpeg50,0.04767185352337833
data/fixtures/dummy/images/00305.png,1,composed_jitter0.2+jpeg30,0.37442915245024155
data/fixtures/dummy/images/00305.png,1,composed_resize0.25+blur0.5+jpeg30,0.8160211317147748
data/fixtures/dummy/images/00306.png,1,clean,0.9476118546705757
data/fixtures/dummy/images/00306.png,1,jpeg_90,0.9197783018897456
data/fixtures/dummy/images/00306.png,1,jpeg_70,0.8044520573892493
data/fixtures/dummy/images/00306.png,1,jpeg_50,0.91157920987447
data/fixtures/dummy/images/00306.png,1,jpeg_30,0.11756546765134235
data/fixtures/dummy/images/00306.png,1,blur_0.5,0.8659601891408947
data/fixtures/dummy/images/00306.png,1,blur_1.0,0.37087449327318844
data/fixtures/dummy/images/00306.png,1,blur_2.0,0.6139078069230312
data/fixtures/dummy/images/00306.png,1,resize_0.5,0.2948324896836586
data/fixtures/dummy/images/00306.png,1,resize_0.25,0.08806908499597987
data/fixtures/dummy/images/00306.png,1,noise_0.02,0.8794209226454108
data/fixtures/dummy/images/00306.png,1,noise_0.05,0.6090767969931299
data/fixtures/dummy/images/00306.png,1,noise_0.1,0.1797074381757371
data/fixtures/dummy/images/00306.png,1,jitter_0.2,0.3875378679173629
data/fixtures/dummy/images/00306.png,1,center_crop_0.8,0.25209141573384697
data/fixtures/dummy/images/00306.png,1,composed_blur1.0+jpeg70,0.6310519705680381
data/fixtures/dummy/images/00306.png,1,composed_resize0.5+jpeg50,0.3692956528505369
data/fixtures/dummy/images/00306.png,1,composed_jitter0.2+jpeg30,0.5015712965337344
data/fixtures/dummy/images/00306.png,1,composed_resize0.25+blur0.5+jpeg30,0.43723878177122555
data/fixtures/dummy/images/00307.png,0,clean,0.8452322285676868
data/fixtures/dummy/images/00307.png,0,jpeg_90,0.35778857421322874
data/fixtures/dummy/images/00307.png,0,jpeg_70,0.4337757070801176
data/fixtures/dummy/images/00307.png,0,jpeg_50,0.44531565320755206
data/fixtures/dummy/images/00307.png,0,jpeg_30,0.01807109158269249
data/fixtures/dummy/images/00307.png,0,blur_0.5,0.30716432364580426
data/fixtures/dummy/images/00307.png,0,blur_1.0,0.1265610058194654
data/fixtures/dummy/images/00307.png,0,blur_2.0,0.46823896063504344
data/fixtures/dummy/images/00307.png,0,resize_0.5,0.4840164883332705
data/fixtures/dummy/images/00307.png,0,resize_0.25,0.5710758600202174
data/fixtures/dummy/images/00307.png,0,noise_0.02,0.2341128957954396
data/fixtures/dummy/images/00307.png,0,noise_0.05,0.839372578960636
data/fixtures/dummy/images/00307.png,0,noise_0.1,0.09151176995014687
data/fixtures/dummy/images/00307.png,0,jitter_0.2,0.784444339195291
data/fixtures/dummy/images/00307.png,0,center_crop_0.8,0.37697494279259347
data/fixtures/dummy/images/00307.png,0,composed_blur1.0+jpeg70,0.24625786831106444
data/fixtures/dummy/images/00307.png,0,composed_resize0.5+jpeg50,0.11563811572342908
data/fixtures/dummy/images/00307.png,0,composed_jitter0.2+jpeg30,0.1132616773211057
data/fixtures/dummy/images/00307.png,0,composed_resize0.25+blur0.5+jpeg30,0.329516384065921
data/fixtures/dummy/images/00308.png,1,clean,0.3748349138272731
data/fixtures/dummy/images/00308.png,1,jpeg_90,0.2535321244010623
data/fixtures/dummy/images/00308.png,1,jpeg_70,0.8651616961245677
data/fixtures/dummy/images/00308.png,1,jpeg_50,0.7993734804173377
data/fixtures/dummy/images/00308.png,1,jpeg_30,0.8208934067813712
data/fixtures/dummy/images/00308.png,1,blur_0.5,0.11700576567818166
data/fixtures/dummy/images/00308.png,1,blur_1.0,0.22866226617552865
data/fixtures/dummy/images/00308.png,1,blur_2.0,0.20641873823889711
data/fixtures/dummy/images/00308.png,1,resize_0.5,0.6057561767137314
data/fixtures/dummy/images/00308.png,1,resize_0.25,0.7437558119829799
data/fixtures/dummy/images/00308.png,1,noise_0.02,0.8788320133934591
data/fixtures/dummy/images/00308.png,1,noise_0.05,0.626960483189953
data/fixtures/dummy/images/00308.png,1,noise_0.1,0.13407116808482755
data/fixtures/dummy/images/00308.png,1,jitter_0.2,0.5456531965692334
data/fixtures/dummy/images/00308.png,1,center_crop_0.8,0.3711520613667183
data/fixtures/dummy/images/00308.png,1,composed_blur1.0+jpeg70,0.12278745083567721
data/fixtures/dummy/images/00308.png,1,composed_resize0.5+jpeg50,0.672270621022774
data/fixtures/dummy/images/00308.png,1,composed_jitter0.2+jpeg30,0.4490220533274051
data/fixtures/dummy/images/00308.png,1,composed_resize0.25+blur0.5+jpeg30,0.2032575659450091
data/fixtures/dummy/images/00309.png,1,clean,0.9587608681978789
data/fixtures/dummy/images/00309.png,1,jpeg_90,0.013405242863626543
data/fixtures/dummy/images/00309.png,1,jpeg_70,0.8967674987596336
data/fixtures/dummy/images/00309.png,1,jpeg_50,0.6742908158149143
data/fixtures/dummy/images/00309.png,1,jpeg_30,0.5040618753097779
data/fixtures/dummy/images/00309.png,1,blur_0.5,0.023932560594771335
data/fixtures/dummy/images/00309.png,1,blur_1.0,0.7097212940810936
data/fixtures/dummy/images/00309.png,1,blur_2.0,0.20656193337926088
data/fixtures/dummy/images/00309.png,1,resize_0.5,0.043882198294628916
data/fixtures/dummy/images/00309.png,1,resize_0.25,0.11494953353266368
data/fixtures/dummy/images/00309.png,1,noise_0.02,0.5730154870223851
data/fixtures/dummy/images/00309.png,1,noise_0.05,0.7699820094702431
data/fixtures/dummy/images/00309.png,1,noise_0.1,0.30019819577553775
data/fixtures/dummy/images/00309.png,1,jitter_0.2,0.19028711807685839
data/fixtures/dummy/images/00309.png,1,center_crop_0.8,0.3905832923961131
data/fixtures/dummy/images/00309.png,1,composed_blur1.0+jpeg70,0.2581353542413266
data/fixtures/dummy/images/00309.png,1,composed_resize0.5+jpeg50,0.1545132289212705
data/fixtures/dummy/images/00309.png,1,composed_jitter0.2+jpeg30,0.7842322146907864
data/fixtures/dummy/images/00309.png,1,composed_resize0.25+blur0.5+jpeg30,0.9574579982668764
data/fixtures/dummy/images/00310.png,0,clean,0.3183297315711855
data/fixtures/dummy/images/00310.png,0,jpeg_90,0.8363807581379876
data/fixtures/dummy/images/00310.png,0,jpeg_70,0.025867744684659466
data/fixtures/dummy/images/00310.png,0,jpeg_50,0.8603816229102892
data/fixtures/dummy/images/00310.png,0,jpeg_30,0.5838679764946215
data/fixtures/dummy/images/00310.png,0,blur_0.5,0.3714295817171106
data/fixtures/dummy/images/00310.png,0,blur_1.0,0.029862842141814228
data/fixtures/dummy/images/00310.png,0,blur_2.0,0.6471685860803174
data/fixtures/dummy/images/00310.png,0,resize_0.5,0.8465594816890099
data/fixtures/dummy/images/00310.png,0,resize_0.25,0.9874821446454425
data/fixtures/dummy/images/00310.png,0,noise_0.02,0.708387984702628
data/fixtures/dummy/images/00310.png,0,noise_0.05,0.995879497100878
data/fixtures/dummy/images/00310.png,0,noise_0.1,0.17643456772648114
data/fixtures/dummy/images/00310.png,0,jitter_0.2,0.40528977011722966
data/fixtures/dummy/images/00310.png,0,center_crop_0.8,0.1604643722980501
data/fixtures/dummy/images/00310.png,0,composed_blur1.0+jpeg70,0.9119591527544635
data/fixtures/dummy/images/00310.png,0,composed_resize0.5+jpeg50,0.051374145164698515
data/fixtures/dummy/images/00310.png,0,composed_jitter0.2+jpeg30,0.9031292637685951
data/fixtures/dummy/images/00310.png,0,composed_resize0.25+blur0.5+jpeg30,0.22478817489641933
data/fixtures/dummy/images/00311.png,0,clean,0.3326746000106565
data/fixtures/dummy/images/00311.png,0,jpeg_90,0.8795946971010833
data/fixtures/dummy/images/00311.png,0,jpeg_70,0.8133627444758008
data/fixtures/dummy/images/00311.png,0,jpeg_50,0.09809210780725841
data/fixtures/dummy/images/00311.png,0,jpeg_30,0.740112428910169
data/fixtures/dummy/images/00311.png,0,blur_0.5,0.8605877693747728
data/fixtures/dummy/images/00311.png,0,blur_1.0,0.739092280169093
data/fixtures/dummy/images/00311.png,0,blur_2.0,0.3581064388791707
data/fixtures/dummy/images/00311.png,0,resize_0.5,0.2638160371457515
data/fixtures/dummy/images/00311.png,0,resize_0.25,0.7687032853967167
data/fixtures/dummy/images/00311.png,0,noise_0.02,0.20000572325719201
data/fixtures/dummy/images/00311.png,0,noise_0.05,0.1191419208520551
data/fixtures/dummy/images/00311.png,0,noise_0.1,0.15958511833425626
data/fixtures/dummy/images/00311.png,0,jitter_0.2,0.791863334283109
data/fixtures/dummy/images/00311.png,0,center_crop_0.8,0.36176268123840405
data/fixtures/dummy/images/00311.png,0,composed_blur1.0+jpeg70,0.3907132284319047
data/fixtures/dummy/images/00311.png,0,composed_resize0.5+jpeg50,0.047417137921158425
data/fixtures/dummy/images/00311.png,0,composed_jitter0.2+jpeg30,0.6252070996702441
data/fixtures/dummy/images/00311.png,0,composed_resize0.25+blur0.5+jpeg30,0.3609036168428785
data/fixtures/dummy/images/00312.png,0,clean,0.18509796702303016
data/fixtures/dummy/images/00312.png,0,jpeg_90,0.727911456840706
data/fixtures/dummy/images/00312.png,0,jpeg_70,0.9112283824315134
data/fixtures/dummy/images/00312.png,0,jpeg_50,0.42800754690877474
data/fixtures/dummy/images/00312.png,0,jpeg_30,0.5544493673131683
data/fixtures/dummy/images/00312.png,0,blur_0.5,0.19632334053028377
data/fixtures/dummy/images/00312.png,0,blur_1.0,0.16903719531237582
data/fixtures/dummy/images/00312.png,0,blur_2.0,0.5502528132913421
data/fixtures/dummy/images/00312.png,0,resize_0.5,0.7731831721963032
data/fixtures/dummy/images/00312.png,0,resize_0.25,0.6609562917087834
data/fixtures/dummy/images/00312.png,0,noise_0.02,0.1070650137777257
data/fixtures/dummy/images/00312.png,0,noise_0.05,0.5707303780703936
data/fixtures/dummy/images/00312.png,0,noise_0.1,0.2588354340624972
data/fixtures/dummy/images/00312.png,0,jitter_0.2,0.33440387066896227
data/fixtures/dummy/images/00312.png,0,center_crop_0.8,0.17783593157070365
data/fixtures/dummy/images/00312.png,0,composed_blur1.0+jpeg70,0.8655616496662045
data/fixtures/dummy/images/00312.png,0,composed_resize0.5+jpeg50,0.5303183464763885
data/fixtures/dummy/images/00312.png,0,composed_jitter0.2+jpeg30,0.5897289572491549
data/fixtures/dummy/images/00312.png,0,composed_resize0.25+blur0.5+jpeg30,0.43237105169935597
data/fixtures/dummy/images/00313.png,1,clean,0.9073741009874299
data/fixtures/dummy/images/00313.png,1,jpeg_90,0.22361202559018567
data/fixtures/dummy/images/00313.png,1,jpeg_70,0.017307591890092677
data/fixtures/dummy/images/00313.png,1,jpeg_50,0.6097027343594564
data/fixtures/dummy/images/00313.png,1,jpeg_30,0.030044726758312046
data/fixtures/dummy/images/00313.png,1,blur_0.5,0.19578396698951372
data/fixtures/dummy/images/00313.png,1,blur_1.0,0.9020009566074805
data/fixtures/dummy/images/00313.png,1,blur_2.0,0.09401367860913434
data/fixtures/dummy/images/00313.png,1,resize_0.5,0.470314969647603
data/fixtures/dummy/images/00313.png,1,resize_0.25,0.8286386502565268
data/fixtures/dummy/images/00313.png,1,noise_0.02,0.7637083345957014
data/fixtures/dummy/images/00313.png,1,noise_0.05,0.7212432362040216
data/fixtures/dummy/images/00313.png,1,noise_0.1,0.15746919142559557
data/fixtures/dummy/images/00313.png,1,jitter_0.2,0.43790885441495264
data/fixtures/dummy/images/00313.png,1,center_crop_0.8,0.5559212403623743
data/fixtures/dummy/images/00313.png,1,composed_blur1.0+jpeg70,0.515044954112024
data/fixtures/dummy/images/00313.png,1,composed_resize0.5+jpeg50,0.21636307583982017
data/fixtures/dummy/images/00313.png,1,composed_jitter0.2+jpeg30,0.7244211495655306
data/fixtures/dummy/images/00313.png,1,composed_resize0.25+blur0.5+jpeg30,0.9931845936224911
data/fixtures/dummy/images/00314.png,0,clean,0.34481342186077446
data/fixtures/dummy/images/00314.png,0,jpeg_90,0.8059882968231042
data/fixtures/dummy/images/00314.png,0,jpeg_70,0.8074336515949319
data/fixtures/dummy/images/00314.png,0,jpeg_50,0.40629131582063516
data/fixtures/dummy/images/00314.png,0,jpeg_30,0.5703758694735146
data/fixtures/dummy/images/00314.png,0,blur_0.5,0.2163220972936315
data/fixtures/dummy/images/00314.png,0,blur_1.0,0.36624427319796315
data/fixtures/dummy/images/00314.png,0,blur_2.0,0.86927875434181
data/fixtures/dummy/images/00314.png,0,resize_0.5,0.753631067068702
data/fixtures/dummy/images/00314.png,0,resize_0.25,0.3084792810098813
data/fixtures/dummy/images/00314.png,0,noise_0.02,0.4862291295641189
data/fixtures/dummy/images/00314.png,0,noise_0.05,0.08636784533926956
data/fixtures/dummy/images/00314.png,0,noise_0.1,0.1504646282726717
data/fixtures/dummy/images/00314.png,0,jitter_0.2,0.6059344650974299
data/fixtures/dummy/images/00314.png,0,center_crop_0.8,0.4954925972300378
data/fixtures/dummy/images/00314.png,0,composed_blur1.0+jpeg70,0.6068868836355408
data/fixtures/dummy/images/00314.png,0,composed_resize0.5+jpeg50,0.22779201657492576
data/fixtures/dummy/images/00314.png,0,composed_jitter0.2+jpeg30,0.09075540958603256
data/fixtures/dummy/images/00314.png,0,composed_resize0.25+blur0.5+jpeg30,0.8356379382036416
data/fixtures/dummy/images/00315.png,1,clean,0.629918995077864
data/fixtures/dummy/images/00315.png,1,jpeg_90,0.7242132503659442
data/fixtures/dummy/images/00315.png,1,jpeg_70,0.6967690539532294
data/fixtures/dummy/images/00315.png,1,jpeg_50,0.8278750418138251
data/fixtures/dummy/images/00315.png,1,jpeg_30,0.7929107298194561
data/fixtures/dummy/images/00315.png,1,blur_0.5,0.3055750624960616
data/fixtures/dummy/images/00315.png,1,blur_1.0,0.9167268761880972
data/fixtures/dummy/images/00315.png,1,blur_2.0,0.2146888756336225
data/fixtures/dummy/images/00315.png,1,resize_0.5,0.6708227481025989
data/fixtures/dummy/images/00315.png,1,resize_0.25,0.5035853312530627
data/fixtures/dummy/images/00315.png,1,noise_0.02,0.5722020130640859
data/fixtures/dummy/images/00315.png,1,noise_0.05,0.17344656972167283
data/fixtures/dummy/images/00315.png,1,noise_0.1,0.7907544222302694
data/fixtures/dummy/images/00315.png,1,jitter_0.2,0.8155783447074096
data/fixtures/dummy/images/00315.png,1,center_crop_0.8,0.37128301127102226
data/fixtures/dummy/images/00315.png,1,composed_blur1.0+jpeg70,0.1794895568361613
data/fixtures/dummy/images/00315.png,1,composed_resize0.5+jpeg50,0.7485597177090018
data/fixtures/dummy/images/00315.png,1,composed_jitter0.2+jpeg30,0.5719175227600082
data/fixtures/dummy/images/00315.png,1,composed_resize0.25+blur0.5+jpeg30,0.7957099366837883
data/fixtures/dummy/images/00316.png,0,clean,0.7447180319706846
data/fixtures/dummy/images/00316.png,0,jpeg_90,0.10273362918509588
data/fixtures/dummy/images/00316.png,0,jpeg_70,0.9817518045499276
data/fixtures/dummy/images/00316.png,0,jpeg_50,0.06213494652605489
data/fixtures/dummy/images/00316.png,0,jpeg_30,0.9754376438825874
data/fixtures/dummy/images/00316.png,0,blur_0.5,0.9205630987259422
data/fixtures/dummy/images/00316.png,0,blur_1.0,0.69212584285396
data/fixtures/dummy/images/00316.png,0,blur_2.0,0.23232815842346677
data/fixtures/dummy/images/00316.png,0,resize_0.5,0.20786179420404427
data/fixtures/dummy/images/00316.png,0,resize_0.25,0.08731922524783631
data/fixtures/dummy/images/00316.png,0,noise_0.02,0.6498156226038425
data/fixtures/dummy/images/00316.png,0,noise_0.05,0.7371187820642288
data/fixtures/dummy/images/00316.png,0,noise_0.1,0.7927404539720315
data/fixtures/dummy/images/00316.png,0,jitter_0.2,0.5915300177101271
data/fixtures/dummy/images/00316.png,0,center_crop_0.8,0.18237124713779662
data/fixtures/dummy/images/00316.png,0,composed_blur1.0+jpeg70,0.16311018656038334
data/fixtures/dummy/images/00316.png,0,composed_resize0.5+jpeg50,0.7952792949278822
data/fixtures/dummy/images/00316.png,0,composed_jitter0.2+jpeg30,0.46275825299190265
data/fixtures/dummy/images/00316.png,0,composed_resize0.25+blur0.5+jpeg30,0.678196282372332
data/fixtures/dummy/images/00317.png,1,clean,0.652913144131411
data/fixtures/dummy/images/00317.png,1,jpeg_90,0.9525292213105858
data/fixtures/dummy/images/00317.png,1,jpeg_70,0.07981422376171665
data/fixtures/dummy/images/00317.png,1,jpeg_50,0.8528245247994916
data/fixtures/dummy/images/00317.png,1,jpeg_30,0.6721241085832885
data/fixtures/dummy/images/00317.png,1,blur_0.5,0.8466853192515011
data/fixtures/dummy/images/00317.png,1,blur_1.0,0.3840118410708059
data/fixtures/dummy/images/00317.png,1,blur_2.0,0.6172886307878768
data/fixtures/dummy/images/00317.png,1,resize_0.5,0.16450712227780118
data/fixtures/dummy/images/00317.png,1,resize_0.25,0.8596200441115
data/fixtures/dummy/images/00317.png,1,noise_0.02,0.9100485236856627
data/fixtures/dummy/images/00317.png,1,noise_0.05,0.772672581746484
data/fixtures/dummy/images/00317.png,1,noise_0.1,0.5888209695250051
data/fixtures/dummy/images/00317.png,1,jitter_0.2,0.5352535109762843
data/fixtures/dummy/images/00317.png,1,center_crop_0.8,0.7646729102701455
data/fixtures/dummy/images/00317.png,1,composed_blur1.0+jpeg70,0.3481242940659379
data/fixtures/dummy/images/00317.png,1,composed_resize0.5+jpeg50,0.5518036174736806
data/fixtures/dummy/images/00317.png,1,composed_jitter0.2+jpeg30,0.4656060711836909
data/fixtures/dummy/images/00317.png,1,composed_resize0.25+blur0.5+jpeg30,0.4751817841086883
data/fixtures/dummy/images/00318.png,1,clean,0.06619955956071333
data/fixtures/dummy/images/00318.png,1,jpeg_90,0.9938710953262445
data/fixtures/dummy/images/00318.png,1,jpeg_70,0.12591640092401002
data/fixtures/dummy/images/00318.png,1,jpeg_50,0.33039935584558133
data/fixtures/dummy/images/00318.png,1,jpeg_30,0.9609766152025141
data/fixtures/dummy/images/00318.png,1,blur_0.5,0.36088988202775507
data/fixtures/dummy/images/00318.png,1,blur_1.0,0.9300785558743657
data/fixtures/dummy/images/00318.png,1,blur_2.0,0.12718780818721998
data/fixtures/dummy/images/00318.png,1,resize_0.5,0.3822360261008737
data/fixtures/dummy/images/00318.png,1,resize_0.25,0.24987887032980516
data/fixtures/dummy/images/00318.png,1,noise_0.02,0.7502439282510243
data/fixtures/dummy/images/00318.png,1,noise_0.05,0.3016528581626542
data/fixtures/dummy/images/00318.png,1,noise_0.1,0.33385610208811023
data/fixtures/dummy/images/00318.png,1,jitter_0.2,0.8966585879945267
data/fixtures/dummy/images/00318.png,1,center_crop_0.8,0.036297852612804826
data/fixtures/dummy/images/00318.png,1,composed_blur1.0+jpeg70,0.07927169118273103
data/fixtures/dummy/images/00318.png,1,composed_resize0.5+jpeg50,0.26287576499449317
data/fixtures/dummy/images/00318.png,1,composed_jitter0.2+jpeg30,0.8653873974537823
data/fixtures/dummy/images/00318.png,1,composed_resize0.25+blur0.5+jpeg30,0.49042534825104933
data/fixtures/dummy/images/00319.png,0,clean,0.8470254991549636
data/fixtures/dummy/images/00319.png,0,jpeg_90,0.5052459040096065
data/fixtures/dummy/images/00319.png,0,jpeg_70,0.9472703397730471
data/fixtures/dummy/images/00319.png,0,jpeg_50,0.02938568457588675
data/fixtures/dummy/images/00319.png,0,jpeg_30,0.317510425380631
data/fixtures/dummy/images/00319.png,0,blur_0.5,0.3874064255568356
data/fixtures/dummy/images/00319.png,0,blur_1.0,0.5982084050742127
data/fixtures/dummy/images/00319.png,0,blur_2.0,0.7185332662073083
data/fixtures/dummy/images/00319.png,0,resize_0.5,0.03598186678662951
data/fixtures/dummy/images/00319.png,0,resize_0.25,0.027506994149311237
data/fixtures/dummy/images/00319.png,0,noise_0.02,0.43682901892215653
data/fixtures/dummy/images/00319.png,0,noise_0.05,0.6363915772286948
data/fixtures/dummy/images/00319.png,0,noise_0.1,0.8682030615085029
data/fixtures/dummy/images/00319.png,0,jitter_0.2,0.692460030602208
data/fixtures/dummy/images/00319.png,0,center_crop_0.8,0.9221067258488346
data/fixtures/dummy/images/00319.png,0,composed_blur1.0+jpeg70,0.7269272129392373
data/fixtures/dummy/images/00319.png,0,composed_resize0.5+jpeg50,0.5592175192236345
data/fixtures/dummy/images/00319.png,0,composed_jitter0.2+jpeg30,0.7907805096518861
data/fixtures/dummy/images/00319.png,0,composed_resize0.25+blur0.5+jpeg30,0.008968067746412345
data/fixtures/dummy/images/00320.jpg,1,clean,0.310026526814577
data/fixtures/dummy/images/00320.jpg,1,jpeg_90,0.4908874684946314
data/fixtures/dummy/images/00320.jpg,1,jpeg_70,0.5252966250237534
data/fixtures/dummy/images/00320.jpg,1,jpeg_50,0.5665829277765301
data/fixtures/dummy/images/00320.jpg,1,jpeg_30,0.45840390952817045
data/fixtures/dummy/images/00320.jpg,1,blur_0.5,0.8092259351183608
data/fixtures/dummy/images/00320.jpg,1,blur_1.0,0.024149812533168502
data/fixtures/dummy/images/00320.jpg,1,blur_2.0,0.4418614351839759
data/fixtures/dummy/images/00320.jpg,1,resize_0.5,0.16624625340523203
data/fixtures/dummy/images/00320.jpg,1,resize_0.25,0.7846089058376294
data/fixtures/dummy/images/00320.jpg,1,noise_0.02,0.4745778090295659
data/fixtures/dummy/images/00320.jpg,1,noise_0.05,0.9960080102281376
data/fixtures/dummy/images/00320.jpg,1,noise_0.1,0.2284620285292115
data/fixtures/dummy/images/00320.jpg,1,jitter_0.2,0.5790189144027155
data/fixtures/dummy/images/00320.jpg,1,center_crop_0.8,0.4416575076464766
data/fixtures/dummy/images/00320.jpg,1,composed_blur1.0+jpeg70,0.9547322694071949
data/fixtures/dummy/images/00320.jpg,1,composed_resize0.5+jpeg50,0.5993046793230551
data/fixtures/dummy/images/00320.jpg,1,composed_jitter0.2+jpeg30,0.7705892661882975
data/fixtures/dummy/images/00320.jpg,1,composed_resize0.25+blur0.5+jpeg30,0.34942678835151597
data/fixtures/dummy/images/00321.png,0,clean,0.10367293824173196
data/fixtures/dummy/images/00321.png,0,jpeg_90,0.2777263165739351
data/fixtures/dummy/images/00321.png,0,jpeg_70,0.5918281257917434
data/fixtures/dummy/images/00321.png,0,jpeg_50,0.13417029402698322
data/fixtures/dummy/images/00321.png,0,jpeg_30,0.25699832299070124
data/fixtures/dummy/images/00321.png,0,blur_0.5,0.09337589089239307
data/fixtures/dummy/images/00321.png,0,blur_1.0,0.14727171311941234
data/fixtures/dummy/images/00321.png,0,blur_2.0,0.8403380356286482
data/fixtures/dummy/images/00321.png,0,resize_0.5,0.12321168926133352
data/fixtures/dummy/images/00321.png,0,resize_0.25,0.23737578053892316
data/fixtures/dummy/images/00321.png,0,noise_0.02,0.4598731675882032
data/fixtures/dummy/images/00321.png,0,noise_0.05,0.15520530857561343
data/fixtures/dummy/images/00321.png,0,noise_0.1,0.14545974120362215
data/fixtures/dummy/images/00321.png,0,jitter_0.2,0.9097147744157915
data/fixtures/dummy/images/00321.png,0,center_crop_0.8,0.5266788679696032
data/fixtures/dummy/images/00321.png,0,composed_blur1.0+jpeg70,0.6559259778617692
data/fixtures/dummy/images/00321.png,0,composed_resize0.5+jpeg50,0.9763241520073077
data/fixtures/dummy/images/00321.png,0,composed_jitter0.2+jpeg30,0.24176314368431184
data/fixtures/dummy/images/00321.png,0,composed_resize0.25+blur0.5+jpeg30,0.7418207052947046
data/fixtures/dummy/images/00322.png,1,clean,0.049200311348439385
data/fixtures/dummy/images/00322.png,1,jpeg_90,0.6835079137854397
data/fixtures/dummy/images/00322.png,1,jpeg_70,0.4964569944394057
data/fixtures/dummy/images/00322.png,1,jpeg_50,0.29870642111734813
data/fixtures/dummy/images/00322.png,1,jpeg_30,0.4533093094586027
data/fixtures/dummy/images/00322.png,1,blur_0.5,0.9606667445812275
data/fixtures/dummy/images/00322.png,1,blur_1.0,0.07451049018953804
data/fixtures/dummy/images/00322.png,1,blur_2.0,0.5249469234424771
data/fixtures/dummy/images/00322.png,1,resize_0.5,0.9069637486389578
data/fixtures/dummy/images/00322.png,1,resize_0.25,0.7457679871893005
data/fixtures/dummy/images/00322.png,1,noise_0.02,0.27611763121538635
data/fixtures/dummy/images/00322.png,1,noise_0.05,0.5568060839797314
data/fixtures/dummy/images/00322.png,1,noise_0.1,0.048826627511564524
data/fixtures/dummy/images/00322.png,1,jitter_0.2,0.6157819582108675
data/fixtures/dummy/images/00322.png,1,center_crop_0.8,0.5827676128696154
data/fixtures/dummy/images/00322.png,1,composed_blur1.0+jpeg70,0.6925800336994031
data/fixtures/dummy/images/00322.png,1,composed_resize0.5+jpeg50,0.30879250353091003
data/fixtures/dummy/images/00322.png,1,composed_jitter0.2+jpeg30,0.9142628129227954
data/fixtures/dummy/images/00322.png,1,composed_resize0.25+blur0.5+jpeg30,0.7073776526801002
data/fixtures/dummy/images/00323.png,1,clean,0.8573509919075493
data/fixtures/dummy/images/00323.png,1,jpeg_90,0.6633964963728533
data/fixtures/dummy/images/00323.png,1,jpeg_70,0.8754714814192327
data/fixtures/dummy/images/00323.png,1,jpeg_50,0.4853212014315458
data/fixtures/dummy/images/00323.png,1,jpeg_30,0.0017616916948954842
data/fixtures/dummy/images/00323.png,1,blur_0.5,0.06674457867413697
data/fixtures/dummy/images/00323.png,1,blur_1.0,0.7216723503012584
data/fixtures/dummy/images/00323.png,1,blur_2.0,0.4794108717525899
data/fixtures/dummy/images/00323.png,1,resize_0.5,0.9222978962922895
data/fixtures/dummy/images/00323.png,1,resize_0.25,0.35225925084806675
data/fixtures/dummy/images/00323.png,1,noise_0.02,0.6204392149868009
data/fixtures/dummy/images/00323.png,1,noise_0.05,0.7421083086496327
data/fixtures/dummy/images/00323.png,1,noise_0.1,0.018335271340448323
data/fixtures/dummy/images/00323.png,1,jitter_0.2,0.24584382748088163
data/fixtures/dummy/images/00323.png,1,center_crop_0.8,0.21721393310859782
data/fixtures/dummy/images/00323.png,1,composed_blur1.0+jpeg70,0.388085826804605
data/fixtures/dummy/images/00323.png,1,composed_resize0.5+jpeg50,0.6080825786319437
data/fixtures/dummy/images/00323.png,1,composed_jitter0.2+jpeg30,0.40189051510838136
data/fixtures/dummy/images/00323.png,1,composed_resize0.25+blur0.5+jpeg30,0.5326370255188058
data/fixtures/dummy/images/00324.png,1,clean,0.9386278830084706
data/fixtures/dummy/images/00324.png,1,jpeg_90,0.18980493570337242
data/fixtures/dummy/images/00324.png,1,jpeg_70,0.524397647826249
data/fixtures/dummy/images/00324.png,1,jpeg_50,0.4120110134192846
data/fixtures/dummy/images/00324.png,1,jpeg_30,0.22312183620345172
data/fixtures/dummy/images/00324.png,1,blur_0.5,0.08915724687868898
data/fixtures/dummy/images/00324.png,1,blur_1.0,0.23230684186417638
data/fixtures/dummy/images/00324.png,1,blur_2.0,0.7142947406176723
data/fixtures/dummy/images/00324.png,1,resize_0.5,0.809058414246326
data/fixtures/dummy/images/00324.png,1,resize_0.25,0.15103176255280404
data/fixtures/dummy/images/00324.png,1,noise_0.02,0.3719622125613645
data/fixtures/dummy/images/00324.png,1,noise_0.05,0.3895078133973966
data/fixtures/dummy/images/00324.png,1,noise_0.1,0.09407890195630131
data/fixtures/dummy/images/00324.png,1,jitter_0.2,0.1984529761499042
data/fixtures/dummy/images/00324.png,1,center_crop_0.8,0.24657900646599462
data/fixtures/dummy/images/00324.png,1,composed_blur1.0+jpeg70,0.28898236222862594
data/fixtures/dummy/images/00324.png,1,composed_resize0.5+jpeg50,0.695680585796352
data/fixtures/dummy/images/00324.png,1,composed_jitter0.2+jpeg30,0.9935667571960397
data/fixtures/dummy/images/00324.png,1,composed_resize0.25+blur0.5+jpeg30,0.3064564377453911
data/fixtures/dummy/images/00325.png,0,clean,0.01874735590700649
data/fixtures/dummy/images/00325.png,0,jpeg_90,0.8150426538618287
data/fixtures/dummy/images/00325.png,0,jpeg_70,0.018199039465097044
data/fixtures/dummy/images/00325.png,0,jpeg_50,0.631342746867842
data/fixtures/dummy/images/00325.png,0,jpeg_30,0.7135318864244934
data/fixtures/dummy/images/00325.png,0,blur_0.5,0.047416277223551684
data/fixtures/dummy/images/00325.png,0,blur_1.0,0.4383104703405082
data/fixtures/dummy/images/00325.png,0,blur_2.0,0.16960104138517418
data/fixtures/dummy/images/00325.png,0,resize_0.5,0.8590021352767544
data/fixtures/dummy/images/00325.png,0,resize_0.25,0.19331185477689228
data/fixtures/dummy/images/00325.png,0,noise_0.02,0.7857137137151743
data/fixtures/dummy/images/00325.png,0,noise_0.05,0.6219751457300832
data/fixtures/dummy/images/00325.png,0,noise_0.1,0.09806829644920378
data/fixtures/dummy/images/00325.png,0,jitter_0.2,0.2078144481509936
data/fixtures/dummy/images/00325.png,0,center_crop_0.8,0.7300427788079763
data/fixtures/dummy/images/00325.png,0,composed_blur1.0+jpeg70,0.28903286265096695
data/fixtures/dummy/images/00325.png,0,composed_resize0.5+jpeg50,0.5176397144326638
data/fixtures/dummy/images/00325.png,0,composed_jitter0.2+jpeg30,0.636745145198755
data/fixtures/dummy/images/00325.png,0,composed_resize0.25+blur0.5+jpeg30,0.40686807970572103
data/fixtures/dummy/images/00326.png,0,clean,0.22930633328134453
data/fixtures/dummy/images/00326.png,0,jpeg_90,0.004220995556958873
data/fixtures/dummy/images/00326.png,0,jpeg_70,0.7111849305164055
data/fixtures/dummy/images/00326.png,0,jpeg_50,0.09441422142765143
data/fixtures/dummy/images/00326.png,0,jpeg_30,0.5706964973674212
data/fixtures/dummy/images/00326.png,0,blur_0.5,0.9631136934440756
data/fixtures/dummy/images/00326.png,0,blur_1.0,0.6980511105896361
data/fixtures/dummy/images/00326.png,0,blur_2.0,0.17484425644212143
data/fixtures/dummy/images/00326.png,0,resize_0.5,0.19421367257026845
data/fixtures/dummy/images/00326.png,0,resize_0.25,0.9144667559172276
data/fixtures/dummy/images/00326.png,0,noise_0.02,0.16509012719330884
data/fixtures/dummy/images/00326.png,0,noise_0.05,0.6776871072771345
data/fixtures/dummy/images/00326.png,0,noise_0.1,0.7775150428129994
data/fixtures/dummy/images/00326.png,0,jitter_0.2,0.8351466934557991
data/fixtures/dummy/images/00326.png,0,center_crop_0.8,0.008371127991450567
data/fixtures/dummy/images/00326.png,0,composed_blur1.0+jpeg70,0.3495986534349942
data/fixtures/dummy/images/00326.png,0,composed_resize0.5+jpeg50,0.6067596622676796
data/fixtures/dummy/images/00326.png,0,composed_jitter0.2+jpeg30,0.4544268966243348
data/fixtures/dummy/images/00326.png,0,composed_resize0.25+blur0.5+jpeg30,0.5611817714639076
data/fixtures/dummy/images/00327.png,0,clean,0.08096034510625894
data/fixtures/dummy/images/00327.png,0,jpeg_90,0.3596199143457408
data/fixtures/dummy/images/00327.png,0,jpeg_70,0.8101592396721424
data/fixtures/dummy/images/00327.png,0,jpeg_50,0.19716380111527654
data/fixtures/dummy/images/00327.png,0,jpeg_30,0.012937725406343414
data/fixtures/dummy/images/00327.png,0,blur_0.5,0.9968245808058366
data/fixtures/dummy/images/00327.png,0,blur_1.0,0.2789638728699698
data/fixtures/dummy/images/00327.png,0,blur_2.0,0.17217709877753973
data/fixtures/dummy/images/00327.png,0,resize_0.5,0.26355976122044666
data/fixtures/dummy/images/00327.png,0,resize_0.25,0.41710728265032226
data/fixtures/dummy/images/00327.png,0,noise_0.02,0.440607391716339
data/fixtures/dummy/images/00327.png,0,noise_0.05,0.527574944231234
data/fixtures/dummy/images/00327.png,0,noise_0.1,0.06562049562799599
data/fixtures/dummy/images/00327.png,0,jitter_0.2,0.24624862896511246
data/fixtures/dummy/images/00327.png,0,center_crop_0.8,0.4289418043878577
data/fixtures/dummy/images/00327.png,0,composed_blur1.0+jpeg70,0.6784078428066669
data/fixtures/dummy/images/00327.png,0,composed_resize0.5+jpeg50,0.9525453183550638
data/fixtures/dummy/images/00327.png,0,composed_jitter0.2+jpeg30,0.44828953842843855
data/fixtures/dummy/images/00327.png,0,composed_resize0.25+blur0.5+jpeg30,0.7445306274427712
data/fixtures/dummy/images/00328.png,1,clean,0.5133249275672107
data/fixtures/dummy/images/00328.png,1,jpeg_90,0.7035030307045442
data/fixtures/dummy/images/00328.png,1,jpeg_70,0.5876258790102983
data/fixtures/dummy/images/00328.png,1,jpeg_50,0.1753547261866769
data/fixtures/dummy/images/00328.png,1,jpeg_30,0.9972566329051396
data/fixtures/dummy/images/00328.png,1,blur_0.5,0.8863130270459819
data/fixtures/dummy/images/00328.png,1,blur_1.0,0.32544466983039755
data/fixtures/dummy/images/00328.png,1,blur_2.0,0.3739934944781087
data/fixtures/dummy/images/00328.png,1,resize_0.5,0.6931718714507744
data/fixtures/dummy/images/00328.png,1,resize_0.25,0.21631260584916479
data/fixtures/dummy/images/00328.png,1,noise_0.02,0.35898300904418223
data/fixtures/dummy/images/00328.png,1,noise_0.05,0.21701753218653008
data/fixtures/dummy/images/00328.png,1,noise_0.1,0.8835626136814505
data/fixtures/dummy/images/00328.png,1,jitter_0.2,0.4752453671793432
data/fixtures/dummy/images/00328.png,1,center_crop_0.8,0.03177446167701192
data/fixtures/dummy/images/00328.png,1,composed_blur1.0+jpeg70,0.19046399638109368
data/fixtures/dummy/images/00328.png,1,composed_resize0.5+jpeg50,0.43509480599512573
data/fixtures/dummy/images/00328.png,1,composed_jitter0.2+jpeg30,0.6735792658717182
data/fixtures/dummy/images/00328.png,1,composed_resize0.25+blur0.5+jpeg30,0.7446869572713427
data/fixtures/dummy/images/00329.png,1,clean,0.6900992430242289
data/fixtures/dummy/images/00329.png,1,jpeg_90,0.46739952115741124
data/fixtures/dummy/images/00329.png,1,jpeg_70,0.5887965545198919
data/fixtures/dummy/images/00329.png,1,jpeg_50,0.5926075959947561
data/fixtures/dummy/images/00329.png,1,jpeg_30,0.5433702389045032
data/fixtures/dummy/images/00329.png,1,blur_0.5,0.7590316298015454
data/fixtures/dummy/images/00329.png,1,blur_1.0,0.4633912807331634
data/fixtures/dummy/images/00329.png,1,blur_2.0,0.6270082206075351
data/fixtures/dummy/images/00329.png,1,resize_0.5,0.5024772528737929
data/fixtures/dummy/images/00329.png,1,resize_0.25,0.3516208463397217
data/fixtures/dummy/images/00329.png,1,noise_0.02,0.623434146408341
data/fixtures/dummy/images/00329.png,1,noise_0.05,0.1653993805417725
data/fixtures/dummy/images/00329.png,1,noise_0.1,0.6848082586446236
data/fixtures/dummy/images/00329.png,1,jitter_0.2,0.7911647288729984
data/fixtures/dummy/images/00329.png,1,center_crop_0.8,0.9553690224385353
data/fixtures/dummy/images/00329.png,1,composed_blur1.0+jpeg70,0.5660256782436197
data/fixtures/dummy/images/00329.png,1,composed_resize0.5+jpeg50,0.5851884918844136
data/fixtures/dummy/images/00329.png,1,composed_jitter0.2+jpeg30,0.7113677910577317
data/fixtures/dummy/images/00329.png,1,composed_resize0.25+blur0.5+jpeg30,0.9084925285030776
data/fixtures/dummy/images/00330.png,1,clean,0.5998377929503547
data/fixtures/dummy/images/00330.png,1,jpeg_90,0.21227544583787317
data/fixtures/dummy/images/00330.png,1,jpeg_70,0.9109258942257854
data/fixtures/dummy/images/00330.png,1,jpeg_50,0.023716502260974437
data/fixtures/dummy/images/00330.png,1,jpeg_30,0.27436148629447776
data/fixtures/dummy/images/00330.png,1,blur_0.5,0.27402316912031044
data/fixtures/dummy/images/00330.png,1,blur_1.0,0.6633570117747781
data/fixtures/dummy/images/00330.png,1,blur_2.0,0.4472876688259143
data/fixtures/dummy/images/00330.png,1,resize_0.5,0.06780833232002548
data/fixtures/dummy/images/00330.png,1,resize_0.25,0.8301265060445447
data/fixtures/dummy/images/00330.png,1,noise_0.02,0.31573032325020456
data/fixtures/dummy/images/00330.png,1,noise_0.05,0.541173304169199
data/fixtures/dummy/images/00330.png,1,noise_0.1,0.9723186831780575
data/fixtures/dummy/images/00330.png,1,jitter_0.2,0.38973121085964413
data/fixtures/dummy/images/00330.png,1,center_crop_0.8,0.49197335408426734
data/fixtures/dummy/images/00330.png,1,composed_blur1.0+jpeg70,0.10065998132354448
data/fixtures/dummy/images/00330.png,1,composed_resize0.5+jpeg50,0.8170280569973206
data/fixtures/dummy/images/00330.png,1,composed_jitter0.2+jpeg30,0.38560853685265106
data/fixtures/dummy/images/00330.png,1,composed_resize0.25+blur0.5+jpeg30,0.8424229314903119
data/fixtures/dummy/images/00331.png,0,clean,0.7526073205747883
data/fixtures/dummy/images/00331.png,0,jpeg_90,0.7519934428560363
data/fixtures/dummy/images/00331.png,0,jpeg_70,0.6879547906543289
data/fixtures/dummy/images/00331.png,0,jpeg_50,0.3557703337711011
data/fixtures/dummy/images/00331.png,0,jpeg_30,0.873940240838223
data/fixtures/dummy/images/00331.png,0,blur_0.5,0.2510075793950226
data/fixtures/dummy/images/00331.png,0,blur_1.0,0.6932572425846177
data/fixtures/dummy/images/00331.png,0,blur_2.0,0.733817817021236
data/fixtures/dummy/images/00331.png,0,resize_0.5,0.6033433475387101
data/fixtures/dummy/images/00331.png,0,resize_0.25,0.2714870928350972
data/fixtures/dummy/images/00331.png,0,noise_0.02,0.43087639786638987
data/fixtures/dummy/images/00331.png,0,noise_0.05,0.00048455469696551123
data/fixtures/dummy/images/00331.png,0,noise_0.1,0.37931307408202464
data/fixtures/dummy/images/00331.png,0,jitter_0.2,0.7183536419584041
data/fixtures/dummy/images/00331.png,0,center_crop_0.8,0.9920023259879032
data/fixtures/dummy/images/00331.png,0,composed_blur1.0+jpeg70,0.8619900784518779
data/fixtures/dummy/images/00331.png,0,composed_resize0.5+jpeg50,0.9138463493077358
data/fixtures/dummy/images/00331.png,0,composed_jitter0.2+jpeg30,0.2767868454699627
data/fixtures/dummy/images/00331.png,0,composed_resize0.25+blur0.5+jpeg30,0.8148122946717189
data/fixtures/dummy/images/00332.png,1,clean,0.4976217618822818
data/fixtures/dummy/images/00332.png,1,jpeg_90,0.15138283362060223
data/fixtures/dummy/images/00332.png,1,jpeg_70,0.8350794773154038
data/fixtures/dummy/images/00332.png,1,jpeg_50,0.914493319191739
data/fixtures/dummy/images/00332.png,1,jpeg_30,0.6589067506402865
data/fixtures/dummy/images/00332.png,1,blur_0.5,0.43889755482405735
data/fixtures/dummy/images/00332.png,1,blur_1.0,0.1246687030319985
data/fixtures/dummy/images/00332.png,1,blur_2.0,0.948983980162786
data/fixtures/dummy/images/00332.png,1,resize_0.5,0.434733556500968
data/fixtures/dummy/images/00332.png,1,resize_0.25,0.6879230971371014
data/fixtures/dummy/images/00332.png,1,noise_0.02,0.8777621912400995
data/fixtures/dummy/images/00332.png,1,noise_0.05,0.768913316549925
data/fixtures/dummy/images/00332.png,1,noise_0.1,0.4335556090835794
data/fixtures/dummy/images/00332.png,1,jitter_0.2,0.31074540366757974
data/fixtures/dummy/images/00332.png,1,center_crop_0.8,0.8673971925991031
data/fixtures/dummy/images/00332.png,1,composed_blur1.0+jpeg70,0.027755926865526193
data/fixtures/dummy/images/00332.png,1,composed_resize0.5+jpeg50,0.7624359694079552
data/fixtures/dummy/images/00332.png,1,composed_jitter0.2+jpeg30,0.8011398725092025
data/fixtures/dummy/images/00332.png,1,composed_resize0.25+blur0.5+jpeg30,0.15945070644669557
data/fixtures/dummy/images/00333.png,1,clean,0.8497086198795488
data/fixtures/dummy/images/00333.png,1,jpeg_90,0.029603017483327276
data/fixtures/dummy/images/00333.png,1,jpeg_70,0.30552266229506064
data/fixtures/dummy/images/00333.png,1,jpeg_50,0.7789496233367836
data/fixtures/dummy/images/00333.png,1,jpeg_30,0.5114838519469718
data/fixtures/dummy/images/00333.png,1,blur_0.5,0.7739818009546447
data/fixtures/dummy/images/00333.png,1,blur_1.0,0.8320723542087748
data/fixtures/dummy/images/00333.png,1,blur_2.0,0.30977286057711284
data/fixtures/dummy/images/00333.png,1,resize_0.5,0.5266410058383598
data/fixtures/dummy/images/00333.png,1,resize_0.25,0.753933510619855
data/fixtures/dummy/images/00333.png,1,noise_0.02,0.009044493639281836
data/fixtures/dummy/images/00333.png,1,noise_0.05,0.8972118353482336
data/fixtures/dummy/images/00333.png,1,noise_0.1,0.09024638084257641
data/fixtures/dummy/images/00333.png,1,jitter_0.2,0.6796803982189756
data/fixtures/dummy/images/00333.png,1,center_crop_0.8,0.6129383489910222
data/fixtures/dummy/images/00333.png,1,composed_blur1.0+jpeg70,0.31945283573354855
data/fixtures/dummy/images/00333.png,1,composed_resize0.5+jpeg50,0.8923276054656444
data/fixtures/dummy/images/00333.png,1,composed_jitter0.2+jpeg30,0.5235579647444384
data/fixtures/dummy/images/00333.png,1,composed_resize0.25+blur0.5+jpeg30,0.3181939436652107
data/fixtures/dummy/images/00334.png,0,clean,0.7306010289208906
data/fixtures/dummy/images/00334.png,0,jpeg_90,0.31839984795926957
data/fixtures/dummy/images/00334.png,0,jpeg_70,0.8797250658494029
data/fixtures/dummy/images/00334.png,0,jpeg_50,0.5120958234805234
data/fixtures/dummy/images/00334.png,0,jpeg_30,0.9725724450884672
data/fixtures/dummy/images/00334.png,0,blur_0.5,0.7117532936900917
data/fixtures/dummy/images/00334.png,0,blur_1.0,0.7927627454229597
data/fixtures/dummy/images/00334.png,0,blur_2.0,0.9183740342581679
data/fixtures/dummy/images/00334.png,0,resize_0.5,0.8412079008001041
data/fixtures/dummy/images/00334.png,0,resize_0.25,0.4913718199496906
data/fixtures/dummy/images/00334.png,0,noise_0.02,0.020396084143364135
data/fixtures/dummy/images/00334.png,0,noise_0.05,0.8349690912424724
data/fixtures/dummy/images/00334.png,0,noise_0.1,0.8188949258133325
data/fixtures/dummy/images/00334.png,0,jitter_0.2,0.22341081423727283
data/fixtures/dummy/images/00334.png,0,center_crop_0.8,0.25179554848657826
data/fixtures/dummy/images/00334.png,0,composed_blur1.0+jpeg70,0.9617969277092572
data/fixtures/dummy/images/00334.png,0,composed_resize0.5+jpeg50,0.6354374714523231
data/fixtures/dummy/images/00334.png,0,composed_jitter0.2+jpeg30,0.6326407251746744
data/fixtures/dummy/images/00334.png,0,composed_resize0.25+blur0.5+jpeg30,0.3902739635025616
data/fixtures/dummy/images/00335.png,1,clean,0.4253536392979895
data/fixtures/dummy/images/00335.png,1,jpeg_90,0.9766843204197473
data/fixtures/dummy/images/00335.png,1,jpeg_70,0.15297990678425055
data/fixtures/dummy/images/00335.png,1,jpeg_50,0.4064997136077674
data/fixtures/dummy/images/00335.png,1,jpeg_30,0.6046434390723481
data/fixtures/dummy/images/00335.png,1,blur_0.5,0.4633545180810996
data/fixtures/dummy/images/00335.png,1,blur_1.0,0.008153749865486004
data/fixtures/dummy/images/00335.png,1,blur_2.0,0.45952981722711483
data/fixtures/dummy/images/00335.png,1,resize_0.5,0.04963475644098714
data/fixtures/dummy/images/00335.png,1,resize_0.25,0.309450075045245
data/fixtures/dummy/images/00335.png,1,noise_0.02,0.93843573193095
data/fixtures/dummy/images/00335.png,1,noise_0.05,0.9197998279425416
data/fixtures/dummy/images/00335.png,1,noise_0.1,0.38168965903040264
data/fixtures/dummy/images/00335.png,1,jitter_0.2,0.11880030085054971
data/fixtures/dummy/images/00335.png,1,center_crop_0.8,0.3454411160575649
data/fixtures/dummy/images/00335.png,1,composed_blur1.0+jpeg70,0.6228290563314446
data/fixtures/dummy/images/00335.png,1,composed_resize0.5+jpeg50,0.6070527972893185
data/fixtures/dummy/images/00335.png,1,composed_jitter0.2+jpeg30,0.7197609372859262
data/fixtures/dummy/images/00335.png,1,composed_resize0.25+blur0.5+jpeg30,0.7298370673307851
data/fixtures/dummy/images/00336.png,0,clean,0.013650555222997518
data/fixtures/dummy/images/00336.png,0,jpeg_90,0.3155025105053054
data/fixtures/dummy/images/00336.png,0,jpeg_70,0.736743674521079
data/fixtures/dummy/images/00336.png,0,jpeg_50,0.8269497076383697
data/fixtures/dummy/images/00336.png,0,jpeg_30,0.11754002304665134
data/fixtures/dummy/images/00336.png,0,blur_0.5,0.4896869820380978
data/fixtures/dummy/images/00336.png,0,blur_1.0,0.7478359525805038
data/fixtures/dummy/images/00336.png,0,blur_2.0,0.619870088419913
data/fixtures/dummy/images/00336.png,0,resize_0.5,0.5793836890897864
data/fixtures/dummy/images/00336.png,0,resize_0.25,0.8429859915323284
data/fixtures/dummy/images/00336.png,0,noise_0.02,0.3357402755083353
data/fixtures/dummy/images/00336.png,0,noise_0.05,0.3552345411130673
data/fixtures/dummy/images/00336.png,0,noise_0.1,0.9491874780285848
data/fixtures/dummy/images/00336.png,0,jitter_0.2,0.28962767702973335
data/fixtures/dummy/images/00336.png,0,center_crop_0.8,0.34551288498127886
data/fixtures/dummy/images/00336.png,0,composed_blur1.0+jpeg70,0.1388036101674296
data/fixtures/dummy/images/00336.png,0,composed_resize0.5+jpeg50,0.9472166945133089
data/fixtures/dummy/images/00336.png,0,composed_jitter0.2+jpeg30,0.27180320040688677
data/fixtures/dummy/images/00336.png,0,composed_resize0.25+blur0.5+jpeg30,0.7630947982405127
data/fixtures/dummy/images/00337.png,0,clean,0.4752518191051849
data/fixtures/dummy/images/00337.png,0,jpeg_90,0.6409277155760899
data/fixtures/dummy/images/00337.png,0,jpeg_70,0.9753923767268202
data/fixtures/dummy/images/00337.png,0,jpeg_50,0.23759473417099009
data/fixtures/dummy/images/00337.png,0,jpeg_30,0.5250937523668814
data/fixtures/dummy/images/00337.png,0,blur_0.5,0.7801627504097025
data/fixtures/dummy/images/00337.png,0,blur_1.0,0.8793102229786637
data/fixtures/dummy/images/00337.png,0,blur_2.0,0.765044763135688
data/fixtures/dummy/images/00337.png,0,resize_0.5,0.6413855248246635
data/fixtures/dummy/images/00337.png,0,resize_0.25,0.4515673277107778
data/fixtures/dummy/images/00337.png,0,noise_0.02,0.74040268942354
data/fixtures/dummy/images/00337.png,0,noise_0.05,0.5493274678285015
data/fixtures/dummy/images/00337.png,0,noise_0.1,0.8114787263105862
data/fixtures/dummy/images/00337.png,0,jitter_0.2,0.7689869215486083
data/fixtures/dummy/images/00337.png,0,center_crop_0.8,0.604544127075445
data/fixtures/dummy/images/00337.png,0,composed_blur1.0+jpeg70,0.5007981735660866
data/fixtures/dummy/images/00337.png,0,composed_resize0.5+jpeg50,0.6835162766991125
data/fixtures/dummy/images/00337.png,0,composed_jitter0.2+jpeg30,0.6149786138535162
data/fixtures/dummy/images/00337.png,0,composed_resize0.25+blur0.5+jpeg30,0.7401656217894573
data/fixtures/dummy/images/00338.png,0,clean,0.25205435783957497
data/fixtures/dummy/images/00338.png,0,jpeg_90,0.7719106626113881
data/fixtures/dummy/images/00338.png,0,jpeg_70,0.9017687371012394
data/fixtures/dummy/images/00338.png,0,jpeg_50,0.21563149816433103
data/fixtures/dummy/images/00338.png,0,jpeg_30,0.4833214839890817
data/fixtures/dummy/images/00338.png,0,blur_0.5,0.31045202332424937
data/fixtures/dummy/images/00338.png,0,blur_1.0,0.8050714652397047
data/fixtures/dummy/images/00338.png,0,blur_2.0,0.2858206635498589
data/fixtures/dummy/images/00338.png,0,resize_0.5,0.7959536801102108
data/fixtures/dummy/images/00338.png,0,resize_0.25,0.4494783292435862
data/fixtures/dummy/images/00338.png,0,noise_0.02,0.08542014356536143
data/fixtures/dummy/images/00338.png,0,noise_0.05,0.9743747004102998
data/fixtures/dummy/images/00338.png,0,noise_0.1,0.22184610977504937
data/fixtures/dummy/images/00338.png,0,jitter_0.2,0.3322214470004209
data/fixtures/dummy/images/00338.png,0,center_crop_0.8,0.21050058737824628
data/fixtures/dummy/images/00338.png,0,composed_blur1.0+jpeg70,0.9272616497236966
data/fixtures/dummy/images/00338.png,0,composed_resize0.5+jpeg50,0.5639200292622607
data/fixtures/dummy/images/00338.png,0,composed_jitter0.2+jpeg30,0.8131712010149468
data/fixtures/dummy/images/00338.png,0,composed_resize0.25+blur0.5+jpeg30,0.8799033640440442
data/fixtures/dummy/images/00339.png,1,clean,0.3463871922669963
data/fixtures/dummy/images/00339.png,1,jpeg_90,0.06737829919268612
data/fixtures/dummy/images/00339.png,1,jpeg_70,0.24920437677302076
data/fixtures/dummy/images/00339.png,1,jpeg_50,0.3726297464457696
data/fixtures/dummy/images/00339.png,1,jpeg_30,0.9710012056089318
data/fixtures/dummy/images/00339.png,1,blur_0.5,0.3807913367417569
data/fixtures/dummy/images/00339.png,1,blur_1.0,0.005729720161315788
data/fixtures/dummy/images/00339.png,1,blur_2.0,0.3600678368051181
data/fixtures/dummy/images/00339.png,1,resize_0.5,0.4335707044413456
data/fixtures/dummy/images/00339.png,1,resize_0.25,0.6412362236981217
data/fixtures/dummy/images/00339.png,1,noise_0.02,0.7414009620384391
data/fixtures/dummy/images/00339.png,1,noise_0.05,0.26961111944238636
data/fixtures/dummy/images/00339.png,1,noise_0.1,0.9263605479694756
data/fixtures/dummy/images/00339.png,1,jitter_0.2,0.3097873030182413
data/fixtures/dummy/images/00339.png,1,center_crop_0.8,0.09078629404666427
data/fixtures/dummy/images/00339.png,1,composed_blur1.0+jpeg70,0.09605419519488512
data/fixtures/dummy/images/00339.png,1,composed_resize0.5+jpeg50,0.4599686009300389
data/fixtures/dummy/images/00339.png,1,composed_jitter0.2+jpeg30,0.3704889024942728
data/fixtures/dummy/images/00339.png,1,composed_resize0.25+blur0.5+jpeg30,0.54250500395115
data/fixtures/dummy/images/00340.png,1,clean,0.8674031246711446
data/fixtures/dummy/images/00340.png,1,jpeg_90,0.04210944458433086
data/fixtures/dummy/images/00340.png,1,jpeg_70,0.3497657229199662
data/fixtures/dummy/images/00340.png,1,jpeg_50,0.6320352803493027
data/fixtures/dummy/images/00340.png,1,jpeg_30,0.6653456962337396
data/fixtures/dummy/images/00340.png,1,blur_0.5,0.5253733355252923
data/fixtures/dummy/images/00340.png,1,blur_1.0,0.764629655680314
data/fixtures/dummy/images/00340.png,1,blur_2.0,0.21775328512013425
data/fixtures/dummy/images/00340.png,1,resize_0.5,0.10132887795963752
data/fixtures/dummy/images/00340.png,1,resize_0.25,0.860754283409577
data/fixtures/dummy/images/00340.png,1,noise_0.02,0.9389585446399867
data/fixtures/dummy/images/00340.png,1,noise_0.05,0.12995916904920468
data/fixtures/dummy/images/00340.png,1,noise_0.1,0.5323326356817549
data/fixtures/dummy/images/00340.png,1,jitter_0.2,0.34606439681327195
data/fixtures/dummy/images/00340.png,1,center_crop_0.8,0.01900969028790178
data/fixtures/dummy/images/00340.png,1,composed_blur1.0+jpeg70,0.6788298635387685
data/fixtures/dummy/images/00340.png,1,composed_resize0.5+jpeg50,0.4706313338761311
data/fixtures/dummy/images/00340.png,1,composed_jitter0.2+jpeg30,0.7168523952443429
data/fixtures/dummy/images/00340.png,1,composed_resize0.25+blur0.5+jpeg30,0.4865434513874095
data/fixtures/dummy/images/00341.png,0,clean,0.7863638556575495
data/fixtures/dummy/images/00341.png,0,jpeg_90,0.5378850143077817
data/fixtures/dummy/images/00341.png,0,jpeg_70,0.45930396371545656
data/fixtures/dummy/images/00341.png,0,jpeg_50,0.8040779255862784
data/fixtures/dummy/images/00341.png,0,jpeg_30,0.7034398300616435
data/fixtures/dummy/images/00341.png,0,blur_0.5,0.0388855128005533
data/fixtures/dummy/images/00341.png,0,blur_1.0,0.25034334078420983
data/fixtures/dummy/images/00341.png,0,blur_2.0,0.0846052821073826
data/fixtures/dummy/images/00341.png,0,resize_0.5,0.1079059165273889
data/fixtures/dummy/images/00341.png,0,resize_0.25,0.978122406781014
data/fixtures/dummy/images/00341.png,0,noise_0.02,0.6205302476802993
data/fixtures/dummy/images/00341.png,0,noise_0.05,0.754335117356619
data/fixtures/dummy/images/00341.png,0,noise_0.1,0.5484994023057792
data/fixtures/dummy/images/00341.png,0,jitter_0.2,0.5141457874267348
data/fixtures/dummy/images/00341.png,0,center_crop_0.8,0.9517681843570032
data/fixtures/dummy/images/00341.png,0,composed_blur1.0+jpeg70,0.20562348939634412
data/fixtures/dummy/images/00341.png,0,composed_resize0.5+jpeg50,0.9111320658853007
data/fixtures/dummy/images/00341.png,0,composed_jitter0.2+jpeg30,0.10818000049001686
data/fixtures/dummy/images/00341.png,0,composed_resize0.25+blur0.5+jpeg30,0.8948186743250305
data/fixtures/dummy/images/00342.png,0,clean,0.42351256383043423
data/fixtures/dummy/images/00342.png,0,jpeg_90,0.18679495013096847
data/fixtures/dummy/images/00342.png,0,jpeg_70,0.5892760405033939
data/fixtures/dummy/images/00342.png,0,jpeg_50,0.3980390446957196
data/fixtures/dummy/images/00342.png,0,jpeg_30,0.2512115027911693
data/fixtures/dummy/images/00342.png,0,blur_0.5,0.696299282104248
data/fixtures/dummy/images/00342.png,0,blur_1.0,0.2879434894913644
data/fixtures/dummy/images/00342.png,0,blur_2.0,0.8550841946549244
data/fixtures/dummy/images/00342.png,0,resize_0.5,0.2897603110927158
data/fixtures/dummy/images/00342.png,0,resize_0.25,0.3325014916955422
data/fixtures/dummy/images/00342.png,0,noise_0.02,0.25418216050976594
data/fixtures/dummy/images/00342.png,0,noise_0.05,0.4783841495887642
data/fixtures/dummy/images/00342.png,0,noise_0.1,0.3266042575585
data/fixtures/dummy/images/00342.png,0,jitter_0.2,0.13121712601890068
data/fixtures/dummy/images/00342.png,0,center_crop_0.8,0.3205813956184679
data/fixtures/dummy/images/00342.png,0,composed_blur1.0+jpeg70,0.17289999634248943
data/fixtures/dummy/images/00342.png,0,composed_resize0.5+jpeg50,0.8102470350592296
data/fixtures/dummy/images/00342.png,0,composed_jitter0.2+jpeg30,0.903247898442022
data/fixtures/dummy/images/00342.png,0,composed_resize0.25+blur0.5+jpeg30,0.2779922415419175
data/fixtures/dummy/images/00343.png,1,clean,0.8451443476999249
data/fixtures/dummy/images/00343.png,1,jpeg_90,0.9524301810216749
data/fixtures/dummy/images/00343.png,1,jpeg_70,0.4447718542074923
data/fixtures/dummy/images/00343.png,1,jpeg_50,0.39291184034150517
data/fixtures/dummy/images/00343.png,1,jpeg_30,0.011156151958873095
data/fixtures/dummy/images/00343.png,1,blur_0.5,0.2724858885178272
data/fixtures/dummy/images/00343.png,1,blur_1.0,0.11164707022659948
data/fixtures/dummy/images/00343.png,1,blur_2.0,0.6112550898770028
data/fixtures/dummy/images/00343.png,1,resize_0.5,0.8552508760625883
data/fixtures/dummy/images/00343.png,1,resize_0.25,0.1416128138676369
data/fixtures/dummy/images/00343.png,1,noise_0.02,0.32509352184879325
data/fixtures/dummy/images/00343.png,1,noise_0.05,0.059024286758087796
data/fixtures/dummy/images/00343.png,1,noise_0.1,0.6352185395081544
data/fixtures/dummy/images/00343.png,1,jitter_0.2,0.7877505041196702
data/fixtures/dummy/images/00343.png,1,center_crop_0.8,0.8663682894359922
data/fixtures/dummy/images/00343.png,1,composed_blur1.0+jpeg70,0.6306127234312461
data/fixtures/dummy/images/00343.png,1,composed_resize0.5+jpeg50,0.2969289478854179
data/fixtures/dummy/images/00343.png,1,composed_jitter0.2+jpeg30,0.667239042350496
data/fixtures/dummy/images/00343.png,1,composed_resize0.25+blur0.5+jpeg30,0.9907112839968679
data/fixtures/dummy/images/00344.png,0,clean,0.17969965572156665
data/fixtures/dummy/images/00344.png,0,jpeg_90,0.4815535238762383
data/fixtures/dummy/images/00344.png,0,jpeg_70,0.6095464111250715
data/fixtures/dummy/images/00344.png,0,jpeg_50,0.2838317530696416
data/fixtures/dummy/images/00344.png,0,jpeg_30,0.007987089569676975
data/fixtures/dummy/images/00344.png,0,blur_0.5,0.7906306232508877
data/fixtures/dummy/images/00344.png,0,blur_1.0,0.8671813021770218
data/fixtures/dummy/images/00344.png,0,blur_2.0,0.4814560309057022
data/fixtures/dummy/images/00344.png,0,resize_0.5,0.19244059330498742
data/fixtures/dummy/images/00344.png,0,resize_0.25,0.7586312251701463
data/fixtures/dummy/images/00344.png,0,noise_0.02,0.4708759839474761
data/fixtures/dummy/images/00344.png,0,noise_0.05,0.6170903904511573
data/fixtures/dummy/images/00344.png,0,noise_0.1,0.9229460948720104
data/fixtures/dummy/images/00344.png,0,jitter_0.2,0.9530391200524188
data/fixtures/dummy/images/00344.png,0,center_crop_0.8,0.23793126646512996
data/fixtures/dummy/images/00344.png,0,composed_blur1.0+jpeg70,0.21145930762585197
data/fixtures/dummy/images/00344.png,0,composed_resize0.5+jpeg50,0.47621077232606757
data/fixtures/dummy/images/00344.png,0,composed_jitter0.2+jpeg30,0.7740062282471111
data/fixtures/dummy/images/00344.png,0,composed_resize0.25+blur0.5+jpeg30,0.7858427981561089
data/fixtures/dummy/images/00345.png,1,clean,0.5715803860032269
data/fixtures/dummy/images/00345.png,1,jpeg_90,0.9696201815651313
data/fixtures/dummy/images/00345.png,1,jpeg_70,0.7615642209873035
data/fixtures/dummy/images/00345.png,1,jpeg_50,0.2962574126600136
data/fixtures/dummy/images/00345.png,1,jpeg_30,0.5518657362732174
data/fixtures/dummy/images/00345.png,1,blur_0.5,0.8689165547366313
data/fixtures/dummy/images/00345.png,1,blur_1.0,0.7281121049010734
data/fixtures/dummy/images/00345.png,1,blur_2.0,0.18451326555166547
data/fixtures/dummy/images/00345.png,1,resize_0.5,0.061551391080838735
data/fixtures/dummy/images/00345.png,1,resize_0.25,0.0038189306148483926
data/fixtures/dummy/images/00345.png,1,noise_0.02,0.03555499907955595
data/fixtures/dummy/images/00345.png,1,noise_0.05,0.646929646451781
data/fixtures/dummy/images/00345.png,1,noise_0.1,0.21830040026471476
data/fixtures/dummy/images/00345.png,1,jitter_0.2,0.7729825041900066
data/fixtures/dummy/images/00345.png,1,center_crop_0.8,0.10370665297554738
data/fixtures/dummy/images/00345.png,1,composed_blur1.0+jpeg70,0.3979679315250121
data/fixtures/dummy/images/00345.png,1,composed_resize0.5+jpeg50,0.5510073179481542
data/fixtures/dummy/images/00345.png,1,composed_jitter0.2+jpeg30,0.4588519113976056
data/fixtures/dummy/images/00345.png,1,composed_resize0.25+blur0.5+jpeg30,0.8069661505403306
data/fixtures/dummy/images/00346.png,1,clean,0.45080752909431643
data/fixtures/dummy/images/00346.png,1,jpeg_90,0.8970724603802199
data/fixtures/dummy/images/00346.png,1,jpeg_70,0.287362269505967
data/fixtures/dummy/images/00346.png,1,jpeg_50,0.12367061266260848
data/fixtures/dummy/images/00346.png,1,jpeg_30,0.8994819046859216
data/fixtures/dummy/images/00346.png,1,blur_0.5,0.21054714413865327
data/fixtures/dummy/images/00346.png,1,blur_1.0,0.3442462790692208
data/fixtures/dummy/images/00346.png,1,blur_2.0,0.4182058978249964
data/fixtures/dummy/images/00346.png,1,resize_0.5,0.7009356657756608
data/fixtures/dummy/images/00346.png,1,resize_0.25,0.015696215042605766
data/fixtures/dummy/images/00346.png,1,noise_0.02,0.19924916731436992
data/fixtures/dummy/images/00346.png,1,noise_0.05,0.29304915681663146
data/fixtures/dummy/images/00346.png,1,noise_0.1,0.7311917873800374
data/fixtures/dummy/images/00346.png,1,jitter_0.2,0.015231537355974933
data/fixtures/dummy/images/00346.png,1,center_crop_0.8,0.7360845991041028
data/fixtures/dummy/images/00346.png,1,composed_blur1.0+jpeg70,0.687265475096354
data/fixtures/dummy/images/00346.png,1,composed_resize0.5+jpeg50,0.2831098713946477
data/fixtures/dummy/images/00346.png,1,composed_jitter0.2+jpeg30,0.04873203339615839
data/fixtures/dummy/images/00346.png,1,composed_resize0.25+blur0.5+jpeg30,0.1305627040784204
data/fixtures/dummy/images/00347.png,0,clean,0.38797687770536315
data/fixtures/dummy/images/00347.png,0,jpeg_90,0.49386959672082775
data/fixtures/dummy/images/00347.png,0,jpeg_70,0.742359567231756
data/fixtures/dummy/images/00347.png,0,jpeg_50,0.20970369519804888
data/fixtures/dummy/images/00347.png,0,jpeg_30,0.07086056493488091
data/fixtures/dummy/images/00347.png,0,blur_0.5,0.32234964715323633
data/fixtures/dummy/images/00347.png,0,blur_1.0,0.6868890867035458
data/fixtures/dummy/images/00347.png,0,blur_2.0,0.40785756597621914
data/fixtures/dummy/images/00347.png,0,resize_0.5,0.916098411860575
data/fixtures/dummy/images/00347.png,0,resize_0.25,0.5025350044066021
data/fixtures/dummy/images/00347.png,0,noise_0.02,0.917395263130905
data/fixtures/dummy/images/00347.png,0,noise_0.05,0.07895755277509697
data/fixtures/dummy/images/00347.png,0,noise_0.1,0.9655069481930618
data/fixtures/dummy/images/00347.png,0,jitter_0.2,0.881258176233136
data/fixtures/dummy/images/00347.png,0,center_crop_0.8,0.5091313529135698
data/fixtures/dummy/images/00347.png,0,composed_blur1.0+jpeg70,0.6303679599069766
data/fixtures/dummy/images/00347.png,0,composed_resize0.5+jpeg50,0.2527075179009115
data/fixtures/dummy/images/00347.png,0,composed_jitter0.2+jpeg30,0.4191562863410211
data/fixtures/dummy/images/00347.png,0,composed_resize0.25+blur0.5+jpeg30,0.4438981808337281
data/fixtures/dummy/images/00348.png,1,clean,0.9542203681961244
data/fixtures/dummy/images/00348.png,1,jpeg_90,0.02980723758041448
data/fixtures/dummy/images/00348.png,1,jpeg_70,0.5214578355686604
data/fixtures/dummy/images/00348.png,1,jpeg_50,0.7654724150544424
data/fixtures/dummy/images/00348.png,1,jpeg_30,0.09820617795939424
data/fixtures/dummy/images/00348.png,1,blur_0.5,0.4526645939867915
data/fixtures/dummy/images/00348.png,1,blur_1.0,0.9689048295595954
data/fixtures/dummy/images/00348.png,1,blur_2.0,0.9179816578409514
data/fixtures/dummy/images/00348.png,1,resize_0.5,0.8752386546898907
data/fixtures/dummy/images/00348.png,1,resize_0.25,0.3047456937291312
data/fixtures/dummy/images/00348.png,1,noise_0.02,0.4635435599393085
data/fixtures/dummy/images/00348.png,1,noise_0.05,0.19402485015264137
data/fixtures/dummy/images/00348.png,1,noise_0.1,0.5745984793831388
data/fixtures/dummy/images/00348.png,1,jitter_0.2,0.44462675867336354
data/fixtures/dummy/images/00348.png,1,center_crop_0.8,0.7062592406164906
data/fixtures/dummy/images/00348.png,1,composed_blur1.0+jpeg70,0.04352869217252642
data/fixtures/dummy/images/00348.png,1,composed_resize0.5+jpeg50,0.3449310810334808
data/fixtures/dummy/images/00348.png,1,composed_jitter0.2+jpeg30,0.21580496840203423
data/fixtures/dummy/images/00348.png,1,composed_resize0.25+blur0.5+jpeg30,0.2354078908545717
data/fixtures/dummy/images/00349.png,0,clean,0.7629862297962724
data/fixtures/dummy/images/00349.png,0,jpeg_90,0.6007428708914044
data/fixtures/dummy/images/00349.png,0,jpeg_70,0.9587453570572539
data/fixtures/dummy/images/00349.png,0,jpeg_50,0.5008300937007757
data/fixtures/dummy/images/00349.png,0,jpeg_30,0.36953965207454664
data/fixtures/dummy/images/00349.png,0,blur_0.5,0.8536806473858457
data/fixtures/dummy/images/00349.png,0,blur_1.0,0.8032151218391229
data/fixtures/dummy/images/00349.png,0,blur_2.0,0.6273929515231171
data/fixtures/dummy/images/00349.png,0,resize_0.5,0.48310964548601076
data/fixtures/dummy/images/00349.png,0,resize_0.25,0.9353350354587858
data/fixtures/dummy/images/00349.png,0,noise_0.02,0.027064770544980576
data/fixtures/dummy/images/00349.png,0,noise_0.05,0.5369347428352571
data/fixtures/dummy/images/00349.png,0,noise_0.1,0.24690102523191593
data/fixtures/dummy/images/00349.png,0,jitter_0.2,0.10588924236148134
data/fixtures/dummy/images/00349.png,0,center_crop_0.8,0.5665631945969205
data/fixtures/dummy/images/00349.png,0,composed_blur1.0+jpeg70,0.17695243206694478
data/fixtures/dummy/images/00349.png,0,composed_resize0.5+jpeg50,0.10698983739437717
data/fixtures/dummy/images/00349.png,0,composed_jitter0.2+jpeg30,0.8401548597563342
data/fixtures/dummy/images/00349.png,0,composed_resize0.25+blur0.5+jpeg30,0.01056210177962702
data/fixtures/dummy/images/00350.jpg,0,clean,0.852349411580604
data/fixtures/dummy/images/00350.jpg,0,jpeg_90,0.005753635162587423
data/fixtures/dummy/images/00350.jpg,0,jpeg_70,0.6314493776524286
data/fixtures/dummy/images/00350.jpg,0,jpeg_50,0.9817194066273363
data/fixtures/dummy/images/00350.jpg,0,jpeg_30,0.26701679010254886
data/fixtures/dummy/images/00350.jpg,0,blur_0.5,0.5536683694238591
data/fixtures/dummy/images/00350.jpg,0,blur_1.0,0.8584628434048454
data/fixtures/dummy/images/00350.jpg,0,blur_2.0,0.5770980846734339
data/fixtures/dummy/images/00350.jpg,0,resize_0.5,0.5658463249016008
data/fixtures/dummy/images/00350.jpg,0,resize_0.25,0.31957292568096685
data/fixtures/dummy/images/00350.jpg,0,noise_0.02,0.8146867732132813
data/fixtures/dummy/images/00350.jpg,0,noise_0.05,0.13520313955679542
data/fixtures/dummy/images/00350.jpg,0,noise_0.1,0.7295080354313729
data/fixtures/dummy/images/00350.jpg,0,jitter_0.2,0.580801652451197
data/fixtures/dummy/images/00350.jpg,0,center_crop_0.8,0.49015379492966327
data/fixtures/dummy/images/00350.jpg,0,composed_blur1.0+jpeg70,0.13335642982903673
data/fixtures/dummy/images/00350.jpg,0,composed_resize0.5+jpeg50,0.8124823472256084
data/fixtures/dummy/images/00350.jpg,0,composed_jitter0.2+jpeg30,0.5438450589996882
data/fixtures/dummy/images/00350.jpg,0,composed_resize0.25+blur0.5+jpeg30,0.1937365200169896
data/fixtures/dummy/images/00351.png,1,clean,0.8998514114704683
data/fixtures/dummy/images/00351.png,1,jpeg_90,0.6570145388557947
data/fixtures/dummy/images/00351.png,1,jpeg_70,0.8959330361674828
data/fixtures/dummy/images/00351.png,1,jpeg_50,0.5317929268001244
data/fixtures/dummy/images/00351.png,1,jpeg_30,0.3483545221375901
data/fixtures/dummy/images/00351.png,1,blur_0.5,0.6826683822213101
data/fixtures/dummy/images/00351.png,1,blur_1.0,0.7275275998515403
data/fixtures/dummy/images/00351.png,1,blur_2.0,0.006682802372704355
data/fixtures/dummy/images/00351.png,1,resize_0.5,0.2293071440410659
data/fixtures/dummy/images/00351.png,1,resize_0.25,0.28303129041930253
data/fixtures/dummy/images/00351.png,1,noise_0.02,0.6431462154043739
data/fixtures/dummy/images/00351.png,1,noise_0.05,0.9828223035812593
data/fixtures/dummy/images/00351.png,1,noise_0.1,0.11602807433326223
data/fixtures/dummy/images/00351.png,1,jitter_0.2,0.82498099168697
data/fixtures/dummy/images/00351.png,1,center_crop_0.8,0.7060341224899119
data/fixtures/dummy/images/00351.png,1,composed_blur1.0+jpeg70,0.25114093026353124
data/fixtures/dummy/images/00351.png,1,composed_resize0.5+jpeg50,0.0908619825357937
data/fixtures/dummy/images/00351.png,1,composed_jitter0.2+jpeg30,0.7912473852419882
data/fixtures/dummy/images/00351.png,1,composed_resize0.25+blur0.5+jpeg30,0.7097593032970786
data/fixtures/dummy/images/00352.png,0,clean,0.9271887383894216
data/fixtures/dummy/images/00352.png,0,jpeg_90,0.9157709727659419
data/fixtures/dummy/images/00352.png,0,jpeg_70,0.3785690189047237
data/fixtures/dummy/images/00352.png,0,jpeg_50,0.5566703826707435
data/fixtures/dummy/images/00352.png,0,jpeg_30,0.5802108153416322
data/fixtures/dummy/images/00352.png,0,blur_0.5,0.14384094716203144
data/fixtures/dummy/images/00352.png,0,blur_1.0,0.42985787786874663
data/fixtures/dummy/images/00352.png,0,blur_2.0,0.5741473005756476
data/fixtures/dummy/images/00352.png,0,resize_0.5,0.4858403024042732
data/fixtures/dummy/images/00352.png,0,resize_0.25,0.5349000188870614
data/fixtures/dummy/images/00352.png,0,noise_0.02,0.461423165582613
data/fixtures/dummy/images/00352.png,0,noise_0.05,0.7699783349165693
data/fixtures/dummy/images/00352.png,0,noise_0.1,0.12177628136298979
data/fixtures/dummy/images/00352.png,0,jitter_0.2,0.9488567483092489
data/fixtures/dummy/images/00352.png,0,center_crop_0.8,0.2891418116553457
data/fixtures/dummy/images/00352.png,0,composed_blur1.0+jpeg70,0.41269120752278865
data/fixtures/dummy/images/00352.png,0,composed_resize0.5+jpeg50,0.00787204552527454
data/fixtures/dummy/images/00352.png,0,composed_jitter0.2+jpeg30,0.6274182348734525
data/fixtures/dummy/images/00352.png,0,composed_resize0.25+blur0.5+jpeg30,0.7372148001414587
data/fixtures/dummy/images/00353.png,0,clean,0.44079568800489066
data/fixtures/dummy/images/00353.png,0,jpeg_90,0.28605960000691766
data/fixtures/dummy/images/00353.png,0,jpeg_70,0.8326959314047769
data/fixtures/dummy/images/00353.png,0,jpeg_50,0.13281539047915725
data/fixtures/dummy/images/00353.png,0,jpeg_30,0.0070990790552850624
data/fixtures/dummy/images/00353.png,0,blur_0.5,0.6892474511443217
data/fixtures/dummy/images/00353.png,0,blur_1.0,0.25359265730908787
data/fixtures/dummy/images/00353.png,0,blur_2.0,0.13283784380259112
data/fixtures/dummy/images/00353.png,0,resize_0.5,0.24920321633167353
data/fixtures/dummy/images/00353.png,0,resize_0.25,0.23989727056435806
data/fixtures/dummy/images/00353.png,0,noise_0.02,0.23638999242030345
data/fixtures/dummy/images/00353.png,0,noise_0.05,0.6307102063462987
data/fixtures/dummy/images/00353.png,0,noise_0.1,0.6305364689792132
data/fixtures/dummy/images/00353.png,0,jitter_0.2,0.869507436286351
data/fixtures/dummy/images/00353.png,0,center_crop_0.8,0.3090180082433788
data/fixtures/dummy/images/00353.png,0,composed_blur1.0+jpeg70,0.42397114812669123
data/fixtures/dummy/images/00353.png,0,composed_resize0.5+jpeg50,0.389909540924654
data/fixtures/dummy/images/00353.png,0,composed_jitter0.2+jpeg30,0.7739496175007353
data/fixtures/dummy/images/00353.png,0,composed_resize0.25+blur0.5+jpeg30,0.48489649041468885
data/fixtures/dummy/images/00354.png,1,clean,0.7386877790880515
data/fixtures/dummy/images/00354.png,1,jpeg_90,0.7750623179973943
data/fixtures/dummy/images/00354.png,1,jpeg_70,0.7981450577118333
data/fixtures/dummy/images/00354.png,1,jpeg_50,0.3832089991133115
data/fixtures/dummy/images/00354.png,1,jpeg_30,0.8911726366655702
data/fixtures/dummy/images/00354.png,1,blur_0.5,0.5118062752018081
data/fixtures/dummy/images/00354.png,1,blur_1.0,0.7918861034821083
data/fixtures/dummy/images/00354.png,1,blur_2.0,0.9690395804129363
data/fixtures/dummy/images/00354.png,1,resize_0.5,0.7827481495965014
data/fixtures/dummy/images/00354.png,1,resize_0.25,0.9460976181285183
data/fixtures/dummy/images/00354.png,1,noise_0.02,0.6161693379261929
data/fixtures/dummy/images/00354.png,1,noise_0.05,0.8662549840950309
data/fixtures/dummy/images/00354.png,1,noise_0.1,0.5475477345843827
data/fixtures/dummy/images/00354.png,1,jitter_0.2,0.039101874590652286
data/fixtures/dummy/images/00354.png,1,center_crop_0.8,0.05325575657800885
data/fixtures/dummy/images/00354.png,1,composed_blur1.0+jpeg70,0.34024824527042996
data/fixtures/dummy/images/00354.png,1,composed_resize0.5+jpeg50,0.758596920598454
data/fixtures/dummy/images/00354.png,1,composed_jitter0.2+jpeg30,0.30454612166431483
data/fixtures/dummy/images/00354.png,1,composed_resize0.25+blur0.5+jpeg30,0.8078515006295439
data/fixtures/dummy/images/00355.png,0,clean,0.48535212928607563
data/fixtures/dummy/images/00355.png,0,jpeg_90,0.10674159721361742
data/fixtures/dummy/images/00355.png,0,jpeg_70,0.8294104186183793
data/fixtures/dummy/images/00355.png,0,jpeg_50,0.615540943740838
data/fixtures/dummy/images/00355.png,0,jpeg_30,0.9140194251217584
data/fixtures/dummy/images/00355.png,0,blur_0.5,0.42542316028237326
data/fixtures/dummy/images/00355.png,0,blur_1.0,0.5255280376661746
data/fixtures/dummy/images/00355.png,0,blur_2.0,0.4509814053933161
data/fixtures/dummy/images/00355.png,0,resize_0.5,0.7669504641583139
data/fixtures/dummy/images/00355.png,0,resize_0.25,0.018505184356632287
data/fixtures/dummy/images/00355.png,0,noise_0.02,0.004985606117017705
data/fixtures/dummy/images/00355.png,0,noise_0.05,0.9293247838557462
data/fixtures/dummy/images/00355.png,0,noise_0.1,0.24762426630551615
data/fixtures/dummy/images/00355.png,0,jitter_0.2,0.08714053966794388
data/fixtures/dummy/images/00355.png,0,center_crop_0.8,0.6705792353489741
data/fixtures/dummy/images/00355.png,0,composed_blur1.0+jpeg70,0.5839474383520475
data/fixtures/dummy/images/00355.png,0,composed_resize0.5+jpeg50,0.028904811581097922
data/fixtures/dummy/images/00355.png,0,composed_jitter0.2+jpeg30,0.23548114040109336
data/fixtures/dummy/images/00355.png,0,composed_resize0.25+blur0.5+jpeg30,0.49959074518401303
data/fixtures/dummy/images/00356.png,1,clean,0.06878545141841941
data/fixtures/dummy/images/00356.png,1,jpeg_90,0.332512848380246
data/fixtures/dummy/images/00356.png,1,jpeg_70,0.43515300340289775
data/fixtures/dummy/images/00356.png,1,jpeg_50,0.5483468455101802
data/fixtures/dummy/images/00356.png,1,jpeg_30,0.6190680740664044
data/fixtures/dummy/images/00356.png,1,blur_0.5,0.8492111477051996
data/fixtures/dummy/images/00356.png,1,blur_1.0,0.03650014409318125
data/fixtures/dummy/images/00356.png,1,blur_2.0,0.11290118441352115
data/fixtures/dummy/images/00356.png,1,resize_0.5,0.8462940257113805
data/fixtures/dummy/images/00356.png,1,resize_0.25,0.44919747286394474
data/fixtures/dummy/images/00356.png,1,noise_0.02,0.35868071333230167
data/fixtures/dummy/images/00356.png,1,noise_0.05,0.7594004985647529
data/fixtures/dummy/images/00356.png,1,noise_0.1,0.9441069052621005
data/fixtures/dummy/images/00356.png,1,jitter_0.2,0.7121783477301824
data/fixtures/dummy/images/00356.png,1,center_crop_0.8,0.19510168831226515
data/fixtures/dummy/images/00356.png,1,composed_blur1.0+jpeg70,0.8505965760988076
data/fixtures/dummy/images/00356.png,1,composed_resize0.5+jpeg50,0.799683691099039
data/fixtures/dummy/images/00356.png,1,composed_jitter0.2+jpeg30,0.3228886905929321
data/fixtures/dummy/images/00356.png,1,composed_resize0.25+blur0.5+jpeg30,0.22350389279321414
data/fixtures/dummy/images/00357.png,0,clean,0.9545738039087174
data/fixtures/dummy/images/00357.png,0,jpeg_90,0.34171973488780516
data/fixtures/dummy/images/00357.png,0,jpeg_70,0.31115040252591575
data/fixtures/dummy/images/00357.png,0,jpeg_50,0.744885336725879
data/fixtures/dummy/images/00357.png,0,jpeg_30,0.46485594514406725
data/fixtures/dummy/images/00357.png,0,blur_0.5,0.9895322243745787
data/fixtures/dummy/images/00357.png,0,blur_1.0,0.6974128554588501
data/fixtures/dummy/images/00357.png,0,blur_2.0,0.5736278416795472
data/fixtures/dummy/images/00357.png,0,resize_0.5,0.2171354209077948
data/fixtures/dummy/images/00357.png,0,resize_0.25,0.40906051681074784
data/fixtures/dummy/images/00357.png,0,noise_0.02,0.46327651795026403
data/fixtures/dummy/images/00357.png,0,noise_0.05,0.3438242074257033
data/fixtures/dummy/images/00357.png,0,noise_0.1,0.6442384925157466
data/fixtures/dummy/images/00357.png,0,jitter_0.2,0.9468499802992786
data/fixtures/dummy/images/00357.png,0,center_crop_0.8,0.31035182575164255
data/fixtures/dummy/images/00357.png,0,composed_blur1.0+jpeg70,0.24555787849442312
data/fixtures/dummy/images/00357.png,0,composed_resize0.5+jpeg50,0.38595628661170966
data/fixtures/dummy/images/00357.png,0,composed_jitter0.2+jpeg30,0.3117873747391583
data/fixtures/dummy/images/00357.png,0,composed_resize0.25+blur0.5+jpeg30,0.9454298429879958
data/fixtures/dummy/images/00358.png,1,clean,0.20022395801962922
data/fixtures/dummy/images/00358.png,1,jpeg_90,0.6210491186238973
data/fixtures/dummy/images/00358.png,1,jpeg_70,0.629514213956571
data/fixtures/dummy/images/00358.png,1,jpeg_50,0.9854791085110466
data/fixtures/dummy/images/00358.png,1,jpeg_30,0.2116580285993167
data/fixtures/dummy/images/00358.png,1,blur_0.5,0.046803881163657746
data/fixtures/dummy/images/00358.png,1,blur_1.0,0.2604301316959592
data/fixtures/dummy/images/00358.png,1,blur_2.0,0.8516393402862483
data/fixtures/dummy/images/00358.png,1,resize_0.5,0.8186515893544415
data/fixtures/dummy/images/00358.png,1,resize_0.25,0.6312100700116735
data/fixtures/dummy/images/00358.png,1,noise_0.02,0.8258553293498956
data/fixtures/dummy/images/00358.png,1,noise_0.05,0.29678357125222177
data/fixtures/dummy/images/00358.png,1,noise_0.1,0.8267177692635524
data/fixtures/dummy/images/00358.png,1,jitter_0.2,0.7443482620343697
data/fixtures/dummy/images/00358.png,1,center_crop_0.8,0.34872219926176173
data/fixtures/dummy/images/00358.png,1,composed_blur1.0+jpeg70,0.0077842807827684934
data/fixtures/dummy/images/00358.png,1,composed_resize0.5+jpeg50,0.7901895789130507
data/fixtures/dummy/images/00358.png,1,composed_jitter0.2+jpeg30,0.5399712593801852
data/fixtures/dummy/images/00358.png,1,composed_resize0.25+blur0.5+jpeg30,0.48985716513656663
data/fixtures/dummy/images/00359.png,1,clean,0.38494086084216883
data/fixtures/dummy/images/00359.png,1,jpeg_90,0.6650032941144599
data/fixtures/dummy/images/00359.png,1,jpeg_70,0.8820761354299113
data/fixtures/dummy/images/00359.png,1,jpeg_50,0.8578679725727562
data/fixtures/dummy/images/00359.png,1,jpeg_30,0.17527243386651814
data/fixtures/dummy/images/00359.png,1,blur_0.5,0.9211008982059001
data/fixtures/dummy/images/00359.png,1,blur_1.0,0.3814960573568055
data/fixtures/dummy/images/00359.png,1,blur_2.0,0.7127580060411441
data/fixtures/dummy/images/00359.png,1,resize_0.5,0.6126121962603134
data/fixtures/dummy/images/00359.png,1,resize_0.25,0.30526916053392084
data/fixtures/dummy/images/00359.png,1,noise_0.02,0.5423122024414744
data/fixtures/dummy/images/00359.png,1,noise_0.05,0.5994394865263023
data/fixtures/dummy/images/00359.png,1,noise_0.1,0.6455269958461114
data/fixtures/dummy/images/00359.png,1,jitter_0.2,0.8308951121854585
data/fixtures/dummy/images/00359.png,1,center_crop_0.8,0.7396838354960231
data/fixtures/dummy/images/00359.png,1,composed_blur1.0+jpeg70,0.03476258289715961
data/fixtures/dummy/images/00359.png,1,composed_resize0.5+jpeg50,0.45598462529271233
data/fixtures/dummy/images/00359.png,1,composed_jitter0.2+jpeg30,0.5810794871314304
data/fixtures/dummy/images/00359.png,1,composed_resize0.25+blur0.5+jpeg30,0.03834517599174614
data/fixtures/dummy/images/00360.png,0,clean,0.2526250619598045
data/fixtures/dummy/images/00360.png,0,jpeg_90,0.41897558835547344
data/fixtures/dummy/images/00360.png,0,jpeg_70,0.400915458166727
data/fixtures/dummy/images/00360.png,0,jpeg_50,0.6416117796287241
data/fixtures/dummy/images/00360.png,0,jpeg_30,0.8922389524894307
data/fixtures/dummy/images/00360.png,0,blur_0.5,0.42455180262431225
data/fixtures/dummy/images/00360.png,0,blur_1.0,0.9891094307098548
data/fixtures/dummy/images/00360.png,0,blur_2.0,0.738699794045574
data/fixtures/dummy/images/00360.png,0,resize_0.5,0.9727783516853766
data/fixtures/dummy/images/00360.png,0,resize_0.25,0.9616634461297349
data/fixtures/dummy/images/00360.png,0,noise_0.02,0.3985055288036098
data/fixtures/dummy/images/00360.png,0,noise_0.05,0.3068445070040847
data/fixtures/dummy/images/00360.png,0,noise_0.1,0.4060988187427964
data/fixtures/dummy/images/00360.png,0,jitter_0.2,0.7284788825137918
data/fixtures/dummy/images/00360.png,0,center_crop_0.8,0.12455252943497663
data/fixtures/dummy/images/00360.png,0,composed_blur1.0+jpeg70,0.3482305283638778
data/fixtures/dummy/images/00360.png,0,composed_resize0.5+jpeg50,0.986820768177239
data/fixtures/dummy/images/00360.png,0,composed_jitter0.2+jpeg30,0.36986633821124504
data/fixtures/dummy/images/00360.png,0,composed_resize0.25+blur0.5+jpeg30,0.5105172039847736
data/fixtures/dummy/images/00361.png,1,clean,0.7414011384415489
data/fixtures/dummy/images/00361.png,1,jpeg_90,0.8168482761921535
data/fixtures/dummy/images/00361.png,1,jpeg_70,0.4531061582831848
data/fixtures/dummy/images/00361.png,1,jpeg_50,0.7606464236487752
data/fixtures/dummy/images/00361.png,1,jpeg_30,0.4355800641735865
data/fixtures/dummy/images/00361.png,1,blur_0.5,0.34942064535319073
data/fixtures/dummy/images/00361.png,1,blur_1.0,0.16861749955506522
data/fixtures/dummy/images/00361.png,1,blur_2.0,0.5896161364680241
data/fixtures/dummy/images/00361.png,1,resize_0.5,0.6953792400422263
data/fixtures/dummy/images/00361.png,1,resize_0.25,0.3736506028833755
data/fixtures/dummy/images/00361.png,1,noise_0.02,0.25050121811521264
data/fixtures/dummy/images/00361.png,1,noise_0.05,0.8447886991866638
data/fixtures/dummy/images/00361.png,1,noise_0.1,0.3314639192834187
data/fixtures/dummy/images/00361.png,1,jitter_0.2,0.06103553630497294
data/fixtures/dummy/images/00361.png,1,center_crop_0.8,0.8860610584481239
data/fixtures/dummy/images/00361.png,1,composed_blur1.0+jpeg70,0.38761179870101503
data/fixtures/dummy/images/00361.png,1,composed_resize0.5+jpeg50,0.537276309837454
data/fixtures/dummy/images/00361.png,1,composed_jitter0.2+jpeg30,0.5841470432811643
data/fixtures/dummy/images/00361.png,1,composed_resize0.25+blur0.5+jpeg30,0.5434655274064114
data/fixtures/dummy/images/00362.png,0,clean,0.10458219115838197
data/fixtures/dummy/images/00362.png,0,jpeg_90,0.2246887638611924
data/fixtures/dummy/images/00362.png,0,jpeg_70,0.2921607111907475
data/fixtures/dummy/images/00362.png,0,jpeg_50,0.9497331135920583
data/fixtures/dummy/images/00362.png,0,jpeg_30,0.8681111474086464
data/fixtures/dummy/images/00362.png,0,blur_0.5,0.7403103612493189
data/fixtures/dummy/images/00362.png,0,blur_1.0,0.5966817704892775
data/fixtures/dummy/images/00362.png,0,blur_2.0,0.8504318300685243
data/fixtures/dummy/images/00362.png,0,resize_0.5,0.51875772511133
data/fixtures/dummy/images/00362.png,0,resize_0.25,0.18982871060404372
data/fixtures/dummy/images/00362.png,0,noise_0.02,0.7536780345153263
data/fixtures/dummy/images/00362.png,0,noise_0.05,0.09532022758166214
data/fixtures/dummy/images/00362.png,0,noise_0.1,0.4558978058952158
data/fixtures/dummy/images/00362.png,0,jitter_0.2,0.14756027815251538
data/fixtures/dummy/images/00362.png,0,center_crop_0.8,0.5318525162646393
data/fixtures/dummy/images/00362.png,0,composed_blur1.0+jpeg70,0.4714794462177907
data/fixtures/dummy/images/00362.png,0,composed_resize0.5+jpeg50,0.47432194165734853
data/fixtures/dummy/images/00362.png,0,composed_jitter0.2+jpeg30,0.844561419144106
data/fixtures/dummy/images/00362.png,0,composed_resize0.25+blur0.5+jpeg30,0.7651716664566304
data/fixtures/dummy/images/00363.png,0,clean,0.004907445124132326
data/fixtures/dummy/images/00363.png,0,jpeg_90,0.3612481769869762
data/fixtures/dummy/images/00363.png,0,jpeg_70,0.9728684245805503
data/fixtures/dummy/images/00363.png,0,jpeg_50,0.033716709451195426
data/fixtures/dummy/images/00363.png,0,jpeg_30,0.9456774381402759
data/fixtures/dummy/images/00363.png,0,blur_0.5,0.8604965708589023
data/fixtures/dummy/images/00363.png,0,blur_1.0,0.10856832541533856
data/fixtures/dummy/images/00363.png,0,blur_2.0,0.8018152054767388
data/fixtures/dummy/images/00363.png,0,resize_0.5,0.4919719465487611
data/fixtures/dummy/images/00363.png,0,resize_0.25,0.988348452534436
data/fixtures/dummy/images/00363.png,0,noise_0.02,0.5416314485331085
data/fixtures/dummy/images/00363.png,0,noise_0.05,0.8176026165164276
data/fixtures/dummy/images/00363.png,0,noise_0.1,0.44782775777649986
data/fixtures/dummy/images/00363.png,0,jitter_0.2,0.14267296740113122
data/fixtures/dummy/images/00363.png,0,center_crop_0.8,0.5920793182902542
data/fixtures/dummy/images/00363.png,0,composed_blur1.0+jpeg70,0.7317646092767345
data/fixtures/dummy/images/00363.png,0,composed_resize0.5+jpeg50,0.3427243592492629
data/fixtures/dummy/images/00363.png,0,composed_jitter0.2+jpeg30,0.7885611502529254
data/fixtures/dummy/images/00363.png,0,composed_resize0.25+blur0.5+jpeg30,0.8968248622716393
data/fixtures/dummy/images/00364.png,0,clean,0.3660686777898662
data/fixtures/dummy/images/00364.png,0,jpeg_90,0.04622007264961614
data/fixtures/dummy/images/00364.png,0,jpeg_70,0.7542660863483628
data/fixtures/dummy/images/00364.png,0,jpeg_50,0.0017806886331240834
data/fixtures/dummy/images/00364.png,0,jpeg_30,0.1208948389203437
data/fixtures/dummy/images/00364.png,0,blur_0.5,0.4953844455560674
data/fixtures/dummy/images/00364.png,0,blur_1.0,0.6476819854324093
data/fixtures/dummy/images/00364.png,0,blur_2.0,0.2723919373814985
data/fixtures/dummy/images/00364.png,0,resize_0.5,0.2988643972642302
data/fixtures/dummy/images/00364.png,0,resize_0.25,0.6139850831908494
data/fixtures/dummy/images/00364.png,0,noise_0.02,0.5194198425388028
data/fixtures/dummy/images/00364.png,0,noise_0.05,0.07922260798145342
data/fixtures/dummy/images/00364.png,0,noise_0.1,0.7817771629585952
data/fixtures/dummy/images/00364.png,0,jitter_0.2,0.4746933536939404
data/fixtures/dummy/images/00364.png,0,center_crop_0.8,0.6917125598424356
data/fixtures/dummy/images/00364.png,0,composed_blur1.0+jpeg70,0.5399187754897078
data/fixtures/dummy/images/00364.png,0,composed_resize0.5+jpeg50,0.30691373999564275
data/fixtures/dummy/images/00364.png,0,composed_jitter0.2+jpeg30,0.198575408761835
data/fixtures/dummy/images/00364.png,0,composed_resize0.25+blur0.5+jpeg30,0.09794403782963401
data/fixtures/dummy/images/00365.png,0,clean,0.2431736423267018
data/fixtures/dummy/images/00365.png,0,jpeg_90,0.45693407320698876
data/fixtures/dummy/images/00365.png,0,jpeg_70,0.5615060171612064
data/fixtures/dummy/images/00365.png,0,jpeg_50,0.8147508702851598
data/fixtures/dummy/images/00365.png,0,jpeg_30,0.29723655400602345
data/fixtures/dummy/images/00365.png,0,blur_0.5,0.3746951279242946
data/fixtures/dummy/images/00365.png,0,blur_1.0,0.526463972437561
data/fixtures/dummy/images/00365.png,0,blur_2.0,0.8118879531901021
data/fixtures/dummy/images/00365.png,0,resize_0.5,0.16978575342096036
data/fixtures/dummy/images/00365.png,0,resize_0.25,0.6103131588439716
data/fixtures/dummy/images/00365.png,0,noise_0.02,0.14443228077523562
data/fixtures/dummy/images/00365.png,0,noise_0.05,0.514767828642742
data/fixtures/dummy/images/00365.png,0,noise_0.1,0.04725474021871634
data/fixtures/dummy/images/00365.png,0,jitter_0.2,0.8103523879042885
data/fixtures/dummy/images/00365.png,0,center_crop_0.8,0.478283565793833
data/fixtures/dummy/images/00365.png,0,composed_blur1.0+jpeg70,0.8813162389151356
data/fixtures/dummy/images/00365.png,0,composed_resize0.5+jpeg50,0.3979574034515989
data/fixtures/dummy/images/00365.png,0,composed_jitter0.2+jpeg30,0.7780849468806914
data/fixtures/dummy/images/00365.png,0,composed_resize0.25+blur0.5+jpeg30,0.343373528180672
data/fixtures/dummy/images/00366.png,1,clean,0.9041657133895682
data/fixtures/dummy/images/00366.png,1,jpeg_90,0.8233218718471333
data/fixtures/dummy/images/00366.png,1,jpeg_70,0.8210234509678493
data/fixtures/dummy/images/00366.png,1,jpeg_50,0.8223834860380932
data/fixtures/dummy/images/00366.png,1,jpeg_30,0.54192137721163
data/fixtures/dummy/images/00366.png,1,blur_0.5,0.45288448574438445
data/fixtures/dummy/images/00366.png,1,blur_1.0,0.9193476386305451
data/fixtures/dummy/images/00366.png,1,blur_2.0,0.7453782295156761
data/fixtures/dummy/images/00366.png,1,resize_0.5,0.04943622777578183
data/fixtures/dummy/images/00366.png,1,resize_0.25,0.25296190142223085
data/fixtures/dummy/images/00366.png,1,noise_0.02,0.3244657396512539
data/fixtures/dummy/images/00366.png,1,noise_0.05,0.31951416312472813
data/fixtures/dummy/images/00366.png,1,noise_0.1,0.38978737027972354
data/fixtures/dummy/images/00366.png,1,jitter_0.2,0.2396488262258123
data/fixtures/dummy/images/00366.png,1,center_crop_0.8,0.7515873794686052
data/fixtures/dummy/images/00366.png,1,composed_blur1.0+jpeg70,0.9878829502255886
data/fixtures/dummy/images/00366.png,1,composed_resize0.5+jpeg50,0.6099966023791834
data/fixtures/dummy/images/00366.png,1,composed_jitter0.2+jpeg30,0.4244465050374212
data/fixtures/dummy/images/00366.png,1,composed_resize0.25+blur0.5+jpeg30,0.19009668919955325
data/fixtures/dummy/images/00367.png,1,clean,0.04251384403711245
data/fixtures/dummy/images/00367.png,1,jpeg_90,0.48105868251983075
data/fixtures/dummy/images/00367.png,1,jpeg_70,0.9025855573828844
data/fixtures/dummy/images/00367.png,1,jpeg_50,0.32376587687996305
data/fixtures/dummy/images/00367.png,1,jpeg_30,0.5615765467619659
data/fixtures/dummy/images/00367.png,1,blur_0.5,0.4918155243126907
data/fixtures/dummy/images/00367.png,1,blur_1.0,0.1054695235073595
data/fixtures/dummy/images/00367.png,1,blur_2.0,0.2043692643897974
data/fixtures/dummy/images/00367.png,1,resize_0.5,0.47958038702013506
data/fixtures/dummy/images/00367.png,1,resize_0.25,0.8132621302667405
data/fixtures/dummy/images/00367.png,1,noise_0.02,0.12398532403638318
data/fixtures/dummy/images/00367.png,1,noise_0.05,0.2185040088507424
data/fixtures/dummy/images/00367.png,1,noise_0.1,0.9632359508035289
data/fixtures/dummy/images/00367.png,1,jitter_0.2,0.3913606710679476
data/fixtures/dummy/images/00367.png,1,center_crop_0.8,0.42935681849287
data/fixtures/dummy/images/00367.png,1,composed_blur1.0+jpeg70,0.7637523135332905
data/fixtures/dummy/images/00367.png,1,composed_resize0.5+jpeg50,0.9495807240204475
data/fixtures/dummy/images/00367.png,1,composed_jitter0.2+jpeg30,0.24216745593160016
data/fixtures/dummy/images/00367.png,1,composed_resize0.25+blur0.5+jpeg30,0.8213563569714558
data/fixtures/dummy/images/00368.png,1,clean,0.6958526140855481
data/fixtures/dummy/images/00368.png,1,jpeg_90,0.5945095785349543
data/fixtures/dummy/images/00368.png,1,jpeg_70,0.42097118693755886
data/fixtures/dummy/images/00368.png,1,jpeg_50,0.7981276712175662
data/fixtures/dummy/images/00368.png,1,jpeg_30,0.2436070763892667
data/fixtures/dummy/images/00368.png,1,blur_0.5,0.2501661909816154
data/fixtures/dummy/images/00368.png,1,blur_1.0,0.7789751548647467
data/fixtures/dummy/images/00368.png,1,blur_2.0,0.14506906292632327
data/fixtures/dummy/images/00368.png,1,resize_0.5,0.8854209722503931
data/fixtures/dummy/images/00368.png,1,resize_0.25,0.8685856807728509
data/fixtures/dummy/images/00368.png,1,noise_0.02,0.6957548361343882
data/fixtures/dummy/images/00368.png,1,noise_0.05,0.5996350623025676
data/fixtures/dummy/images/00368.png,1,noise_0.1,0.9068623772631906
data/fixtures/dummy/images/00368.png,1,jitter_0.2,0.4818390934193837
data/fixtures/dummy/images/00368.png,1,center_crop_0.8,0.852127023169333
data/fixtures/dummy/images/00368.png,1,composed_blur1.0+jpeg70,0.2553578999449915
data/fixtures/dummy/images/00368.png,1,composed_resize0.5+jpeg50,0.37481507379998735
data/fixtures/dummy/images/00368.png,1,composed_jitter0.2+jpeg30,0.19485244156443204
data/fixtures/dummy/images/00368.png,1,composed_resize0.25+blur0.5+jpeg30,0.37404453831946727
data/fixtures/dummy/images/00369.png,1,clean,0.7378609794276924
data/fixtures/dummy/images/00369.png,1,jpeg_90,0.33779726269195054
data/fixtures/dummy/images/00369.png,1,jpeg_70,0.5789568752934171
data/fixtures/dummy/images/00369.png,1,jpeg_50,0.08963121926451101
data/fixtures/dummy/images/00369.png,1,jpeg_30,0.666482979877782
data/fixtures/dummy/images/00369.png,1,blur_0.5,0.3218957362764021
data/fixtures/dummy/images/00369.png,1,blur_1.0,0.9569362963795283
data/fixtures/dummy/images/00369.png,1,blur_2.0,0.003518854959450257
data/fixtures/dummy/images/00369.png,1,resize_0.5,0.26147287106269246
data/fixtures/dummy/images/00369.png,1,resize_0.25,0.08941454915877789
data/fixtures/dummy/images/00369.png,1,noise_0.02,0.1252835276590064
data/fixtures/dummy/images/00369.png,1,noise_0.05,0.08024624798263746
data/fixtures/dummy/images/00369.png,1,noise_0.1,0.7220559088620014
data/fixtures/dummy/images/00369.png,1,jitter_0.2,0.4325441297045429
data/fixtures/dummy/images/00369.png,1,center_crop_0.8,0.2395625878676787
data/fixtures/dummy/images/00369.png,1,composed_blur1.0+jpeg70,0.8419695827667721
data/fixtures/dummy/images/00369.png,1,composed_resize0.5+jpeg50,0.19108020263030334
data/fixtures/dummy/images/00369.png,1,composed_jitter0.2+jpeg30,0.055181087054651745
data/fixtures/dummy/images/00369.png,1,composed_resize0.25+blur0.5+jpeg30,0.6246186781992665
data/fixtures/dummy/images/00370.png,1,clean,0.2784841487079096
data/fixtures/dummy/images/00370.png,1,jpeg_90,0.7219956925227178
data/fixtures/dummy/images/00370.png,1,jpeg_70,0.4635655815235994
data/fixtures/dummy/images/00370.png,1,jpeg_50,0.43690552427076235
data/fixtures/dummy/images/00370.png,1,jpeg_30,0.09747546591547185
data/fixtures/dummy/images/00370.png,1,blur_0.5,0.8116549533788322
data/fixtures/dummy/images/00370.png,1,blur_1.0,0.3919619602745297
data/fixtures/dummy/images/00370.png,1,blur_2.0,0.7217519426687758
data/fixtures/dummy/images/00370.png,1,resize_0.5,0.501408043978051
data/fixtures/dummy/images/00370.png,1,resize_0.25,0.37018665233029935
data/fixtures/dummy/images/00370.png,1,noise_0.02,0.4336928956883558
data/fixtures/dummy/images/00370.png,1,noise_0.05,0.05231907287204429
data/fixtures/dummy/images/00370.png,1,noise_0.1,0.1840947929752922
data/fixtures/dummy/images/00370.png,1,jitter_0.2,0.5723897325558723
data/fixtures/dummy/images/00370.png,1,center_crop_0.8,0.8581886323532906
data/fixtures/dummy/images/00370.png,1,composed_blur1.0+jpeg70,0.9538568661892858
data/fixtures/dummy/images/00370.png,1,composed_resize0.5+jpeg50,0.28691116761616287
data/fixtures/dummy/images/00370.png,1,composed_jitter0.2+jpeg30,0.775207147345201
data/fixtures/dummy/images/00370.png,1,composed_resize0.25+blur0.5+jpeg30,0.14621621123528272
data/fixtures/dummy/images/00371.png,1,clean,0.9103027797129041
data/fixtures/dummy/images/00371.png,1,jpeg_90,0.13373164174747243
data/fixtures/dummy/images/00371.png,1,jpeg_70,0.06949042379877479
data/fixtures/dummy/images/00371.png,1,jpeg_50,0.04146428120698398
data/fixtures/dummy/images/00371.png,1,jpeg_30,0.8856917270597306
data/fixtures/dummy/images/00371.png,1,blur_0.5,0.07428507473506174
data/fixtures/dummy/images/00371.png,1,blur_1.0,0.007208907847787049
data/fixtures/dummy/images/00371.png,1,blur_2.0,0.8869376754903239
data/fixtures/dummy/images/00371.png,1,resize_0.5,0.7131547947313968
data/fixtures/dummy/images/00371.png,1,resize_0.25,0.1967747075777737
data/fixtures/dummy/images/00371.png,1,noise_0.02,0.07954433510737902
data/fixtures/dummy/images/00371.png,1,noise_0.05,0.6936301885803643
data/fixtures/dummy/images/00371.png,1,noise_0.1,0.2954891117414721
data/fixtures/dummy/images/00371.png,1,jitter_0.2,0.3215384657482139
data/fixtures/dummy/images/00371.png,1,center_crop_0.8,0.5539356788519514
data/fixtures/dummy/images/00371.png,1,composed_blur1.0+jpeg70,0.051301027908763785
data/fixtures/dummy/images/00371.png,1,composed_resize0.5+jpeg50,0.0741866728651569
data/fixtures/dummy/images/00371.png,1,composed_jitter0.2+jpeg30,0.4591597644810427
data/fixtures/dummy/images/00371.png,1,composed_resize0.25+blur0.5+jpeg30,0.13426577089568414
data/fixtures/dummy/images/00372.png,1,clean,0.05200649758086051
data/fixtures/dummy/images/00372.png,1,jpeg_90,0.9776554475174106
data/fixtures/dummy/images/00372.png,1,jpeg_70,0.6796059170531752
data/fixtures/dummy/images/00372.png,1,jpeg_50,0.07229908439728328
data/fixtures/dummy/images/00372.png,1,jpeg_30,0.39678097783892063
data/fixtures/dummy/images/00372.png,1,blur_0.5,0.4834920409478113
data/fixtures/dummy/images/00372.png,1,blur_1.0,0.8442565999310438
data/fixtures/dummy/images/00372.png,1,blur_2.0,0.4420006956928776
data/fixtures/dummy/images/00372.png,1,resize_0.5,0.5277950253848143
data/fixtures/dummy/images/00372.png,1,resize_0.25,0.7717364145794181
data/fixtures/dummy/images/00372.png,1,noise_0.02,0.8429626102765847
data/fixtures/dummy/images/00372.png,1,noise_0.05,0.8136841656186303
data/fixtures/dummy/images/00372.png,1,noise_0.1,0.5447786480606022
data/fixtures/dummy/images/00372.png,1,jitter_0.2,0.5470169681012562
data/fixtures/dummy/images/00372.png,1,center_crop_0.8,0.6670700675102732
data/fixtures/dummy/images/00372.png,1,composed_blur1.0+jpeg70,0.8106845043379693
data/fixtures/dummy/images/00372.png,1,composed_resize0.5+jpeg50,0.017044513920040583
data/fixtures/dummy/images/00372.png,1,composed_jitter0.2+jpeg30,0.11399636875290109
data/fixtures/dummy/images/00372.png,1,composed_resize0.25+blur0.5+jpeg30,0.466809666533217
data/fixtures/dummy/images/00373.png,0,clean,0.8693517958737718
data/fixtures/dummy/images/00373.png,0,jpeg_90,0.844168819636785
data/fixtures/dummy/images/00373.png,0,jpeg_70,0.637761063513163
data/fixtures/dummy/images/00373.png,0,jpeg_50,0.5547903549165332
data/fixtures/dummy/images/00373.png,0,jpeg_30,0.271469263471422
data/fixtures/dummy/images/00373.png,0,blur_0.5,0.8551239716284968
data/fixtures/dummy/images/00373.png,0,blur_1.0,0.45073137684105335
data/fixtures/dummy/images/00373.png,0,blur_2.0,0.69471418349354
data/fixtures/dummy/images/00373.png,0,resize_0.5,0.8944757026616669
data/fixtures/dummy/images/00373.png,0,resize_0.25,0.7114521869681741
data/fixtures/dummy/images/00373.png,0,noise_0.02,0.4153563216136087
data/fixtures/dummy/images/00373.png,0,noise_0.05,0.18181763381218696
data/fixtures/dummy/images/00373.png,0,noise_0.1,0.5374011036452179
data/fixtures/dummy/images/00373.png,0,jitter_0.2,0.21598837934711124
data/fixtures/dummy/images/00373.png,0,center_crop_0.8,0.8242169475895382
data/fixtures/dummy/images/00373.png,0,composed_blur1.0+jpeg70,0.2617389367651928
data/fixtures/dummy/images/00373.png,0,composed_resize0.5+jpeg50,0.0036724384685505873
data/fixtures/dummy/images/00373.png,0,composed_jitter0.2+jpeg30,0.8067703972122937
data/fixtures/dummy/images/00373.png,0,composed_resize0.25+blur0.5+jpeg30,0.9247680726408031
data/fixtures/dummy/images/00374.png,1,clean,0.2126416228406992
data/fixtures/dummy/images/00374.png,1,jpeg_90,0.0334633286393522
data/fixtures/dummy/images/00374.png,1,jpeg_70,0.4687020720119083
data/fixtures/dummy/images/00374.png,1,jpeg_50,0.308061456290073
data/fixtures/dummy/images/00374.png,1,jpeg_30,0.6876341470022406
data/fixtures/dummy/images/00374.png,1,blur_0.5,0.05266815674994274
data/fixtures/dummy/images/00374.png,1,blur_1.0,0.22761016467591977
data/fixtures/dummy/images/00374.png,1,blur_2.0,0.2472125558361864
data/fixtures/dummy/images/00374.png,1,resize_0.5,0.8910516214381763
data/fixtures/dummy/images/00374.png,1,resize_0.25,0.9990108883326975
data/fixtures/dummy/images/00374.png,1,noise_0.02,0.4702929991972511
data/fixtures/dummy/images/00374.png,1,noise_0.05,0.8480197477623679
data/fixtures/dummy/images/00374.png,1,noise_0.1,0.33656890567546305
data/fixtures/dummy/images/00374.png,1,jitter_0.2,0.2218151700947092
data/fixtures/dummy/images/00374.png,1,center_crop_0.8,0.3154959209017406
data/fixtures/dummy/images/00374.png,1,composed_blur1.0+jpeg70,0.9244615103959961
data/fixtures/dummy/images/00374.png,1,composed_resize0.5+jpeg50,0.6522980452512305
data/fixtures/dummy/images/00374.png,1,composed_jitter0.2+jpeg30,0.2667382174150529
data/fixtures/dummy/images/00374.png,1,composed_resize0.25+blur0.5+jpeg30,0.7042719426136892
data/fixtures/dummy/images/00375.png,1,clean,0.03426151078802697
data/fixtures/dummy/images/00375.png,1,jpeg_90,0.34750850743636497
data/fixtures/dummy/images/00375.png,1,jpeg_70,0.8985022877349745
data/fixtures/dummy/images/00375.png,1,jpeg_50,0.939445397256486
data/fixtures/dummy/images/00375.png,1,jpeg_30,0.582823621219738
data/fixtures/dummy/images/00375.png,1,blur_0.5,0.2289672009781034
data/fixtures/dummy/images/00375.png,1,blur_1.0,0.546823104724451
data/fixtures/dummy/images/00375.png,1,blur_2.0,0.07722761177523907
data/fixtures/dummy/images/00375.png,1,resize_0.5,0.9545536465327163
data/fixtures/dummy/images/00375.png,1,resize_0.25,0.6303257969194928
data/fixtures/dummy/images/00375.png,1,noise_0.02,0.9955855277910766
data/fixtures/dummy/images/00375.png,1,noise_0.05,0.06685766076381072
data/fixtures/dummy/images/00375.png,1,noise_0.1,0.36116352703993215
data/fixtures/dummy/images/00375.png,1,jitter_0.2,0.2815103917366655
data/fixtures/dummy/images/00375.png,1,center_crop_0.8,0.2876614763667481
data/fixtures/dummy/images/00375.png,1,composed_blur1.0+jpeg70,0.22796311302796501
data/fixtures/dummy/images/00375.png,1,composed_resize0.5+jpeg50,0.9986720946106625
data/fixtures/dummy/images/00375.png,1,composed_jitter0.2+jpeg30,0.3777097332747932
data/fixtures/dummy/images/00375.png,1,composed_resize0.25+blur0.5+jpeg30,0.40623104815197375
data/fixtures/dummy/images/00376.png,1,clean,0.7268601732271502
data/fixtures/dummy/images/00376.png,1,jpeg_90,0.14066515717541583
data/fixtures/dummy/images/00376.png,1,jpeg_70,0.8050873366767435
data/fixtures/dummy/images/00376.png,1,jpeg_50,0.5200624850568601
data/fixtures/dummy/images/00376.png,1,jpeg_30,0.4600829747386771
data/fixtures/dummy/images/00376.png,1,blur_0.5,0.9645173240320897
data/fixtures/dummy/images/00376.png,1,blur_1.0,0.8007227595479007
data/fixtures/dummy/images/00376.png,1,blur_2.0,0.48579609179679695
data/fixtures/dummy/images/00376.png,1,resize_0.5,0.7744416380853514
data/fixtures/dummy/images/00376.png,1,resize_0.25,0.5041835093067852
data/fixtures/dummy/images/00376.png,1,noise_0.02,0.8754670266196305
data/fixtures/dummy/images/00376.png,1,noise_0.05,0.19246354926593945
data/fixtures/dummy/images/00376.png,1,noise_0.1,0.24234554284545318
data/fixtures/dummy/images/00376.png,1,jitter_0.2,0.9027226053195916
data/fixtures/dummy/images/00376.png,1,center_crop_0.8,0.7399926986137982
data/fixtures/dummy/images/00376.png,1,composed_blur1.0+jpeg70,0.3815182337112034
data/fixtures/dummy/images/00376.png,1,composed_resize0.5+jpeg50,0.6188217282374847
data/fixtures/dummy/images/00376.png,1,composed_jitter0.2+jpeg30,0.19563353292254249
data/fixtures/dummy/images/00376.png,1,composed_resize0.25+blur0.5+jpeg30,0.5094205021606262
data/fixtures/dummy/images/00377.png,0,clean,0.5918736991538338
data/fixtures/dummy/images/00377.png,0,jpeg_90,0.841828161787422
data/fixtures/dummy/images/00377.png,0,jpeg_70,0.07877518759668989
data/fixtures/dummy/images/00377.png,0,jpeg_50,0.2457325681753595
data/fixtures/dummy/images/00377.png,0,jpeg_30,0.8724104550819309
data/fixtures/dummy/images/00377.png,0,blur_0.5,0.16958180406175716
data/fixtures/dummy/images/00377.png,0,blur_1.0,0.8917820110467649
data/fixtures/dummy/images/00377.png,0,blur_2.0,0.3150884529806848
data/fixtures/dummy/images/00377.png,0,resize_0.5,0.15605332788510773
data/fixtures/dummy/images/00377.png,0,resize_0.25,0.782513758208646
data/fixtures/dummy/images/00377.png,0,noise_0.02,0.07572271517061913
data/fixtures/dummy/images/00377.png,0,noise_0.05,0.24900649206851033
data/fixtures/dummy/images/00377.png,0,noise_0.1,0.6339657000520408
data/fixtures/dummy/images/00377.png,0,jitter_0.2,0.10877534913394848
data/fixtures/dummy/images/00377.png,0,center_crop_0.8,0.888568502373873
data/fixtures/dummy/images/00377.png,0,composed_blur1.0+jpeg70,0.6735490412859746
data/fixtures/dummy/images/00377.png,0,composed_resize0.5+jpeg50,0.7115720410557902
data/fixtures/dummy/images/00377.png,0,composed_jitter0.2+jpeg30,0.5434919856025334
data/fixtures/dummy/images/00377.png,0,composed_resize0.25+blur0.5+jpeg30,0.1332403980797402
data/fixtures/dummy/images/00378.png,1,clean,0.6657639932417215
data/fixtures/dummy/images/00378.png,1,jpeg_90,0.1614822019811989
data/fixtures/dummy/images/00378.png,1,jpeg_70,0.3909242364893083
data/fixtures/dummy/images/00378.png,1,jpeg_50,0.9880004191926204
data/fixtures/dummy/images/00378.png,1,jpeg_30,0.8064202370631643
data/fixtures/dummy/images/00378.png,1,blur_0.5,0.4144684578198129
data/fixtures/dummy/images/00378.png,1,blur_1.0,0.5516669915346463
data/fixtures/dummy/images/00378.png,1,blur_2.0,0.1819688209459055
data/fixtures/dummy/images/00378.png,1,resize_0.5,0.8552392922486016
data/fixtures/dummy/images/00378.png,1,resize_0.25,0.8850195154262189
data/fixtures/dummy/images/00378.png,1,noise_0.02,0.43637339281325493
data/fixtures/dummy/images/00378.png,1,noise_0.05,0.6884131116166028
data/fixtures/dummy/images/00378.png,1,noise_0.1,0.6470053152733158
data/fixtures/dummy/images/00378.png,1,jitter_0.2,0.8593451760157068
data/fixtures/dummy/images/00378.png,1,center_crop_0.8,0.12435547713400452
data/fixtures/dummy/images/00378.png,1,composed_blur1.0+jpeg70,0.39478380458884854
data/fixtures/dummy/images/00378.png,1,composed_resize0.5+jpeg50,0.38944316004570867
data/fixtures/dummy/images/00378.png,1,composed_jitter0.2+jpeg30,0.9241618189632149
data/fixtures/dummy/images/00378.png,1,composed_resize0.25+blur0.5+jpeg30,0.5679251437560408
data/fixtures/dummy/images/00379.png,1,clean,0.8414752586008716
data/fixtures/dummy/images/00379.png,1,jpeg_90,0.056957507087420534
data/fixtures/dummy/images/00379.png,1,jpeg_70,0.19916813803540445
data/fixtures/dummy/images/00379.png,1,jpeg_50,0.07790083885352861
data/fixtures/dummy/images/00379.png,1,jpeg_30,0.056196141910947905
data/fixtures/dummy/images/00379.png,1,blur_0.5,0.7883769675203548
data/fixtures/dummy/images/00379.png,1,blur_1.0,0.3367798558327245
data/fixtures/dummy/images/00379.png,1,blur_2.0,0.7424423369591965
data/fixtures/dummy/images/00379.png,1,resize_0.5,0.34364753942259163
data/fixtures/dummy/images/00379.png,1,resize_0.25,0.6438681052930365
data/fixtures/dummy/images/00379.png,1,noise_0.02,0.5748473243682457
data/fixtures/dummy/images/00379.png,1,noise_0.05,0.453295639073481
data/fixtures/dummy/images/00379.png,1,noise_0.1,0.6125988152461379
data/fixtures/dummy/images/00379.png,1,jitter_0.2,0.7119339658044815
data/fixtures/dummy/images/00379.png,1,center_crop_0.8,0.4146327428857619
data/fixtures/dummy/images/00379.png,1,composed_blur1.0+jpeg70,0.7030817771082953
data/fixtures/dummy/images/00379.png,1,composed_resize0.5+jpeg50,0.2495691925769099
data/fixtures/dummy/images/00379.png,1,composed_jitter0.2+jpeg30,0.4739394730358064
data/fixtures/dummy/images/00379.png,1,composed_resize0.25+blur0.5+jpeg30,0.11363058630628198
data/fixtures/dummy/images/00380.jpg,0,clean,0.35072808521241117
data/fixtures/dummy/images/00380.jpg,0,jpeg_90,0.8953890999333857
data/fixtures/dummy/images/00380.jpg,0,jpeg_70,0.019175032232213396
data/fixtures/dummy/images/00380.jpg,0,jpeg_50,0.4609022208927719
data/fixtures/dummy/images/00380.jpg,0,jpeg_30,0.40294859128300187
data/fixtures/dummy/images/00380.jpg,0,blur_0.5,0.7984544741571612
data/fixtures/dummy/images/00380.jpg,0,blur_1.0,0.5790342661289217
data/fixtures/dummy/images/00380.jpg,0,blur_2.0,0.1807974799220533
data/fixtures/dummy/images/00380.jpg,0,resize_0.5,0.7176837466672764
data/fixtures/dummy/images/00380.jpg,0,resize_0.25,0.11349256072870328
data/fixtures/dummy/images/00380.jpg,0,noise_0.02,0.5332641193000609
data/fixtures/dummy/images/00380.jpg,0,noise_0.05,0.7704109651391577
data/fixtures/dummy/images/00380.jpg,0,noise_0.1,0.5407357398667049
data/fixtures/dummy/images/00380.jpg,0,jitter_0.2,0.0496744725698981
data/fixtures/dummy/images/00380.jpg,0,center_crop_0.8,0.2435609686433311
data/fixtures/dummy/images/00380.jpg,0,composed_blur1.0+jpeg70,0.5594279927055025
data/fixtures/dummy/images/00380.jpg,0,composed_resize0.5+jpeg50,0.9310672490254702
data/fixtures/dummy/images/00380.jpg,0,composed_jitter0.2+jpeg30,0.01023546833715927
data/fixtures/dummy/images/00380.jpg,0,composed_resize0.25+blur0.5+jpeg30,0.22197435801428866
data/fixtures/dummy/images/00381.png,1,clean,0.873653835861873
data/fixtures/dummy/images/00381.png,1,jpeg_90,0.5552051196718814
data/fixtures/dummy/images/00381.png,1,jpeg_70,0.9328327023403494
data/fixtures/dummy/images/00381.png,1,jpeg_50,0.9594583712522878
data/fixtures/dummy/images/00381.png,1,jpeg_30,0.9436871842616674
data/fixtures/dummy/images/00381.png,1,blur_0.5,0.41326450629739153
data/fixtures/dummy/images/00381.png,1,blur_1.0,0.06587041844722874
data/fixtures/dummy/images/00381.png,1,blur_2.0,0.9574249882203917
data/fixtures/dummy/images/00381.png,1,resize_0.5,0.6547185650298655
data/fixtures/dummy/images/00381.png,1,resize_0.25,0.6321089443415652
data/fixtures/dummy/images/00381.png,1,noise_0.02,0.5012284505860531
data/fixtures/dummy/images/00381.png,1,noise_0.05,0.9951462884075144
data/fixtures/dummy/images/00381.png,1,noise_0.1,0.8984128544086364
data/fixtures/dummy/images/00381.png,1,jitter_0.2,0.7966264843980486
data/fixtures/dummy/images/00381.png,1,center_crop_0.8,0.15294410574334927
data/fixtures/dummy/images/00381.png,1,composed_blur1.0+jpeg70,0.763096578692389
data/fixtures/dummy/images/00381.png,1,composed_resize0.5+jpeg50,0.5095403154798994
data/fixtures/dummy/images/00381.png,1,composed_jitter0.2+jpeg30,0.19856766581911367
data/fixtures/dummy/images/00381.png,1,composed_resize0.25+blur0.5+jpeg30,0.5813852497289652
data/fixtures/dummy/images/00382.png,0,clean,0.6038823175938187
data/fixtures/dummy/images/00382.png,0,jpeg_90,0.8766511369536191
data/fixtures/dummy/images/00382.png,0,jpeg_70,0.2823809442121621
data/fixtures/dummy/images/00382.png,0,jpeg_50,0.001268929587262213
data/fixtures/dummy/images/00382.png,0,jpeg_30,0.05298357516886787
data/fixtures/dummy/images/00382.png,0,blur_0.5,0.1509022938372655
data/fixtures/dummy/images/00382.png,0,blur_1.0,0.49170456533514273
data/fixtures/dummy/images/00382.png,0,blur_2.0,0.9687087224888163
data/fixtures/dummy/images/00382.png,0,resize_0.5,0.601835240090455
data/fixtures/dummy/images/00382.png,0,resize_0.25,0.7098081896887224
data/fixtures/dummy/images/00382.png,0,noise_0.02,0.5031007527139695
data/fixtures/dummy/images/00382.png,0,noise_0.05,0.059900188755136585
data/fixtures/dummy/images/00382.png,0,noise_0.1,0.5530635077214144
data/fixtures/dummy/images/00382.png,0,jitter_0.2,0.5473075326388892
data/fixtures/dummy/images/00382.png,0,center_crop_0.8,0.26697895815158745
data/fixtures/dummy/images/00382.png,0,composed_blur1.0+jpeg70,0.20256025609193196
data/fixtures/dummy/images/00382.png,0,composed_resize0.5+jpeg50,0.19178292196694036
data/fixtures/dummy/images/00382.png,0,composed_jitter0.2+jpeg30,0.32149067769574347
data/fixtures/dummy/images/00382.png,0,composed_resize0.25+blur0.5+jpeg30,0.9408684008203266
data/fixtures/dummy/images/00383.png,0,clean,0.9212512380469954
data/fixtures/dummy/images/00383.png,0,jpeg_90,0.949461832046562
data/fixtures/dummy/images/00383.png,0,jpeg_70,0.8351364076159316
data/fixtures/dummy/images/00383.png,0,jpeg_50,0.8361910021305425
data/fixtures/dummy/images/00383.png,0,jpeg_30,0.6552162714785623
data/fixtures/dummy/images/00383.png,0,blur_0.5,0.9008337275570993
data/fixtures/dummy/images/00383.png,0,blur_1.0,0.010232071225473205
data/fixtures/dummy/images/00383.png,0,blur_2.0,0.5547630994888089
data/fixtures/dummy/images/00383.png,0,resize_0.5,0.9047289757816164
data/fixtures/dummy/images/00383.png,0,resize_0.25,0.47684144678895957
data/fixtures/dummy/images/00383.png,0,noise_0.02,0.43715748816822153
data/fixtures/dummy/images/00383.png,0,noise_0.05,0.796277987550846
data/fixtures/dummy/images/00383.png,0,noise_0.1,0.9702306437680863
data/fixtures/dummy/images/00383.png,0,jitter_0.2,0.2804237266273152
data/fixtures/dummy/images/00383.png,0,center_crop_0.8,0.9244165039284262
data/fixtures/dummy/images/00383.png,0,composed_blur1.0+jpeg70,0.6124213915778683
data/fixtures/dummy/images/00383.png,0,composed_resize0.5+jpeg50,0.16604383596651862
data/fixtures/dummy/images/00383.png,0,composed_jitter0.2+jpeg30,0.36469938014924264
data/fixtures/dummy/images/00383.png,0,composed_resize0.25+blur0.5+jpeg30,0.33642172399446757
data/fixtures/dummy/images/00384.png,0,clean,0.7307933945509653
data/fixtures/dummy/images/00384.png,0,jpeg_90,0.7532122474869352
data/fixtures/dummy/images/00384.png,0,jpeg_70,0.4924448900096764
data/fixtures/dummy/images/00384.png,0,jpeg_50,0.8951758050583467
data/fixtures/dummy/images/00384.png,0,jpeg_30,0.329847941226981
data/fixtures/dummy/images/00384.png,0,blur_0.5,0.9769849362483245
data/fixtures/dummy/images/00384.png,0,blur_1.0,0.5328028540947352
data/fixtures/dummy/images/00384.png,0,blur_2.0,0.784875210985138
data/fixtures/dummy/images/00384.png,0,resize_0.5,0.7635824094097442
data/fixtures/dummy/images/00384.png,0,resize_0.25,0.3957168307881954
data/fixtures/dummy/images/00384.png,0,noise_0.02,0.797266549302306
data/fixtures/dummy/images/00384.png,0,noise_0.05,0.8634393330881676
data/fixtures/dummy/images/00384.png,0,noise_0.1,0.953221582071148
data/fixtures/dummy/images/00384.png,0,jitter_0.2,0.1234714631315158
data/fixtures/dummy/images/00384.png,0,center_crop_0.8,0.9866389792410596
data/fixtures/dummy/images/00384.png,0,composed_blur1.0+jpeg70,0.6699104714517305
data/fixtures/dummy/images/00384.png,0,composed_resize0.5+jpeg50,0.6091321530293327
data/fixtures/dummy/images/00384.png,0,composed_jitter0.2+jpeg30,0.5205216397424508
data/fixtures/dummy/images/00384.png,0,composed_resize0.25+blur0.5+jpeg30,0.1986733067255817
data/fixtures/dummy/images/00385.png,1,clean,0.27437617853995966
data/fixtures/dummy/images/00385.png,1,jpeg_90,0.04167700547925435
data/fixtures/dummy/images/00385.png,1,jpeg_70,0.6848901444700074
data/fixtures/dummy/images/00385.png,1,jpeg_50,0.1913642540584093
data/fixtures/dummy/images/00385.png,1,jpeg_30,0.6951506024540529
data/fixtures/dummy/images/00385.png,1,blur_0.5,0.743330004254176
data/fixtures/dummy/images/00385.png,1,blur_1.0,0.6360618411741692
data/fixtures/dummy/images/00385.png,1,blur_2.0,0.46609766578722356
data/fixtures/dummy/images/00385.png,1,resize_0.5,0.8883686022841263
data/fixtures/dummy/images/00385.png,1,resize_0.25,0.4777288396323849
data/fixtures/dummy/images/00385.png,1,noise_0.02,0.09041351552316779
data/fixtures/dummy/images/00385.png,1,noise_0.05,0.3751925285998208
data/fixtures/dummy/images/00385.png,1,noise_0.1,0.8981189325760274
data/fixtures/dummy/images/00385.png,1,jitter_0.2,0.8922317457438005
data/fixtures/dummy/images/00385.png,1,center_crop_0.8,0.7340921927993131
data/fixtures/dummy/images/00385.png,1,composed_blur1.0+jpeg70,0.9875803977044794
data/fixtures/dummy/images/00385.png,1,composed_resize0.5+jpeg50,0.39012864536317704
data/fixtures/dummy/images/00385.png,1,composed_jitter0.2+jpeg30,0.9260184709780843
data/fixtures/dummy/images/00385.png,1,composed_resize0.25+blur0.5+jpeg30,0.2234289207001745
data/fixtures/dummy/images/00386.png,1,clean,0.8335112559062062
data/fixtures/dummy/images/00386.png,1,jpeg_90,0.22744419691319995
data/fixtures/dummy/images/00386.png,1,jpeg_70,0.33632474863326856
data/fixtures/dummy/images/00386.png,1,jpeg_50,0.80525645923307
data/fixtures/dummy/images/00386.png,1,jpeg_30,0.9779054653361436
data/fixtures/dummy/images/00386.png,1,blur_0.5,0.5308954258380323
data/fixtures/dummy/images/00386.png,1,blur_1.0,0.06325034311053024
data/fixtures/dummy/images/00386.png,1,blur_2.0,0.1540363823696499
data/fixtures/dummy/images/00386.png,1,resize_0.5,0.21834972909931827
data/fixtures/dummy/images/00386.png,1,resize_0.25,0.3819430941730122
data/fixtures/dummy/images/00386.png,1,noise_0.02,0.3000522979433732
data/fixtures/dummy/images/00386.png,1,noise_0.05,0.14613483161182583
data/fixtures/dummy/images/00386.png,1,noise_0.1,0.9900378007013177
data/fixtures/dummy/images/00386.png,1,jitter_0.2,0.43716458396987934
data/fixtures/dummy/images/00386.png,1,center_crop_0.8,0.6338287719590491
data/fixtures/dummy/images/00386.png,1,composed_blur1.0+jpeg70,0.6044169816241397
data/fixtures/dummy/images/00386.png,1,composed_resize0.5+jpeg50,0.15331410129130885
data/fixtures/dummy/images/00386.png,1,composed_jitter0.2+jpeg30,0.10554162790604316
data/fixtures/dummy/images/00386.png,1,composed_resize0.25+blur0.5+jpeg30,0.3166003508927898
data/fixtures/dummy/images/00387.png,0,clean,0.7191606800010604
data/fixtures/dummy/images/00387.png,0,jpeg_90,0.683027521479713
data/fixtures/dummy/images/00387.png,0,jpeg_70,0.9604009999823401
data/fixtures/dummy/images/00387.png,0,jpeg_50,0.29902969249688616
data/fixtures/dummy/images/00387.png,0,jpeg_30,0.8607340082301062
data/fixtures/dummy/images/00387.png,0,blur_0.5,0.9671000879263079
data/fixtures/dummy/images/00387.png,0,blur_1.0,0.44377812836490227
data/fixtures/dummy/images/00387.png,0,blur_2.0,0.45006995356126067
data/fixtures/dummy/images/00387.png,0,resize_0.5,0.6380978014223764
data/fixtures/dummy/images/00387.png,0,resize_0.25,0.6424834323075443
data/fixtures/dummy/images/00387.png,0,noise_0.02,0.2890894720699154
data/fixtures/dummy/images/00387.png,0,noise_0.05,0.6199992958386984
data/fixtures/dummy/images/00387.png,0,noise_0.1,0.07097099696885056
data/fixtures/dummy/images/00387.png,0,jitter_0.2,0.01897855854029995
data/fixtures/dummy/images/00387.png,0,center_crop_0.8,0.39299211893415886
data/fixtures/dummy/images/00387.png,0,composed_blur1.0+jpeg70,0.002384650569530522
data/fixtures/dummy/images/00387.png,0,composed_resize0.5+jpeg50,0.8828466307302973
data/fixtures/dummy/images/00387.png,0,composed_jitter0.2+jpeg30,0.03414711857346375
data/fixtures/dummy/images/00387.png,0,composed_resize0.25+blur0.5+jpeg30,0.02248716605429335
data/fixtures/dummy/images/00388.png,1,clean,0.29108437621358574
data/fixtures/dummy/images/00388.png,1,jpeg_90,0.8139390839320205
data/fixtures/dummy/images/00388.png,1,jpeg_70,0.778622534670256
data/fixtures/dummy/images/00388.png,1,jpeg_50,0.39310160810163386
data/fixtures/dummy/images/00388.png,1,jpeg_30,0.5463073970388432
data/fixtures/dummy/images/00388.png,1,blur_0.5,0.6410981526768316
data/fixtures/dummy/images/00388.png,1,blur_1.0,0.4287323187650104
data/fixtures/dummy/images/00388.png,1,blur_2.0,0.9996701881842303
data/fixtures/dummy/images/00388.png,1,resize_0.5,0.5243094939752734
data/fixtures/dummy/images/00388.png,1,resize_0.25,0.49812736418848014
data/fixtures/dummy/images/00388.png,1,noise_0.02,0.5400764436067684
data/fixtures/dummy/images/00388.png,1,noise_0.05,0.5943213930508914
data/fixtures/dummy/images/00388.png,1,noise_0.1,0.70508101036401
data/fixtures/dummy/images/00388.png,1,jitter_0.2,0.5087859834828541
data/fixtures/dummy/images/00388.png,1,center_crop_0.8,0.3626379720127556
data/fixtures/dummy/images/00388.png,1,composed_blur1.0+jpeg70,0.6685613634585087
data/fixtures/dummy/images/00388.png,1,composed_resize0.5+jpeg50,0.7396416867177905
data/fixtures/dummy/images/00388.png,1,composed_jitter0.2+jpeg30,0.9772303813493206
data/fixtures/dummy/images/00388.png,1,composed_resize0.25+blur0.5+jpeg30,0.35084114713779146
data/fixtures/dummy/images/00389.png,0,clean,0.9182985308279533
data/fixtures/dummy/images/00389.png,0,jpeg_90,0.7857561799514337
data/fixtures/dummy/images/00389.png,0,jpeg_70,0.1459274119305468
data/fixtures/dummy/images/00389.png,0,jpeg_50,0.9735335291675682
data/fixtures/dummy/images/00389.png,0,jpeg_30,0.36752756405631504
data/fixtures/dummy/images/00389.png,0,blur_0.5,0.12312171901450286
data/fixtures/dummy/images/00389.png,0,blur_1.0,0.9044699711888752
data/fixtures/dummy/images/00389.png,0,blur_2.0,0.6898816394870689
data/fixtures/dummy/images/00389.png,0,resize_0.5,0.8388664465158592
data/fixtures/dummy/images/00389.png,0,resize_0.25,0.618534135898378
data/fixtures/dummy/images/00389.png,0,noise_0.02,0.7209447555569741
data/fixtures/dummy/images/00389.png,0,noise_0.05,0.9548550995949876
data/fixtures/dummy/images/00389.png,0,noise_0.1,0.21012938483825339
data/fixtures/dummy/images/00389.png,0,jitter_0.2,0.5203122464470419
data/fixtures/dummy/images/00389.png,0,center_crop_0.8,0.9921381068362866
data/fixtures/dummy/images/00389.png,0,composed_blur1.0+jpeg70,0.9024087162907467
data/fixtures/dummy/images/00389.png,0,composed_resize0.5+jpeg50,0.7556687384040053
data/fixtures/dummy/images/00389.png,0,composed_jitter0.2+jpeg30,0.384171099785377
data/fixtures/dummy/images/00389.png,0,composed_resize0.25+blur0.5+jpeg30,0.6091595230185158
data/fixtures/dummy/images/00390.png,1,clean,0.0975594517773073
data/fixtures/dummy/images/00390.png,1,jpeg_90,0.6395652232048538
data/fixtures/dummy/images/00390.png,1,jpeg_70,0.7044315236561388
data/fixtures/dummy/images/00390.png,1,jpeg_50,0.7237305036327375
data/fixtures/dummy/images/00390.png,1,jpeg_30,0.2756954399340713
data/fixtures/dummy/images/00390.png,1,blur_0.5,0.19463465855658868
data/fixtures/dummy/images/00390.png,1,blur_1.0,0.5303914004676461
data/fixtures/dummy/images/00390.png,1,blur_2.0,0.7662321832628805
data/fixtures/dummy/images/00390.png,1,resize_0.5,0.2856069295413812
data/fixtures/dummy/images/00390.png,1,resize_0.25,0.20550448666528243
data/fixtures/dummy/images/00390.png,1,noise_0.02,0.9872706778567671
data/fixtures/dummy/images/00390.png,1,noise_0.05,0.8599198052643665
data/fixtures/dummy/images/00390.png,1,noise_0.1,0.2697347362802116
data/fixtures/dummy/images/00390.png,1,jitter_0.2,0.048181404279621365
data/fixtures/dummy/images/00390.png,1,center_crop_0.8,0.4811133988766324
data/fixtures/dummy/images/00390.png,1,composed_blur1.0+jpeg70,0.6889906914229604
data/fixtures/dummy/images/00390.png,1,composed_resize0.5+jpeg50,0.5822959388268317
data/fixtures/dummy/images/00390.png,1,composed_jitter0.2+jpeg30,0.903243910528511
data/fixtures/dummy/images/00390.png,1,composed_resize0.25+blur0.5+jpeg30,0.7154436648158466
data/fixtures/dummy/images/00391.png,0,clean,0.6559108417878715
data/fixtures/dummy/images/00391.png,0,jpeg_90,0.4811197282719334
data/fixtures/dummy/images/00391.png,0,jpeg_70,0.8264783328977173
data/fixtures/dummy/images/00391.png,0,jpeg_50,0.5472587933741674
data/fixtures/dummy/images/00391.png,0,jpeg_30,0.9642119062271691
data/fixtures/dummy/images/00391.png,0,blur_0.5,0.21204089410494775
data/fixtures/dummy/images/00391.png,0,blur_1.0,0.9153295457471693
data/fixtures/dummy/images/00391.png,0,blur_2.0,0.3856002655463604
data/fixtures/dummy/images/00391.png,0,resize_0.5,0.25384178910748245
data/fixtures/dummy/images/00391.png,0,resize_0.25,0.46702527856671205
data/fixtures/dummy/images/00391.png,0,noise_0.02,0.7300492602735308
data/fixtures/dummy/images/00391.png,0,noise_0.05,0.7275791144894148
data/fixtures/dummy/images/00391.png,0,noise_0.1,0.5980922475206324
data/fixtures/dummy/images/00391.png,0,jitter_0.2,0.7444175063148403
data/fixtures/dummy/images/00391.png,0,center_crop_0.8,0.3086228663058066
data/fixtures/dummy/images/00391.png,0,composed_blur1.0+jpeg70,0.7606987686627995
data/fixtures/dummy/images/00391.png,0,composed_resize0.5+jpeg50,0.3092783924653867
data/fixtures/dummy/images/00391.png,0,composed_jitter0.2+jpeg30,0.019681727971902707
data/fixtures/dummy/images/00391.png,0,composed_resize0.25+blur0.5+jpeg30,0.42735060809931635
data/fixtures/dummy/images/00392.png,1,clean,0.37588371048633107
data/fixtures/dummy/images/00392.png,1,jpeg_90,0.20666178787693212
data/fixtures/dummy/images/00392.png,1,jpeg_70,0.43720043386623275
data/fixtures/dummy/images/00392.png,1,jpeg_50,0.6416305764622826
data/fixtures/dummy/images/00392.png,1,jpeg_30,0.2247229087539936
data/fixtures/dummy/images/00392.png,1,blur_0.5,0.528567595663856
data/fixtures/dummy/images/00392.png,1,blur_1.0,0.4376803509672259
data/fixtures/dummy/images/00392.png,1,blur_2.0,0.4201579361313095
data/fixtures/dummy/images/00392.png,1,resize_0.5,0.6611689964193175
data/fixtures/dummy/images/00392.png,1,resize_0.25,0.5962719189170749
data/fixtures/dummy/images/00392.png,1,noise_0.02,0.19631824012592503
data/fixtures/dummy/images/00392.png,1,noise_0.05,0.653879418965764
data/fixtures/dummy/images/00392.png,1,noise_0.1,0.23203673710189332
data/fixtures/dummy/images/00392.png,1,jitter_0.2,0.0017288925095273466
data/fixtures/dummy/images/00392.png,1,center_crop_0.8,0.7541130365896653
data/fixtures/dummy/images/00392.png,1,composed_blur1.0+jpeg70,0.08860612502562892
data/fixtures/dummy/images/00392.png,1,composed_resize0.5+jpeg50,0.30750350225457934
data/fixtures/dummy/images/00392.png,1,composed_jitter0.2+jpeg30,0.6006763674391279
data/fixtures/dummy/images/00392.png,1,composed_resize0.25+blur0.5+jpeg30,0.9807268818070155
data/fixtures/dummy/images/00393.png,0,clean,0.9908292706976705
data/fixtures/dummy/images/00393.png,0,jpeg_90,0.006786332128023931
data/fixtures/dummy/images/00393.png,0,jpeg_70,0.17289259036537308
data/fixtures/dummy/images/00393.png,0,jpeg_50,0.35681855232499093
data/fixtures/dummy/images/00393.png,0,jpeg_30,0.00014121700731062337
data/fixtures/dummy/images/00393.png,0,blur_0.5,0.9636845192668598
data/fixtures/dummy/images/00393.png,0,blur_1.0,0.969820893295333
data/fixtures/dummy/images/00393.png,0,blur_2.0,0.14818264126289993
data/fixtures/dummy/images/00393.png,0,resize_0.5,0.2461216011217987
data/fixtures/dummy/images/00393.png,0,resize_0.25,0.7047210240360919
data/fixtures/dummy/images/00393.png,0,noise_0.02,0.8908253058230785
data/fixtures/dummy/images/00393.png,0,noise_0.05,0.7379889768860898
data/fixtures/dummy/images/00393.png,0,noise_0.1,0.823025672828794
data/fixtures/dummy/images/00393.png,0,jitter_0.2,0.6864483284809405
data/fixtures/dummy/images/00393.png,0,center_crop_0.8,0.9402890632293138
data/fixtures/dummy/images/00393.png,0,composed_blur1.0+jpeg70,0.3038514166863796
data/fixtures/dummy/images/00393.png,0,composed_resize0.5+jpeg50,0.9414883390343787
data/fixtures/dummy/images/00393.png,0,composed_jitter0.2+jpeg30,0.10334510925250939
data/fixtures/dummy/images/00393.png,0,composed_resize0.25+blur0.5+jpeg30,0.05963731375654635
data/fixtures/dummy/images/00394.png,0,clean,0.029045773535023023
data/fixtures/dummy/images/00394.png,0,jpeg_90,0.6003074602877831
data/fixtures/dummy/images/00394.png,0,jpeg_70,0.4741674894148309
data/fixtures/dummy/images/00394.png,0,jpeg_50,0.0920497899389342
data/fixtures/dummy/images/00394.png,0,jpeg_30,0.46335286914646534
data/fixtures/dummy/images/00394.png,0,blur_0.5,0.6825470935362741
data/fixtures/dummy/images/00394.png,0,blur_1.0,0.7755423142885124
data/fixtures/dummy/images/00394.png,0,blur_2.0,0.7050873347662094
data/fixtures/dummy/images/00394.png,0,resize_0.5,0.4501760665603892
data/fixtures/dummy/images/00394.png,0,resize_0.25,0.13455524063774404
data/fixtures/dummy/images/00394.png,0,noise_0.02,0.09995334233323816
data/fixtures/dummy/images/00394.png,0,noise_0.05,0.7440698664268263
data/fixtures/dummy/images/00394.png,0,noise_0.1,0.46252674062852217
data/fixtures/dummy/images/00394.png,0,jitter_0.2,0.8967071966574578
data/fixtures/dummy/images/00394.png,0,center_crop_0.8,0.5004158712140091
data/fixtures/dummy/images/00394.png,0,composed_blur1.0+jpeg70,0.5787221528535313
data/fixtures/dummy/images/00394.png,0,composed_resize0.5+jpeg50,0.9635385075794236
data/fixtures/dummy/images/00394.png,0,composed_jitter0.2+jpeg30,0.11391963194414012
data/fixtures/dummy/images/00394.png,0,composed_resize0.25+blur0.5+jpeg30,0.42628186797904255
data/fixtures/dummy/images/00395.png,1,clean,0.8099984828423976
data/fixtures/dummy/images/00395.png,1,jpeg_90,0.1110097306450668
data/fixtures/dummy/images/00395.png,1,jpeg_70,0.9163753814963084
data/fixtures/dummy/images/00395.png,1,jpeg_50,0.5603978925680545
data/fixtures/dummy/images/00395.png,1,jpeg_30,0.9178562867500333
data/fixtures/dummy/images/00395.png,1,blur_0.5,0.5195559064550408
data/fixtures/dummy/images/00395.png,1,blur_1.0,0.45917001116917877
data/fixtures/dummy/images/00395.png,1,blur_2.0,0.09368240756399493
data/fixtures/dummy/images/00395.png,1,resize_0.5,0.808762632044961
data/fixtures/dummy/images/00395.png,1,resize_0.25,0.24888106866645687
data/fixtures/dummy/images/00395.png,1,noise_0.02,0.4951870925418701
data/fixtures/dummy/images/00395.png,1,noise_0.05,0.778314553250401
data/fixtures/dummy/images/00395.png,1,noise_0.1,0.0059337323691439625
data/fixtures/dummy/images/00395.png,1,jitter_0.2,0.91572845729938
data/fixtures/dummy/images/00395.png,1,center_crop_0.8,0.572605590433642
data/fixtures/dummy/images/00395.png,1,composed_blur1.0+jpeg70,0.694463541542645
data/fixtures/dummy/images/00395.png,1,composed_resize0.5+jpeg50,0.14643932683830363
data/fixtures/dummy/images/00395.png,1,composed_jitter0.2+jpeg30,0.9090389778384821
data/fixtures/dummy/images/00395.png,1,composed_resize0.25+blur0.5+jpeg30,0.14859980078890467
data/fixtures/dummy/images/00396.png,0,clean,0.6524985793036928
data/fixtures/dummy/images/00396.png,0,jpeg_90,0.2644557523892235
data/fixtures/dummy/images/00396.png,0,jpeg_70,0.15211715491021793
data/fixtures/dummy/images/00396.png,0,jpeg_50,0.9655009012132998
data/fixtures/dummy/images/00396.png,0,jpeg_30,0.07057513341104293
data/fixtures/dummy/images/00396.png,0,blur_0.5,0.962067215674909
data/fixtures/dummy/images/00396.png,0,blur_1.0,0.5980653452882378
data/fixtures/dummy/images/00396.png,0,blur_2.0,0.6955702857982738
data/fixtures/dummy/images/00396.png,0,resize_0.5,0.9361209496884519
data/fixtures/dummy/images/00396.png,0,resize_0.25,0.09713931728475445
data/fixtures/dummy/images/00396.png,0,noise_0.02,0.2583897022705244
data/fixtures/dummy/images/00396.png,0,noise_0.05,0.8565634721952032
data/fixtures/dummy/images/00396.png,0,noise_0.1,0.7854825102723529
data/fixtures/dummy/images/00396.png,0,jitter_0.2,0.23708808719210916
data/fixtures/dummy/images/00396.png,0,center_crop_0.8,0.10326151191650401
data/fixtures/dummy/images/00396.png,0,composed_blur1.0+jpeg70,0.5264147614780131
data/fixtures/dummy/images/00396.png,0,composed_resize0.5+jpeg50,0.1827655809445743
data/fixtures/dummy/images/00396.png,0,composed_jitter0.2+jpeg30,0.5002453511607082
data/fixtures/dummy/images/00396.png,0,composed_resize0.25+blur0.5+jpeg30,0.5010434530431455
data/fixtures/dummy/images/00397.png,0,clean,0.045726741827837536
data/fixtures/dummy/images/00397.png,0,jpeg_90,0.7988870280428025
data/fixtures/dummy/images/00397.png,0,jpeg_70,0.517892585345663
data/fixtures/dummy/images/00397.png,0,jpeg_50,0.46472225143383317
data/fixtures/dummy/images/00397.png,0,jpeg_30,0.1756378766938772
data/fixtures/dummy/images/00397.png,0,blur_0.5,0.3649126037762297
data/fixtures/dummy/images/00397.png,0,blur_1.0,0.47988564226091246
data/fixtures/dummy/images/00397.png,0,blur_2.0,0.8994457286508447
data/fixtures/dummy/images/00397.png,0,resize_0.5,0.34855060246096414
data/fixtures/dummy/images/00397.png,0,resize_0.25,0.0999373385583735
data/fixtures/dummy/images/00397.png,0,noise_0.02,0.3141724849230112
data/fixtures/dummy/images/00397.png,0,noise_0.05,0.18707986251551612
data/fixtures/dummy/images/00397.png,0,noise_0.1,0.3878776422723924
data/fixtures/dummy/images/00397.png,0,jitter_0.2,0.7390729528569207
data/fixtures/dummy/images/00397.png,0,center_crop_0.8,0.3167555514161696
data/fixtures/dummy/images/00397.png,0,composed_blur1.0+jpeg70,0.7909113216178354
data/fixtures/dummy/images/00397.png,0,composed_resize0.5+jpeg50,0.5394492973392075
data/fixtures/dummy/images/00397.png,0,composed_jitter0.2+jpeg30,0.7905591033962427
data/fixtures/dummy/images/00397.png,0,composed_resize0.25+blur0.5+jpeg30,0.5740030108887962
data/fixtures/dummy/images/00398.png,1,clean,0.39307891212792745
data/fixtures/dummy/images/00398.png,1,jpeg_90,0.6235618716993867
data/fixtures/dummy/images/00398.png,1,jpeg_70,0.5354689118644128
data/fixtures/dummy/images/00398.png,1,jpeg_50,0.17450304278570095
data/fixtures/dummy/images/00398.png,1,jpeg_30,0.7506659096565081
data/fixtures/dummy/images/00398.png,1,blur_0.5,0.8688466554794619
data/fixtures/dummy/images/00398.png,1,blur_1.0,0.1696950212879479
data/fixtures/dummy/images/00398.png,1,blur_2.0,0.6376500760878798
data/fixtures/dummy/images/00398.png,1,resize_0.5,0.512253472773437
data/fixtures/dummy/images/00398.png,1,resize_0.25,0.7284622254842681
data/fixtures/dummy/images/00398.png,1,noise_0.02,0.3806804320742666
data/fixtures/dummy/images/00398.png,1,noise_0.05,0.6327131327458877
data/fixtures/dummy/images/00398.png,1,noise_0.1,0.5339476787768255
data/fixtures/dummy/images/00398.png,1,jitter_0.2,0.20388570045508825
data/fixtures/dummy/images/00398.png,1,center_crop_0.8,0.8370989326366428
data/fixtures/dummy/images/00398.png,1,composed_blur1.0+jpeg70,0.5391448896070169
data/fixtures/dummy/images/00398.png,1,composed_resize0.5+jpeg50,0.364584526171002
data/fixtures/dummy/images/00398.png,1,composed_jitter0.2+jpeg30,0.35749861492792745
data/fixtures/dummy/images/00398.png,1,composed_resize0.25+blur0.5+jpeg30,0.9480358773799709
data/fixtures/dummy/images/00399.png,0,clean,0.2682009298284226
data/fixtures/dummy/images/00399.png,0,jpeg_90,0.7307316777515932
data/fixtures/dummy/images/00399.png,0,jpeg_70,0.31262905312048317
data/fixtures/dummy/images/00399.png,0,jpeg_50,0.9182283835871289
data/fixtures/dummy/images/00399.png,0,jpeg_30,0.5624633364348696
data/fixtures/dummy/images/00399.png,0,blur_0.5,0.427327843694264
data/fixtures/dummy/images/00399.png,0,blur_1.0,0.36596261036217204
data/fixtures/dummy/images/00399.png,0,blur_2.0,0.9722210252219735
data/fixtures/dummy/images/00399.png,0,resize_0.5,0.7589608860111366
data/fixtures/dummy/images/00399.png,0,resize_0.25,0.15144768658361607
data/fixtures/dummy/images/00399.png,0,noise_0.02,0.6993508856181392
data/fixtures/dummy/images/00399.png,0,noise_0.05,0.9387455992042171
data/fixtures/dummy/images/00399.png,0,noise_0.1,0.736431104768672
data/fixtures/dummy/images/00399.png,0,jitter_0.2,0.45408335956726464
data/fixtures/dummy/images/00399.png,0,center_crop_0.8,0.2558662313901009
data/fixtures/dummy/images/00399.png,0,composed_blur1.0+jpeg70,0.08701656134414026
data/fixtures/dummy/images/00399.png,0,composed_resize0.5+jpeg50,0.46051490431305464
data/fixtures/dummy/images/00399.png,0,composed_jitter0.2+jpeg30,0.14161046798575794
data/fixtures/dummy/images/00399.png,0,composed_resize0.25+blur0.5+jpeg30,0.4146944110154568
