image_path,label,cell,score
data/corpus_smoke/images/Megalith-Flickr/04/04a3ccf44869ae2e3e184e706b960a095b8557871ed437e96c4e6c96a1437051.jpg,0,clean,0.2742721438407898
data/corpus_smoke/images/Megalith-Flickr/04/04a3ccf44869ae2e3e184e706b960a095b8557871ed437e96c4e6c96a1437051.jpg,0,jpeg_90,0.2773107588291168
data/corpus_smoke/images/Megalith-Flickr/04/04a3ccf44869ae2e3e184e706b960a095b8557871ed437e96c4e6c96a1437051.jpg,0,jpeg_70,0.28142160177230835
data/corpus_smoke/images/Megalith-Flickr/04/04a3ccf44869ae2e3e184e706b960a095b8557871ed437e96c4e6c96a1437051.jpg,0,jpeg_50,0.2847945988178253
data/corpus_smoke/images/Megalith-Flickr/04/04a3ccf44869ae2e3e184e706b960a095b8557871ed437e96c4e6c96a1437051.jpg,0,jpeg_30,0.2792905867099762
data/corpus_smoke/images/Megalith-Flickr/04/04a3ccf44869ae2e3e184e706b960a095b8557871ed437e96c4e6c96a1437051.jpg,0,blur_0.5,0.28624168038368225
data/corpus_smoke/images/Megalith-Flickr/04/04a3ccf44869ae2e3e184e706b960a095b8557871ed437e96c4e6c96a1437051.jpg,0,blur_1.0,0.30799779295921326
data/corpus_smoke/images/Megalith-Flickr/04/04a3ccf44869ae2e3e184e706b960a095b8557871ed437e96c4e6c96a1437051.jpg,0,blur_2.0,0.3401153087615967
data/corpus_smoke/images/Megalith-Flickr/04/04a3ccf44869ae2e3e184e706b960a095b8557871ed437e96c4e6c96a1437051.jpg,0,resize_0.5,0.29499027132987976
data/corpus_smoke/images/Megalith-Flickr/04/04a3ccf44869ae2e3e184e706b960a095b8557871ed437e96c4e6c96a1437051.jpg,0,resize_0.25,0.33041131496429443
data/corpus_smoke/images/Megalith-Flickr/04/04a3ccf44869ae2e3e184e706b960a095b8557871ed437e96c4e6c96a1437051.jpg,0,noise_0.02,0.27486157417297363
data/corpus_smoke/images/Megalith-Flickr/04/04a3ccf44869ae2e3e184e706b960a095b8557871ed437e96c4e6c96a1437051.jpg,0,noise_0.05,0.2654033601284027
data/corpus_smoke/images/Megalith-Flickr/04/04a3ccf44869ae2e3e184e706b960a095b8557871ed437e96c4e6c96a1437051.jpg,0,noise_0.1,0.25203263759613037
data/corpus_smoke/images/Megalith-Flickr/04/04a3ccf44869ae2e3e184e706b960a095b8557871ed437e96c4e6c96a1437051.jpg,0,jitter_0.2,0.2801494300365448
data/corpus_smoke/images/Megalith-Flickr/04/04a3ccf44869ae2e3e184e706b960a095b8557871ed437e96c4e6c96a1437051.jpg,0,center_crop_0.8,0.2871249318122864
data/corpus_smoke/images/Megalith-Flickr/04/04a3ccf44869ae2e3e184e706b960a095b8557871ed437e96c4e6c96a1437051.jpg,0,composed_blur1.0+jpeg70,0.322428435087204
data/corpus_smoke/images/Megalith-Flickr/04/04a3ccf44869ae2e3e184e706b960a095b8557871ed437e96c4e6c96a1437051.jpg,0,composed_resize0.5+jpeg50,0.30562445521354675
data/corpus_smoke/images/Megalith-Flickr/04/04a3ccf44869ae2e3e184e706b960a095b8557871ed437e96c4e6c96a1437051.jpg,0,composed_jitter0.2+jpeg30,0.28229591250419617
data/corpus_smoke/images/Megalith-Flickr/04/04a3ccf44869ae2e3e184e706b960a095b8557871ed437e96c4e6c96a1437051.jpg,0,composed_resize0.25+blur0.5+jpeg30,0.32773852348327637
data/corpus_smoke/images/Megalith-Flickr/20/20cbd07bab75fb1af2c3d06e732a0d0c6c9f52b459d8f68da0b136eb23ef3217.jpg,0,clean,0.3755840063095093
data/corpus_smoke/images/Megalith-Flickr/20/20cbd07bab75fb1af2c3d06e732a0d0c6c9f52b459d8f68da0b136eb23ef3217.jpg,0,jpeg_90,0.38010111451148987
data/corpus_smoke/images/Megalith-Flickr/20/20cbd07bab75fb1af2c3d06e732a0d0c6c9f52b459d8f68da0b136eb23ef3217.jpg,0,jpeg_70,0.3847159445285797
data/corpus_smoke/images/Megalith-Flickr/20/20cbd07bab75fb1af2c3d06e732a0d0c6c9f52b459d8f68da0b136eb23ef3217.jpg,0,jpeg_50,0.38589295744895935
data/corpus_smoke/images/Megalith-Flickr/20/20cbd07bab75fb1af2c3d06e732a0d0c6c9f52b459d8f68da0b136eb23ef3217.jpg,0,jpeg_30,0.3861444294452667
data/corpus_smoke/images/Megalith-Flickr/20/20cbd07bab75fb1af2c3d06e732a0d0c6c9f52b459d8f68da0b136eb23ef3217.jpg,0,blur_0.5,0.3771343529224396
data/corpus_smoke/images/Megalith-Flickr/20/20cbd07bab75fb1af2c3d06e732a0d0c6c9f52b459d8f68da0b136eb23ef3217.jpg,0,blur_1.0,0.3819643557071686
data/corpus_smoke/images/Megalith-Flickr/20/20cbd07bab75fb1af2c3d06e732a0d0c6c9f52b459d8f68da0b136eb23ef3217.jpg,0,blur_2.0,0.39508160948753357
data/corpus_smoke/images/Megalith-Flickr/20/20cbd07bab75fb1af2c3d06e732a0d0c6c9f52b459d8f68da0b136eb23ef3217.jpg,0,resize_0.5,0.3796672224998474
data/corpus_smoke/images/Megalith-Flickr/20/20cbd07bab75fb1af2c3d06e732a0d0c6c9f52b459d8f68da0b136eb23ef3217.jpg,0,resize_0.25,0.3925490975379944
data/corpus_smoke/images/Megalith-Flickr/20/20cbd07bab75fb1af2c3d06e732a0d0c6c9f52b459d8f68da0b136eb23ef3217.jpg,0,noise_0.02,0.3712160289287567
data/corpus_smoke/images/Megalith-Flickr/20/20cbd07bab75fb1af2c3d06e732a0d0c6c9f52b459d8f68da0b136eb23ef3217.jpg,0,noise_0.05,0.35480836033821106
data/corpus_smoke/images/Megalith-Flickr/20/20cbd07bab75fb1af2c3d06e732a0d0c6c9f52b459d8f68da0b136eb23ef3217.jpg,0,noise_0.1,0.3216617703437805
data/corpus_smoke/images/Megalith-Flickr/20/20cbd07bab75fb1af2c3d06e732a0d0c6c9f52b459d8f68da0b136eb23ef3217.jpg,0,jitter_0.2,0.3662952482700348
data/corpus_smoke/images/Megalith-Flickr/20/20cbd07bab75fb1af2c3d06e732a0d0c6c9f52b459d8f68da0b136eb23ef3217.jpg,0,center_crop_0.8,0.3776110112667084
data/corpus_smoke/images/Megalith-Flickr/20/20cbd07bab75fb1af2c3d06e732a0d0c6c9f52b459d8f68da0b136eb23ef3217.jpg,0,composed_blur1.0+jpeg70,0.39464467763900757
data/corpus_smoke/images/Megalith-Flickr/20/20cbd07bab75fb1af2c3d06e732a0d0c6c9f52b459d8f68da0b136eb23ef3217.jpg,0,composed_resize0.5+jpeg50,0.3940370976924896
data/corpus_smoke/images/Megalith-Flickr/20/20cbd07bab75fb1af2c3d06e732a0d0c6c9f52b459d8f68da0b136eb23ef3217.jpg,0,composed_jitter0.2+jpeg30,0.3864902853965759
data/corpus_smoke/images/Megalith-Flickr/20/20cbd07bab75fb1af2c3d06e732a0d0c6c9f52b459d8f68da0b136eb23ef3217.jpg,0,composed_resize0.25+blur0.5+jpeg30,0.40018564462661743
data/corpus_smoke/images/Megalith-Flickr/47/47aced3b9c6645e14d38a3ee932af4f2784512fa959f518af2605d265eaa6d27.jpg,0,clean,0.28239864110946655
data/corpus_smoke/images/Megalith-Flickr/47/47aced3b9c6645e14d38a3ee932af4f2784512fa959f518af2605d265eaa6d27.jpg,0,jpeg_90,0.2869998812675476
data/corpus_smoke/images/Megalith-Flickr/47/47aced3b9c6645e14d38a3ee932af4f2784512fa959f518af2605d265eaa6d27.jpg,0,jpeg_70,0.3010716140270233
data/corpus_smoke/images/Megalith-Flickr/47/47aced3b9c6645e14d38a3ee932af4f2784512fa959f518af2605d265eaa6d27.jpg,0,jpeg_50,0.29662033915519714
data/corpus_smoke/images/Megalith-Flickr/47/47aced3b9c6645e14d38a3ee932af4f2784512fa959f518af2605d265eaa6d27.jpg,0,jpeg_30,0.2955980896949768
data/corpus_smoke/images/Megalith-Flickr/47/47aced3b9c6645e14d38a3ee932af4f2784512fa959f518af2605d265eaa6d27.jpg,0,blur_0.5,0.291373610496521
data/corpus_smoke/images/Megalith-Flickr/47/47aced3b9c6645e14d38a3ee932af4f2784512fa959f518af2605d265eaa6d27.jpg,0,blur_1.0,0.3127400279045105
data/corpus_smoke/images/Megalith-Flickr/47/47aced3b9c6645e14d38a3ee932af4f2784512fa959f518af2605d265eaa6d27.jpg,0,blur_2.0,0.3373221457004547
data/corpus_smoke/images/Megalith-Flickr/47/47aced3b9c6645e14d38a3ee932af4f2784512fa959f518af2605d265eaa6d27.jpg,0,resize_0.5,0.30358514189720154
data/corpus_smoke/images/Megalith-Flickr/47/47aced3b9c6645e14d38a3ee932af4f2784512fa959f518af2605d265eaa6d27.jpg,0,resize_0.25,0.3328845202922821
data/corpus_smoke/images/Megalith-Flickr/47/47aced3b9c6645e14d38a3ee932af4f2784512fa959f518af2605d265eaa6d27.jpg,0,noise_0.02,0.2917110323905945
data/corpus_smoke/images/Megalith-Flickr/47/47aced3b9c6645e14d38a3ee932af4f2784512fa959f518af2605d265eaa6d27.jpg,0,noise_0.05,0.2869020700454712
data/corpus_smoke/images/Megalith-Flickr/47/47aced3b9c6645e14d38a3ee932af4f2784512fa959f518af2605d265eaa6d27.jpg,0,noise_0.1,0.2619512975215912
data/corpus_smoke/images/Megalith-Flickr/47/47aced3b9c6645e14d38a3ee932af4f2784512fa959f518af2605d265eaa6d27.jpg,0,jitter_0.2,0.3300792872905731
data/corpus_smoke/images/Megalith-Flickr/47/47aced3b9c6645e14d38a3ee932af4f2784512fa959f518af2605d265eaa6d27.jpg,0,center_crop_0.8,0.28810223937034607
data/corpus_smoke/images/Megalith-Flickr/47/47aced3b9c6645e14d38a3ee932af4f2784512fa959f518af2605d265eaa6d27.jpg,0,composed_blur1.0+jpeg70,0.33211052417755127
data/corpus_smoke/images/Megalith-Flickr/47/47aced3b9c6645e14d38a3ee932af4f2784512fa959f518af2605d265eaa6d27.jpg,0,composed_resize0.5+jpeg50,0.3138211667537689
data/corpus_smoke/images/Megalith-Flickr/47/47aced3b9c6645e14d38a3ee932af4f2784512fa959f518af2605d265eaa6d27.jpg,0,composed_jitter0.2+jpeg30,0.29742640256881714
data/corpus_smoke/images/Megalith-Flickr/47/47aced3b9c6645e14d38a3ee932af4f2784512fa959f518af2605d265eaa6d27.jpg,0,composed_resize0.25+blur0.5+jpeg30,0.33995333313941956
data/corpus_smoke/images/Megalith-Flickr/12/1221fb31b3e2f550df232707d10be70bbb5c80312ca245eaacd71eebefb2a213.jpg,0,clean,0.2840055823326111
data/corpus_smoke/images/Megalith-Flickr/12/1221fb31b3e2f550df232707d10be70bbb5c80312ca245eaacd71eebefb2a213.jpg,0,jpeg_90,0.28567588329315186
data/corpus_smoke/images/Megalith-Flickr/12/1221fb31b3e2f550df232707d10be70bbb5c80312ca245eaacd71eebefb2a213.jpg,0,jpeg_70,0.29758477210998535
data/corpus_smoke/images/Megalith-Flickr/12/1221fb31b3e2f550df232707d10be70bbb5c80312ca245eaacd71eebefb2a213.jpg,0,jpeg_50,0.29796531796455383
data/corpus_smoke/images/Megalith-Flickr/12/1221fb31b3e2f550df232707d10be70bbb5c80312ca245eaacd71eebefb2a213.jpg,0,jpeg_30,0.2953045070171356
data/corpus_smoke/images/Megalith-Flickr/12/1221fb31b3e2f550df232707d10be70bbb5c80312ca245eaacd71eebefb2a213.jpg,0,blur_0.5,0.29256629943847656
data/corpus_smoke/images/Megalith-Flickr/12/1221fb31b3e2f550df232707d10be70bbb5c80312ca245eaacd71eebefb2a213.jpg,0,blur_1.0,0.31337010860443115
data/corpus_smoke/images/Megalith-Flickr/12/1221fb31b3e2f550df232707d10be70bbb5c80312ca245eaacd71eebefb2a213.jpg,0,blur_2.0,0.34442219138145447
data/corpus_smoke/images/Megalith-Flickr/12/1221fb31b3e2f550df232707d10be70bbb5c80312ca245eaacd71eebefb2a213.jpg,0,resize_0.5,0.30212149024009705
data/corpus_smoke/images/Megalith-Flickr/12/1221fb31b3e2f550df232707d10be70bbb5c80312ca245eaacd71eebefb2a213.jpg,0,resize_0.25,0.3380424678325653
data/corpus_smoke/images/Megalith-Flickr/12/1221fb31b3e2f550df232707d10be70bbb5c80312ca245eaacd71eebefb2a213.jpg,0,noise_0.02,0.28433701395988464
data/corpus_smoke/images/Megalith-Flickr/12/1221fb31b3e2f550df232707d10be70bbb5c80312ca245eaacd71eebefb2a213.jpg,0,noise_0.05,0.27730971574783325
data/corpus_smoke/images/Megalith-Flickr/12/1221fb31b3e2f550df232707d10be70bbb5c80312ca245eaacd71eebefb2a213.jpg,0,noise_0.1,0.2631392180919647
data/corpus_smoke/images/Megalith-Flickr/12/1221fb31b3e2f550df232707d10be70bbb5c80312ca245eaacd71eebefb2a213.jpg,0,jitter_0.2,0.2917461395263672
data/corpus_smoke/images/Megalith-Flickr/12/1221fb31b3e2f550df232707d10be70bbb5c80312ca245eaacd71eebefb2a213.jpg,0,center_crop_0.8,0.2947691082954407
data/corpus_smoke/images/Megalith-Flickr/12/1221fb31b3e2f550df232707d10be70bbb5c80312ca245eaacd71eebefb2a213.jpg,0,composed_blur1.0+jpeg70,0.3250150978565216
data/corpus_smoke/images/Megalith-Flickr/12/1221fb31b3e2f550df232707d10be70bbb5c80312ca245eaacd71eebefb2a213.jpg,0,composed_resize0.5+jpeg50,0.3117312490940094
data/corpus_smoke/images/Megalith-Flickr/12/1221fb31b3e2f550df232707d10be70bbb5c80312ca245eaacd71eebefb2a213.jpg,0,composed_jitter0.2+jpeg30,0.3024144470691681
data/corpus_smoke/images/Megalith-Flickr/12/1221fb31b3e2f550df232707d10be70bbb5c80312ca245eaacd71eebefb2a213.jpg,0,composed_resize0.25+blur0.5+jpeg30,0.34273436665534973
data/corpus_smoke/images/Megalith-Flickr/f2/f2d6ea6fc0c396b49e81a6f6c162a52b84148166e7139fbc657a3defb0baff35.jpg,0,clean,0.317333459854126
data/corpus_smoke/images/Megalith-Flickr/f2/f2d6ea6fc0c396b49e81a6f6c162a52b84148166e7139fbc657a3defb0baff35.jpg,0,jpeg_90,0.31836241483688354
data/corpus_smoke/images/Megalith-Flickr/f2/f2d6ea6fc0c396b49e81a6f6c162a52b84148166e7139fbc657a3defb0baff35.jpg,0,jpeg_70,0.3242174983024597
data/corpus_smoke/images/Megalith-Flickr/f2/f2d6ea6fc0c396b49e81a6f6c162a52b84148166e7139fbc657a3defb0baff35.jpg,0,jpeg_50,0.3218699097633362
data/corpus_smoke/images/Megalith-Flickr/f2/f2d6ea6fc0c396b49e81a6f6c162a52b84148166e7139fbc657a3defb0baff35.jpg,0,jpeg_30,0.3204145133495331
data/corpus_smoke/images/Megalith-Flickr/f2/f2d6ea6fc0c396b49e81a6f6c162a52b84148166e7139fbc657a3defb0baff35.jpg,0,blur_0.5,0.32348430156707764
data/corpus_smoke/images/Megalith-Flickr/f2/f2d6ea6fc0c396b49e81a6f6c162a52b84148166e7139fbc657a3defb0baff35.jpg,0,blur_1.0,0.3388586938381195
data/corpus_smoke/images/Megalith-Flickr/f2/f2d6ea6fc0c396b49e81a6f6c162a52b84148166e7139fbc657a3defb0baff35.jpg,0,blur_2.0,0.36192306876182556
data/corpus_smoke/images/Megalith-Flickr/f2/f2d6ea6fc0c396b49e81a6f6c162a52b84148166e7139fbc657a3defb0baff35.jpg,0,resize_0.5,0.32989031076431274
data/corpus_smoke/images/Megalith-Flickr/f2/f2d6ea6fc0c396b49e81a6f6c162a52b84148166e7139fbc657a3defb0baff35.jpg,0,resize_0.25,0.3477898836135864
data/corpus_smoke/images/Megalith-Flickr/f2/f2d6ea6fc0c396b49e81a6f6c162a52b84148166e7139fbc657a3defb0baff35.jpg,0,noise_0.02,0.3173350691795349
data/corpus_smoke/images/Megalith-Flickr/f2/f2d6ea6fc0c396b49e81a6f6c162a52b84148166e7139fbc657a3defb0baff35.jpg,0,noise_0.05,0.3049117922782898
data/corpus_smoke/images/Megalith-Flickr/f2/f2d6ea6fc0c396b49e81a6f6c162a52b84148166e7139fbc657a3defb0baff35.jpg,0,noise_0.1,0.2839890420436859
data/corpus_smoke/images/Megalith-Flickr/f2/f2d6ea6fc0c396b49e81a6f6c162a52b84148166e7139fbc657a3defb0baff35.jpg,0,jitter_0.2,0.3075408339500427
data/corpus_smoke/images/Megalith-Flickr/f2/f2d6ea6fc0c396b49e81a6f6c162a52b84148166e7139fbc657a3defb0baff35.jpg,0,center_crop_0.8,0.32209527492523193
data/corpus_smoke/images/Megalith-Flickr/f2/f2d6ea6fc0c396b49e81a6f6c162a52b84148166e7139fbc657a3defb0baff35.jpg,0,composed_blur1.0+jpeg70,0.351266086101532
data/corpus_smoke/images/Megalith-Flickr/f2/f2d6ea6fc0c396b49e81a6f6c162a52b84148166e7139fbc657a3defb0baff35.jpg,0,composed_resize0.5+jpeg50,0.3391393721103668
data/corpus_smoke/images/Megalith-Flickr/f2/f2d6ea6fc0c396b49e81a6f6c162a52b84148166e7139fbc657a3defb0baff35.jpg,0,composed_jitter0.2+jpeg30,0.3246088922023773
data/corpus_smoke/images/Megalith-Flickr/f2/f2d6ea6fc0c396b49e81a6f6c162a52b84148166e7139fbc657a3defb0baff35.jpg,0,composed_resize0.25+blur0.5+jpeg30,0.35436832904815674
data/corpus_smoke/images/Megalith-Flickr/13/13474dd340c00bf5d405d2e306d502849776c86b31c88d165d298baced93054b.jpg,0,clean,0.32113566994667053
data/corpus_smoke/images/Megalith-Flickr/13/13474dd340c00bf5d405d2e306d502849776c86b31c88d165d298baced93054b.jpg,0,jpeg_90,0.3212858736515045
data/corpus_smoke/images/Megalith-Flickr/13/13474dd340c00bf5d405d2e306d502849776c86b31c88d165d298baced93054b.jpg,0,jpeg_70,0.3270089030265808
data/corpus_smoke/images/Megalith-Flickr/13/13474dd340c00bf5d405d2e306d502849776c86b31c88d165d298baced93054b.jpg,0,jpeg_50,0.32097551226615906
data/corpus_smoke/images/Megalith-Flickr/13/13474dd340c00bf5d405d2e306d502849776c86b31c88d165d298baced93054b.jpg,0,jpeg_30,0.32048749923706055
data/corpus_smoke/images/Megalith-Flickr/13/13474dd340c00bf5d405d2e306d502849776c86b31c88d165d298baced93054b.jpg,0,blur_0.5,0.3296003043651581
data/corpus_smoke/images/Megalith-Flickr/13/13474dd340c00bf5d405d2e306d502849776c86b31c88d165d298baced93054b.jpg,0,blur_1.0,0.3472183346748352
data/corpus_smoke/images/Megalith-Flickr/13/13474dd340c00bf5d405d2e306d502849776c86b31c88d165d298baced93054b.jpg,0,blur_2.0,0.36962512135505676
data/corpus_smoke/images/Megalith-Flickr/13/13474dd340c00bf5d405d2e306d502849776c86b31c88d165d298baced93054b.jpg,0,resize_0.5,0.33647072315216064
data/corpus_smoke/images/Megalith-Flickr/13/13474dd340c00bf5d405d2e306d502849776c86b31c88d165d298baced93054b.jpg,0,resize_0.25,0.3633344769477844
data/corpus_smoke/images/Megalith-Flickr/13/13474dd340c00bf5d405d2e306d502849776c86b31c88d165d298baced93054b.jpg,0,noise_0.02,0.3216007351875305
data/corpus_smoke/images/Megalith-Flickr/13/13474dd340c00bf5d405d2e306d502849776c86b31c88d165d298baced93054b.jpg,0,noise_0.05,0.302654504776001
data/corpus_smoke/images/Megalith-Flickr/13/13474dd340c00bf5d405d2e306d502849776c86b31c88d165d298baced93054b.jpg,0,noise_0.1,0.28410837054252625
data/corpus_smoke/images/Megalith-Flickr/13/13474dd340c00bf5d405d2e306d502849776c86b31c88d165d298baced93054b.jpg,0,jitter_0.2,0.3327008783817291
data/corpus_smoke/images/Megalith-Flickr/13/13474dd340c00bf5d405d2e306d502849776c86b31c88d165d298baced93054b.jpg,0,center_crop_0.8,0.31666427850723267
data/corpus_smoke/images/Megalith-Flickr/13/13474dd340c00bf5d405d2e306d502849776c86b31c88d165d298baced93054b.jpg,0,composed_blur1.0+jpeg70,0.35915517807006836
data/corpus_smoke/images/Megalith-Flickr/13/13474dd340c00bf5d405d2e306d502849776c86b31c88d165d298baced93054b.jpg,0,composed_resize0.5+jpeg50,0.34198859333992004
data/corpus_smoke/images/Megalith-Flickr/13/13474dd340c00bf5d405d2e306d502849776c86b31c88d165d298baced93054b.jpg,0,composed_jitter0.2+jpeg30,0.32752615213394165
data/corpus_smoke/images/Megalith-Flickr/13/13474dd340c00bf5d405d2e306d502849776c86b31c88d165d298baced93054b.jpg,0,composed_resize0.25+blur0.5+jpeg30,0.3589549660682678
data/corpus_smoke/images/Aura/a0/a08b0999d114ba5febe334c11aa9b9e6b9fa2bf002135b64343df10e7094b021.jpg,1,clean,0.370603084564209
data/corpus_smoke/images/Aura/a0/a08b0999d114ba5febe334c11aa9b9e6b9fa2bf002135b64343df10e7094b021.jpg,1,jpeg_90,0.36913415789604187
data/corpus_smoke/images/Aura/a0/a08b0999d114ba5febe334c11aa9b9e6b9fa2bf002135b64343df10e7094b021.jpg,1,jpeg_70,0.3752168118953705
data/corpus_smoke/images/Aura/a0/a08b0999d114ba5febe334c11aa9b9e6b9fa2bf002135b64343df10e7094b021.jpg,1,jpeg_50,0.3759170472621918
data/corpus_smoke/images/Aura/a0/a08b0999d114ba5febe334c11aa9b9e6b9fa2bf002135b64343df10e7094b021.jpg,1,jpeg_30,0.3662988543510437
data/corpus_smoke/images/Aura/a0/a08b0999d114ba5febe334c11aa9b9e6b9fa2bf002135b64343df10e7094b021.jpg,1,blur_0.5,0.3752031624317169
data/corpus_smoke/images/Aura/a0/a08b0999d114ba5febe334c11aa9b9e6b9fa2bf002135b64343df10e7094b021.jpg,1,blur_1.0,0.38435232639312744
data/corpus_smoke/images/Aura/a0/a08b0999d114ba5febe334c11aa9b9e6b9fa2bf002135b64343df10e7094b021.jpg,1,blur_2.0,0.4021954834461212
data/corpus_smoke/images/Aura/a0/a08b0999d114ba5febe334c11aa9b9e6b9fa2bf002135b64343df10e7094b021.jpg,1,resize_0.5,0.37625178694725037
data/corpus_smoke/images/Aura/a0/a08b0999d114ba5febe334c11aa9b9e6b9fa2bf002135b64343df10e7094b021.jpg,1,resize_0.25,0.39650630950927734
data/corpus_smoke/images/Aura/a0/a08b0999d114ba5febe334c11aa9b9e6b9fa2bf002135b64343df10e7094b021.jpg,1,noise_0.02,0.37067461013793945
data/corpus_smoke/images/Aura/a0/a08b0999d114ba5febe334c11aa9b9e6b9fa2bf002135b64343df10e7094b021.jpg,1,noise_0.05,0.3561921715736389
data/corpus_smoke/images/Aura/a0/a08b0999d114ba5febe334c11aa9b9e6b9fa2bf002135b64343df10e7094b021.jpg,1,noise_0.1,0.33095088601112366
data/corpus_smoke/images/Aura/a0/a08b0999d114ba5febe334c11aa9b9e6b9fa2bf002135b64343df10e7094b021.jpg,1,jitter_0.2,0.3762999176979065
data/corpus_smoke/images/Aura/a0/a08b0999d114ba5febe334c11aa9b9e6b9fa2bf002135b64343df10e7094b021.jpg,1,center_crop_0.8,0.3705426752567291
data/corpus_smoke/images/Aura/a0/a08b0999d114ba5febe334c11aa9b9e6b9fa2bf002135b64343df10e7094b021.jpg,1,composed_blur1.0+jpeg70,0.39496150612831116
data/corpus_smoke/images/Aura/a0/a08b0999d114ba5febe334c11aa9b9e6b9fa2bf002135b64343df10e7094b021.jpg,1,composed_resize0.5+jpeg50,0.38851141929626465
data/corpus_smoke/images/Aura/a0/a08b0999d114ba5febe334c11aa9b9e6b9fa2bf002135b64343df10e7094b021.jpg,1,composed_jitter0.2+jpeg30,0.3676553964614868
data/corpus_smoke/images/Aura/a0/a08b0999d114ba5febe334c11aa9b9e6b9fa2bf002135b64343df10e7094b021.jpg,1,composed_resize0.25+blur0.5+jpeg30,0.3940615952014923
data/corpus_smoke/images/Aura/7e/7edabeb6a6aba448b498120e6aa12c6c285f573f9a4508215652ac225edb6e65.jpg,1,clean,0.43542155623435974
data/corpus_smoke/images/Aura/7e/7edabeb6a6aba448b498120e6aa12c6c285f573f9a4508215652ac225edb6e65.jpg,1,jpeg_90,0.4389179050922394
data/corpus_smoke/images/Aura/7e/7edabeb6a6aba448b498120e6aa12c6c285f573f9a4508215652ac225edb6e65.jpg,1,jpeg_70,0.4468936324119568
data/corpus_smoke/images/Aura/7e/7edabeb6a6aba448b498120e6aa12c6c285f573f9a4508215652ac225edb6e65.jpg,1,jpeg_50,0.43028828501701355
data/corpus_smoke/images/Aura/7e/7edabeb6a6aba448b498120e6aa12c6c285f573f9a4508215652ac225edb6e65.jpg,1,jpeg_30,0.4184822142124176
data/corpus_smoke/images/Aura/7e/7edabeb6a6aba448b498120e6aa12c6c285f573f9a4508215652ac225edb6e65.jpg,1,blur_0.5,0.4370476007461548
data/corpus_smoke/images/Aura/7e/7edabeb6a6aba448b498120e6aa12c6c285f573f9a4508215652ac225edb6e65.jpg,1,blur_1.0,0.43726152181625366
data/corpus_smoke/images/Aura/7e/7edabeb6a6aba448b498120e6aa12c6c285f573f9a4508215652ac225edb6e65.jpg,1,blur_2.0,0.45385119318962097
data/corpus_smoke/images/Aura/7e/7edabeb6a6aba448b498120e6aa12c6c285f573f9a4508215652ac225edb6e65.jpg,1,resize_0.5,0.4312739670276642
data/corpus_smoke/images/Aura/7e/7edabeb6a6aba448b498120e6aa12c6c285f573f9a4508215652ac225edb6e65.jpg,1,resize_0.25,0.4445272386074066
data/corpus_smoke/images/Aura/7e/7edabeb6a6aba448b498120e6aa12c6c285f573f9a4508215652ac225edb6e65.jpg,1,noise_0.02,0.4309370219707489
data/corpus_smoke/images/Aura/7e/7edabeb6a6aba448b498120e6aa12c6c285f573f9a4508215652ac225edb6e65.jpg,1,noise_0.05,0.40345457196235657
data/corpus_smoke/images/Aura/7e/7edabeb6a6aba448b498120e6aa12c6c285f573f9a4508215652ac225edb6e65.jpg,1,noise_0.1,0.37749963998794556
data/corpus_smoke/images/Aura/7e/7edabeb6a6aba448b498120e6aa12c6c285f573f9a4508215652ac225edb6e65.jpg,1,jitter_0.2,0.44741371273994446
data/corpus_smoke/images/Aura/7e/7edabeb6a6aba448b498120e6aa12c6c285f573f9a4508215652ac225edb6e65.jpg,1,center_crop_0.8,0.42423516511917114
data/corpus_smoke/images/Aura/7e/7edabeb6a6aba448b498120e6aa12c6c285f573f9a4508215652ac225edb6e65.jpg,1,composed_blur1.0+jpeg70,0.4466087818145752
data/corpus_smoke/images/Aura/7e/7edabeb6a6aba448b498120e6aa12c6c285f573f9a4508215652ac225edb6e65.jpg,1,composed_resize0.5+jpeg50,0.4396151602268219
data/corpus_smoke/images/Aura/7e/7edabeb6a6aba448b498120e6aa12c6c285f573f9a4508215652ac225edb6e65.jpg,1,composed_jitter0.2+jpeg30,0.44159361720085144
data/corpus_smoke/images/Aura/7e/7edabeb6a6aba448b498120e6aa12c6c285f573f9a4508215652ac225edb6e65.jpg,1,composed_resize0.25+blur0.5+jpeg30,0.43547478318214417
data/corpus_smoke/images/Aura/25/257977a0a8ee897390ae3e6f975aa2bc06503ee8f5047de383353ab2b031a44f.jpg,1,clean,0.38617464900016785
data/corpus_smoke/images/Aura/25/257977a0a8ee897390ae3e6f975aa2bc06503ee8f5047de383353ab2b031a44f.jpg,1,jpeg_90,0.3780694603919983
data/corpus_smoke/images/Aura/25/257977a0a8ee897390ae3e6f975aa2bc06503ee8f5047de383353ab2b031a44f.jpg,1,jpeg_70,0.3779226839542389
data/corpus_smoke/images/Aura/25/257977a0a8ee897390ae3e6f975aa2bc06503ee8f5047de383353ab2b031a44f.jpg,1,jpeg_50,0.37191423773765564
data/corpus_smoke/images/Aura/25/257977a0a8ee897390ae3e6f975aa2bc06503ee8f5047de383353ab2b031a44f.jpg,1,jpeg_30,0.3708847463130951
data/corpus_smoke/images/Aura/25/257977a0a8ee897390ae3e6f975aa2bc06503ee8f5047de383353ab2b031a44f.jpg,1,blur_0.5,0.3921201825141907
data/corpus_smoke/images/Aura/25/257977a0a8ee897390ae3e6f975aa2bc06503ee8f5047de383353ab2b031a44f.jpg,1,blur_1.0,0.40032702684402466
data/corpus_smoke/images/Aura/25/257977a0a8ee897390ae3e6f975aa2bc06503ee8f5047de383353ab2b031a44f.jpg,1,blur_2.0,0.42758315801620483
data/corpus_smoke/images/Aura/25/257977a0a8ee897390ae3e6f975aa2bc06503ee8f5047de383353ab2b031a44f.jpg,1,resize_0.5,0.3855533003807068
data/corpus_smoke/images/Aura/25/257977a0a8ee897390ae3e6f975aa2bc06503ee8f5047de383353ab2b031a44f.jpg,1,resize_0.25,0.41678130626678467
data/corpus_smoke/images/Aura/25/257977a0a8ee897390ae3e6f975aa2bc06503ee8f5047de383353ab2b031a44f.jpg,1,noise_0.02,0.3722701370716095
data/corpus_smoke/images/Aura/25/257977a0a8ee897390ae3e6f975aa2bc06503ee8f5047de383353ab2b031a44f.jpg,1,noise_0.05,0.3556698262691498
data/corpus_smoke/images/Aura/25/257977a0a8ee897390ae3e6f975aa2bc06503ee8f5047de383353ab2b031a44f.jpg,1,noise_0.1,0.33246541023254395
data/corpus_smoke/images/Aura/25/257977a0a8ee897390ae3e6f975aa2bc06503ee8f5047de383353ab2b031a44f.jpg,1,jitter_0.2,0.3859211504459381
data/corpus_smoke/images/Aura/25/257977a0a8ee897390ae3e6f975aa2bc06503ee8f5047de383353ab2b031a44f.jpg,1,center_crop_0.8,0.3860732913017273
data/corpus_smoke/images/Aura/25/257977a0a8ee897390ae3e6f975aa2bc06503ee8f5047de383353ab2b031a44f.jpg,1,composed_blur1.0+jpeg70,0.40875089168548584
data/corpus_smoke/images/Aura/25/257977a0a8ee897390ae3e6f975aa2bc06503ee8f5047de383353ab2b031a44f.jpg,1,composed_resize0.5+jpeg50,0.394136905670166
data/corpus_smoke/images/Aura/25/257977a0a8ee897390ae3e6f975aa2bc06503ee8f5047de383353ab2b031a44f.jpg,1,composed_jitter0.2+jpeg30,0.357109010219574
data/corpus_smoke/images/Aura/25/257977a0a8ee897390ae3e6f975aa2bc06503ee8f5047de383353ab2b031a44f.jpg,1,composed_resize0.25+blur0.5+jpeg30,0.4227476119995117
data/corpus_smoke/images/Aura/92/92e3d36a9cb90a2d15f5b47503801eb5880fe3b61a0928b3b3d45132e6617c2d.jpg,1,clean,0.3399425446987152
data/corpus_smoke/images/Aura/92/92e3d36a9cb90a2d15f5b47503801eb5880fe3b61a0928b3b3d45132e6617c2d.jpg,1,jpeg_90,0.3338075578212738
data/corpus_smoke/images/Aura/92/92e3d36a9cb90a2d15f5b47503801eb5880fe3b61a0928b3b3d45132e6617c2d.jpg,1,jpeg_70,0.3368512988090515
data/corpus_smoke/images/Aura/92/92e3d36a9cb90a2d15f5b47503801eb5880fe3b61a0928b3b3d45132e6617c2d.jpg,1,jpeg_50,0.33559754490852356
data/corpus_smoke/images/Aura/92/92e3d36a9cb90a2d15f5b47503801eb5880fe3b61a0928b3b3d45132e6617c2d.jpg,1,jpeg_30,0.33239567279815674
data/corpus_smoke/images/Aura/92/92e3d36a9cb90a2d15f5b47503801eb5880fe3b61a0928b3b3d45132e6617c2d.jpg,1,blur_0.5,0.35167333483695984
data/corpus_smoke/images/Aura/92/92e3d36a9cb90a2d15f5b47503801eb5880fe3b61a0928b3b3d45132e6617c2d.jpg,1,blur_1.0,0.374972403049469
data/corpus_smoke/images/Aura/92/92e3d36a9cb90a2d15f5b47503801eb5880fe3b61a0928b3b3d45132e6617c2d.jpg,1,blur_2.0,0.4026927053928375
data/corpus_smoke/images/Aura/92/92e3d36a9cb90a2d15f5b47503801eb5880fe3b61a0928b3b3d45132e6617c2d.jpg,1,resize_0.5,0.3631365895271301
data/corpus_smoke/images/Aura/92/92e3d36a9cb90a2d15f5b47503801eb5880fe3b61a0928b3b3d45132e6617c2d.jpg,1,resize_0.25,0.3948027491569519
data/corpus_smoke/images/Aura/92/92e3d36a9cb90a2d15f5b47503801eb5880fe3b61a0928b3b3d45132e6617c2d.jpg,1,noise_0.02,0.32903993129730225
data/corpus_smoke/images/Aura/92/92e3d36a9cb90a2d15f5b47503801eb5880fe3b61a0928b3b3d45132e6617c2d.jpg,1,noise_0.05,0.3139861226081848
data/corpus_smoke/images/Aura/92/92e3d36a9cb90a2d15f5b47503801eb5880fe3b61a0928b3b3d45132e6617c2d.jpg,1,noise_0.1,0.2949138581752777
data/corpus_smoke/images/Aura/92/92e3d36a9cb90a2d15f5b47503801eb5880fe3b61a0928b3b3d45132e6617c2d.jpg,1,jitter_0.2,0.3437446057796478
data/corpus_smoke/images/Aura/92/92e3d36a9cb90a2d15f5b47503801eb5880fe3b61a0928b3b3d45132e6617c2d.jpg,1,center_crop_0.8,0.3266224265098572
data/corpus_smoke/images/Aura/92/92e3d36a9cb90a2d15f5b47503801eb5880fe3b61a0928b3b3d45132e6617c2d.jpg,1,composed_blur1.0+jpeg70,0.3708341419696808
data/corpus_smoke/images/Aura/92/92e3d36a9cb90a2d15f5b47503801eb5880fe3b61a0928b3b3d45132e6617c2d.jpg,1,composed_resize0.5+jpeg50,0.35967710614204407
data/corpus_smoke/images/Aura/92/92e3d36a9cb90a2d15f5b47503801eb5880fe3b61a0928b3b3d45132e6617c2d.jpg,1,composed_jitter0.2+jpeg30,0.3314681351184845
data/corpus_smoke/images/Aura/92/92e3d36a9cb90a2d15f5b47503801eb5880fe3b61a0928b3b3d45132e6617c2d.jpg,1,composed_resize0.25+blur0.5+jpeg30,0.38772332668304443
data/corpus_smoke/images/Aura/45/45168a723c9921de21a90c48b8d50687380f3a6495f26d4ae2070142c830f7f0.jpg,1,clean,0.3137844204902649
data/corpus_smoke/images/Aura/45/45168a723c9921de21a90c48b8d50687380f3a6495f26d4ae2070142c830f7f0.jpg,1,jpeg_90,0.30583953857421875
data/corpus_smoke/images/Aura/45/45168a723c9921de21a90c48b8d50687380f3a6495f26d4ae2070142c830f7f0.jpg,1,jpeg_70,0.3079657554626465
data/corpus_smoke/images/Aura/45/45168a723c9921de21a90c48b8d50687380f3a6495f26d4ae2070142c830f7f0.jpg,1,jpeg_50,0.306109219789505
data/corpus_smoke/images/Aura/45/45168a723c9921de21a90c48b8d50687380f3a6495f26d4ae2070142c830f7f0.jpg,1,jpeg_30,0.30678465962409973
data/corpus_smoke/images/Aura/45/45168a723c9921de21a90c48b8d50687380f3a6495f26d4ae2070142c830f7f0.jpg,1,blur_0.5,0.3271465599536896
data/corpus_smoke/images/Aura/45/45168a723c9921de21a90c48b8d50687380f3a6495f26d4ae2070142c830f7f0.jpg,1,blur_1.0,0.35653188824653625
data/corpus_smoke/images/Aura/45/45168a723c9921de21a90c48b8d50687380f3a6495f26d4ae2070142c830f7f0.jpg,1,blur_2.0,0.39805829524993896
data/corpus_smoke/images/Aura/45/45168a723c9921de21a90c48b8d50687380f3a6495f26d4ae2070142c830f7f0.jpg,1,resize_0.5,0.3365045189857483
data/corpus_smoke/images/Aura/45/45168a723c9921de21a90c48b8d50687380f3a6495f26d4ae2070142c830f7f0.jpg,1,resize_0.25,0.3864467144012451
data/corpus_smoke/images/Aura/45/45168a723c9921de21a90c48b8d50687380f3a6495f26d4ae2070142c830f7f0.jpg,1,noise_0.02,0.3042411506175995
data/corpus_smoke/images/Aura/45/45168a723c9921de21a90c48b8d50687380f3a6495f26d4ae2070142c830f7f0.jpg,1,noise_0.05,0.2924604117870331
data/corpus_smoke/images/Aura/45/45168a723c9921de21a90c48b8d50687380f3a6495f26d4ae2070142c830f7f0.jpg,1,noise_0.1,0.27862367033958435
data/corpus_smoke/images/Aura/45/45168a723c9921de21a90c48b8d50687380f3a6495f26d4ae2070142c830f7f0.jpg,1,jitter_0.2,0.31564199924468994
data/corpus_smoke/images/Aura/45/45168a723c9921de21a90c48b8d50687380f3a6495f26d4ae2070142c830f7f0.jpg,1,center_crop_0.8,0.29088810086250305
data/corpus_smoke/images/Aura/45/45168a723c9921de21a90c48b8d50687380f3a6495f26d4ae2070142c830f7f0.jpg,1,composed_blur1.0+jpeg70,0.36948519945144653
data/corpus_smoke/images/Aura/45/45168a723c9921de21a90c48b8d50687380f3a6495f26d4ae2070142c830f7f0.jpg,1,composed_resize0.5+jpeg50,0.35384291410446167
data/corpus_smoke/images/Aura/45/45168a723c9921de21a90c48b8d50687380f3a6495f26d4ae2070142c830f7f0.jpg,1,composed_jitter0.2+jpeg30,0.30383872985839844
data/corpus_smoke/images/Aura/45/45168a723c9921de21a90c48b8d50687380f3a6495f26d4ae2070142c830f7f0.jpg,1,composed_resize0.25+blur0.5+jpeg30,0.3928471803665161
data/corpus_smoke/images/Aura/ca/cab034d6af3865e34444b02b13f1be0374f8ec67d475a3e752c65524f24c3abf.jpg,1,clean,0.39829906821250916
data/corpus_smoke/images/Aura/ca/cab034d6af3865e34444b02b13f1be0374f8ec67d475a3e752c65524f24c3abf.jpg,1,jpeg_90,0.4042787551879883
data/corpus_smoke/images/Aura/ca/cab034d6af3865e34444b02b13f1be0374f8ec67d475a3e752c65524f24c3abf.jpg,1,jpeg_70,0.4040648639202118
data/corpus_smoke/images/Aura/ca/cab034d6af3865e34444b02b13f1be0374f8ec67d475a3e752c65524f24c3abf.jpg,1,jpeg_50,0.4050876498222351
data/corpus_smoke/images/Aura/ca/cab034d6af3865e34444b02b13f1be0374f8ec67d475a3e752c65524f24c3abf.jpg,1,jpeg_30,0.40898218750953674
data/corpus_smoke/images/Aura/ca/cab034d6af3865e34444b02b13f1be0374f8ec67d475a3e752c65524f24c3abf.jpg,1,blur_0.5,0.4038337767124176
data/corpus_smoke/images/Aura/ca/cab034d6af3865e34444b02b13f1be0374f8ec67d475a3e752c65524f24c3abf.jpg,1,blur_1.0,0.4130544364452362
data/corpus_smoke/images/Aura/ca/cab034d6af3865e34444b02b13f1be0374f8ec67d475a3e752c65524f24c3abf.jpg,1,blur_2.0,0.4291198253631592
data/corpus_smoke/images/Aura/ca/cab034d6af3865e34444b02b13f1be0374f8ec67d475a3e752c65524f24c3abf.jpg,1,resize_0.5,0.4085574746131897
data/corpus_smoke/images/Aura/ca/cab034d6af3865e34444b02b13f1be0374f8ec67d475a3e752c65524f24c3abf.jpg,1,resize_0.25,0.42498451471328735
data/corpus_smoke/images/Aura/ca/cab034d6af3865e34444b02b13f1be0374f8ec67d475a3e752c65524f24c3abf.jpg,1,noise_0.02,0.39327532052993774
data/corpus_smoke/images/Aura/ca/cab034d6af3865e34444b02b13f1be0374f8ec67d475a3e752c65524f24c3abf.jpg,1,noise_0.05,0.37714487314224243
data/corpus_smoke/images/Aura/ca/cab034d6af3865e34444b02b13f1be0374f8ec67d475a3e752c65524f24c3abf.jpg,1,noise_0.1,0.34554511308670044
data/corpus_smoke/images/Aura/ca/cab034d6af3865e34444b02b13f1be0374f8ec67d475a3e752c65524f24c3abf.jpg,1,jitter_0.2,0.40461716055870056
data/corpus_smoke/images/Aura/ca/cab034d6af3865e34444b02b13f1be0374f8ec67d475a3e752c65524f24c3abf.jpg,1,center_crop_0.8,0.4040198028087616
data/corpus_smoke/images/Aura/ca/cab034d6af3865e34444b02b13f1be0374f8ec67d475a3e752c65524f24c3abf.jpg,1,composed_blur1.0+jpeg70,0.4229302406311035
data/corpus_smoke/images/Aura/ca/cab034d6af3865e34444b02b13f1be0374f8ec67d475a3e752c65524f24c3abf.jpg,1,composed_resize0.5+jpeg50,0.4176911413669586
data/corpus_smoke/images/Aura/ca/cab034d6af3865e34444b02b13f1be0374f8ec67d475a3e752c65524f24c3abf.jpg,1,composed_jitter0.2+jpeg30,0.4057445824146271
data/corpus_smoke/images/Aura/ca/cab034d6af3865e34444b02b13f1be0374f8ec67d475a3e752c65524f24c3abf.jpg,1,composed_resize0.25+blur0.5+jpeg30,0.42702850699424744
data/corpus_smoke/images/SDXL/f8/f87d9c45ceee7a5bfd8fd40132ea68992b3a58c0d523629b87f2c0d32bd258e6.jpg,1,clean,0.3181134760379791
data/corpus_smoke/images/SDXL/f8/f87d9c45ceee7a5bfd8fd40132ea68992b3a58c0d523629b87f2c0d32bd258e6.jpg,1,jpeg_90,0.3229157328605652
data/corpus_smoke/images/SDXL/f8/f87d9c45ceee7a5bfd8fd40132ea68992b3a58c0d523629b87f2c0d32bd258e6.jpg,1,jpeg_70,0.3278059959411621
data/corpus_smoke/images/SDXL/f8/f87d9c45ceee7a5bfd8fd40132ea68992b3a58c0d523629b87f2c0d32bd258e6.jpg,1,jpeg_50,0.32385435700416565
data/corpus_smoke/images/SDXL/f8/f87d9c45ceee7a5bfd8fd40132ea68992b3a58c0d523629b87f2c0d32bd258e6.jpg,1,jpeg_30,0.32138732075691223
data/corpus_smoke/images/SDXL/f8/f87d9c45ceee7a5bfd8fd40132ea68992b3a58c0d523629b87f2c0d32bd258e6.jpg,1,blur_0.5,0.3270569443702698
data/corpus_smoke/images/SDXL/f8/f87d9c45ceee7a5bfd8fd40132ea68992b3a58c0d523629b87f2c0d32bd258e6.jpg,1,blur_1.0,0.34864431619644165
data/corpus_smoke/images/SDXL/f8/f87d9c45ceee7a5bfd8fd40132ea68992b3a58c0d523629b87f2c0d32bd258e6.jpg,1,blur_2.0,0.3898428976535797
data/corpus_smoke/images/SDXL/f8/f87d9c45ceee7a5bfd8fd40132ea68992b3a58c0d523629b87f2c0d32bd258e6.jpg,1,resize_0.5,0.33615732192993164
data/corpus_smoke/images/SDXL/f8/f87d9c45ceee7a5bfd8fd40132ea68992b3a58c0d523629b87f2c0d32bd258e6.jpg,1,resize_0.25,0.3755805790424347
data/corpus_smoke/images/SDXL/f8/f87d9c45ceee7a5bfd8fd40132ea68992b3a58c0d523629b87f2c0d32bd258e6.jpg,1,noise_0.02,0.32064303755760193
data/corpus_smoke/images/SDXL/f8/f87d9c45ceee7a5bfd8fd40132ea68992b3a58c0d523629b87f2c0d32bd258e6.jpg,1,noise_0.05,0.30741390585899353
data/corpus_smoke/images/SDXL/f8/f87d9c45ceee7a5bfd8fd40132ea68992b3a58c0d523629b87f2c0d32bd258e6.jpg,1,noise_0.1,0.28126218914985657
data/corpus_smoke/images/SDXL/f8/f87d9c45ceee7a5bfd8fd40132ea68992b3a58c0d523629b87f2c0d32bd258e6.jpg,1,jitter_0.2,0.32939308881759644
data/corpus_smoke/images/SDXL/f8/f87d9c45ceee7a5bfd8fd40132ea68992b3a58c0d523629b87f2c0d32bd258e6.jpg,1,center_crop_0.8,0.338952898979187
data/corpus_smoke/images/SDXL/f8/f87d9c45ceee7a5bfd8fd40132ea68992b3a58c0d523629b87f2c0d32bd258e6.jpg,1,composed_blur1.0+jpeg70,0.36330392956733704
data/corpus_smoke/images/SDXL/f8/f87d9c45ceee7a5bfd8fd40132ea68992b3a58c0d523629b87f2c0d32bd258e6.jpg,1,composed_resize0.5+jpeg50,0.34518566727638245
data/corpus_smoke/images/SDXL/f8/f87d9c45ceee7a5bfd8fd40132ea68992b3a58c0d523629b87f2c0d32bd258e6.jpg,1,composed_jitter0.2+jpeg30,0.31798335909843445
data/corpus_smoke/images/SDXL/f8/f87d9c45ceee7a5bfd8fd40132ea68992b3a58c0d523629b87f2c0d32bd258e6.jpg,1,composed_resize0.25+blur0.5+jpeg30,0.37207725644111633
data/corpus_smoke/images/SDXL/c5/c5b8dc432e8efff6ae83e788961dabc2e35e2f644bf02ba7c1e2265d3370903e.jpg,1,clean,0.43234172463417053
data/corpus_smoke/images/SDXL/c5/c5b8dc432e8efff6ae83e788961dabc2e35e2f644bf02ba7c1e2265d3370903e.jpg,1,jpeg_90,0.43147173523902893
data/corpus_smoke/images/SDXL/c5/c5b8dc432e8efff6ae83e788961dabc2e35e2f644bf02ba7c1e2265d3370903e.jpg,1,jpeg_70,0.4394325017929077
data/corpus_smoke/images/SDXL/c5/c5b8dc432e8efff6ae83e788961dabc2e35e2f644bf02ba7c1e2265d3370903e.jpg,1,jpeg_50,0.4366146922111511
data/corpus_smoke/images/SDXL/c5/c5b8dc432e8efff6ae83e788961dabc2e35e2f644bf02ba7c1e2265d3370903e.jpg,1,jpeg_30,0.42786306142807007
data/corpus_smoke/images/SDXL/c5/c5b8dc432e8efff6ae83e788961dabc2e35e2f644bf02ba7c1e2265d3370903e.jpg,1,blur_0.5,0.43267250061035156
data/corpus_smoke/images/SDXL/c5/c5b8dc432e8efff6ae83e788961dabc2e35e2f644bf02ba7c1e2265d3370903e.jpg,1,blur_1.0,0.4339345693588257
data/corpus_smoke/images/SDXL/c5/c5b8dc432e8efff6ae83e788961dabc2e35e2f644bf02ba7c1e2265d3370903e.jpg,1,blur_2.0,0.43225741386413574
data/corpus_smoke/images/SDXL/c5/c5b8dc432e8efff6ae83e788961dabc2e35e2f644bf02ba7c1e2265d3370903e.jpg,1,resize_0.5,0.4313548505306244
data/corpus_smoke/images/SDXL/c5/c5b8dc432e8efff6ae83e788961dabc2e35e2f644bf02ba7c1e2265d3370903e.jpg,1,resize_0.25,0.42987626791000366
data/corpus_smoke/images/SDXL/c5/c5b8dc432e8efff6ae83e788961dabc2e35e2f644bf02ba7c1e2265d3370903e.jpg,1,noise_0.02,0.4174056053161621
data/corpus_smoke/images/SDXL/c5/c5b8dc432e8efff6ae83e788961dabc2e35e2f644bf02ba7c1e2265d3370903e.jpg,1,noise_0.05,0.39580047130584717
data/corpus_smoke/images/SDXL/c5/c5b8dc432e8efff6ae83e788961dabc2e35e2f644bf02ba7c1e2265d3370903e.jpg,1,noise_0.1,0.35405492782592773
data/corpus_smoke/images/SDXL/c5/c5b8dc432e8efff6ae83e788961dabc2e35e2f644bf02ba7c1e2265d3370903e.jpg,1,jitter_0.2,0.43578532338142395
data/corpus_smoke/images/SDXL/c5/c5b8dc432e8efff6ae83e788961dabc2e35e2f644bf02ba7c1e2265d3370903e.jpg,1,center_crop_0.8,0.4369404911994934
data/corpus_smoke/images/SDXL/c5/c5b8dc432e8efff6ae83e788961dabc2e35e2f644bf02ba7c1e2265d3370903e.jpg,1,composed_blur1.0+jpeg70,0.43954581022262573
data/corpus_smoke/images/SDXL/c5/c5b8dc432e8efff6ae83e788961dabc2e35e2f644bf02ba7c1e2265d3370903e.jpg,1,composed_resize0.5+jpeg50,0.43941035866737366
data/corpus_smoke/images/SDXL/c5/c5b8dc432e8efff6ae83e788961dabc2e35e2f644bf02ba7c1e2265d3370903e.jpg,1,composed_jitter0.2+jpeg30,0.4376436471939087
data/corpus_smoke/images/SDXL/c5/c5b8dc432e8efff6ae83e788961dabc2e35e2f644bf02ba7c1e2265d3370903e.jpg,1,composed_resize0.25+blur0.5+jpeg30,0.42471471428871155
data/corpus_smoke/images/SDXL/d7/d77000baeef6e2315394405259040d4236d7806ca875166046173a0d02598c07.jpg,1,clean,0.438883513212204
data/corpus_smoke/images/SDXL/d7/d77000baeef6e2315394405259040d4236d7806ca875166046173a0d02598c07.jpg,1,jpeg_90,0.4393549859523773
data/corpus_smoke/images/SDXL/d7/d77000baeef6e2315394405259040d4236d7806ca875166046173a0d02598c07.jpg,1,jpeg_70,0.4425640106201172
data/corpus_smoke/images/SDXL/d7/d77000baeef6e2315394405259040d4236d7806ca875166046173a0d02598c07.jpg,1,jpeg_50,0.4329449534416199
data/corpus_smoke/images/SDXL/d7/d77000baeef6e2315394405259040d4236d7806ca875166046173a0d02598c07.jpg,1,jpeg_30,0.42408061027526855
data/corpus_smoke/images/SDXL/d7/d77000baeef6e2315394405259040d4236d7806ca875166046173a0d02598c07.jpg,1,blur_0.5,0.4390057921409607
data/corpus_smoke/images/SDXL/d7/d77000baeef6e2315394405259040d4236d7806ca875166046173a0d02598c07.jpg,1,blur_1.0,0.44129621982574463
data/corpus_smoke/images/SDXL/d7/d77000baeef6e2315394405259040d4236d7806ca875166046173a0d02598c07.jpg,1,blur_2.0,0.44504421949386597
data/corpus_smoke/images/SDXL/d7/d77000baeef6e2315394405259040d4236d7806ca875166046173a0d02598c07.jpg,1,resize_0.5,0.4370774030685425
data/corpus_smoke/images/SDXL/d7/d77000baeef6e2315394405259040d4236d7806ca875166046173a0d02598c07.jpg,1,resize_0.25,0.44015759229660034
data/corpus_smoke/images/SDXL/d7/d77000baeef6e2315394405259040d4236d7806ca875166046173a0d02598c07.jpg,1,noise_0.02,0.43213117122650146
data/corpus_smoke/images/SDXL/d7/d77000baeef6e2315394405259040d4236d7806ca875166046173a0d02598c07.jpg,1,noise_0.05,0.41428342461586
data/corpus_smoke/images/SDXL/d7/d77000baeef6e2315394405259040d4236d7806ca875166046173a0d02598c07.jpg,1,noise_0.1,0.372653990983963
data/corpus_smoke/images/SDXL/d7/d77000baeef6e2315394405259040d4236d7806ca875166046173a0d02598c07.jpg,1,jitter_0.2,0.4365610182285309
data/corpus_smoke/images/SDXL/d7/d77000baeef6e2315394405259040d4236d7806ca875166046173a0d02598c07.jpg,1,center_crop_0.8,0.4535202085971832
data/corpus_smoke/images/SDXL/d7/d77000baeef6e2315394405259040d4236d7806ca875166046173a0d02598c07.jpg,1,composed_blur1.0+jpeg70,0.4455960690975189
data/corpus_smoke/images/SDXL/d7/d77000baeef6e2315394405259040d4236d7806ca875166046173a0d02598c07.jpg,1,composed_resize0.5+jpeg50,0.436800092458725
data/corpus_smoke/images/SDXL/d7/d77000baeef6e2315394405259040d4236d7806ca875166046173a0d02598c07.jpg,1,composed_jitter0.2+jpeg30,0.4322636127471924
data/corpus_smoke/images/SDXL/d7/d77000baeef6e2315394405259040d4236d7806ca875166046173a0d02598c07.jpg,1,composed_resize0.25+blur0.5+jpeg30,0.4273335933685303
data/corpus_smoke/images/SDXL/16/16cdae33b78c0493ea14e872c2be8725b1495a21cd8d1d32dbbc439f19d65923.jpg,1,clean,0.4217950701713562
data/corpus_smoke/images/SDXL/16/16cdae33b78c0493ea14e872c2be8725b1495a21cd8d1d32dbbc439f19d65923.jpg,1,jpeg_90,0.42136260867118835
data/corpus_smoke/images/SDXL/16/16cdae33b78c0493ea14e872c2be8725b1495a21cd8d1d32dbbc439f19d65923.jpg,1,jpeg_70,0.4279465675354004
data/corpus_smoke/images/SDXL/16/16cdae33b78c0493ea14e872c2be8725b1495a21cd8d1d32dbbc439f19d65923.jpg,1,jpeg_50,0.4230649471282959
data/corpus_smoke/images/SDXL/16/16cdae33b78c0493ea14e872c2be8725b1495a21cd8d1d32dbbc439f19d65923.jpg,1,jpeg_30,0.4226532578468323
data/corpus_smoke/images/SDXL/16/16cdae33b78c0493ea14e872c2be8725b1495a21cd8d1d32dbbc439f19d65923.jpg,1,blur_0.5,0.4233757555484772
data/corpus_smoke/images/SDXL/16/16cdae33b78c0493ea14e872c2be8725b1495a21cd8d1d32dbbc439f19d65923.jpg,1,blur_1.0,0.429133802652359
data/corpus_smoke/images/SDXL/16/16cdae33b78c0493ea14e872c2be8725b1495a21cd8d1d32dbbc439f19d65923.jpg,1,blur_2.0,0.43600958585739136
data/corpus_smoke/images/SDXL/16/16cdae33b78c0493ea14e872c2be8725b1495a21cd8d1d32dbbc439f19d65923.jpg,1,resize_0.5,0.4226813316345215
data/corpus_smoke/images/SDXL/16/16cdae33b78c0493ea14e872c2be8725b1495a21cd8d1d32dbbc439f19d65923.jpg,1,resize_0.25,0.431499719619751
data/corpus_smoke/images/SDXL/16/16cdae33b78c0493ea14e872c2be8725b1495a21cd8d1d32dbbc439f19d65923.jpg,1,noise_0.02,0.4162232279777527
data/corpus_smoke/images/SDXL/16/16cdae33b78c0493ea14e872c2be8725b1495a21cd8d1d32dbbc439f19d65923.jpg,1,noise_0.05,0.3947522044181824
data/corpus_smoke/images/SDXL/16/16cdae33b78c0493ea14e872c2be8725b1495a21cd8d1d32dbbc439f19d65923.jpg,1,noise_0.1,0.34019702672958374
data/corpus_smoke/images/SDXL/16/16cdae33b78c0493ea14e872c2be8725b1495a21cd8d1d32dbbc439f19d65923.jpg,1,jitter_0.2,0.42206844687461853
data/corpus_smoke/images/SDXL/16/16cdae33b78c0493ea14e872c2be8725b1495a21cd8d1d32dbbc439f19d65923.jpg,1,center_crop_0.8,0.4132159650325775
data/corpus_smoke/images/SDXL/16/16cdae33b78c0493ea14e872c2be8725b1495a21cd8d1d32dbbc439f19d65923.jpg,1,composed_blur1.0+jpeg70,0.43361273407936096
data/corpus_smoke/images/SDXL/16/16cdae33b78c0493ea14e872c2be8725b1495a21cd8d1d32dbbc439f19d65923.jpg,1,composed_resize0.5+jpeg50,0.4274213910102844
data/corpus_smoke/images/SDXL/16/16cdae33b78c0493ea14e872c2be8725b1495a21cd8d1d32dbbc439f19d65923.jpg,1,composed_jitter0.2+jpeg30,0.426988422870636
data/corpus_smoke/images/SDXL/16/16cdae33b78c0493ea14e872c2be8725b1495a21cd8d1d32dbbc439f19d65923.jpg,1,composed_resize0.25+blur0.5+jpeg30,0.42524856328964233
data/corpus_smoke/images/SDXL/df/df709b29f8aec259af0f27c1e2386329fce09d3d0ada983456cdb1f0189339f0.jpg,1,clean,0.4134436249732971
data/corpus_smoke/images/SDXL/df/df709b29f8aec259af0f27c1e2386329fce09d3d0ada983456cdb1f0189339f0.jpg,1,jpeg_90,0.4130175709724426
data/corpus_smoke/images/SDXL/df/df709b29f8aec259af0f27c1e2386329fce09d3d0ada983456cdb1f0189339f0.jpg,1,jpeg_70,0.41490986943244934
data/corpus_smoke/images/SDXL/df/df709b29f8aec259af0f27c1e2386329fce09d3d0ada983456cdb1f0189339f0.jpg,1,jpeg_50,0.4163578748703003
data/corpus_smoke/images/SDXL/df/df709b29f8aec259af0f27c1e2386329fce09d3d0ada983456cdb1f0189339f0.jpg,1,jpeg_30,0.40699735283851624
data/corpus_smoke/images/SDXL/df/df709b29f8aec259af0f27c1e2386329fce09d3d0ada983456cdb1f0189339f0.jpg,1,blur_0.5,0.4167969226837158
data/corpus_smoke/images/SDXL/df/df709b29f8aec259af0f27c1e2386329fce09d3d0ada983456cdb1f0189339f0.jpg,1,blur_1.0,0.42657944560050964
data/corpus_smoke/images/SDXL/df/df709b29f8aec259af0f27c1e2386329fce09d3d0ada983456cdb1f0189339f0.jpg,1,blur_2.0,0.43522006273269653
data/corpus_smoke/images/SDXL/df/df709b29f8aec259af0f27c1e2386329fce09d3d0ada983456cdb1f0189339f0.jpg,1,resize_0.5,0.41776973009109497
data/corpus_smoke/images/SDXL/df/df709b29f8aec259af0f27c1e2386329fce09d3d0ada983456cdb1f0189339f0.jpg,1,resize_0.25,0.4244004189968109
data/corpus_smoke/images/SDXL/df/df709b29f8aec259af0f27c1e2386329fce09d3d0ada983456cdb1f0189339f0.jpg,1,noise_0.02,0.40266698598861694
data/corpus_smoke/images/SDXL/df/df709b29f8aec259af0f27c1e2386329fce09d3d0ada983456cdb1f0189339f0.jpg,1,noise_0.05,0.3839259147644043
data/corpus_smoke/images/SDXL/df/df709b29f8aec259af0f27c1e2386329fce09d3d0ada983456cdb1f0189339f0.jpg,1,noise_0.1,0.3481408953666687
data/corpus_smoke/images/SDXL/df/df709b29f8aec259af0f27c1e2386329fce09d3d0ada983456cdb1f0189339f0.jpg,1,jitter_0.2,0.41251474618911743
data/corpus_smoke/images/SDXL/df/df709b29f8aec259af0f27c1e2386329fce09d3d0ada983456cdb1f0189339f0.jpg,1,center_crop_0.8,0.4216415286064148
data/corpus_smoke/images/SDXL/df/df709b29f8aec259af0f27c1e2386329fce09d3d0ada983456cdb1f0189339f0.jpg,1,composed_blur1.0+jpeg70,0.42702338099479675
data/corpus_smoke/images/SDXL/df/df709b29f8aec259af0f27c1e2386329fce09d3d0ada983456cdb1f0189339f0.jpg,1,composed_resize0.5+jpeg50,0.4166110157966614
data/corpus_smoke/images/SDXL/df/df709b29f8aec259af0f27c1e2386329fce09d3d0ada983456cdb1f0189339f0.jpg,1,composed_jitter0.2+jpeg30,0.4164727032184601
data/corpus_smoke/images/SDXL/df/df709b29f8aec259af0f27c1e2386329fce09d3d0ada983456cdb1f0189339f0.jpg,1,composed_resize0.25+blur0.5+jpeg30,0.4139629900455475
data/corpus_smoke/images/SDXL/a4/a4727b42583fbcf12424d95e4b6927f97a016f0f7184721451d0b214b17b03ec.jpg,1,clean,0.40937280654907227
data/corpus_smoke/images/SDXL/a4/a4727b42583fbcf12424d95e4b6927f97a016f0f7184721451d0b214b17b03ec.jpg,1,jpeg_90,0.40204933285713196
data/corpus_smoke/images/SDXL/a4/a4727b42583fbcf12424d95e4b6927f97a016f0f7184721451d0b214b17b03ec.jpg,1,jpeg_70,0.4173208475112915
data/corpus_smoke/images/SDXL/a4/a4727b42583fbcf12424d95e4b6927f97a016f0f7184721451d0b214b17b03ec.jpg,1,jpeg_50,0.41269683837890625
data/corpus_smoke/images/SDXL/a4/a4727b42583fbcf12424d95e4b6927f97a016f0f7184721451d0b214b17b03ec.jpg,1,jpeg_30,0.41011640429496765
data/corpus_smoke/images/SDXL/a4/a4727b42583fbcf12424d95e4b6927f97a016f0f7184721451d0b214b17b03ec.jpg,1,blur_0.5,0.41205456852912903
data/corpus_smoke/images/SDXL/a4/a4727b42583fbcf12424d95e4b6927f97a016f0f7184721451d0b214b17b03ec.jpg,1,blur_1.0,0.41790372133255005
data/corpus_smoke/images/SDXL/a4/a4727b42583fbcf12424d95e4b6927f97a016f0f7184721451d0b214b17b03ec.jpg,1,blur_2.0,0.42095839977264404
data/corpus_smoke/images/SDXL/a4/a4727b42583fbcf12424d95e4b6927f97a016f0f7184721451d0b214b17b03ec.jpg,1,resize_0.5,0.4130813479423523
data/corpus_smoke/images/SDXL/a4/a4727b42583fbcf12424d95e4b6927f97a016f0f7184721451d0b214b17b03ec.jpg,1,resize_0.25,0.41386547684669495
data/corpus_smoke/images/SDXL/a4/a4727b42583fbcf12424d95e4b6927f97a016f0f7184721451d0b214b17b03ec.jpg,1,noise_0.02,0.40584081411361694
data/corpus_smoke/images/SDXL/a4/a4727b42583fbcf12424d95e4b6927f97a016f0f7184721451d0b214b17b03ec.jpg,1,noise_0.05,0.3821081817150116
data/corpus_smoke/images/SDXL/a4/a4727b42583fbcf12424d95e4b6927f97a016f0f7184721451d0b214b17b03ec.jpg,1,noise_0.1,0.3441738784313202
data/corpus_smoke/images/SDXL/a4/a4727b42583fbcf12424d95e4b6927f97a016f0f7184721451d0b214b17b03ec.jpg,1,jitter_0.2,0.40772745013237
data/corpus_smoke/images/SDXL/a4/a4727b42583fbcf12424d95e4b6927f97a016f0f7184721451d0b214b17b03ec.jpg,1,center_crop_0.8,0.42274826765060425
data/corpus_smoke/images/SDXL/a4/a4727b42583fbcf12424d95e4b6927f97a016f0f7184721451d0b214b17b03ec.jpg,1,composed_blur1.0+jpeg70,0.4284410774707794
data/corpus_smoke/images/SDXL/a4/a4727b42583fbcf12424d95e4b6927f97a016f0f7184721451d0b214b17b03ec.jpg,1,composed_resize0.5+jpeg50,0.4150320589542389
data/corpus_smoke/images/SDXL/a4/a4727b42583fbcf12424d95e4b6927f97a016f0f7184721451d0b214b17b03ec.jpg,1,composed_jitter0.2+jpeg30,0.4053216278553009
data/corpus_smoke/images/SDXL/a4/a4727b42583fbcf12424d95e4b6927f97a016f0f7184721451d0b214b17b03ec.jpg,1,composed_resize0.25+blur0.5+jpeg30,0.4100435972213745
data/corpus_smoke/images/Gemini-nano-banana/c0/c0b3b3fb47bc3f743da56a81c54271b8b04698e34f4c35bbae9536566c049dd3.jpg,1,clean,0.37496015429496765
data/corpus_smoke/images/Gemini-nano-banana/c0/c0b3b3fb47bc3f743da56a81c54271b8b04698e34f4c35bbae9536566c049dd3.jpg,1,jpeg_90,0.38127052783966064
data/corpus_smoke/images/Gemini-nano-banana/c0/c0b3b3fb47bc3f743da56a81c54271b8b04698e34f4c35bbae9536566c049dd3.jpg,1,jpeg_70,0.3818621039390564
data/corpus_smoke/images/Gemini-nano-banana/c0/c0b3b3fb47bc3f743da56a81c54271b8b04698e34f4c35bbae9536566c049dd3.jpg,1,jpeg_50,0.37191203236579895
data/corpus_smoke/images/Gemini-nano-banana/c0/c0b3b3fb47bc3f743da56a81c54271b8b04698e34f4c35bbae9536566c049dd3.jpg,1,jpeg_30,0.3779698610305786
data/corpus_smoke/images/Gemini-nano-banana/c0/c0b3b3fb47bc3f743da56a81c54271b8b04698e34f4c35bbae9536566c049dd3.jpg,1,blur_0.5,0.3789634704589844
data/corpus_smoke/images/Gemini-nano-banana/c0/c0b3b3fb47bc3f743da56a81c54271b8b04698e34f4c35bbae9536566c049dd3.jpg,1,blur_1.0,0.3896038830280304
data/corpus_smoke/images/Gemini-nano-banana/c0/c0b3b3fb47bc3f743da56a81c54271b8b04698e34f4c35bbae9536566c049dd3.jpg,1,blur_2.0,0.40581566095352173
data/corpus_smoke/images/Gemini-nano-banana/c0/c0b3b3fb47bc3f743da56a81c54271b8b04698e34f4c35bbae9536566c049dd3.jpg,1,resize_0.5,0.383149117231369
data/corpus_smoke/images/Gemini-nano-banana/c0/c0b3b3fb47bc3f743da56a81c54271b8b04698e34f4c35bbae9536566c049dd3.jpg,1,resize_0.25,0.4032190442085266
data/corpus_smoke/images/Gemini-nano-banana/c0/c0b3b3fb47bc3f743da56a81c54271b8b04698e34f4c35bbae9536566c049dd3.jpg,1,noise_0.02,0.36620450019836426
data/corpus_smoke/images/Gemini-nano-banana/c0/c0b3b3fb47bc3f743da56a81c54271b8b04698e34f4c35bbae9536566c049dd3.jpg,1,noise_0.05,0.3468485176563263
data/corpus_smoke/images/Gemini-nano-banana/c0/c0b3b3fb47bc3f743da56a81c54271b8b04698e34f4c35bbae9536566c049dd3.jpg,1,noise_0.1,0.3146723508834839
data/corpus_smoke/images/Gemini-nano-banana/c0/c0b3b3fb47bc3f743da56a81c54271b8b04698e34f4c35bbae9536566c049dd3.jpg,1,jitter_0.2,0.3819544017314911
data/corpus_smoke/images/Gemini-nano-banana/c0/c0b3b3fb47bc3f743da56a81c54271b8b04698e34f4c35bbae9536566c049dd3.jpg,1,center_crop_0.8,0.3832806646823883
data/corpus_smoke/images/Gemini-nano-banana/c0/c0b3b3fb47bc3f743da56a81c54271b8b04698e34f4c35bbae9536566c049dd3.jpg,1,composed_blur1.0+jpeg70,0.39973101019859314
data/corpus_smoke/images/Gemini-nano-banana/c0/c0b3b3fb47bc3f743da56a81c54271b8b04698e34f4c35bbae9536566c049dd3.jpg,1,composed_resize0.5+jpeg50,0.38323524594306946
data/corpus_smoke/images/Gemini-nano-banana/c0/c0b3b3fb47bc3f743da56a81c54271b8b04698e34f4c35bbae9536566c049dd3.jpg,1,composed_jitter0.2+jpeg30,0.3767679035663605
data/corpus_smoke/images/Gemini-nano-banana/c0/c0b3b3fb47bc3f743da56a81c54271b8b04698e34f4c35bbae9536566c049dd3.jpg,1,composed_resize0.25+blur0.5+jpeg30,0.40526899695396423
data/corpus_smoke/images/Gemini-nano-banana/79/793a086f6692ee27f124c139e0f5e9b88bdbdcf5d41c7d8ddecd80ad7c0d03b2.jpg,1,clean,0.3900830149650574
data/corpus_smoke/images/Gemini-nano-banana/79/793a086f6692ee27f124c139e0f5e9b88bdbdcf5d41c7d8ddecd80ad7c0d03b2.jpg,1,jpeg_90,0.39071124792099
data/corpus_smoke/images/Gemini-nano-banana/79/793a086f6692ee27f124c139e0f5e9b88bdbdcf5d41c7d8ddecd80ad7c0d03b2.jpg,1,jpeg_70,0.3836529850959778
data/corpus_smoke/images/Gemini-nano-banana/79/793a086f6692ee27f124c139e0f5e9b88bdbdcf5d41c7d8ddecd80ad7c0d03b2.jpg,1,jpeg_50,0.38129231333732605
data/corpus_smoke/images/Gemini-nano-banana/79/793a086f6692ee27f124c139e0f5e9b88bdbdcf5d41c7d8ddecd80ad7c0d03b2.jpg,1,jpeg_30,0.3786664605140686
data/corpus_smoke/images/Gemini-nano-banana/79/793a086f6692ee27f124c139e0f5e9b88bdbdcf5d41c7d8ddecd80ad7c0d03b2.jpg,1,blur_0.5,0.39433595538139343
data/corpus_smoke/images/Gemini-nano-banana/79/793a086f6692ee27f124c139e0f5e9b88bdbdcf5d41c7d8ddecd80ad7c0d03b2.jpg,1,blur_1.0,0.40404021739959717
data/corpus_smoke/images/Gemini-nano-banana/79/793a086f6692ee27f124c139e0f5e9b88bdbdcf5d41c7d8ddecd80ad7c0d03b2.jpg,1,blur_2.0,0.42435091733932495
data/corpus_smoke/images/Gemini-nano-banana/79/793a086f6692ee27f124c139e0f5e9b88bdbdcf5d41c7d8ddecd80ad7c0d03b2.jpg,1,resize_0.5,0.39767804741859436
data/corpus_smoke/images/Gemini-nano-banana/79/793a086f6692ee27f124c139e0f5e9b88bdbdcf5d41c7d8ddecd80ad7c0d03b2.jpg,1,resize_0.25,0.4137410819530487
data/corpus_smoke/images/Gemini-nano-banana/79/793a086f6692ee27f124c139e0f5e9b88bdbdcf5d41c7d8ddecd80ad7c0d03b2.jpg,1,noise_0.02,0.38108643889427185
data/corpus_smoke/images/Gemini-nano-banana/79/793a086f6692ee27f124c139e0f5e9b88bdbdcf5d41c7d8ddecd80ad7c0d03b2.jpg,1,noise_0.05,0.35787510871887207
data/corpus_smoke/images/Gemini-nano-banana/79/793a086f6692ee27f124c139e0f5e9b88bdbdcf5d41c7d8ddecd80ad7c0d03b2.jpg,1,noise_0.1,0.3231271505355835
data/corpus_smoke/images/Gemini-nano-banana/79/793a086f6692ee27f124c139e0f5e9b88bdbdcf5d41c7d8ddecd80ad7c0d03b2.jpg,1,jitter_0.2,0.3944981098175049
data/corpus_smoke/images/Gemini-nano-banana/79/793a086f6692ee27f124c139e0f5e9b88bdbdcf5d41c7d8ddecd80ad7c0d03b2.jpg,1,center_crop_0.8,0.4018208682537079
data/corpus_smoke/images/Gemini-nano-banana/79/793a086f6692ee27f124c139e0f5e9b88bdbdcf5d41c7d8ddecd80ad7c0d03b2.jpg,1,composed_blur1.0+jpeg70,0.40717950463294983
data/corpus_smoke/images/Gemini-nano-banana/79/793a086f6692ee27f124c139e0f5e9b88bdbdcf5d41c7d8ddecd80ad7c0d03b2.jpg,1,composed_resize0.5+jpeg50,0.39527738094329834
data/corpus_smoke/images/Gemini-nano-banana/79/793a086f6692ee27f124c139e0f5e9b88bdbdcf5d41c7d8ddecd80ad7c0d03b2.jpg,1,composed_jitter0.2+jpeg30,0.3726661205291748
data/corpus_smoke/images/Gemini-nano-banana/79/793a086f6692ee27f124c139e0f5e9b88bdbdcf5d41c7d8ddecd80ad7c0d03b2.jpg,1,composed_resize0.25+blur0.5+jpeg30,0.40250715613365173
data/corpus_smoke/images/Gemini-nano-banana/a8/a846fc52a1657649f5c69d74c708d12ab4c78261b043fd476878f0eaded0c6be.jpg,1,clean,0.3505741357803345
data/corpus_smoke/images/Gemini-nano-banana/a8/a846fc52a1657649f5c69d74c708d12ab4c78261b043fd476878f0eaded0c6be.jpg,1,jpeg_90,0.35207998752593994
data/corpus_smoke/images/Gemini-nano-banana/a8/a846fc52a1657649f5c69d74c708d12ab4c78261b043fd476878f0eaded0c6be.jpg,1,jpeg_70,0.3518105149269104
data/corpus_smoke/images/Gemini-nano-banana/a8/a846fc52a1657649f5c69d74c708d12ab4c78261b043fd476878f0eaded0c6be.jpg,1,jpeg_50,0.36076217889785767
data/corpus_smoke/images/Gemini-nano-banana/a8/a846fc52a1657649f5c69d74c708d12ab4c78261b043fd476878f0eaded0c6be.jpg,1,jpeg_30,0.3560408353805542
data/corpus_smoke/images/Gemini-nano-banana/a8/a846fc52a1657649f5c69d74c708d12ab4c78261b043fd476878f0eaded0c6be.jpg,1,blur_0.5,0.3548416793346405
data/corpus_smoke/images/Gemini-nano-banana/a8/a846fc52a1657649f5c69d74c708d12ab4c78261b043fd476878f0eaded0c6be.jpg,1,blur_1.0,0.3654097616672516
data/corpus_smoke/images/Gemini-nano-banana/a8/a846fc52a1657649f5c69d74c708d12ab4c78261b043fd476878f0eaded0c6be.jpg,1,blur_2.0,0.3825325071811676
data/corpus_smoke/images/Gemini-nano-banana/a8/a846fc52a1657649f5c69d74c708d12ab4c78261b043fd476878f0eaded0c6be.jpg,1,resize_0.5,0.360196590423584
data/corpus_smoke/images/Gemini-nano-banana/a8/a846fc52a1657649f5c69d74c708d12ab4c78261b043fd476878f0eaded0c6be.jpg,1,resize_0.25,0.37162330746650696
data/corpus_smoke/images/Gemini-nano-banana/a8/a846fc52a1657649f5c69d74c708d12ab4c78261b043fd476878f0eaded0c6be.jpg,1,noise_0.02,0.34867745637893677
data/corpus_smoke/images/Gemini-nano-banana/a8/a846fc52a1657649f5c69d74c708d12ab4c78261b043fd476878f0eaded0c6be.jpg,1,noise_0.05,0.33324551582336426
data/corpus_smoke/images/Gemini-nano-banana/a8/a846fc52a1657649f5c69d74c708d12ab4c78261b043fd476878f0eaded0c6be.jpg,1,noise_0.1,0.3070875406265259
data/corpus_smoke/images/Gemini-nano-banana/a8/a846fc52a1657649f5c69d74c708d12ab4c78261b043fd476878f0eaded0c6be.jpg,1,jitter_0.2,0.3493708670139313
data/corpus_smoke/images/Gemini-nano-banana/a8/a846fc52a1657649f5c69d74c708d12ab4c78261b043fd476878f0eaded0c6be.jpg,1,center_crop_0.8,0.34821656346321106
data/corpus_smoke/images/Gemini-nano-banana/a8/a846fc52a1657649f5c69d74c708d12ab4c78261b043fd476878f0eaded0c6be.jpg,1,composed_blur1.0+jpeg70,0.3723197281360626
data/corpus_smoke/images/Gemini-nano-banana/a8/a846fc52a1657649f5c69d74c708d12ab4c78261b043fd476878f0eaded0c6be.jpg,1,composed_resize0.5+jpeg50,0.3711145520210266
data/corpus_smoke/images/Gemini-nano-banana/a8/a846fc52a1657649f5c69d74c708d12ab4c78261b043fd476878f0eaded0c6be.jpg,1,composed_jitter0.2+jpeg30,0.35833021998405457
data/corpus_smoke/images/Gemini-nano-banana/a8/a846fc52a1657649f5c69d74c708d12ab4c78261b043fd476878f0eaded0c6be.jpg,1,composed_resize0.25+blur0.5+jpeg30,0.37554019689559937
data/corpus_smoke/images/Gemini-nano-banana/5b/5bdabec8c54b1b61a2a086d6352a86d33b0bbf171eb82b2b364b432a5d60a3cf.jpg,1,clean,0.3892817795276642
data/corpus_smoke/images/Gemini-nano-banana/5b/5bdabec8c54b1b61a2a086d6352a86d33b0bbf171eb82b2b364b432a5d60a3cf.jpg,1,jpeg_90,0.38952475786209106
data/corpus_smoke/images/Gemini-nano-banana/5b/5bdabec8c54b1b61a2a086d6352a86d33b0bbf171eb82b2b364b432a5d60a3cf.jpg,1,jpeg_70,0.3953878879547119
data/corpus_smoke/images/Gemini-nano-banana/5b/5bdabec8c54b1b61a2a086d6352a86d33b0bbf171eb82b2b364b432a5d60a3cf.jpg,1,jpeg_50,0.3937116265296936
data/corpus_smoke/images/Gemini-nano-banana/5b/5bdabec8c54b1b61a2a086d6352a86d33b0bbf171eb82b2b364b432a5d60a3cf.jpg,1,jpeg_30,0.4053764045238495
data/corpus_smoke/images/Gemini-nano-banana/5b/5bdabec8c54b1b61a2a086d6352a86d33b0bbf171eb82b2b364b432a5d60a3cf.jpg,1,blur_0.5,0.39284324645996094
data/corpus_smoke/images/Gemini-nano-banana/5b/5bdabec8c54b1b61a2a086d6352a86d33b0bbf171eb82b2b364b432a5d60a3cf.jpg,1,blur_1.0,0.4050617516040802
data/corpus_smoke/images/Gemini-nano-banana/5b/5bdabec8c54b1b61a2a086d6352a86d33b0bbf171eb82b2b364b432a5d60a3cf.jpg,1,blur_2.0,0.4109964370727539
data/corpus_smoke/images/Gemini-nano-banana/5b/5bdabec8c54b1b61a2a086d6352a86d33b0bbf171eb82b2b364b432a5d60a3cf.jpg,1,resize_0.5,0.39977240562438965
data/corpus_smoke/images/Gemini-nano-banana/5b/5bdabec8c54b1b61a2a086d6352a86d33b0bbf171eb82b2b364b432a5d60a3cf.jpg,1,resize_0.25,0.4065086543560028
data/corpus_smoke/images/Gemini-nano-banana/5b/5bdabec8c54b1b61a2a086d6352a86d33b0bbf171eb82b2b364b432a5d60a3cf.jpg,1,noise_0.02,0.3911891281604767
data/corpus_smoke/images/Gemini-nano-banana/5b/5bdabec8c54b1b61a2a086d6352a86d33b0bbf171eb82b2b364b432a5d60a3cf.jpg,1,noise_0.05,0.3673333525657654
data/corpus_smoke/images/Gemini-nano-banana/5b/5bdabec8c54b1b61a2a086d6352a86d33b0bbf171eb82b2b364b432a5d60a3cf.jpg,1,noise_0.1,0.3302989900112152
data/corpus_smoke/images/Gemini-nano-banana/5b/5bdabec8c54b1b61a2a086d6352a86d33b0bbf171eb82b2b364b432a5d60a3cf.jpg,1,jitter_0.2,0.3748972415924072
data/corpus_smoke/images/Gemini-nano-banana/5b/5bdabec8c54b1b61a2a086d6352a86d33b0bbf171eb82b2b364b432a5d60a3cf.jpg,1,center_crop_0.8,0.4029611349105835
data/corpus_smoke/images/Gemini-nano-banana/5b/5bdabec8c54b1b61a2a086d6352a86d33b0bbf171eb82b2b364b432a5d60a3cf.jpg,1,composed_blur1.0+jpeg70,0.41707852482795715
data/corpus_smoke/images/Gemini-nano-banana/5b/5bdabec8c54b1b61a2a086d6352a86d33b0bbf171eb82b2b364b432a5d60a3cf.jpg,1,composed_resize0.5+jpeg50,0.40241026878356934
data/corpus_smoke/images/Gemini-nano-banana/5b/5bdabec8c54b1b61a2a086d6352a86d33b0bbf171eb82b2b364b432a5d60a3cf.jpg,1,composed_jitter0.2+jpeg30,0.40588006377220154
data/corpus_smoke/images/Gemini-nano-banana/5b/5bdabec8c54b1b61a2a086d6352a86d33b0bbf171eb82b2b364b432a5d60a3cf.jpg,1,composed_resize0.25+blur0.5+jpeg30,0.4155348539352417
data/corpus_smoke/images/Gemini-nano-banana/fb/fbb187bf17b1a03a249d1380e7a4b3aad5a0827e21864a0da3065fecbee2eacf.jpg,1,clean,0.3951178789138794
data/corpus_smoke/images/Gemini-nano-banana/fb/fbb187bf17b1a03a249d1380e7a4b3aad5a0827e21864a0da3065fecbee2eacf.jpg,1,jpeg_90,0.3949871063232422
data/corpus_smoke/images/Gemini-nano-banana/fb/fbb187bf17b1a03a249d1380e7a4b3aad5a0827e21864a0da3065fecbee2eacf.jpg,1,jpeg_70,0.4028112590312958
data/corpus_smoke/images/Gemini-nano-banana/fb/fbb187bf17b1a03a249d1380e7a4b3aad5a0827e21864a0da3065fecbee2eacf.jpg,1,jpeg_50,0.403973251581192
data/corpus_smoke/images/Gemini-nano-banana/fb/fbb187bf17b1a03a249d1380e7a4b3aad5a0827e21864a0da3065fecbee2eacf.jpg,1,jpeg_30,0.4096348285675049
data/corpus_smoke/images/Gemini-nano-banana/fb/fbb187bf17b1a03a249d1380e7a4b3aad5a0827e21864a0da3065fecbee2eacf.jpg,1,blur_0.5,0.40044745802879333
data/corpus_smoke/images/Gemini-nano-banana/fb/fbb187bf17b1a03a249d1380e7a4b3aad5a0827e21864a0da3065fecbee2eacf.jpg,1,blur_1.0,0.41484159231185913
data/corpus_smoke/images/Gemini-nano-banana/fb/fbb187bf17b1a03a249d1380e7a4b3aad5a0827e21864a0da3065fecbee2eacf.jpg,1,blur_2.0,0.4381302297115326
data/corpus_smoke/images/Gemini-nano-banana/fb/fbb187bf17b1a03a249d1380e7a4b3aad5a0827e21864a0da3065fecbee2eacf.jpg,1,resize_0.5,0.4050891101360321
data/corpus_smoke/images/Gemini-nano-banana/fb/fbb187bf17b1a03a249d1380e7a4b3aad5a0827e21864a0da3065fecbee2eacf.jpg,1,resize_0.25,0.42372363805770874
data/corpus_smoke/images/Gemini-nano-banana/fb/fbb187bf17b1a03a249d1380e7a4b3aad5a0827e21864a0da3065fecbee2eacf.jpg,1,noise_0.02,0.3947930335998535
data/corpus_smoke/images/Gemini-nano-banana/fb/fbb187bf17b1a03a249d1380e7a4b3aad5a0827e21864a0da3065fecbee2eacf.jpg,1,noise_0.05,0.38119402527809143
data/corpus_smoke/images/Gemini-nano-banana/fb/fbb187bf17b1a03a249d1380e7a4b3aad5a0827e21864a0da3065fecbee2eacf.jpg,1,noise_0.1,0.3542049825191498
data/corpus_smoke/images/Gemini-nano-banana/fb/fbb187bf17b1a03a249d1380e7a4b3aad5a0827e21864a0da3065fecbee2eacf.jpg,1,jitter_0.2,0.3833307921886444
data/corpus_smoke/images/Gemini-nano-banana/fb/fbb187bf17b1a03a249d1380e7a4b3aad5a0827e21864a0da3065fecbee2eacf.jpg,1,center_crop_0.8,0.3944096863269806
data/corpus_smoke/images/Gemini-nano-banana/fb/fbb187bf17b1a03a249d1380e7a4b3aad5a0827e21864a0da3065fecbee2eacf.jpg,1,composed_blur1.0+jpeg70,0.4262842535972595
data/corpus_smoke/images/Gemini-nano-banana/fb/fbb187bf17b1a03a249d1380e7a4b3aad5a0827e21864a0da3065fecbee2eacf.jpg,1,composed_resize0.5+jpeg50,0.4117048680782318
data/corpus_smoke/images/Gemini-nano-banana/fb/fbb187bf17b1a03a249d1380e7a4b3aad5a0827e21864a0da3065fecbee2eacf.jpg,1,composed_jitter0.2+jpeg30,0.4180082082748413
data/corpus_smoke/images/Gemini-nano-banana/fb/fbb187bf17b1a03a249d1380e7a4b3aad5a0827e21864a0da3065fecbee2eacf.jpg,1,composed_resize0.25+blur0.5+jpeg30,0.4269092082977295
data/corpus_smoke/images/Gemini-nano-banana/86/860926f672f4b91aa14faf51cc537d6887d6229f73ec907a5f96b15063d3b910.jpg,1,clean,0.3869839012622833
data/corpus_smoke/images/Gemini-nano-banana/86/860926f672f4b91aa14faf51cc537d6887d6229f73ec907a5f96b15063d3b910.jpg,1,jpeg_90,0.3899906277656555
data/corpus_smoke/images/Gemini-nano-banana/86/860926f672f4b91aa14faf51cc537d6887d6229f73ec907a5f96b15063d3b910.jpg,1,jpeg_70,0.38821306824684143
data/corpus_smoke/images/Gemini-nano-banana/86/860926f672f4b91aa14faf51cc537d6887d6229f73ec907a5f96b15063d3b910.jpg,1,jpeg_50,0.3915790319442749
data/corpus_smoke/images/Gemini-nano-banana/86/860926f672f4b91aa14faf51cc537d6887d6229f73ec907a5f96b15063d3b910.jpg,1,jpeg_30,0.3891594707965851
data/corpus_smoke/images/Gemini-nano-banana/86/860926f672f4b91aa14faf51cc537d6887d6229f73ec907a5f96b15063d3b910.jpg,1,blur_0.5,0.3928162455558777
data/corpus_smoke/images/Gemini-nano-banana/86/860926f672f4b91aa14faf51cc537d6887d6229f73ec907a5f96b15063d3b910.jpg,1,blur_1.0,0.40676116943359375
data/corpus_smoke/images/Gemini-nano-banana/86/860926f672f4b91aa14faf51cc537d6887d6229f73ec907a5f96b15063d3b910.jpg,1,blur_2.0,0.41604676842689514
data/corpus_smoke/images/Gemini-nano-banana/86/860926f672f4b91aa14faf51cc537d6887d6229f73ec907a5f96b15063d3b910.jpg,1,resize_0.5,0.4011646509170532
data/corpus_smoke/images/Gemini-nano-banana/86/860926f672f4b91aa14faf51cc537d6887d6229f73ec907a5f96b15063d3b910.jpg,1,resize_0.25,0.4136076271533966
data/corpus_smoke/images/Gemini-nano-banana/86/860926f672f4b91aa14faf51cc537d6887d6229f73ec907a5f96b15063d3b910.jpg,1,noise_0.02,0.39465662837028503
data/corpus_smoke/images/Gemini-nano-banana/86/860926f672f4b91aa14faf51cc537d6887d6229f73ec907a5f96b15063d3b910.jpg,1,noise_0.05,0.3675813674926758
data/corpus_smoke/images/Gemini-nano-banana/86/860926f672f4b91aa14faf51cc537d6887d6229f73ec907a5f96b15063d3b910.jpg,1,noise_0.1,0.3348826467990875
data/corpus_smoke/images/Gemini-nano-banana/86/860926f672f4b91aa14faf51cc537d6887d6229f73ec907a5f96b15063d3b910.jpg,1,jitter_0.2,0.3777853846549988
data/corpus_smoke/images/Gemini-nano-banana/86/860926f672f4b91aa14faf51cc537d6887d6229f73ec907a5f96b15063d3b910.jpg,1,center_crop_0.8,0.3925286829471588
data/corpus_smoke/images/Gemini-nano-banana/86/860926f672f4b91aa14faf51cc537d6887d6229f73ec907a5f96b15063d3b910.jpg,1,composed_blur1.0+jpeg70,0.4044555127620697
data/corpus_smoke/images/Gemini-nano-banana/86/860926f672f4b91aa14faf51cc537d6887d6229f73ec907a5f96b15063d3b910.jpg,1,composed_resize0.5+jpeg50,0.40565821528434753
data/corpus_smoke/images/Gemini-nano-banana/86/860926f672f4b91aa14faf51cc537d6887d6229f73ec907a5f96b15063d3b910.jpg,1,composed_jitter0.2+jpeg30,0.38586366176605225
data/corpus_smoke/images/Gemini-nano-banana/86/860926f672f4b91aa14faf51cc537d6887d6229f73ec907a5f96b15063d3b910.jpg,1,composed_resize0.25+blur0.5+jpeg30,0.4080128073692322
data/corpus_smoke/images/Gemini-nano-banana/61/616382e78aaedc0f70c17f3ea488a67652ed0406ed16ae75e1f9c5d3414ff9f9.jpg,1,clean,0.347608357667923
data/corpus_smoke/images/Gemini-nano-banana/61/616382e78aaedc0f70c17f3ea488a67652ed0406ed16ae75e1f9c5d3414ff9f9.jpg,1,jpeg_90,0.34550172090530396
data/corpus_smoke/images/Gemini-nano-banana/61/616382e78aaedc0f70c17f3ea488a67652ed0406ed16ae75e1f9c5d3414ff9f9.jpg,1,jpeg_70,0.34772375226020813
data/corpus_smoke/images/Gemini-nano-banana/61/616382e78aaedc0f70c17f3ea488a67652ed0406ed16ae75e1f9c5d3414ff9f9.jpg,1,jpeg_50,0.3407067656517029
data/corpus_smoke/images/Gemini-nano-banana/61/616382e78aaedc0f70c17f3ea488a67652ed0406ed16ae75e1f9c5d3414ff9f9.jpg,1,jpeg_30,0.3458820879459381
data/corpus_smoke/images/Gemini-nano-banana/61/616382e78aaedc0f70c17f3ea488a67652ed0406ed16ae75e1f9c5d3414ff9f9.jpg,1,blur_0.5,0.35584285855293274
data/corpus_smoke/images/Gemini-nano-banana/61/616382e78aaedc0f70c17f3ea488a67652ed0406ed16ae75e1f9c5d3414ff9f9.jpg,1,blur_1.0,0.37055179476737976
data/corpus_smoke/images/Gemini-nano-banana/61/616382e78aaedc0f70c17f3ea488a67652ed0406ed16ae75e1f9c5d3414ff9f9.jpg,1,blur_2.0,0.3935237526893616
data/corpus_smoke/images/Gemini-nano-banana/61/616382e78aaedc0f70c17f3ea488a67652ed0406ed16ae75e1f9c5d3414ff9f9.jpg,1,resize_0.5,0.360718309879303
data/corpus_smoke/images/Gemini-nano-banana/61/616382e78aaedc0f70c17f3ea488a67652ed0406ed16ae75e1f9c5d3414ff9f9.jpg,1,resize_0.25,0.38490819931030273
data/corpus_smoke/images/Gemini-nano-banana/61/616382e78aaedc0f70c17f3ea488a67652ed0406ed16ae75e1f9c5d3414ff9f9.jpg,1,noise_0.02,0.3398497998714447
data/corpus_smoke/images/Gemini-nano-banana/61/616382e78aaedc0f70c17f3ea488a67652ed0406ed16ae75e1f9c5d3414ff9f9.jpg,1,noise_0.05,0.32340869307518005
data/corpus_smoke/images/Gemini-nano-banana/61/616382e78aaedc0f70c17f3ea488a67652ed0406ed16ae75e1f9c5d3414ff9f9.jpg,1,noise_0.1,0.30114200711250305
data/corpus_smoke/images/Gemini-nano-banana/61/616382e78aaedc0f70c17f3ea488a67652ed0406ed16ae75e1f9c5d3414ff9f9.jpg,1,jitter_0.2,0.33514344692230225
data/corpus_smoke/images/Gemini-nano-banana/61/616382e78aaedc0f70c17f3ea488a67652ed0406ed16ae75e1f9c5d3414ff9f9.jpg,1,center_crop_0.8,0.35540077090263367
data/corpus_smoke/images/Gemini-nano-banana/61/616382e78aaedc0f70c17f3ea488a67652ed0406ed16ae75e1f9c5d3414ff9f9.jpg,1,composed_blur1.0+jpeg70,0.3807750642299652
data/corpus_smoke/images/Gemini-nano-banana/61/616382e78aaedc0f70c17f3ea488a67652ed0406ed16ae75e1f9c5d3414ff9f9.jpg,1,composed_resize0.5+jpeg50,0.35993897914886475
data/corpus_smoke/images/Gemini-nano-banana/61/616382e78aaedc0f70c17f3ea488a67652ed0406ed16ae75e1f9c5d3414ff9f9.jpg,1,composed_jitter0.2+jpeg30,0.3469253182411194
data/corpus_smoke/images/Gemini-nano-banana/61/616382e78aaedc0f70c17f3ea488a67652ed0406ed16ae75e1f9c5d3414ff9f9.jpg,1,composed_resize0.25+blur0.5+jpeg30,0.38355618715286255
data/corpus_smoke/images/Gemini-nano-banana/ba/babec363516e059ae6fcd0ce3af25801ff71ccfbec0a6efc1ce145ff3378eb6a.jpg,1,clean,0.3485192656517029
data/corpus_smoke/images/Gemini-nano-banana/ba/babec363516e059ae6fcd0ce3af25801ff71ccfbec0a6efc1ce145ff3378eb6a.jpg,1,jpeg_90,0.35115334391593933
data/corpus_smoke/images/Gemini-nano-banana/ba/babec363516e059ae6fcd0ce3af25801ff71ccfbec0a6efc1ce145ff3378eb6a.jpg,1,jpeg_70,0.35436034202575684
data/corpus_smoke/images/Gemini-nano-banana/ba/babec363516e059ae6fcd0ce3af25801ff71ccfbec0a6efc1ce145ff3378eb6a.jpg,1,jpeg_50,0.35206636786460876
data/corpus_smoke/images/Gemini-nano-banana/ba/babec363516e059ae6fcd0ce3af25801ff71ccfbec0a6efc1ce145ff3378eb6a.jpg,1,jpeg_30,0.3511170744895935
data/corpus_smoke/images/Gemini-nano-banana/ba/babec363516e059ae6fcd0ce3af25801ff71ccfbec0a6efc1ce145ff3378eb6a.jpg,1,blur_0.5,0.35440897941589355
data/corpus_smoke/images/Gemini-nano-banana/ba/babec363516e059ae6fcd0ce3af25801ff71ccfbec0a6efc1ce145ff3378eb6a.jpg,1,blur_1.0,0.37199389934539795
data/corpus_smoke/images/Gemini-nano-banana/ba/babec363516e059ae6fcd0ce3af25801ff71ccfbec0a6efc1ce145ff3378eb6a.jpg,1,blur_2.0,0.39339736104011536
data/corpus_smoke/images/Gemini-nano-banana/ba/babec363516e059ae6fcd0ce3af25801ff71ccfbec0a6efc1ce145ff3378eb6a.jpg,1,resize_0.5,0.36368441581726074
data/corpus_smoke/images/Gemini-nano-banana/ba/babec363516e059ae6fcd0ce3af25801ff71ccfbec0a6efc1ce145ff3378eb6a.jpg,1,resize_0.25,0.38281506299972534
data/corpus_smoke/images/Gemini-nano-banana/ba/babec363516e059ae6fcd0ce3af25801ff71ccfbec0a6efc1ce145ff3378eb6a.jpg,1,noise_0.02,0.3491653501987457
data/corpus_smoke/images/Gemini-nano-banana/ba/babec363516e059ae6fcd0ce3af25801ff71ccfbec0a6efc1ce145ff3378eb6a.jpg,1,noise_0.05,0.33188971877098083
data/corpus_smoke/images/Gemini-nano-banana/ba/babec363516e059ae6fcd0ce3af25801ff71ccfbec0a6efc1ce145ff3378eb6a.jpg,1,noise_0.1,0.29784661531448364
data/corpus_smoke/images/Gemini-nano-banana/ba/babec363516e059ae6fcd0ce3af25801ff71ccfbec0a6efc1ce145ff3378eb6a.jpg,1,jitter_0.2,0.3484276831150055
data/corpus_smoke/images/Gemini-nano-banana/ba/babec363516e059ae6fcd0ce3af25801ff71ccfbec0a6efc1ce145ff3378eb6a.jpg,1,center_crop_0.8,0.367700457572937
data/corpus_smoke/images/Gemini-nano-banana/ba/babec363516e059ae6fcd0ce3af25801ff71ccfbec0a6efc1ce145ff3378eb6a.jpg,1,composed_blur1.0+jpeg70,0.3812282681465149
data/corpus_smoke/images/Gemini-nano-banana/ba/babec363516e059ae6fcd0ce3af25801ff71ccfbec0a6efc1ce145ff3378eb6a.jpg,1,composed_resize0.5+jpeg50,0.3664502799510956
data/corpus_smoke/images/Gemini-nano-banana/ba/babec363516e059ae6fcd0ce3af25801ff71ccfbec0a6efc1ce145ff3378eb6a.jpg,1,composed_jitter0.2+jpeg30,0.35595041513442993
data/corpus_smoke/images/Gemini-nano-banana/ba/babec363516e059ae6fcd0ce3af25801ff71ccfbec0a6efc1ce145ff3378eb6a.jpg,1,composed_resize0.25+blur0.5+jpeg30,0.3829905390739441
data/corpus_smoke/images/Gemini-nano-banana/4a/4adee75787169b2c84bc08b1b801815c53f6feb6b13d564d46b5371eeaa9895d.jpg,1,clean,0.3072659373283386
data/corpus_smoke/images/Gemini-nano-banana/4a/4adee75787169b2c84bc08b1b801815c53f6feb6b13d564d46b5371eeaa9895d.jpg,1,jpeg_90,0.3094388544559479
data/corpus_smoke/images/Gemini-nano-banana/4a/4adee75787169b2c84bc08b1b801815c53f6feb6b13d564d46b5371eeaa9895d.jpg,1,jpeg_70,0.3146027624607086
data/corpus_smoke/images/Gemini-nano-banana/4a/4adee75787169b2c84bc08b1b801815c53f6feb6b13d564d46b5371eeaa9895d.jpg,1,jpeg_50,0.29756009578704834
data/corpus_smoke/images/Gemini-nano-banana/4a/4adee75787169b2c84bc08b1b801815c53f6feb6b13d564d46b5371eeaa9895d.jpg,1,jpeg_30,0.3006553649902344
data/corpus_smoke/images/Gemini-nano-banana/4a/4adee75787169b2c84bc08b1b801815c53f6feb6b13d564d46b5371eeaa9895d.jpg,1,blur_0.5,0.3151828646659851
data/corpus_smoke/images/Gemini-nano-banana/4a/4adee75787169b2c84bc08b1b801815c53f6feb6b13d564d46b5371eeaa9895d.jpg,1,blur_1.0,0.3325876295566559
data/corpus_smoke/images/Gemini-nano-banana/4a/4adee75787169b2c84bc08b1b801815c53f6feb6b13d564d46b5371eeaa9895d.jpg,1,blur_2.0,0.3628031611442566
data/corpus_smoke/images/Gemini-nano-banana/4a/4adee75787169b2c84bc08b1b801815c53f6feb6b13d564d46b5371eeaa9895d.jpg,1,resize_0.5,0.3278404772281647
data/corpus_smoke/images/Gemini-nano-banana/4a/4adee75787169b2c84bc08b1b801815c53f6feb6b13d564d46b5371eeaa9895d.jpg,1,resize_0.25,0.3500290811061859
data/corpus_smoke/images/Gemini-nano-banana/4a/4adee75787169b2c84bc08b1b801815c53f6feb6b13d564d46b5371eeaa9895d.jpg,1,noise_0.02,0.3116370141506195
data/corpus_smoke/images/Gemini-nano-banana/4a/4adee75787169b2c84bc08b1b801815c53f6feb6b13d564d46b5371eeaa9895d.jpg,1,noise_0.05,0.2967822253704071
data/corpus_smoke/images/Gemini-nano-banana/4a/4adee75787169b2c84bc08b1b801815c53f6feb6b13d564d46b5371eeaa9895d.jpg,1,noise_0.1,0.27792468667030334
data/corpus_smoke/images/Gemini-nano-banana/4a/4adee75787169b2c84bc08b1b801815c53f6feb6b13d564d46b5371eeaa9895d.jpg,1,jitter_0.2,0.32106438279151917
data/corpus_smoke/images/Gemini-nano-banana/4a/4adee75787169b2c84bc08b1b801815c53f6feb6b13d564d46b5371eeaa9895d.jpg,1,center_crop_0.8,0.3084925711154938
data/corpus_smoke/images/Gemini-nano-banana/4a/4adee75787169b2c84bc08b1b801815c53f6feb6b13d564d46b5371eeaa9895d.jpg,1,composed_blur1.0+jpeg70,0.3556762933731079
data/corpus_smoke/images/Gemini-nano-banana/4a/4adee75787169b2c84bc08b1b801815c53f6feb6b13d564d46b5371eeaa9895d.jpg,1,composed_resize0.5+jpeg50,0.3269713222980499
data/corpus_smoke/images/Gemini-nano-banana/4a/4adee75787169b2c84bc08b1b801815c53f6feb6b13d564d46b5371eeaa9895d.jpg,1,composed_jitter0.2+jpeg30,0.31451553106307983
data/corpus_smoke/images/Gemini-nano-banana/4a/4adee75787169b2c84bc08b1b801815c53f6feb6b13d564d46b5371eeaa9895d.jpg,1,composed_resize0.25+blur0.5+jpeg30,0.3566480576992035
data/corpus_smoke/images/Gemini-nano-banana/da/dac471cbf05764dd32e47c046272933d905781b22298aeb9aa9a8fd2304f30e8.jpg,1,clean,0.3073960244655609
data/corpus_smoke/images/Gemini-nano-banana/da/dac471cbf05764dd32e47c046272933d905781b22298aeb9aa9a8fd2304f30e8.jpg,1,jpeg_90,0.3148082196712494
data/corpus_smoke/images/Gemini-nano-banana/da/dac471cbf05764dd32e47c046272933d905781b22298aeb9aa9a8fd2304f30e8.jpg,1,jpeg_70,0.3128316402435303
data/corpus_smoke/images/Gemini-nano-banana/da/dac471cbf05764dd32e47c046272933d905781b22298aeb9aa9a8fd2304f30e8.jpg,1,jpeg_50,0.31118983030319214
data/corpus_smoke/images/Gemini-nano-banana/da/dac471cbf05764dd32e47c046272933d905781b22298aeb9aa9a8fd2304f30e8.jpg,1,jpeg_30,0.3122744858264923
data/corpus_smoke/images/Gemini-nano-banana/da/dac471cbf05764dd32e47c046272933d905781b22298aeb9aa9a8fd2304f30e8.jpg,1,blur_0.5,0.3173990845680237
data/corpus_smoke/images/Gemini-nano-banana/da/dac471cbf05764dd32e47c046272933d905781b22298aeb9aa9a8fd2304f30e8.jpg,1,blur_1.0,0.3407069146633148
data/corpus_smoke/images/Gemini-nano-banana/da/dac471cbf05764dd32e47c046272933d905781b22298aeb9aa9a8fd2304f30e8.jpg,1,blur_2.0,0.3869274854660034
data/corpus_smoke/images/Gemini-nano-banana/da/dac471cbf05764dd32e47c046272933d905781b22298aeb9aa9a8fd2304f30e8.jpg,1,resize_0.5,0.32626184821128845
data/corpus_smoke/images/Gemini-nano-banana/da/dac471cbf05764dd32e47c046272933d905781b22298aeb9aa9a8fd2304f30e8.jpg,1,resize_0.25,0.36435002088546753
data/corpus_smoke/images/Gemini-nano-banana/da/dac471cbf05764dd32e47c046272933d905781b22298aeb9aa9a8fd2304f30e8.jpg,1,noise_0.02,0.3044359087944031
data/corpus_smoke/images/Gemini-nano-banana/da/dac471cbf05764dd32e47c046272933d905781b22298aeb9aa9a8fd2304f30e8.jpg,1,noise_0.05,0.3001672327518463
data/corpus_smoke/images/Gemini-nano-banana/da/dac471cbf05764dd32e47c046272933d905781b22298aeb9aa9a8fd2304f30e8.jpg,1,noise_0.1,0.28040629625320435
data/corpus_smoke/images/Gemini-nano-banana/da/dac471cbf05764dd32e47c046272933d905781b22298aeb9aa9a8fd2304f30e8.jpg,1,jitter_0.2,0.29796046018600464
data/corpus_smoke/images/Gemini-nano-banana/da/dac471cbf05764dd32e47c046272933d905781b22298aeb9aa9a8fd2304f30e8.jpg,1,center_crop_0.8,0.3178637623786926
data/corpus_smoke/images/Gemini-nano-banana/da/dac471cbf05764dd32e47c046272933d905781b22298aeb9aa9a8fd2304f30e8.jpg,1,composed_blur1.0+jpeg70,0.35945048928260803
data/corpus_smoke/images/Gemini-nano-banana/da/dac471cbf05764dd32e47c046272933d905781b22298aeb9aa9a8fd2304f30e8.jpg,1,composed_resize0.5+jpeg50,0.3384028673171997
data/corpus_smoke/images/Gemini-nano-banana/da/dac471cbf05764dd32e47c046272933d905781b22298aeb9aa9a8fd2304f30e8.jpg,1,composed_jitter0.2+jpeg30,0.302611380815506
data/corpus_smoke/images/Gemini-nano-banana/da/dac471cbf05764dd32e47c046272933d905781b22298aeb9aa9a8fd2304f30e8.jpg,1,composed_resize0.25+blur0.5+jpeg30,0.37621909379959106
data/corpus_smoke/images/Gemini-nano-banana/1f/1f0f3c78e538280f76e574a897e9f4e97e8d3a5a69e69360d36e74b2840f8ef5.jpg,1,clean,0.3827141225337982
data/corpus_smoke/images/Gemini-nano-banana/1f/1f0f3c78e538280f76e574a897e9f4e97e8d3a5a69e69360d36e74b2840f8ef5.jpg,1,jpeg_90,0.3784065842628479
data/corpus_smoke/images/Gemini-nano-banana/1f/1f0f3c78e538280f76e574a897e9f4e97e8d3a5a69e69360d36e74b2840f8ef5.jpg,1,jpeg_70,0.3866700232028961
data/corpus_smoke/images/Gemini-nano-banana/1f/1f0f3c78e538280f76e574a897e9f4e97e8d3a5a69e69360d36e74b2840f8ef5.jpg,1,jpeg_50,0.3768370449542999
data/corpus_smoke/images/Gemini-nano-banana/1f/1f0f3c78e538280f76e574a897e9f4e97e8d3a5a69e69360d36e74b2840f8ef5.jpg,1,jpeg_30,0.3777041435241699
data/corpus_smoke/images/Gemini-nano-banana/1f/1f0f3c78e538280f76e574a897e9f4e97e8d3a5a69e69360d36e74b2840f8ef5.jpg,1,blur_0.5,0.3861081600189209
data/corpus_smoke/images/Gemini-nano-banana/1f/1f0f3c78e538280f76e574a897e9f4e97e8d3a5a69e69360d36e74b2840f8ef5.jpg,1,blur_1.0,0.3901790380477905
data/corpus_smoke/images/Gemini-nano-banana/1f/1f0f3c78e538280f76e574a897e9f4e97e8d3a5a69e69360d36e74b2840f8ef5.jpg,1,blur_2.0,0.4058828055858612
data/corpus_smoke/images/Gemini-nano-banana/1f/1f0f3c78e538280f76e574a897e9f4e97e8d3a5a69e69360d36e74b2840f8ef5.jpg,1,resize_0.5,0.3821243941783905
data/corpus_smoke/images/Gemini-nano-banana/1f/1f0f3c78e538280f76e574a897e9f4e97e8d3a5a69e69360d36e74b2840f8ef5.jpg,1,resize_0.25,0.3982525169849396
data/corpus_smoke/images/Gemini-nano-banana/1f/1f0f3c78e538280f76e574a897e9f4e97e8d3a5a69e69360d36e74b2840f8ef5.jpg,1,noise_0.02,0.37172195315361023
data/corpus_smoke/images/Gemini-nano-banana/1f/1f0f3c78e538280f76e574a897e9f4e97e8d3a5a69e69360d36e74b2840f8ef5.jpg,1,noise_0.05,0.35047805309295654
data/corpus_smoke/images/Gemini-nano-banana/1f/1f0f3c78e538280f76e574a897e9f4e97e8d3a5a69e69360d36e74b2840f8ef5.jpg,1,noise_0.1,0.32814785838127136
data/corpus_smoke/images/Gemini-nano-banana/1f/1f0f3c78e538280f76e574a897e9f4e97e8d3a5a69e69360d36e74b2840f8ef5.jpg,1,jitter_0.2,0.3801337778568268
data/corpus_smoke/images/Gemini-nano-banana/1f/1f0f3c78e538280f76e574a897e9f4e97e8d3a5a69e69360d36e74b2840f8ef5.jpg,1,center_crop_0.8,0.3925948441028595
data/corpus_smoke/images/Gemini-nano-banana/1f/1f0f3c78e538280f76e574a897e9f4e97e8d3a5a69e69360d36e74b2840f8ef5.jpg,1,composed_blur1.0+jpeg70,0.4004133343696594
data/corpus_smoke/images/Gemini-nano-banana/1f/1f0f3c78e538280f76e574a897e9f4e97e8d3a5a69e69360d36e74b2840f8ef5.jpg,1,composed_resize0.5+jpeg50,0.3887997567653656
data/corpus_smoke/images/Gemini-nano-banana/1f/1f0f3c78e538280f76e574a897e9f4e97e8d3a5a69e69360d36e74b2840f8ef5.jpg,1,composed_jitter0.2+jpeg30,0.37722665071487427
data/corpus_smoke/images/Gemini-nano-banana/1f/1f0f3c78e538280f76e574a897e9f4e97e8d3a5a69e69360d36e74b2840f8ef5.jpg,1,composed_resize0.25+blur0.5+jpeg30,0.3971879482269287
data/corpus_smoke/images/Gemini-nano-banana/ba/bace917a76917d0a55f0e965ececa927732d281ecda360f20db3e8435a96a5ce.jpg,1,clean,0.37532559037208557
data/corpus_smoke/images/Gemini-nano-banana/ba/bace917a76917d0a55f0e965ececa927732d281ecda360f20db3e8435a96a5ce.jpg,1,jpeg_90,0.37505826354026794
data/corpus_smoke/images/Gemini-nano-banana/ba/bace917a76917d0a55f0e965ececa927732d281ecda360f20db3e8435a96a5ce.jpg,1,jpeg_70,0.38199663162231445
data/corpus_smoke/images/Gemini-nano-banana/ba/bace917a76917d0a55f0e965ececa927732d281ecda360f20db3e8435a96a5ce.jpg,1,jpeg_50,0.37580955028533936
data/corpus_smoke/images/Gemini-nano-banana/ba/bace917a76917d0a55f0e965ececa927732d281ecda360f20db3e8435a96a5ce.jpg,1,jpeg_30,0.3755154013633728
data/corpus_smoke/images/Gemini-nano-banana/ba/bace917a76917d0a55f0e965ececa927732d281ecda360f20db3e8435a96a5ce.jpg,1,blur_0.5,0.37925559282302856
data/corpus_smoke/images/Gemini-nano-banana/ba/bace917a76917d0a55f0e965ececa927732d281ecda360f20db3e8435a96a5ce.jpg,1,blur_1.0,0.39180368185043335
data/corpus_smoke/images/Gemini-nano-banana/ba/bace917a76917d0a55f0e965ececa927732d281ecda360f20db3e8435a96a5ce.jpg,1,blur_2.0,0.4054122567176819
data/corpus_smoke/images/Gemini-nano-banana/ba/bace917a76917d0a55f0e965ececa927732d281ecda360f20db3e8435a96a5ce.jpg,1,resize_0.5,0.3830423057079315
data/corpus_smoke/images/Gemini-nano-banana/ba/bace917a76917d0a55f0e965ececa927732d281ecda360f20db3e8435a96a5ce.jpg,1,resize_0.25,0.4021983742713928
data/corpus_smoke/images/Gemini-nano-banana/ba/bace917a76917d0a55f0e965ececa927732d281ecda360f20db3e8435a96a5ce.jpg,1,noise_0.02,0.36864492297172546
data/corpus_smoke/images/Gemini-nano-banana/ba/bace917a76917d0a55f0e965ececa927732d281ecda360f20db3e8435a96a5ce.jpg,1,noise_0.05,0.3489258289337158
data/corpus_smoke/images/Gemini-nano-banana/ba/bace917a76917d0a55f0e965ececa927732d281ecda360f20db3e8435a96a5ce.jpg,1,noise_0.1,0.30021825432777405
data/corpus_smoke/images/Gemini-nano-banana/ba/bace917a76917d0a55f0e965ececa927732d281ecda360f20db3e8435a96a5ce.jpg,1,jitter_0.2,0.3760569989681244
data/corpus_smoke/images/Gemini-nano-banana/ba/bace917a76917d0a55f0e965ececa927732d281ecda360f20db3e8435a96a5ce.jpg,1,center_crop_0.8,0.384085476398468
data/corpus_smoke/images/Gemini-nano-banana/ba/bace917a76917d0a55f0e965ececa927732d281ecda360f20db3e8435a96a5ce.jpg,1,composed_blur1.0+jpeg70,0.395231157541275
data/corpus_smoke/images/Gemini-nano-banana/ba/bace917a76917d0a55f0e965ececa927732d281ecda360f20db3e8435a96a5ce.jpg,1,composed_resize0.5+jpeg50,0.3851555585861206
data/corpus_smoke/images/Gemini-nano-banana/ba/bace917a76917d0a55f0e965ececa927732d281ecda360f20db3e8435a96a5ce.jpg,1,composed_jitter0.2+jpeg30,0.37582090497016907
data/corpus_smoke/images/Gemini-nano-banana/ba/bace917a76917d0a55f0e965ececa927732d281ecda360f20db3e8435a96a5ce.jpg,1,composed_resize0.25+blur0.5+jpeg30,0.39217305183410645
data/corpus_smoke/images/Gemini-nano-banana/b6/b63a0e8f382438cf9de416709e6b21bbc9a65558c3373903cc902de7c78b17a3.jpg,1,clean,0.38789406418800354
data/corpus_smoke/images/Gemini-nano-banana/b6/b63a0e8f382438cf9de416709e6b21bbc9a65558c3373903cc902de7c78b17a3.jpg,1,jpeg_90,0.3881550431251526
data/corpus_smoke/images/Gemini-nano-banana/b6/b63a0e8f382438cf9de416709e6b21bbc9a65558c3373903cc902de7c78b17a3.jpg,1,jpeg_70,0.39075762033462524
data/corpus_smoke/images/Gemini-nano-banana/b6/b63a0e8f382438cf9de416709e6b21bbc9a65558c3373903cc902de7c78b17a3.jpg,1,jpeg_50,0.3829433023929596
data/corpus_smoke/images/Gemini-nano-banana/b6/b63a0e8f382438cf9de416709e6b21bbc9a65558c3373903cc902de7c78b17a3.jpg,1,jpeg_30,0.3840419054031372
data/corpus_smoke/images/Gemini-nano-banana/b6/b63a0e8f382438cf9de416709e6b21bbc9a65558c3373903cc902de7c78b17a3.jpg,1,blur_0.5,0.3907499313354492
data/corpus_smoke/images/Gemini-nano-banana/b6/b63a0e8f382438cf9de416709e6b21bbc9a65558c3373903cc902de7c78b17a3.jpg,1,blur_1.0,0.39820459485054016
data/corpus_smoke/images/Gemini-nano-banana/b6/b63a0e8f382438cf9de416709e6b21bbc9a65558c3373903cc902de7c78b17a3.jpg,1,blur_2.0,0.4196837246417999
data/corpus_smoke/images/Gemini-nano-banana/b6/b63a0e8f382438cf9de416709e6b21bbc9a65558c3373903cc902de7c78b17a3.jpg,1,resize_0.5,0.39178693294525146
data/corpus_smoke/images/Gemini-nano-banana/b6/b63a0e8f382438cf9de416709e6b21bbc9a65558c3373903cc902de7c78b17a3.jpg,1,resize_0.25,0.41588127613067627
data/corpus_smoke/images/Gemini-nano-banana/b6/b63a0e8f382438cf9de416709e6b21bbc9a65558c3373903cc902de7c78b17a3.jpg,1,noise_0.02,0.3852246105670929
data/corpus_smoke/images/Gemini-nano-banana/b6/b63a0e8f382438cf9de416709e6b21bbc9a65558c3373903cc902de7c78b17a3.jpg,1,noise_0.05,0.36991530656814575
data/corpus_smoke/images/Gemini-nano-banana/b6/b63a0e8f382438cf9de416709e6b21bbc9a65558c3373903cc902de7c78b17a3.jpg,1,noise_0.1,0.33206963539123535
data/corpus_smoke/images/Gemini-nano-banana/b6/b63a0e8f382438cf9de416709e6b21bbc9a65558c3373903cc902de7c78b17a3.jpg,1,jitter_0.2,0.38768354058265686
data/corpus_smoke/images/Gemini-nano-banana/b6/b63a0e8f382438cf9de416709e6b21bbc9a65558c3373903cc902de7c78b17a3.jpg,1,center_crop_0.8,0.3941497206687927
data/corpus_smoke/images/Gemini-nano-banana/b6/b63a0e8f382438cf9de416709e6b21bbc9a65558c3373903cc902de7c78b17a3.jpg,1,composed_blur1.0+jpeg70,0.4028016924858093
data/corpus_smoke/images/Gemini-nano-banana/b6/b63a0e8f382438cf9de416709e6b21bbc9a65558c3373903cc902de7c78b17a3.jpg,1,composed_resize0.5+jpeg50,0.39127886295318604
data/corpus_smoke/images/Gemini-nano-banana/b6/b63a0e8f382438cf9de416709e6b21bbc9a65558c3373903cc902de7c78b17a3.jpg,1,composed_jitter0.2+jpeg30,0.3822972774505615
data/corpus_smoke/images/Gemini-nano-banana/b6/b63a0e8f382438cf9de416709e6b21bbc9a65558c3373903cc902de7c78b17a3.jpg,1,composed_resize0.25+blur0.5+jpeg30,0.41277992725372314
data/corpus_smoke/images/Gemini-nano-banana/df/df109b29480dd4d21af236a6cd8bfd07e06f84773663c6454ac57f61aa855e29.jpg,1,clean,0.347696453332901
data/corpus_smoke/images/Gemini-nano-banana/df/df109b29480dd4d21af236a6cd8bfd07e06f84773663c6454ac57f61aa855e29.jpg,1,jpeg_90,0.3475700914859772
data/corpus_smoke/images/Gemini-nano-banana/df/df109b29480dd4d21af236a6cd8bfd07e06f84773663c6454ac57f61aa855e29.jpg,1,jpeg_70,0.3497406244277954
data/corpus_smoke/images/Gemini-nano-banana/df/df109b29480dd4d21af236a6cd8bfd07e06f84773663c6454ac57f61aa855e29.jpg,1,jpeg_50,0.349684476852417
data/corpus_smoke/images/Gemini-nano-banana/df/df109b29480dd4d21af236a6cd8bfd07e06f84773663c6454ac57f61aa855e29.jpg,1,jpeg_30,0.355091392993927
data/corpus_smoke/images/Gemini-nano-banana/df/df109b29480dd4d21af236a6cd8bfd07e06f84773663c6454ac57f61aa855e29.jpg,1,blur_0.5,0.35236477851867676
data/corpus_smoke/images/Gemini-nano-banana/df/df109b29480dd4d21af236a6cd8bfd07e06f84773663c6454ac57f61aa855e29.jpg,1,blur_1.0,0.3621886074542999
data/corpus_smoke/images/Gemini-nano-banana/df/df109b29480dd4d21af236a6cd8bfd07e06f84773663c6454ac57f61aa855e29.jpg,1,blur_2.0,0.38823825120925903
data/corpus_smoke/images/Gemini-nano-banana/df/df109b29480dd4d21af236a6cd8bfd07e06f84773663c6454ac57f61aa855e29.jpg,1,resize_0.5,0.3549627661705017
data/corpus_smoke/images/Gemini-nano-banana/df/df109b29480dd4d21af236a6cd8bfd07e06f84773663c6454ac57f61aa855e29.jpg,1,resize_0.25,0.3812108039855957
data/corpus_smoke/images/Gemini-nano-banana/df/df109b29480dd4d21af236a6cd8bfd07e06f84773663c6454ac57f61aa855e29.jpg,1,noise_0.02,0.3388116657733917
data/corpus_smoke/images/Gemini-nano-banana/df/df109b29480dd4d21af236a6cd8bfd07e06f84773663c6454ac57f61aa855e29.jpg,1,noise_0.05,0.3276177644729614
data/corpus_smoke/images/Gemini-nano-banana/df/df109b29480dd4d21af236a6cd8bfd07e06f84773663c6454ac57f61aa855e29.jpg,1,noise_0.1,0.29212382435798645
data/corpus_smoke/images/Gemini-nano-banana/df/df109b29480dd4d21af236a6cd8bfd07e06f84773663c6454ac57f61aa855e29.jpg,1,jitter_0.2,0.33998703956604004
data/corpus_smoke/images/Gemini-nano-banana/df/df109b29480dd4d21af236a6cd8bfd07e06f84773663c6454ac57f61aa855e29.jpg,1,center_crop_0.8,0.3678378462791443
data/corpus_smoke/images/Gemini-nano-banana/df/df109b29480dd4d21af236a6cd8bfd07e06f84773663c6454ac57f61aa855e29.jpg,1,composed_blur1.0+jpeg70,0.3681972622871399
data/corpus_smoke/images/Gemini-nano-banana/df/df109b29480dd4d21af236a6cd8bfd07e06f84773663c6454ac57f61aa855e29.jpg,1,composed_resize0.5+jpeg50,0.3638058006763458
data/corpus_smoke/images/Gemini-nano-banana/df/df109b29480dd4d21af236a6cd8bfd07e06f84773663c6454ac57f61aa855e29.jpg,1,composed_jitter0.2+jpeg30,0.3435777723789215
data/corpus_smoke/images/Gemini-nano-banana/df/df109b29480dd4d21af236a6cd8bfd07e06f84773663c6454ac57f61aa855e29.jpg,1,composed_resize0.25+blur0.5+jpeg30,0.3926088511943817
data/corpus_smoke/images/Gemini-nano-banana/0d/0d334eabbb42fa4e51637b516e60949140f6768ae9c9fc5ca0fd2de76dbb67ad.jpg,1,clean,0.34104645252227783
data/corpus_smoke/images/Gemini-nano-banana/0d/0d334eabbb42fa4e51637b516e60949140f6768ae9c9fc5ca0fd2de76dbb67ad.jpg,1,jpeg_90,0.345402330160141
data/corpus_smoke/images/Gemini-nano-banana/0d/0d334eabbb42fa4e51637b516e60949140f6768ae9c9fc5ca0fd2de76dbb67ad.jpg,1,jpeg_70,0.34852540493011475
data/corpus_smoke/images/Gemini-nano-banana/0d/0d334eabbb42fa4e51637b516e60949140f6768ae9c9fc5ca0fd2de76dbb67ad.jpg,1,jpeg_50,0.34213367104530334
data/corpus_smoke/images/Gemini-nano-banana/0d/0d334eabbb42fa4e51637b516e60949140f6768ae9c9fc5ca0fd2de76dbb67ad.jpg,1,jpeg_30,0.33760491013526917
data/corpus_smoke/images/Gemini-nano-banana/0d/0d334eabbb42fa4e51637b516e60949140f6768ae9c9fc5ca0fd2de76dbb67ad.jpg,1,blur_0.5,0.34778738021850586
data/corpus_smoke/images/Gemini-nano-banana/0d/0d334eabbb42fa4e51637b516e60949140f6768ae9c9fc5ca0fd2de76dbb67ad.jpg,1,blur_1.0,0.35883113741874695
data/corpus_smoke/images/Gemini-nano-banana/0d/0d334eabbb42fa4e51637b516e60949140f6768ae9c9fc5ca0fd2de76dbb67ad.jpg,1,blur_2.0,0.38304972648620605
data/corpus_smoke/images/Gemini-nano-banana/0d/0d334eabbb42fa4e51637b516e60949140f6768ae9c9fc5ca0fd2de76dbb67ad.jpg,1,resize_0.5,0.35440412163734436
data/corpus_smoke/images/Gemini-nano-banana/0d/0d334eabbb42fa4e51637b516e60949140f6768ae9c9fc5ca0fd2de76dbb67ad.jpg,1,resize_0.25,0.37213772535324097
data/corpus_smoke/images/Gemini-nano-banana/0d/0d334eabbb42fa4e51637b516e60949140f6768ae9c9fc5ca0fd2de76dbb67ad.jpg,1,noise_0.02,0.3359471261501312
data/corpus_smoke/images/Gemini-nano-banana/0d/0d334eabbb42fa4e51637b516e60949140f6768ae9c9fc5ca0fd2de76dbb67ad.jpg,1,noise_0.05,0.3224596381187439
data/corpus_smoke/images/Gemini-nano-banana/0d/0d334eabbb42fa4e51637b516e60949140f6768ae9c9fc5ca0fd2de76dbb67ad.jpg,1,noise_0.1,0.2996617257595062
data/corpus_smoke/images/Gemini-nano-banana/0d/0d334eabbb42fa4e51637b516e60949140f6768ae9c9fc5ca0fd2de76dbb67ad.jpg,1,jitter_0.2,0.33086836338043213
data/corpus_smoke/images/Gemini-nano-banana/0d/0d334eabbb42fa4e51637b516e60949140f6768ae9c9fc5ca0fd2de76dbb67ad.jpg,1,center_crop_0.8,0.34712472558021545
data/corpus_smoke/images/Gemini-nano-banana/0d/0d334eabbb42fa4e51637b516e60949140f6768ae9c9fc5ca0fd2de76dbb67ad.jpg,1,composed_blur1.0+jpeg70,0.3729543685913086
data/corpus_smoke/images/Gemini-nano-banana/0d/0d334eabbb42fa4e51637b516e60949140f6768ae9c9fc5ca0fd2de76dbb67ad.jpg,1,composed_resize0.5+jpeg50,0.3548646867275238
data/corpus_smoke/images/Gemini-nano-banana/0d/0d334eabbb42fa4e51637b516e60949140f6768ae9c9fc5ca0fd2de76dbb67ad.jpg,1,composed_jitter0.2+jpeg30,0.32531288266181946
data/corpus_smoke/images/Gemini-nano-banana/0d/0d334eabbb42fa4e51637b516e60949140f6768ae9c9fc5ca0fd2de76dbb67ad.jpg,1,composed_resize0.25+blur0.5+jpeg30,0.3700808584690094
data/corpus_smoke/images/Gemini-nano-banana/93/93e194500f102db17a97ae41fd0187449f51a9f35a2d74e0ec77172c8378d12f.jpg,1,clean,0.37939873337745667
data/corpus_smoke/images/Gemini-nano-banana/93/93e194500f102db17a97ae41fd0187449f51a9f35a2d74e0ec77172c8378d12f.jpg,1,jpeg_90,0.3829512894153595
data/corpus_smoke/images/Gemini-nano-banana/93/93e194500f102db17a97ae41fd0187449f51a9f35a2d74e0ec77172c8378d12f.jpg,1,jpeg_70,0.387835830450058
data/corpus_smoke/images/Gemini-nano-banana/93/93e194500f102db17a97ae41fd0187449f51a9f35a2d74e0ec77172c8378d12f.jpg,1,jpeg_50,0.3883834481239319
data/corpus_smoke/images/Gemini-nano-banana/93/93e194500f102db17a97ae41fd0187449f51a9f35a2d74e0ec77172c8378d12f.jpg,1,jpeg_30,0.3918091952800751
data/corpus_smoke/images/Gemini-nano-banana/93/93e194500f102db17a97ae41fd0187449f51a9f35a2d74e0ec77172c8378d12f.jpg,1,blur_0.5,0.38402611017227173
data/corpus_smoke/images/Gemini-nano-banana/93/93e194500f102db17a97ae41fd0187449f51a9f35a2d74e0ec77172c8378d12f.jpg,1,blur_1.0,0.393943727016449
data/corpus_smoke/images/Gemini-nano-banana/93/93e194500f102db17a97ae41fd0187449f51a9f35a2d74e0ec77172c8378d12f.jpg,1,blur_2.0,0.41164496541023254
data/corpus_smoke/images/Gemini-nano-banana/93/93e194500f102db17a97ae41fd0187449f51a9f35a2d74e0ec77172c8378d12f.jpg,1,resize_0.5,0.39234715700149536
data/corpus_smoke/images/Gemini-nano-banana/93/93e194500f102db17a97ae41fd0187449f51a9f35a2d74e0ec77172c8378d12f.jpg,1,resize_0.25,0.40142473578453064
data/corpus_smoke/images/Gemini-nano-banana/93/93e194500f102db17a97ae41fd0187449f51a9f35a2d74e0ec77172c8378d12f.jpg,1,noise_0.02,0.3757270872592926
data/corpus_smoke/images/Gemini-nano-banana/93/93e194500f102db17a97ae41fd0187449f51a9f35a2d74e0ec77172c8378d12f.jpg,1,noise_0.05,0.35653048753738403
data/corpus_smoke/images/Gemini-nano-banana/93/93e194500f102db17a97ae41fd0187449f51a9f35a2d74e0ec77172c8378d12f.jpg,1,noise_0.1,0.32566726207733154
data/corpus_smoke/images/Gemini-nano-banana/93/93e194500f102db17a97ae41fd0187449f51a9f35a2d74e0ec77172c8378d12f.jpg,1,jitter_0.2,0.37276384234428406
data/corpus_smoke/images/Gemini-nano-banana/93/93e194500f102db17a97ae41fd0187449f51a9f35a2d74e0ec77172c8378d12f.jpg,1,center_crop_0.8,0.37676480412483215
data/corpus_smoke/images/Gemini-nano-banana/93/93e194500f102db17a97ae41fd0187449f51a9f35a2d74e0ec77172c8378d12f.jpg,1,composed_blur1.0+jpeg70,0.41009315848350525
data/corpus_smoke/images/Gemini-nano-banana/93/93e194500f102db17a97ae41fd0187449f51a9f35a2d74e0ec77172c8378d12f.jpg,1,composed_resize0.5+jpeg50,0.40474581718444824
data/corpus_smoke/images/Gemini-nano-banana/93/93e194500f102db17a97ae41fd0187449f51a9f35a2d74e0ec77172c8378d12f.jpg,1,composed_jitter0.2+jpeg30,0.38124990463256836
data/corpus_smoke/images/Gemini-nano-banana/93/93e194500f102db17a97ae41fd0187449f51a9f35a2d74e0ec77172c8378d12f.jpg,1,composed_resize0.25+blur0.5+jpeg30,0.404868483543396
data/corpus_smoke/images/Gemini-nano-banana/99/99a069caa870c4cea963f1575567acbbf71be7f3deeabb33d82d06a16f4fec71.jpg,1,clean,0.36839428544044495
data/corpus_smoke/images/Gemini-nano-banana/99/99a069caa870c4cea963f1575567acbbf71be7f3deeabb33d82d06a16f4fec71.jpg,1,jpeg_90,0.3710671365261078
data/corpus_smoke/images/Gemini-nano-banana/99/99a069caa870c4cea963f1575567acbbf71be7f3deeabb33d82d06a16f4fec71.jpg,1,jpeg_70,0.3732810914516449
data/corpus_smoke/images/Gemini-nano-banana/99/99a069caa870c4cea963f1575567acbbf71be7f3deeabb33d82d06a16f4fec71.jpg,1,jpeg_50,0.3682309091091156
data/corpus_smoke/images/Gemini-nano-banana/99/99a069caa870c4cea963f1575567acbbf71be7f3deeabb33d82d06a16f4fec71.jpg,1,jpeg_30,0.37093672156333923
data/corpus_smoke/images/Gemini-nano-banana/99/99a069caa870c4cea963f1575567acbbf71be7f3deeabb33d82d06a16f4fec71.jpg,1,blur_0.5,0.3710566759109497
data/corpus_smoke/images/Gemini-nano-banana/99/99a069caa870c4cea963f1575567acbbf71be7f3deeabb33d82d06a16f4fec71.jpg,1,blur_1.0,0.3799852430820465
data/corpus_smoke/images/Gemini-nano-banana/99/99a069caa870c4cea963f1575567acbbf71be7f3deeabb33d82d06a16f4fec71.jpg,1,blur_2.0,0.3946200907230377
data/corpus_smoke/images/Gemini-nano-banana/99/99a069caa870c4cea963f1575567acbbf71be7f3deeabb33d82d06a16f4fec71.jpg,1,resize_0.5,0.37486565113067627
data/corpus_smoke/images/Gemini-nano-banana/99/99a069caa870c4cea963f1575567acbbf71be7f3deeabb33d82d06a16f4fec71.jpg,1,resize_0.25,0.3827959895133972
data/corpus_smoke/images/Gemini-nano-banana/99/99a069caa870c4cea963f1575567acbbf71be7f3deeabb33d82d06a16f4fec71.jpg,1,noise_0.02,0.36756157875061035
data/corpus_smoke/images/Gemini-nano-banana/99/99a069caa870c4cea963f1575567acbbf71be7f3deeabb33d82d06a16f4fec71.jpg,1,noise_0.05,0.3469541072845459
data/corpus_smoke/images/Gemini-nano-banana/99/99a069caa870c4cea963f1575567acbbf71be7f3deeabb33d82d06a16f4fec71.jpg,1,noise_0.1,0.31457749009132385
data/corpus_smoke/images/Gemini-nano-banana/99/99a069caa870c4cea963f1575567acbbf71be7f3deeabb33d82d06a16f4fec71.jpg,1,jitter_0.2,0.37872153520584106
data/corpus_smoke/images/Gemini-nano-banana/99/99a069caa870c4cea963f1575567acbbf71be7f3deeabb33d82d06a16f4fec71.jpg,1,center_crop_0.8,0.36877280473709106
data/corpus_smoke/images/Gemini-nano-banana/99/99a069caa870c4cea963f1575567acbbf71be7f3deeabb33d82d06a16f4fec71.jpg,1,composed_blur1.0+jpeg70,0.382341206073761
data/corpus_smoke/images/Gemini-nano-banana/99/99a069caa870c4cea963f1575567acbbf71be7f3deeabb33d82d06a16f4fec71.jpg,1,composed_resize0.5+jpeg50,0.3742416501045227
data/corpus_smoke/images/Gemini-nano-banana/99/99a069caa870c4cea963f1575567acbbf71be7f3deeabb33d82d06a16f4fec71.jpg,1,composed_jitter0.2+jpeg30,0.37499406933784485
data/corpus_smoke/images/Gemini-nano-banana/99/99a069caa870c4cea963f1575567acbbf71be7f3deeabb33d82d06a16f4fec71.jpg,1,composed_resize0.25+blur0.5+jpeg30,0.3828331530094147
data/corpus_smoke/images/Gemini-nano-banana/02/0221ccef6c81f36e557fbc85b4ef8cea97a9cd749509ba1a99ddcdaef3fac2d4.jpg,1,clean,0.38995909690856934
data/corpus_smoke/images/Gemini-nano-banana/02/0221ccef6c81f36e557fbc85b4ef8cea97a9cd749509ba1a99ddcdaef3fac2d4.jpg,1,jpeg_90,0.3921538293361664
data/corpus_smoke/images/Gemini-nano-banana/02/0221ccef6c81f36e557fbc85b4ef8cea97a9cd749509ba1a99ddcdaef3fac2d4.jpg,1,jpeg_70,0.3965120315551758
data/corpus_smoke/images/Gemini-nano-banana/02/0221ccef6c81f36e557fbc85b4ef8cea97a9cd749509ba1a99ddcdaef3fac2d4.jpg,1,jpeg_50,0.3952711820602417
data/corpus_smoke/images/Gemini-nano-banana/02/0221ccef6c81f36e557fbc85b4ef8cea97a9cd749509ba1a99ddcdaef3fac2d4.jpg,1,jpeg_30,0.3955847918987274
data/corpus_smoke/images/Gemini-nano-banana/02/0221ccef6c81f36e557fbc85b4ef8cea97a9cd749509ba1a99ddcdaef3fac2d4.jpg,1,blur_0.5,0.39325836300849915
data/corpus_smoke/images/Gemini-nano-banana/02/0221ccef6c81f36e557fbc85b4ef8cea97a9cd749509ba1a99ddcdaef3fac2d4.jpg,1,blur_1.0,0.40270230174064636
data/corpus_smoke/images/Gemini-nano-banana/02/0221ccef6c81f36e557fbc85b4ef8cea97a9cd749509ba1a99ddcdaef3fac2d4.jpg,1,blur_2.0,0.42110568284988403
data/corpus_smoke/images/Gemini-nano-banana/02/0221ccef6c81f36e557fbc85b4ef8cea97a9cd749509ba1a99ddcdaef3fac2d4.jpg,1,resize_0.5,0.39603888988494873
data/corpus_smoke/images/Gemini-nano-banana/02/0221ccef6c81f36e557fbc85b4ef8cea97a9cd749509ba1a99ddcdaef3fac2d4.jpg,1,resize_0.25,0.4067522883415222
data/corpus_smoke/images/Gemini-nano-banana/02/0221ccef6c81f36e557fbc85b4ef8cea97a9cd749509ba1a99ddcdaef3fac2d4.jpg,1,noise_0.02,0.3846697211265564
data/corpus_smoke/images/Gemini-nano-banana/02/0221ccef6c81f36e557fbc85b4ef8cea97a9cd749509ba1a99ddcdaef3fac2d4.jpg,1,noise_0.05,0.3707033097743988
data/corpus_smoke/images/Gemini-nano-banana/02/0221ccef6c81f36e557fbc85b4ef8cea97a9cd749509ba1a99ddcdaef3fac2d4.jpg,1,noise_0.1,0.33919286727905273
data/corpus_smoke/images/Gemini-nano-banana/02/0221ccef6c81f36e557fbc85b4ef8cea97a9cd749509ba1a99ddcdaef3fac2d4.jpg,1,jitter_0.2,0.39941155910491943
data/corpus_smoke/images/Gemini-nano-banana/02/0221ccef6c81f36e557fbc85b4ef8cea97a9cd749509ba1a99ddcdaef3fac2d4.jpg,1,center_crop_0.8,0.4172649681568146
data/corpus_smoke/images/Gemini-nano-banana/02/0221ccef6c81f36e557fbc85b4ef8cea97a9cd749509ba1a99ddcdaef3fac2d4.jpg,1,composed_blur1.0+jpeg70,0.4104653298854828
data/corpus_smoke/images/Gemini-nano-banana/02/0221ccef6c81f36e557fbc85b4ef8cea97a9cd749509ba1a99ddcdaef3fac2d4.jpg,1,composed_resize0.5+jpeg50,0.3994022309780121
data/corpus_smoke/images/Gemini-nano-banana/02/0221ccef6c81f36e557fbc85b4ef8cea97a9cd749509ba1a99ddcdaef3fac2d4.jpg,1,composed_jitter0.2+jpeg30,0.38883092999458313
data/corpus_smoke/images/Gemini-nano-banana/02/0221ccef6c81f36e557fbc85b4ef8cea97a9cd749509ba1a99ddcdaef3fac2d4.jpg,1,composed_resize0.25+blur0.5+jpeg30,0.4086237847805023
data/corpus_smoke/images/Gemini-nano-banana/c1/c11ddb39aa52e37cc34a1c30648a429b0b411795851d866f10a15255061625ed.jpg,1,clean,0.3620254695415497
data/corpus_smoke/images/Gemini-nano-banana/c1/c11ddb39aa52e37cc34a1c30648a429b0b411795851d866f10a15255061625ed.jpg,1,jpeg_90,0.360801100730896
data/corpus_smoke/images/Gemini-nano-banana/c1/c11ddb39aa52e37cc34a1c30648a429b0b411795851d866f10a15255061625ed.jpg,1,jpeg_70,0.35981008410453796
data/corpus_smoke/images/Gemini-nano-banana/c1/c11ddb39aa52e37cc34a1c30648a429b0b411795851d866f10a15255061625ed.jpg,1,jpeg_50,0.35445892810821533
data/corpus_smoke/images/Gemini-nano-banana/c1/c11ddb39aa52e37cc34a1c30648a429b0b411795851d866f10a15255061625ed.jpg,1,jpeg_30,0.35153263807296753
data/corpus_smoke/images/Gemini-nano-banana/c1/c11ddb39aa52e37cc34a1c30648a429b0b411795851d866f10a15255061625ed.jpg,1,blur_0.5,0.3690797686576843
data/corpus_smoke/images/Gemini-nano-banana/c1/c11ddb39aa52e37cc34a1c30648a429b0b411795851d866f10a15255061625ed.jpg,1,blur_1.0,0.3881823420524597
data/corpus_smoke/images/Gemini-nano-banana/c1/c11ddb39aa52e37cc34a1c30648a429b0b411795851d866f10a15255061625ed.jpg,1,blur_2.0,0.41795775294303894
data/corpus_smoke/images/Gemini-nano-banana/c1/c11ddb39aa52e37cc34a1c30648a429b0b411795851d866f10a15255061625ed.jpg,1,resize_0.5,0.3778145909309387
data/corpus_smoke/images/Gemini-nano-banana/c1/c11ddb39aa52e37cc34a1c30648a429b0b411795851d866f10a15255061625ed.jpg,1,resize_0.25,0.40345510840415955
data/corpus_smoke/images/Gemini-nano-banana/c1/c11ddb39aa52e37cc34a1c30648a429b0b411795851d866f10a15255061625ed.jpg,1,noise_0.02,0.3604292869567871
data/corpus_smoke/images/Gemini-nano-banana/c1/c11ddb39aa52e37cc34a1c30648a429b0b411795851d866f10a15255061625ed.jpg,1,noise_0.05,0.3481937348842621
data/corpus_smoke/images/Gemini-nano-banana/c1/c11ddb39aa52e37cc34a1c30648a429b0b411795851d866f10a15255061625ed.jpg,1,noise_0.1,0.31593531370162964
data/corpus_smoke/images/Gemini-nano-banana/c1/c11ddb39aa52e37cc34a1c30648a429b0b411795851d866f10a15255061625ed.jpg,1,jitter_0.2,0.35048213601112366
data/corpus_smoke/images/Gemini-nano-banana/c1/c11ddb39aa52e37cc34a1c30648a429b0b411795851d866f10a15255061625ed.jpg,1,center_crop_0.8,0.3587973117828369
data/corpus_smoke/images/Gemini-nano-banana/c1/c11ddb39aa52e37cc34a1c30648a429b0b411795851d866f10a15255061625ed.jpg,1,composed_blur1.0+jpeg70,0.3893977701663971
data/corpus_smoke/images/Gemini-nano-banana/c1/c11ddb39aa52e37cc34a1c30648a429b0b411795851d866f10a15255061625ed.jpg,1,composed_resize0.5+jpeg50,0.3744649291038513
data/corpus_smoke/images/Gemini-nano-banana/c1/c11ddb39aa52e37cc34a1c30648a429b0b411795851d866f10a15255061625ed.jpg,1,composed_jitter0.2+jpeg30,0.365364134311676
data/corpus_smoke/images/Gemini-nano-banana/c1/c11ddb39aa52e37cc34a1c30648a429b0b411795851d866f10a15255061625ed.jpg,1,composed_resize0.25+blur0.5+jpeg30,0.3943922519683838
data/corpus_smoke/images/Gemini-nano-banana/11/11aca1c8472d0af85d0ea6021b2cb913bd6bb8dcbf07a56bcd6b88c3deb1261e.jpg,1,clean,0.3715823292732239
data/corpus_smoke/images/Gemini-nano-banana/11/11aca1c8472d0af85d0ea6021b2cb913bd6bb8dcbf07a56bcd6b88c3deb1261e.jpg,1,jpeg_90,0.36840298771858215
data/corpus_smoke/images/Gemini-nano-banana/11/11aca1c8472d0af85d0ea6021b2cb913bd6bb8dcbf07a56bcd6b88c3deb1261e.jpg,1,jpeg_70,0.36997726559638977
data/corpus_smoke/images/Gemini-nano-banana/11/11aca1c8472d0af85d0ea6021b2cb913bd6bb8dcbf07a56bcd6b88c3deb1261e.jpg,1,jpeg_50,0.36859139800071716
data/corpus_smoke/images/Gemini-nano-banana/11/11aca1c8472d0af85d0ea6021b2cb913bd6bb8dcbf07a56bcd6b88c3deb1261e.jpg,1,jpeg_30,0.3732215464115143
data/corpus_smoke/images/Gemini-nano-banana/11/11aca1c8472d0af85d0ea6021b2cb913bd6bb8dcbf07a56bcd6b88c3deb1261e.jpg,1,blur_0.5,0.3729524612426758
data/corpus_smoke/images/Gemini-nano-banana/11/11aca1c8472d0af85d0ea6021b2cb913bd6bb8dcbf07a56bcd6b88c3deb1261e.jpg,1,blur_1.0,0.37881791591644287
data/corpus_smoke/images/Gemini-nano-banana/11/11aca1c8472d0af85d0ea6021b2cb913bd6bb8dcbf07a56bcd6b88c3deb1261e.jpg,1,blur_2.0,0.39181986451148987
data/corpus_smoke/images/Gemini-nano-banana/11/11aca1c8472d0af85d0ea6021b2cb913bd6bb8dcbf07a56bcd6b88c3deb1261e.jpg,1,resize_0.5,0.371385782957077
data/corpus_smoke/images/Gemini-nano-banana/11/11aca1c8472d0af85d0ea6021b2cb913bd6bb8dcbf07a56bcd6b88c3deb1261e.jpg,1,resize_0.25,0.38546690344810486
data/corpus_smoke/images/Gemini-nano-banana/11/11aca1c8472d0af85d0ea6021b2cb913bd6bb8dcbf07a56bcd6b88c3deb1261e.jpg,1,noise_0.02,0.3676595389842987
data/corpus_smoke/images/Gemini-nano-banana/11/11aca1c8472d0af85d0ea6021b2cb913bd6bb8dcbf07a56bcd6b88c3deb1261e.jpg,1,noise_0.05,0.3470667004585266
data/corpus_smoke/images/Gemini-nano-banana/11/11aca1c8472d0af85d0ea6021b2cb913bd6bb8dcbf07a56bcd6b88c3deb1261e.jpg,1,noise_0.1,0.32023945450782776
data/corpus_smoke/images/Gemini-nano-banana/11/11aca1c8472d0af85d0ea6021b2cb913bd6bb8dcbf07a56bcd6b88c3deb1261e.jpg,1,jitter_0.2,0.3691413402557373
data/corpus_smoke/images/Gemini-nano-banana/11/11aca1c8472d0af85d0ea6021b2cb913bd6bb8dcbf07a56bcd6b88c3deb1261e.jpg,1,center_crop_0.8,0.3918190896511078
data/corpus_smoke/images/Gemini-nano-banana/11/11aca1c8472d0af85d0ea6021b2cb913bd6bb8dcbf07a56bcd6b88c3deb1261e.jpg,1,composed_blur1.0+jpeg70,0.37844499945640564
data/corpus_smoke/images/Gemini-nano-banana/11/11aca1c8472d0af85d0ea6021b2cb913bd6bb8dcbf07a56bcd6b88c3deb1261e.jpg,1,composed_resize0.5+jpeg50,0.3694915473461151
data/corpus_smoke/images/Gemini-nano-banana/11/11aca1c8472d0af85d0ea6021b2cb913bd6bb8dcbf07a56bcd6b88c3deb1261e.jpg,1,composed_jitter0.2+jpeg30,0.3829495310783386
data/corpus_smoke/images/Gemini-nano-banana/11/11aca1c8472d0af85d0ea6021b2cb913bd6bb8dcbf07a56bcd6b88c3deb1261e.jpg,1,composed_resize0.25+blur0.5+jpeg30,0.383746474981308
data/corpus_smoke/images/Gemini-nano-banana/68/687bc86558729cfefcc2a4b2f9d45be1c9a7f70c469f0a6c215a1a3e9da39283.jpg,1,clean,0.3951449394226074
data/corpus_smoke/images/Gemini-nano-banana/68/687bc86558729cfefcc2a4b2f9d45be1c9a7f70c469f0a6c215a1a3e9da39283.jpg,1,jpeg_90,0.3877125084400177
data/corpus_smoke/images/Gemini-nano-banana/68/687bc86558729cfefcc2a4b2f9d45be1c9a7f70c469f0a6c215a1a3e9da39283.jpg,1,jpeg_70,0.38418835401535034
data/corpus_smoke/images/Gemini-nano-banana/68/687bc86558729cfefcc2a4b2f9d45be1c9a7f70c469f0a6c215a1a3e9da39283.jpg,1,jpeg_50,0.38847723603248596
data/corpus_smoke/images/Gemini-nano-banana/68/687bc86558729cfefcc2a4b2f9d45be1c9a7f70c469f0a6c215a1a3e9da39283.jpg,1,jpeg_30,0.38228940963745117
data/corpus_smoke/images/Gemini-nano-banana/68/687bc86558729cfefcc2a4b2f9d45be1c9a7f70c469f0a6c215a1a3e9da39283.jpg,1,blur_0.5,0.3945981562137604
data/corpus_smoke/images/Gemini-nano-banana/68/687bc86558729cfefcc2a4b2f9d45be1c9a7f70c469f0a6c215a1a3e9da39283.jpg,1,blur_1.0,0.3950374722480774
data/corpus_smoke/images/Gemini-nano-banana/68/687bc86558729cfefcc2a4b2f9d45be1c9a7f70c469f0a6c215a1a3e9da39283.jpg,1,blur_2.0,0.4069061577320099
data/corpus_smoke/images/Gemini-nano-banana/68/687bc86558729cfefcc2a4b2f9d45be1c9a7f70c469f0a6c215a1a3e9da39283.jpg,1,resize_0.5,0.38906916975975037
data/corpus_smoke/images/Gemini-nano-banana/68/687bc86558729cfefcc2a4b2f9d45be1c9a7f70c469f0a6c215a1a3e9da39283.jpg,1,resize_0.25,0.3988368809223175
data/corpus_smoke/images/Gemini-nano-banana/68/687bc86558729cfefcc2a4b2f9d45be1c9a7f70c469f0a6c215a1a3e9da39283.jpg,1,noise_0.02,0.38499894738197327
data/corpus_smoke/images/Gemini-nano-banana/68/687bc86558729cfefcc2a4b2f9d45be1c9a7f70c469f0a6c215a1a3e9da39283.jpg,1,noise_0.05,0.3726781904697418
data/corpus_smoke/images/Gemini-nano-banana/68/687bc86558729cfefcc2a4b2f9d45be1c9a7f70c469f0a6c215a1a3e9da39283.jpg,1,noise_0.1,0.34174448251724243
data/corpus_smoke/images/Gemini-nano-banana/68/687bc86558729cfefcc2a4b2f9d45be1c9a7f70c469f0a6c215a1a3e9da39283.jpg,1,jitter_0.2,0.40041905641555786
data/corpus_smoke/images/Gemini-nano-banana/68/687bc86558729cfefcc2a4b2f9d45be1c9a7f70c469f0a6c215a1a3e9da39283.jpg,1,center_crop_0.8,0.3963860869407654
data/corpus_smoke/images/Gemini-nano-banana/68/687bc86558729cfefcc2a4b2f9d45be1c9a7f70c469f0a6c215a1a3e9da39283.jpg,1,composed_blur1.0+jpeg70,0.4058142900466919
data/corpus_smoke/images/Gemini-nano-banana/68/687bc86558729cfefcc2a4b2f9d45be1c9a7f70c469f0a6c215a1a3e9da39283.jpg,1,composed_resize0.5+jpeg50,0.4025523364543915
data/corpus_smoke/images/Gemini-nano-banana/68/687bc86558729cfefcc2a4b2f9d45be1c9a7f70c469f0a6c215a1a3e9da39283.jpg,1,composed_jitter0.2+jpeg30,0.389656662940979
data/corpus_smoke/images/Gemini-nano-banana/68/687bc86558729cfefcc2a4b2f9d45be1c9a7f70c469f0a6c215a1a3e9da39283.jpg,1,composed_resize0.25+blur0.5+jpeg30,0.3974347412586212
data/corpus_smoke/images/Gemini-nano-banana/ac/ac7b2ab6f8b1fcf45dfe6732925588160006ea59cdcfbc269bb8d5a747bad407.jpg,1,clean,0.37336015701293945
data/corpus_smoke/images/Gemini-nano-banana/ac/ac7b2ab6f8b1fcf45dfe6732925588160006ea59cdcfbc269bb8d5a747bad407.jpg,1,jpeg_90,0.3790641129016876
data/corpus_smoke/images/Gemini-nano-banana/ac/ac7b2ab6f8b1fcf45dfe6732925588160006ea59cdcfbc269bb8d5a747bad407.jpg,1,jpeg_70,0.3827288746833801
data/corpus_smoke/images/Gemini-nano-banana/ac/ac7b2ab6f8b1fcf45dfe6732925588160006ea59cdcfbc269bb8d5a747bad407.jpg,1,jpeg_50,0.38080793619155884
data/corpus_smoke/images/Gemini-nano-banana/ac/ac7b2ab6f8b1fcf45dfe6732925588160006ea59cdcfbc269bb8d5a747bad407.jpg,1,jpeg_30,0.3738008439540863
data/corpus_smoke/images/Gemini-nano-banana/ac/ac7b2ab6f8b1fcf45dfe6732925588160006ea59cdcfbc269bb8d5a747bad407.jpg,1,blur_0.5,0.3782985508441925
data/corpus_smoke/images/Gemini-nano-banana/ac/ac7b2ab6f8b1fcf45dfe6732925588160006ea59cdcfbc269bb8d5a747bad407.jpg,1,blur_1.0,0.3865201473236084
data/corpus_smoke/images/Gemini-nano-banana/ac/ac7b2ab6f8b1fcf45dfe6732925588160006ea59cdcfbc269bb8d5a747bad407.jpg,1,blur_2.0,0.40029531717300415
data/corpus_smoke/images/Gemini-nano-banana/ac/ac7b2ab6f8b1fcf45dfe6732925588160006ea59cdcfbc269bb8d5a747bad407.jpg,1,resize_0.5,0.3811575472354889
data/corpus_smoke/images/Gemini-nano-banana/ac/ac7b2ab6f8b1fcf45dfe6732925588160006ea59cdcfbc269bb8d5a747bad407.jpg,1,resize_0.25,0.39658817648887634
data/corpus_smoke/images/Gemini-nano-banana/ac/ac7b2ab6f8b1fcf45dfe6732925588160006ea59cdcfbc269bb8d5a747bad407.jpg,1,noise_0.02,0.3725111186504364
data/corpus_smoke/images/Gemini-nano-banana/ac/ac7b2ab6f8b1fcf45dfe6732925588160006ea59cdcfbc269bb8d5a747bad407.jpg,1,noise_0.05,0.3633902966976166
data/corpus_smoke/images/Gemini-nano-banana/ac/ac7b2ab6f8b1fcf45dfe6732925588160006ea59cdcfbc269bb8d5a747bad407.jpg,1,noise_0.1,0.331960529088974
data/corpus_smoke/images/Gemini-nano-banana/ac/ac7b2ab6f8b1fcf45dfe6732925588160006ea59cdcfbc269bb8d5a747bad407.jpg,1,jitter_0.2,0.365692675113678
data/corpus_smoke/images/Gemini-nano-banana/ac/ac7b2ab6f8b1fcf45dfe6732925588160006ea59cdcfbc269bb8d5a747bad407.jpg,1,center_crop_0.8,0.3701815903186798
data/corpus_smoke/images/Gemini-nano-banana/ac/ac7b2ab6f8b1fcf45dfe6732925588160006ea59cdcfbc269bb8d5a747bad407.jpg,1,composed_blur1.0+jpeg70,0.3940233886241913
data/corpus_smoke/images/Gemini-nano-banana/ac/ac7b2ab6f8b1fcf45dfe6732925588160006ea59cdcfbc269bb8d5a747bad407.jpg,1,composed_resize0.5+jpeg50,0.39012056589126587
data/corpus_smoke/images/Gemini-nano-banana/ac/ac7b2ab6f8b1fcf45dfe6732925588160006ea59cdcfbc269bb8d5a747bad407.jpg,1,composed_jitter0.2+jpeg30,0.3703029453754425
data/corpus_smoke/images/Gemini-nano-banana/ac/ac7b2ab6f8b1fcf45dfe6732925588160006ea59cdcfbc269bb8d5a747bad407.jpg,1,composed_resize0.25+blur0.5+jpeg30,0.40463778376579285
data/corpus_smoke/images/Gemini-nano-banana/78/780065bc82466db6722044c63bd86fc3f8c6ac2a21bc7e34b0e49f3d0898f033.jpg,1,clean,0.3408887982368469
data/corpus_smoke/images/Gemini-nano-banana/78/780065bc82466db6722044c63bd86fc3f8c6ac2a21bc7e34b0e49f3d0898f033.jpg,1,jpeg_90,0.34165555238723755
data/corpus_smoke/images/Gemini-nano-banana/78/780065bc82466db6722044c63bd86fc3f8c6ac2a21bc7e34b0e49f3d0898f033.jpg,1,jpeg_70,0.34845954179763794
data/corpus_smoke/images/Gemini-nano-banana/78/780065bc82466db6722044c63bd86fc3f8c6ac2a21bc7e34b0e49f3d0898f033.jpg,1,jpeg_50,0.34288910031318665
data/corpus_smoke/images/Gemini-nano-banana/78/780065bc82466db6722044c63bd86fc3f8c6ac2a21bc7e34b0e49f3d0898f033.jpg,1,jpeg_30,0.3462942838668823
data/corpus_smoke/images/Gemini-nano-banana/78/780065bc82466db6722044c63bd86fc3f8c6ac2a21bc7e34b0e49f3d0898f033.jpg,1,blur_0.5,0.3472995460033417
data/corpus_smoke/images/Gemini-nano-banana/78/780065bc82466db6722044c63bd86fc3f8c6ac2a21bc7e34b0e49f3d0898f033.jpg,1,blur_1.0,0.36390966176986694
data/corpus_smoke/images/Gemini-nano-banana/78/780065bc82466db6722044c63bd86fc3f8c6ac2a21bc7e34b0e49f3d0898f033.jpg,1,blur_2.0,0.3878038227558136
data/corpus_smoke/images/Gemini-nano-banana/78/780065bc82466db6722044c63bd86fc3f8c6ac2a21bc7e34b0e49f3d0898f033.jpg,1,resize_0.5,0.3532871901988983
data/corpus_smoke/images/Gemini-nano-banana/78/780065bc82466db6722044c63bd86fc3f8c6ac2a21bc7e34b0e49f3d0898f033.jpg,1,resize_0.25,0.3762670159339905
data/corpus_smoke/images/Gemini-nano-banana/78/780065bc82466db6722044c63bd86fc3f8c6ac2a21bc7e34b0e49f3d0898f033.jpg,1,noise_0.02,0.33979135751724243
data/corpus_smoke/images/Gemini-nano-banana/78/780065bc82466db6722044c63bd86fc3f8c6ac2a21bc7e34b0e49f3d0898f033.jpg,1,noise_0.05,0.324535608291626
data/corpus_smoke/images/Gemini-nano-banana/78/780065bc82466db6722044c63bd86fc3f8c6ac2a21bc7e34b0e49f3d0898f033.jpg,1,noise_0.1,0.2945564091205597
data/corpus_smoke/images/Gemini-nano-banana/78/780065bc82466db6722044c63bd86fc3f8c6ac2a21bc7e34b0e49f3d0898f033.jpg,1,jitter_0.2,0.3292199671268463
data/corpus_smoke/images/Gemini-nano-banana/78/780065bc82466db6722044c63bd86fc3f8c6ac2a21bc7e34b0e49f3d0898f033.jpg,1,center_crop_0.8,0.3563745617866516
data/corpus_smoke/images/Gemini-nano-banana/78/780065bc82466db6722044c63bd86fc3f8c6ac2a21bc7e34b0e49f3d0898f033.jpg,1,composed_blur1.0+jpeg70,0.37276193499565125
data/corpus_smoke/images/Gemini-nano-banana/78/780065bc82466db6722044c63bd86fc3f8c6ac2a21bc7e34b0e49f3d0898f033.jpg,1,composed_resize0.5+jpeg50,0.35606569051742554
data/corpus_smoke/images/Gemini-nano-banana/78/780065bc82466db6722044c63bd86fc3f8c6ac2a21bc7e34b0e49f3d0898f033.jpg,1,composed_jitter0.2+jpeg30,0.3437733054161072
data/corpus_smoke/images/Gemini-nano-banana/78/780065bc82466db6722044c63bd86fc3f8c6ac2a21bc7e34b0e49f3d0898f033.jpg,1,composed_resize0.25+blur0.5+jpeg30,0.3711000978946686
data/corpus_smoke/images/Gemini-nano-banana/03/038d8d82216cdddd38dc004f5caf4e9ee284285172f4d31256166c9a701a9f9f.jpg,1,clean,0.35407987236976624
data/corpus_smoke/images/Gemini-nano-banana/03/038d8d82216cdddd38dc004f5caf4e9ee284285172f4d31256166c9a701a9f9f.jpg,1,jpeg_90,0.35787394642829895
data/corpus_smoke/images/Gemini-nano-banana/03/038d8d82216cdddd38dc004f5caf4e9ee284285172f4d31256166c9a701a9f9f.jpg,1,jpeg_70,0.37352314591407776
data/corpus_smoke/images/Gemini-nano-banana/03/038d8d82216cdddd38dc004f5caf4e9ee284285172f4d31256166c9a701a9f9f.jpg,1,jpeg_50,0.36384284496307373
data/corpus_smoke/images/Gemini-nano-banana/03/038d8d82216cdddd38dc004f5caf4e9ee284285172f4d31256166c9a701a9f9f.jpg,1,jpeg_30,0.3582538664340973
data/corpus_smoke/images/Gemini-nano-banana/03/038d8d82216cdddd38dc004f5caf4e9ee284285172f4d31256166c9a701a9f9f.jpg,1,blur_0.5,0.36038029193878174
data/corpus_smoke/images/Gemini-nano-banana/03/038d8d82216cdddd38dc004f5caf4e9ee284285172f4d31256166c9a701a9f9f.jpg,1,blur_1.0,0.3765559196472168
data/corpus_smoke/images/Gemini-nano-banana/03/038d8d82216cdddd38dc004f5caf4e9ee284285172f4d31256166c9a701a9f9f.jpg,1,blur_2.0,0.40393123030662537
data/corpus_smoke/images/Gemini-nano-banana/03/038d8d82216cdddd38dc004f5caf4e9ee284285172f4d31256166c9a701a9f9f.jpg,1,resize_0.5,0.3693859875202179
data/corpus_smoke/images/Gemini-nano-banana/03/038d8d82216cdddd38dc004f5caf4e9ee284285172f4d31256166c9a701a9f9f.jpg,1,resize_0.25,0.39318597316741943
data/corpus_smoke/images/Gemini-nano-banana/03/038d8d82216cdddd38dc004f5caf4e9ee284285172f4d31256166c9a701a9f9f.jpg,1,noise_0.02,0.35504603385925293
data/corpus_smoke/images/Gemini-nano-banana/03/038d8d82216cdddd38dc004f5caf4e9ee284285172f4d31256166c9a701a9f9f.jpg,1,noise_0.05,0.34019559621810913
data/corpus_smoke/images/Gemini-nano-banana/03/038d8d82216cdddd38dc004f5caf4e9ee284285172f4d31256166c9a701a9f9f.jpg,1,noise_0.1,0.3183068633079529
data/corpus_smoke/images/Gemini-nano-banana/03/038d8d82216cdddd38dc004f5caf4e9ee284285172f4d31256166c9a701a9f9f.jpg,1,jitter_0.2,0.35314667224884033
data/corpus_smoke/images/Gemini-nano-banana/03/038d8d82216cdddd38dc004f5caf4e9ee284285172f4d31256166c9a701a9f9f.jpg,1,center_crop_0.8,0.3795146048069
data/corpus_smoke/images/Gemini-nano-banana/03/038d8d82216cdddd38dc004f5caf4e9ee284285172f4d31256166c9a701a9f9f.jpg,1,composed_blur1.0+jpeg70,0.39125576615333557
data/corpus_smoke/images/Gemini-nano-banana/03/038d8d82216cdddd38dc004f5caf4e9ee284285172f4d31256166c9a701a9f9f.jpg,1,composed_resize0.5+jpeg50,0.381752073764801
data/corpus_smoke/images/Gemini-nano-banana/03/038d8d82216cdddd38dc004f5caf4e9ee284285172f4d31256166c9a701a9f9f.jpg,1,composed_jitter0.2+jpeg30,0.3549681305885315
data/corpus_smoke/images/Gemini-nano-banana/03/038d8d82216cdddd38dc004f5caf4e9ee284285172f4d31256166c9a701a9f9f.jpg,1,composed_resize0.25+blur0.5+jpeg30,0.3971286118030548
data/corpus_smoke/images/Gemini-nano-banana/17/17a98333339251db056dc9d3af3c8cd64ac591fa5472eee25d9adacae0d904d3.jpg,1,clean,0.4035763144493103
data/corpus_smoke/images/Gemini-nano-banana/17/17a98333339251db056dc9d3af3c8cd64ac591fa5472eee25d9adacae0d904d3.jpg,1,jpeg_90,0.4036943018436432
data/corpus_smoke/images/Gemini-nano-banana/17/17a98333339251db056dc9d3af3c8cd64ac591fa5472eee25d9adacae0d904d3.jpg,1,jpeg_70,0.4121297597885132
data/corpus_smoke/images/Gemini-nano-banana/17/17a98333339251db056dc9d3af3c8cd64ac591fa5472eee25d9adacae0d904d3.jpg,1,jpeg_50,0.41975292563438416
data/corpus_smoke/images/Gemini-nano-banana/17/17a98333339251db056dc9d3af3c8cd64ac591fa5472eee25d9adacae0d904d3.jpg,1,jpeg_30,0.42150139808654785
data/corpus_smoke/images/Gemini-nano-banana/17/17a98333339251db056dc9d3af3c8cd64ac591fa5472eee25d9adacae0d904d3.jpg,1,blur_0.5,0.4068104028701782
data/corpus_smoke/images/Gemini-nano-banana/17/17a98333339251db056dc9d3af3c8cd64ac591fa5472eee25d9adacae0d904d3.jpg,1,blur_1.0,0.4113326966762543
data/corpus_smoke/images/Gemini-nano-banana/17/17a98333339251db056dc9d3af3c8cd64ac591fa5472eee25d9adacae0d904d3.jpg,1,blur_2.0,0.42531850934028625
data/corpus_smoke/images/Gemini-nano-banana/17/17a98333339251db056dc9d3af3c8cd64ac591fa5472eee25d9adacae0d904d3.jpg,1,resize_0.5,0.407230019569397
data/corpus_smoke/images/Gemini-nano-banana/17/17a98333339251db056dc9d3af3c8cd64ac591fa5472eee25d9adacae0d904d3.jpg,1,resize_0.25,0.4192286729812622
data/corpus_smoke/images/Gemini-nano-banana/17/17a98333339251db056dc9d3af3c8cd64ac591fa5472eee25d9adacae0d904d3.jpg,1,noise_0.02,0.4101695418357849
data/corpus_smoke/images/Gemini-nano-banana/17/17a98333339251db056dc9d3af3c8cd64ac591fa5472eee25d9adacae0d904d3.jpg,1,noise_0.05,0.389727920293808
data/corpus_smoke/images/Gemini-nano-banana/17/17a98333339251db056dc9d3af3c8cd64ac591fa5472eee25d9adacae0d904d3.jpg,1,noise_0.1,0.35434490442276
data/corpus_smoke/images/Gemini-nano-banana/17/17a98333339251db056dc9d3af3c8cd64ac591fa5472eee25d9adacae0d904d3.jpg,1,jitter_0.2,0.4128561317920685
data/corpus_smoke/images/Gemini-nano-banana/17/17a98333339251db056dc9d3af3c8cd64ac591fa5472eee25d9adacae0d904d3.jpg,1,center_crop_0.8,0.4109339714050293
data/corpus_smoke/images/Gemini-nano-banana/17/17a98333339251db056dc9d3af3c8cd64ac591fa5472eee25d9adacae0d904d3.jpg,1,composed_blur1.0+jpeg70,0.42065054178237915
data/corpus_smoke/images/Gemini-nano-banana/17/17a98333339251db056dc9d3af3c8cd64ac591fa5472eee25d9adacae0d904d3.jpg,1,composed_resize0.5+jpeg50,0.42453473806381226
data/corpus_smoke/images/Gemini-nano-banana/17/17a98333339251db056dc9d3af3c8cd64ac591fa5472eee25d9adacae0d904d3.jpg,1,composed_jitter0.2+jpeg30,0.4007164537906647
data/corpus_smoke/images/Gemini-nano-banana/17/17a98333339251db056dc9d3af3c8cd64ac591fa5472eee25d9adacae0d904d3.jpg,1,composed_resize0.25+blur0.5+jpeg30,0.42610639333724976
data/corpus_smoke/images/Gemini-nano-banana/f1/f11c034bc08085e7d065662069ae4941582ef091dd3b580d171941e5fc01def7.jpg,1,clean,0.33586934208869934
data/corpus_smoke/images/Gemini-nano-banana/f1/f11c034bc08085e7d065662069ae4941582ef091dd3b580d171941e5fc01def7.jpg,1,jpeg_90,0.3440225124359131
data/corpus_smoke/images/Gemini-nano-banana/f1/f11c034bc08085e7d065662069ae4941582ef091dd3b580d171941e5fc01def7.jpg,1,jpeg_70,0.34489136934280396
data/corpus_smoke/images/Gemini-nano-banana/f1/f11c034bc08085e7d065662069ae4941582ef091dd3b580d171941e5fc01def7.jpg,1,jpeg_50,0.33932575583457947
data/corpus_smoke/images/Gemini-nano-banana/f1/f11c034bc08085e7d065662069ae4941582ef091dd3b580d171941e5fc01def7.jpg,1,jpeg_30,0.343474805355072
data/corpus_smoke/images/Gemini-nano-banana/f1/f11c034bc08085e7d065662069ae4941582ef091dd3b580d171941e5fc01def7.jpg,1,blur_0.5,0.34699615836143494
data/corpus_smoke/images/Gemini-nano-banana/f1/f11c034bc08085e7d065662069ae4941582ef091dd3b580d171941e5fc01def7.jpg,1,blur_1.0,0.36584246158599854
data/corpus_smoke/images/Gemini-nano-banana/f1/f11c034bc08085e7d065662069ae4941582ef091dd3b580d171941e5fc01def7.jpg,1,blur_2.0,0.38766375184059143
data/corpus_smoke/images/Gemini-nano-banana/f1/f11c034bc08085e7d065662069ae4941582ef091dd3b580d171941e5fc01def7.jpg,1,resize_0.5,0.3519887328147888
data/corpus_smoke/images/Gemini-nano-banana/f1/f11c034bc08085e7d065662069ae4941582ef091dd3b580d171941e5fc01def7.jpg,1,resize_0.25,0.3779143989086151
data/corpus_smoke/images/Gemini-nano-banana/f1/f11c034bc08085e7d065662069ae4941582ef091dd3b580d171941e5fc01def7.jpg,1,noise_0.02,0.33778226375579834
data/corpus_smoke/images/Gemini-nano-banana/f1/f11c034bc08085e7d065662069ae4941582ef091dd3b580d171941e5fc01def7.jpg,1,noise_0.05,0.3344290554523468
data/corpus_smoke/images/Gemini-nano-banana/f1/f11c034bc08085e7d065662069ae4941582ef091dd3b580d171941e5fc01def7.jpg,1,noise_0.1,0.304082453250885
data/corpus_smoke/images/Gemini-nano-banana/f1/f11c034bc08085e7d065662069ae4941582ef091dd3b580d171941e5fc01def7.jpg,1,jitter_0.2,0.33944135904312134
data/corpus_smoke/images/Gemini-nano-banana/f1/f11c034bc08085e7d065662069ae4941582ef091dd3b580d171941e5fc01def7.jpg,1,center_crop_0.8,0.3492485582828522
data/corpus_smoke/images/Gemini-nano-banana/f1/f11c034bc08085e7d065662069ae4941582ef091dd3b580d171941e5fc01def7.jpg,1,composed_blur1.0+jpeg70,0.3774682283401489
data/corpus_smoke/images/Gemini-nano-banana/f1/f11c034bc08085e7d065662069ae4941582ef091dd3b580d171941e5fc01def7.jpg,1,composed_resize0.5+jpeg50,0.3608039915561676
data/corpus_smoke/images/Gemini-nano-banana/f1/f11c034bc08085e7d065662069ae4941582ef091dd3b580d171941e5fc01def7.jpg,1,composed_jitter0.2+jpeg30,0.35181349515914917
data/corpus_smoke/images/Gemini-nano-banana/f1/f11c034bc08085e7d065662069ae4941582ef091dd3b580d171941e5fc01def7.jpg,1,composed_resize0.25+blur0.5+jpeg30,0.38566553592681885
data/corpus_smoke/images/Gemini-nano-banana/a1/a19a47194493b235fcf7cf813338b7829e6ee00fb5ed97645452bbf9444bd9ef.jpg,1,clean,0.3080730736255646
data/corpus_smoke/images/Gemini-nano-banana/a1/a19a47194493b235fcf7cf813338b7829e6ee00fb5ed97645452bbf9444bd9ef.jpg,1,jpeg_90,0.3086862564086914
data/corpus_smoke/images/Gemini-nano-banana/a1/a19a47194493b235fcf7cf813338b7829e6ee00fb5ed97645452bbf9444bd9ef.jpg,1,jpeg_70,0.30841338634490967
data/corpus_smoke/images/Gemini-nano-banana/a1/a19a47194493b235fcf7cf813338b7829e6ee00fb5ed97645452bbf9444bd9ef.jpg,1,jpeg_50,0.3082607388496399
data/corpus_smoke/images/Gemini-nano-banana/a1/a19a47194493b235fcf7cf813338b7829e6ee00fb5ed97645452bbf9444bd9ef.jpg,1,jpeg_30,0.3062438368797302
data/corpus_smoke/images/Gemini-nano-banana/a1/a19a47194493b235fcf7cf813338b7829e6ee00fb5ed97645452bbf9444bd9ef.jpg,1,blur_0.5,0.3163676857948303
data/corpus_smoke/images/Gemini-nano-banana/a1/a19a47194493b235fcf7cf813338b7829e6ee00fb5ed97645452bbf9444bd9ef.jpg,1,blur_1.0,0.33283698558807373
data/corpus_smoke/images/Gemini-nano-banana/a1/a19a47194493b235fcf7cf813338b7829e6ee00fb5ed97645452bbf9444bd9ef.jpg,1,blur_2.0,0.35650092363357544
data/corpus_smoke/images/Gemini-nano-banana/a1/a19a47194493b235fcf7cf813338b7829e6ee00fb5ed97645452bbf9444bd9ef.jpg,1,resize_0.5,0.32112234830856323
data/corpus_smoke/images/Gemini-nano-banana/a1/a19a47194493b235fcf7cf813338b7829e6ee00fb5ed97645452bbf9444bd9ef.jpg,1,resize_0.25,0.34751757979393005
data/corpus_smoke/images/Gemini-nano-banana/a1/a19a47194493b235fcf7cf813338b7829e6ee00fb5ed97645452bbf9444bd9ef.jpg,1,noise_0.02,0.3071236312389374
data/corpus_smoke/images/Gemini-nano-banana/a1/a19a47194493b235fcf7cf813338b7829e6ee00fb5ed97645452bbf9444bd9ef.jpg,1,noise_0.05,0.2911381721496582
data/corpus_smoke/images/Gemini-nano-banana/a1/a19a47194493b235fcf7cf813338b7829e6ee00fb5ed97645452bbf9444bd9ef.jpg,1,noise_0.1,0.28254434466362
data/corpus_smoke/images/Gemini-nano-banana/a1/a19a47194493b235fcf7cf813338b7829e6ee00fb5ed97645452bbf9444bd9ef.jpg,1,jitter_0.2,0.31290724873542786
data/corpus_smoke/images/Gemini-nano-banana/a1/a19a47194493b235fcf7cf813338b7829e6ee00fb5ed97645452bbf9444bd9ef.jpg,1,center_crop_0.8,0.334531307220459
data/corpus_smoke/images/Gemini-nano-banana/a1/a19a47194493b235fcf7cf813338b7829e6ee00fb5ed97645452bbf9444bd9ef.jpg,1,composed_blur1.0+jpeg70,0.33255627751350403
data/corpus_smoke/images/Gemini-nano-banana/a1/a19a47194493b235fcf7cf813338b7829e6ee00fb5ed97645452bbf9444bd9ef.jpg,1,composed_resize0.5+jpeg50,0.32729125022888184
data/corpus_smoke/images/Gemini-nano-banana/a1/a19a47194493b235fcf7cf813338b7829e6ee00fb5ed97645452bbf9444bd9ef.jpg,1,composed_jitter0.2+jpeg30,0.2887127101421356
data/corpus_smoke/images/Gemini-nano-banana/a1/a19a47194493b235fcf7cf813338b7829e6ee00fb5ed97645452bbf9444bd9ef.jpg,1,composed_resize0.25+blur0.5+jpeg30,0.3590112030506134
data/corpus_smoke/images/Gemini-nano-banana/6f/6f880612b8dce145128a24e4a2d746c4ca4a6bcb791010ebcd53dcbcb7ea9467.jpg,1,clean,0.39244699478149414
data/corpus_smoke/images/Gemini-nano-banana/6f/6f880612b8dce145128a24e4a2d746c4ca4a6bcb791010ebcd53dcbcb7ea9467.jpg,1,jpeg_90,0.39849498867988586
data/corpus_smoke/images/Gemini-nano-banana/6f/6f880612b8dce145128a24e4a2d746c4ca4a6bcb791010ebcd53dcbcb7ea9467.jpg,1,jpeg_70,0.40082547068595886
data/corpus_smoke/images/Gemini-nano-banana/6f/6f880612b8dce145128a24e4a2d746c4ca4a6bcb791010ebcd53dcbcb7ea9467.jpg,1,jpeg_50,0.3980041742324829
data/corpus_smoke/images/Gemini-nano-banana/6f/6f880612b8dce145128a24e4a2d746c4ca4a6bcb791010ebcd53dcbcb7ea9467.jpg,1,jpeg_30,0.39462149143218994
data/corpus_smoke/images/Gemini-nano-banana/6f/6f880612b8dce145128a24e4a2d746c4ca4a6bcb791010ebcd53dcbcb7ea9467.jpg,1,blur_0.5,0.39699721336364746
data/corpus_smoke/images/Gemini-nano-banana/6f/6f880612b8dce145128a24e4a2d746c4ca4a6bcb791010ebcd53dcbcb7ea9467.jpg,1,blur_1.0,0.402987003326416
data/corpus_smoke/images/Gemini-nano-banana/6f/6f880612b8dce145128a24e4a2d746c4ca4a6bcb791010ebcd53dcbcb7ea9467.jpg,1,blur_2.0,0.4150853753089905
data/corpus_smoke/images/Gemini-nano-banana/6f/6f880612b8dce145128a24e4a2d746c4ca4a6bcb791010ebcd53dcbcb7ea9467.jpg,1,resize_0.5,0.4004286229610443
data/corpus_smoke/images/Gemini-nano-banana/6f/6f880612b8dce145128a24e4a2d746c4ca4a6bcb791010ebcd53dcbcb7ea9467.jpg,1,resize_0.25,0.4048355221748352
data/corpus_smoke/images/Gemini-nano-banana/6f/6f880612b8dce145128a24e4a2d746c4ca4a6bcb791010ebcd53dcbcb7ea9467.jpg,1,noise_0.02,0.39738500118255615
data/corpus_smoke/images/Gemini-nano-banana/6f/6f880612b8dce145128a24e4a2d746c4ca4a6bcb791010ebcd53dcbcb7ea9467.jpg,1,noise_0.05,0.37599146366119385
data/corpus_smoke/images/Gemini-nano-banana/6f/6f880612b8dce145128a24e4a2d746c4ca4a6bcb791010ebcd53dcbcb7ea9467.jpg,1,noise_0.1,0.3313977122306824
data/corpus_smoke/images/Gemini-nano-banana/6f/6f880612b8dce145128a24e4a2d746c4ca4a6bcb791010ebcd53dcbcb7ea9467.jpg,1,jitter_0.2,0.39058718085289
data/corpus_smoke/images/Gemini-nano-banana/6f/6f880612b8dce145128a24e4a2d746c4ca4a6bcb791010ebcd53dcbcb7ea9467.jpg,1,center_crop_0.8,0.40823251008987427
data/corpus_smoke/images/Gemini-nano-banana/6f/6f880612b8dce145128a24e4a2d746c4ca4a6bcb791010ebcd53dcbcb7ea9467.jpg,1,composed_blur1.0+jpeg70,0.41761428117752075
data/corpus_smoke/images/Gemini-nano-banana/6f/6f880612b8dce145128a24e4a2d746c4ca4a6bcb791010ebcd53dcbcb7ea9467.jpg,1,composed_resize0.5+jpeg50,0.409706175327301
data/corpus_smoke/images/Gemini-nano-banana/6f/6f880612b8dce145128a24e4a2d746c4ca4a6bcb791010ebcd53dcbcb7ea9467.jpg,1,composed_jitter0.2+jpeg30,0.38180673122406006
data/corpus_smoke/images/Gemini-nano-banana/6f/6f880612b8dce145128a24e4a2d746c4ca4a6bcb791010ebcd53dcbcb7ea9467.jpg,1,composed_resize0.25+blur0.5+jpeg30,0.41088566184043884
data/corpus_smoke/images/Gemini-nano-banana/13/136b74bafb954270b92157aaf667dc289d70bd02456a45364b300afaf9ee8967.jpg,1,clean,0.4535907804965973
data/corpus_smoke/images/Gemini-nano-banana/13/136b74bafb954270b92157aaf667dc289d70bd02456a45364b300afaf9ee8967.jpg,1,jpeg_90,0.4576907753944397
data/corpus_smoke/images/Gemini-nano-banana/13/136b74bafb954270b92157aaf667dc289d70bd02456a45364b300afaf9ee8967.jpg,1,jpeg_70,0.45895758271217346
data/corpus_smoke/images/Gemini-nano-banana/13/136b74bafb954270b92157aaf667dc289d70bd02456a45364b300afaf9ee8967.jpg,1,jpeg_50,0.45539653301239014
data/corpus_smoke/images/Gemini-nano-banana/13/136b74bafb954270b92157aaf667dc289d70bd02456a45364b300afaf9ee8967.jpg,1,jpeg_30,0.446456640958786
data/corpus_smoke/images/Gemini-nano-banana/13/136b74bafb954270b92157aaf667dc289d70bd02456a45364b300afaf9ee8967.jpg,1,blur_0.5,0.45376232266426086
data/corpus_smoke/images/Gemini-nano-banana/13/136b74bafb954270b92157aaf667dc289d70bd02456a45364b300afaf9ee8967.jpg,1,blur_1.0,0.4553089737892151
data/corpus_smoke/images/Gemini-nano-banana/13/136b74bafb954270b92157aaf667dc289d70bd02456a45364b300afaf9ee8967.jpg,1,blur_2.0,0.4515778720378876
data/corpus_smoke/images/Gemini-nano-banana/13/136b74bafb954270b92157aaf667dc289d70bd02456a45364b300afaf9ee8967.jpg,1,resize_0.5,0.4503360688686371
data/corpus_smoke/images/Gemini-nano-banana/13/136b74bafb954270b92157aaf667dc289d70bd02456a45364b300afaf9ee8967.jpg,1,resize_0.25,0.45044073462486267
data/corpus_smoke/images/Gemini-nano-banana/13/136b74bafb954270b92157aaf667dc289d70bd02456a45364b300afaf9ee8967.jpg,1,noise_0.02,0.43868595361709595
data/corpus_smoke/images/Gemini-nano-banana/13/136b74bafb954270b92157aaf667dc289d70bd02456a45364b300afaf9ee8967.jpg,1,noise_0.05,0.4165709614753723
data/corpus_smoke/images/Gemini-nano-banana/13/136b74bafb954270b92157aaf667dc289d70bd02456a45364b300afaf9ee8967.jpg,1,noise_0.1,0.372729629278183
data/corpus_smoke/images/Gemini-nano-banana/13/136b74bafb954270b92157aaf667dc289d70bd02456a45364b300afaf9ee8967.jpg,1,jitter_0.2,0.45516130328178406
data/corpus_smoke/images/Gemini-nano-banana/13/136b74bafb954270b92157aaf667dc289d70bd02456a45364b300afaf9ee8967.jpg,1,center_crop_0.8,0.43437138199806213
data/corpus_smoke/images/Gemini-nano-banana/13/136b74bafb954270b92157aaf667dc289d70bd02456a45364b300afaf9ee8967.jpg,1,composed_blur1.0+jpeg70,0.46169963479042053
data/corpus_smoke/images/Gemini-nano-banana/13/136b74bafb954270b92157aaf667dc289d70bd02456a45364b300afaf9ee8967.jpg,1,composed_resize0.5+jpeg50,0.4549238383769989
data/corpus_smoke/images/Gemini-nano-banana/13/136b74bafb954270b92157aaf667dc289d70bd02456a45364b300afaf9ee8967.jpg,1,composed_jitter0.2+jpeg30,0.4359821081161499
data/corpus_smoke/images/Gemini-nano-banana/13/136b74bafb954270b92157aaf667dc289d70bd02456a45364b300afaf9ee8967.jpg,1,composed_resize0.25+blur0.5+jpeg30,0.44741880893707275
data/corpus_smoke/images/Gemini-nano-banana/e1/e182f288d305b27307992476e1ad9921c14c770a81329b0d3443827f7f77c028.jpg,1,clean,0.3510489761829376
data/corpus_smoke/images/Gemini-nano-banana/e1/e182f288d305b27307992476e1ad9921c14c770a81329b0d3443827f7f77c028.jpg,1,jpeg_90,0.3572779595851898
data/corpus_smoke/images/Gemini-nano-banana/e1/e182f288d305b27307992476e1ad9921c14c770a81329b0d3443827f7f77c028.jpg,1,jpeg_70,0.3547007143497467
data/corpus_smoke/images/Gemini-nano-banana/e1/e182f288d305b27307992476e1ad9921c14c770a81329b0d3443827f7f77c028.jpg,1,jpeg_50,0.36064788699150085
data/corpus_smoke/images/Gemini-nano-banana/e1/e182f288d305b27307992476e1ad9921c14c770a81329b0d3443827f7f77c028.jpg,1,jpeg_30,0.36214062571525574
data/corpus_smoke/images/Gemini-nano-banana/e1/e182f288d305b27307992476e1ad9921c14c770a81329b0d3443827f7f77c028.jpg,1,blur_0.5,0.3563326299190521
data/corpus_smoke/images/Gemini-nano-banana/e1/e182f288d305b27307992476e1ad9921c14c770a81329b0d3443827f7f77c028.jpg,1,blur_1.0,0.3642289638519287
data/corpus_smoke/images/Gemini-nano-banana/e1/e182f288d305b27307992476e1ad9921c14c770a81329b0d3443827f7f77c028.jpg,1,blur_2.0,0.3815508484840393
data/corpus_smoke/images/Gemini-nano-banana/e1/e182f288d305b27307992476e1ad9921c14c770a81329b0d3443827f7f77c028.jpg,1,resize_0.5,0.35839661955833435
data/corpus_smoke/images/Gemini-nano-banana/e1/e182f288d305b27307992476e1ad9921c14c770a81329b0d3443827f7f77c028.jpg,1,resize_0.25,0.3716750144958496
data/corpus_smoke/images/Gemini-nano-banana/e1/e182f288d305b27307992476e1ad9921c14c770a81329b0d3443827f7f77c028.jpg,1,noise_0.02,0.35768452286720276
data/corpus_smoke/images/Gemini-nano-banana/e1/e182f288d305b27307992476e1ad9921c14c770a81329b0d3443827f7f77c028.jpg,1,noise_0.05,0.34149277210235596
data/corpus_smoke/images/Gemini-nano-banana/e1/e182f288d305b27307992476e1ad9921c14c770a81329b0d3443827f7f77c028.jpg,1,noise_0.1,0.3109517991542816
data/corpus_smoke/images/Gemini-nano-banana/e1/e182f288d305b27307992476e1ad9921c14c770a81329b0d3443827f7f77c028.jpg,1,jitter_0.2,0.34540820121765137
data/corpus_smoke/images/Gemini-nano-banana/e1/e182f288d305b27307992476e1ad9921c14c770a81329b0d3443827f7f77c028.jpg,1,center_crop_0.8,0.36291879415512085
data/corpus_smoke/images/Gemini-nano-banana/e1/e182f288d305b27307992476e1ad9921c14c770a81329b0d3443827f7f77c028.jpg,1,composed_blur1.0+jpeg70,0.37493595480918884
data/corpus_smoke/images/Gemini-nano-banana/e1/e182f288d305b27307992476e1ad9921c14c770a81329b0d3443827f7f77c028.jpg,1,composed_resize0.5+jpeg50,0.3725084960460663
data/corpus_smoke/images/Gemini-nano-banana/e1/e182f288d305b27307992476e1ad9921c14c770a81329b0d3443827f7f77c028.jpg,1,composed_jitter0.2+jpeg30,0.36492082476615906
data/corpus_smoke/images/Gemini-nano-banana/e1/e182f288d305b27307992476e1ad9921c14c770a81329b0d3443827f7f77c028.jpg,1,composed_resize0.25+blur0.5+jpeg30,0.37975195050239563
data/corpus_smoke/images/Gemini-nano-banana/88/88fef7f87a172175daeffe0353178cee99941ceaa47ba259525add8c111b1a78.jpg,1,clean,0.3350447416305542
data/corpus_smoke/images/Gemini-nano-banana/88/88fef7f87a172175daeffe0353178cee99941ceaa47ba259525add8c111b1a78.jpg,1,jpeg_90,0.33932816982269287
data/corpus_smoke/images/Gemini-nano-banana/88/88fef7f87a172175daeffe0353178cee99941ceaa47ba259525add8c111b1a78.jpg,1,jpeg_70,0.3405492603778839
data/corpus_smoke/images/Gemini-nano-banana/88/88fef7f87a172175daeffe0353178cee99941ceaa47ba259525add8c111b1a78.jpg,1,jpeg_50,0.34026607871055603
data/corpus_smoke/images/Gemini-nano-banana/88/88fef7f87a172175daeffe0353178cee99941ceaa47ba259525add8c111b1a78.jpg,1,jpeg_30,0.34096333384513855
data/corpus_smoke/images/Gemini-nano-banana/88/88fef7f87a172175daeffe0353178cee99941ceaa47ba259525add8c111b1a78.jpg,1,blur_0.5,0.33972248435020447
data/corpus_smoke/images/Gemini-nano-banana/88/88fef7f87a172175daeffe0353178cee99941ceaa47ba259525add8c111b1a78.jpg,1,blur_1.0,0.3484898507595062
data/corpus_smoke/images/Gemini-nano-banana/88/88fef7f87a172175daeffe0353178cee99941ceaa47ba259525add8c111b1a78.jpg,1,blur_2.0,0.36498764157295227
data/corpus_smoke/images/Gemini-nano-banana/88/88fef7f87a172175daeffe0353178cee99941ceaa47ba259525add8c111b1a78.jpg,1,resize_0.5,0.34270909428596497
data/corpus_smoke/images/Gemini-nano-banana/88/88fef7f87a172175daeffe0353178cee99941ceaa47ba259525add8c111b1a78.jpg,1,resize_0.25,0.3591499626636505
data/corpus_smoke/images/Gemini-nano-banana/88/88fef7f87a172175daeffe0353178cee99941ceaa47ba259525add8c111b1a78.jpg,1,noise_0.02,0.33294475078582764
data/corpus_smoke/images/Gemini-nano-banana/88/88fef7f87a172175daeffe0353178cee99941ceaa47ba259525add8c111b1a78.jpg,1,noise_0.05,0.3197593092918396
data/corpus_smoke/images/Gemini-nano-banana/88/88fef7f87a172175daeffe0353178cee99941ceaa47ba259525add8c111b1a78.jpg,1,noise_0.1,0.2945595383644104
data/corpus_smoke/images/Gemini-nano-banana/88/88fef7f87a172175daeffe0353178cee99941ceaa47ba259525add8c111b1a78.jpg,1,jitter_0.2,0.3444582223892212
data/corpus_smoke/images/Gemini-nano-banana/88/88fef7f87a172175daeffe0353178cee99941ceaa47ba259525add8c111b1a78.jpg,1,center_crop_0.8,0.345218300819397
data/corpus_smoke/images/Gemini-nano-banana/88/88fef7f87a172175daeffe0353178cee99941ceaa47ba259525add8c111b1a78.jpg,1,composed_blur1.0+jpeg70,0.3580980598926544
data/corpus_smoke/images/Gemini-nano-banana/88/88fef7f87a172175daeffe0353178cee99941ceaa47ba259525add8c111b1a78.jpg,1,composed_resize0.5+jpeg50,0.34985873103141785
data/corpus_smoke/images/Gemini-nano-banana/88/88fef7f87a172175daeffe0353178cee99941ceaa47ba259525add8c111b1a78.jpg,1,composed_jitter0.2+jpeg30,0.32513847947120667
data/corpus_smoke/images/Gemini-nano-banana/88/88fef7f87a172175daeffe0353178cee99941ceaa47ba259525add8c111b1a78.jpg,1,composed_resize0.25+blur0.5+jpeg30,0.3658059239387512
data/corpus_smoke/images/Gemini-nano-banana/51/510baf3935811565730249a3d6bb0a112ad360f0d468cfd903e010a375d24c59.jpg,1,clean,0.3780476450920105
data/corpus_smoke/images/Gemini-nano-banana/51/510baf3935811565730249a3d6bb0a112ad360f0d468cfd903e010a375d24c59.jpg,1,jpeg_90,0.38437265157699585
data/corpus_smoke/images/Gemini-nano-banana/51/510baf3935811565730249a3d6bb0a112ad360f0d468cfd903e010a375d24c59.jpg,1,jpeg_70,0.38505783677101135
data/corpus_smoke/images/Gemini-nano-banana/51/510baf3935811565730249a3d6bb0a112ad360f0d468cfd903e010a375d24c59.jpg,1,jpeg_50,0.38617226481437683
data/corpus_smoke/images/Gemini-nano-banana/51/510baf3935811565730249a3d6bb0a112ad360f0d468cfd903e010a375d24c59.jpg,1,jpeg_30,0.37422025203704834
data/corpus_smoke/images/Gemini-nano-banana/51/510baf3935811565730249a3d6bb0a112ad360f0d468cfd903e010a375d24c59.jpg,1,blur_0.5,0.3797866106033325
data/corpus_smoke/images/Gemini-nano-banana/51/510baf3935811565730249a3d6bb0a112ad360f0d468cfd903e010a375d24c59.jpg,1,blur_1.0,0.38500165939331055
data/corpus_smoke/images/Gemini-nano-banana/51/510baf3935811565730249a3d6bb0a112ad360f0d468cfd903e010a375d24c59.jpg,1,blur_2.0,0.3908129632472992
data/corpus_smoke/images/Gemini-nano-banana/51/510baf3935811565730249a3d6bb0a112ad360f0d468cfd903e010a375d24c59.jpg,1,resize_0.5,0.3729904890060425
data/corpus_smoke/images/Gemini-nano-banana/51/510baf3935811565730249a3d6bb0a112ad360f0d468cfd903e010a375d24c59.jpg,1,resize_0.25,0.3822629749774933
data/corpus_smoke/images/Gemini-nano-banana/51/510baf3935811565730249a3d6bb0a112ad360f0d468cfd903e010a375d24c59.jpg,1,noise_0.02,0.36449363827705383
data/corpus_smoke/images/Gemini-nano-banana/51/510baf3935811565730249a3d6bb0a112ad360f0d468cfd903e010a375d24c59.jpg,1,noise_0.05,0.3379532992839813
data/corpus_smoke/images/Gemini-nano-banana/51/510baf3935811565730249a3d6bb0a112ad360f0d468cfd903e010a375d24c59.jpg,1,noise_0.1,0.3076964020729065
data/corpus_smoke/images/Gemini-nano-banana/51/510baf3935811565730249a3d6bb0a112ad360f0d468cfd903e010a375d24c59.jpg,1,jitter_0.2,0.37142622470855713
data/corpus_smoke/images/Gemini-nano-banana/51/510baf3935811565730249a3d6bb0a112ad360f0d468cfd903e010a375d24c59.jpg,1,center_crop_0.8,0.38477665185928345
data/corpus_smoke/images/Gemini-nano-banana/51/510baf3935811565730249a3d6bb0a112ad360f0d468cfd903e010a375d24c59.jpg,1,composed_blur1.0+jpeg70,0.394715815782547
data/corpus_smoke/images/Gemini-nano-banana/51/510baf3935811565730249a3d6bb0a112ad360f0d468cfd903e010a375d24c59.jpg,1,composed_resize0.5+jpeg50,0.38854944705963135
data/corpus_smoke/images/Gemini-nano-banana/51/510baf3935811565730249a3d6bb0a112ad360f0d468cfd903e010a375d24c59.jpg,1,composed_jitter0.2+jpeg30,0.3767687976360321
data/corpus_smoke/images/Gemini-nano-banana/51/510baf3935811565730249a3d6bb0a112ad360f0d468cfd903e010a375d24c59.jpg,1,composed_resize0.25+blur0.5+jpeg30,0.38666969537734985
data/corpus_smoke/images/Gemini-nano-banana/b2/b26af3fde57636cfb350db7a80f0784e79bcb228e4ff03776879cf36168ab38b.jpg,1,clean,0.3831138014793396
data/corpus_smoke/images/Gemini-nano-banana/b2/b26af3fde57636cfb350db7a80f0784e79bcb228e4ff03776879cf36168ab38b.jpg,1,jpeg_90,0.3850976824760437
data/corpus_smoke/images/Gemini-nano-banana/b2/b26af3fde57636cfb350db7a80f0784e79bcb228e4ff03776879cf36168ab38b.jpg,1,jpeg_70,0.38653993606567383
data/corpus_smoke/images/Gemini-nano-banana/b2/b26af3fde57636cfb350db7a80f0784e79bcb228e4ff03776879cf36168ab38b.jpg,1,jpeg_50,0.38062015175819397
data/corpus_smoke/images/Gemini-nano-banana/b2/b26af3fde57636cfb350db7a80f0784e79bcb228e4ff03776879cf36168ab38b.jpg,1,jpeg_30,0.38358089327812195
data/corpus_smoke/images/Gemini-nano-banana/b2/b26af3fde57636cfb350db7a80f0784e79bcb228e4ff03776879cf36168ab38b.jpg,1,blur_0.5,0.38610512018203735
data/corpus_smoke/images/Gemini-nano-banana/b2/b26af3fde57636cfb350db7a80f0784e79bcb228e4ff03776879cf36168ab38b.jpg,1,blur_1.0,0.39360174536705017
data/corpus_smoke/images/Gemini-nano-banana/b2/b26af3fde57636cfb350db7a80f0784e79bcb228e4ff03776879cf36168ab38b.jpg,1,blur_2.0,0.4024604558944702
data/corpus_smoke/images/Gemini-nano-banana/b2/b26af3fde57636cfb350db7a80f0784e79bcb228e4ff03776879cf36168ab38b.jpg,1,resize_0.5,0.388473778963089
data/corpus_smoke/images/Gemini-nano-banana/b2/b26af3fde57636cfb350db7a80f0784e79bcb228e4ff03776879cf36168ab38b.jpg,1,resize_0.25,0.3967134654521942
data/corpus_smoke/images/Gemini-nano-banana/b2/b26af3fde57636cfb350db7a80f0784e79bcb228e4ff03776879cf36168ab38b.jpg,1,noise_0.02,0.3830904960632324
data/corpus_smoke/images/Gemini-nano-banana/b2/b26af3fde57636cfb350db7a80f0784e79bcb228e4ff03776879cf36168ab38b.jpg,1,noise_0.05,0.35867729783058167
data/corpus_smoke/images/Gemini-nano-banana/b2/b26af3fde57636cfb350db7a80f0784e79bcb228e4ff03776879cf36168ab38b.jpg,1,noise_0.1,0.3212731182575226
data/corpus_smoke/images/Gemini-nano-banana/b2/b26af3fde57636cfb350db7a80f0784e79bcb228e4ff03776879cf36168ab38b.jpg,1,jitter_0.2,0.37525421380996704
data/corpus_smoke/images/Gemini-nano-banana/b2/b26af3fde57636cfb350db7a80f0784e79bcb228e4ff03776879cf36168ab38b.jpg,1,center_crop_0.8,0.39401721954345703
data/corpus_smoke/images/Gemini-nano-banana/b2/b26af3fde57636cfb350db7a80f0784e79bcb228e4ff03776879cf36168ab38b.jpg,1,composed_blur1.0+jpeg70,0.39780986309051514
data/corpus_smoke/images/Gemini-nano-banana/b2/b26af3fde57636cfb350db7a80f0784e79bcb228e4ff03776879cf36168ab38b.jpg,1,composed_resize0.5+jpeg50,0.38872334361076355
data/corpus_smoke/images/Gemini-nano-banana/b2/b26af3fde57636cfb350db7a80f0784e79bcb228e4ff03776879cf36168ab38b.jpg,1,composed_jitter0.2+jpeg30,0.38671180605888367
data/corpus_smoke/images/Gemini-nano-banana/b2/b26af3fde57636cfb350db7a80f0784e79bcb228e4ff03776879cf36168ab38b.jpg,1,composed_resize0.25+blur0.5+jpeg30,0.3990619480609894
data/corpus_smoke/images/Gemini-nano-banana/5e/5e41a28b1f5d4c72c5d9e9968efe3b84740b8a5056a5214e24e36734ced27ace.jpg,1,clean,0.3212297260761261
data/corpus_smoke/images/Gemini-nano-banana/5e/5e41a28b1f5d4c72c5d9e9968efe3b84740b8a5056a5214e24e36734ced27ace.jpg,1,jpeg_90,0.32725366950035095
data/corpus_smoke/images/Gemini-nano-banana/5e/5e41a28b1f5d4c72c5d9e9968efe3b84740b8a5056a5214e24e36734ced27ace.jpg,1,jpeg_70,0.31958484649658203
data/corpus_smoke/images/Gemini-nano-banana/5e/5e41a28b1f5d4c72c5d9e9968efe3b84740b8a5056a5214e24e36734ced27ace.jpg,1,jpeg_50,0.3224650025367737
data/corpus_smoke/images/Gemini-nano-banana/5e/5e41a28b1f5d4c72c5d9e9968efe3b84740b8a5056a5214e24e36734ced27ace.jpg,1,jpeg_30,0.319436639547348
data/corpus_smoke/images/Gemini-nano-banana/5e/5e41a28b1f5d4c72c5d9e9968efe3b84740b8a5056a5214e24e36734ced27ace.jpg,1,blur_0.5,0.33267512917518616
data/corpus_smoke/images/Gemini-nano-banana/5e/5e41a28b1f5d4c72c5d9e9968efe3b84740b8a5056a5214e24e36734ced27ace.jpg,1,blur_1.0,0.3479982018470764
data/corpus_smoke/images/Gemini-nano-banana/5e/5e41a28b1f5d4c72c5d9e9968efe3b84740b8a5056a5214e24e36734ced27ace.jpg,1,blur_2.0,0.3763797879219055
data/corpus_smoke/images/Gemini-nano-banana/5e/5e41a28b1f5d4c72c5d9e9968efe3b84740b8a5056a5214e24e36734ced27ace.jpg,1,resize_0.5,0.3348976671695709
data/corpus_smoke/images/Gemini-nano-banana/5e/5e41a28b1f5d4c72c5d9e9968efe3b84740b8a5056a5214e24e36734ced27ace.jpg,1,resize_0.25,0.36414483189582825
data/corpus_smoke/images/Gemini-nano-banana/5e/5e41a28b1f5d4c72c5d9e9968efe3b84740b8a5056a5214e24e36734ced27ace.jpg,1,noise_0.02,0.30846983194351196
data/corpus_smoke/images/Gemini-nano-banana/5e/5e41a28b1f5d4c72c5d9e9968efe3b84740b8a5056a5214e24e36734ced27ace.jpg,1,noise_0.05,0.2943436801433563
data/corpus_smoke/images/Gemini-nano-banana/5e/5e41a28b1f5d4c72c5d9e9968efe3b84740b8a5056a5214e24e36734ced27ace.jpg,1,noise_0.1,0.2797441780567169
data/corpus_smoke/images/Gemini-nano-banana/5e/5e41a28b1f5d4c72c5d9e9968efe3b84740b8a5056a5214e24e36734ced27ace.jpg,1,jitter_0.2,0.3382987678050995
data/corpus_smoke/images/Gemini-nano-banana/5e/5e41a28b1f5d4c72c5d9e9968efe3b84740b8a5056a5214e24e36734ced27ace.jpg,1,center_crop_0.8,0.3132060170173645
data/corpus_smoke/images/Gemini-nano-banana/5e/5e41a28b1f5d4c72c5d9e9968efe3b84740b8a5056a5214e24e36734ced27ace.jpg,1,composed_blur1.0+jpeg70,0.34938085079193115
data/corpus_smoke/images/Gemini-nano-banana/5e/5e41a28b1f5d4c72c5d9e9968efe3b84740b8a5056a5214e24e36734ced27ace.jpg,1,composed_resize0.5+jpeg50,0.34496596455574036
data/corpus_smoke/images/Gemini-nano-banana/5e/5e41a28b1f5d4c72c5d9e9968efe3b84740b8a5056a5214e24e36734ced27ace.jpg,1,composed_jitter0.2+jpeg30,0.3256229758262634
data/corpus_smoke/images/Gemini-nano-banana/5e/5e41a28b1f5d4c72c5d9e9968efe3b84740b8a5056a5214e24e36734ced27ace.jpg,1,composed_resize0.25+blur0.5+jpeg30,0.3728019893169403
data/corpus_smoke/images/Gemini-nano-banana/5e/5e59028885f3780275fc11c93c7d374b0923becd9ff5984806e1250f86bba765.jpg,1,clean,0.3621421158313751
data/corpus_smoke/images/Gemini-nano-banana/5e/5e59028885f3780275fc11c93c7d374b0923becd9ff5984806e1250f86bba765.jpg,1,jpeg_90,0.3567970395088196
data/corpus_smoke/images/Gemini-nano-banana/5e/5e59028885f3780275fc11c93c7d374b0923becd9ff5984806e1250f86bba765.jpg,1,jpeg_70,0.3595552444458008
data/corpus_smoke/images/Gemini-nano-banana/5e/5e59028885f3780275fc11c93c7d374b0923becd9ff5984806e1250f86bba765.jpg,1,jpeg_50,0.3596898913383484
data/corpus_smoke/images/Gemini-nano-banana/5e/5e59028885f3780275fc11c93c7d374b0923becd9ff5984806e1250f86bba765.jpg,1,jpeg_30,0.36234208941459656
data/corpus_smoke/images/Gemini-nano-banana/5e/5e59028885f3780275fc11c93c7d374b0923becd9ff5984806e1250f86bba765.jpg,1,blur_0.5,0.3654460608959198
data/corpus_smoke/images/Gemini-nano-banana/5e/5e59028885f3780275fc11c93c7d374b0923becd9ff5984806e1250f86bba765.jpg,1,blur_1.0,0.3700808584690094
data/corpus_smoke/images/Gemini-nano-banana/5e/5e59028885f3780275fc11c93c7d374b0923becd9ff5984806e1250f86bba765.jpg,1,blur_2.0,0.3938329815864563
data/corpus_smoke/images/Gemini-nano-banana/5e/5e59028885f3780275fc11c93c7d374b0923becd9ff5984806e1250f86bba765.jpg,1,resize_0.5,0.36221277713775635
data/corpus_smoke/images/Gemini-nano-banana/5e/5e59028885f3780275fc11c93c7d374b0923becd9ff5984806e1250f86bba765.jpg,1,resize_0.25,0.3809211254119873
data/corpus_smoke/images/Gemini-nano-banana/5e/5e59028885f3780275fc11c93c7d374b0923becd9ff5984806e1250f86bba765.jpg,1,noise_0.02,0.3561115264892578
data/corpus_smoke/images/Gemini-nano-banana/5e/5e59028885f3780275fc11c93c7d374b0923becd9ff5984806e1250f86bba765.jpg,1,noise_0.05,0.3375156819820404
data/corpus_smoke/images/Gemini-nano-banana/5e/5e59028885f3780275fc11c93c7d374b0923becd9ff5984806e1250f86bba765.jpg,1,noise_0.1,0.3153744041919708
data/corpus_smoke/images/Gemini-nano-banana/5e/5e59028885f3780275fc11c93c7d374b0923becd9ff5984806e1250f86bba765.jpg,1,jitter_0.2,0.3548244535923004
data/corpus_smoke/images/Gemini-nano-banana/5e/5e59028885f3780275fc11c93c7d374b0923becd9ff5984806e1250f86bba765.jpg,1,center_crop_0.8,0.36603280901908875
data/corpus_smoke/images/Gemini-nano-banana/5e/5e59028885f3780275fc11c93c7d374b0923becd9ff5984806e1250f86bba765.jpg,1,composed_blur1.0+jpeg70,0.38482508063316345
data/corpus_smoke/images/Gemini-nano-banana/5e/5e59028885f3780275fc11c93c7d374b0923becd9ff5984806e1250f86bba765.jpg,1,composed_resize0.5+jpeg50,0.37158629298210144
data/corpus_smoke/images/Gemini-nano-banana/5e/5e59028885f3780275fc11c93c7d374b0923becd9ff5984806e1250f86bba765.jpg,1,composed_jitter0.2+jpeg30,0.3609168827533722
data/corpus_smoke/images/Gemini-nano-banana/5e/5e59028885f3780275fc11c93c7d374b0923becd9ff5984806e1250f86bba765.jpg,1,composed_resize0.25+blur0.5+jpeg30,0.3936469852924347
data/corpus_smoke/images/Gemini-nano-banana/bf/bf7f4ba934c939b4591dfed163eab4d32c469b577c0c422971516561cd78ba12.jpg,1,clean,0.37827131152153015
data/corpus_smoke/images/Gemini-nano-banana/bf/bf7f4ba934c939b4591dfed163eab4d32c469b577c0c422971516561cd78ba12.jpg,1,jpeg_90,0.3773288130760193
data/corpus_smoke/images/Gemini-nano-banana/bf/bf7f4ba934c939b4591dfed163eab4d32c469b577c0c422971516561cd78ba12.jpg,1,jpeg_70,0.3664052486419678
data/corpus_smoke/images/Gemini-nano-banana/bf/bf7f4ba934c939b4591dfed163eab4d32c469b577c0c422971516561cd78ba12.jpg,1,jpeg_50,0.3625834882259369
data/corpus_smoke/images/Gemini-nano-banana/bf/bf7f4ba934c939b4591dfed163eab4d32c469b577c0c422971516561cd78ba12.jpg,1,jpeg_30,0.37366852164268494
data/corpus_smoke/images/Gemini-nano-banana/bf/bf7f4ba934c939b4591dfed163eab4d32c469b577c0c422971516561cd78ba12.jpg,1,blur_0.5,0.37939274311065674
data/corpus_smoke/images/Gemini-nano-banana/bf/bf7f4ba934c939b4591dfed163eab4d32c469b577c0c422971516561cd78ba12.jpg,1,blur_1.0,0.3852236270904541
data/corpus_smoke/images/Gemini-nano-banana/bf/bf7f4ba934c939b4591dfed163eab4d32c469b577c0c422971516561cd78ba12.jpg,1,blur_2.0,0.4156404137611389
data/corpus_smoke/images/Gemini-nano-banana/bf/bf7f4ba934c939b4591dfed163eab4d32c469b577c0c422971516561cd78ba12.jpg,1,resize_0.5,0.37910813093185425
data/corpus_smoke/images/Gemini-nano-banana/bf/bf7f4ba934c939b4591dfed163eab4d32c469b577c0c422971516561cd78ba12.jpg,1,resize_0.25,0.3994087278842926
data/corpus_smoke/images/Gemini-nano-banana/bf/bf7f4ba934c939b4591dfed163eab4d32c469b577c0c422971516561cd78ba12.jpg,1,noise_0.02,0.3564094305038452
data/corpus_smoke/images/Gemini-nano-banana/bf/bf7f4ba934c939b4591dfed163eab4d32c469b577c0c422971516561cd78ba12.jpg,1,noise_0.05,0.32901984453201294
data/corpus_smoke/images/Gemini-nano-banana/bf/bf7f4ba934c939b4591dfed163eab4d32c469b577c0c422971516561cd78ba12.jpg,1,noise_0.1,0.3026869297027588
data/corpus_smoke/images/Gemini-nano-banana/bf/bf7f4ba934c939b4591dfed163eab4d32c469b577c0c422971516561cd78ba12.jpg,1,jitter_0.2,0.3674803674221039
data/corpus_smoke/images/Gemini-nano-banana/bf/bf7f4ba934c939b4591dfed163eab4d32c469b577c0c422971516561cd78ba12.jpg,1,center_crop_0.8,0.3776475787162781
data/corpus_smoke/images/Gemini-nano-banana/bf/bf7f4ba934c939b4591dfed163eab4d32c469b577c0c422971516561cd78ba12.jpg,1,composed_blur1.0+jpeg70,0.39914101362228394
data/corpus_smoke/images/Gemini-nano-banana/bf/bf7f4ba934c939b4591dfed163eab4d32c469b577c0c422971516561cd78ba12.jpg,1,composed_resize0.5+jpeg50,0.38650810718536377
data/corpus_smoke/images/Gemini-nano-banana/bf/bf7f4ba934c939b4591dfed163eab4d32c469b577c0c422971516561cd78ba12.jpg,1,composed_jitter0.2+jpeg30,0.38032066822052
data/corpus_smoke/images/Gemini-nano-banana/bf/bf7f4ba934c939b4591dfed163eab4d32c469b577c0c422971516561cd78ba12.jpg,1,composed_resize0.25+blur0.5+jpeg30,0.392362117767334
data/corpus_smoke/images/Gemini-nano-banana/58/588a0399636517eca2e0106fb09ca37489a239d13fa2fae78cab093a3793a002.jpg,1,clean,0.3502093553543091
data/corpus_smoke/images/Gemini-nano-banana/58/588a0399636517eca2e0106fb09ca37489a239d13fa2fae78cab093a3793a002.jpg,1,jpeg_90,0.3596736788749695
data/corpus_smoke/images/Gemini-nano-banana/58/588a0399636517eca2e0106fb09ca37489a239d13fa2fae78cab093a3793a002.jpg,1,jpeg_70,0.36171165108680725
data/corpus_smoke/images/Gemini-nano-banana/58/588a0399636517eca2e0106fb09ca37489a239d13fa2fae78cab093a3793a002.jpg,1,jpeg_50,0.3602547347545624
data/corpus_smoke/images/Gemini-nano-banana/58/588a0399636517eca2e0106fb09ca37489a239d13fa2fae78cab093a3793a002.jpg,1,jpeg_30,0.35913798213005066
data/corpus_smoke/images/Gemini-nano-banana/58/588a0399636517eca2e0106fb09ca37489a239d13fa2fae78cab093a3793a002.jpg,1,blur_0.5,0.3596701920032501
data/corpus_smoke/images/Gemini-nano-banana/58/588a0399636517eca2e0106fb09ca37489a239d13fa2fae78cab093a3793a002.jpg,1,blur_1.0,0.37903010845184326
data/corpus_smoke/images/Gemini-nano-banana/58/588a0399636517eca2e0106fb09ca37489a239d13fa2fae78cab093a3793a002.jpg,1,blur_2.0,0.4131406247615814
data/corpus_smoke/images/Gemini-nano-banana/58/588a0399636517eca2e0106fb09ca37489a239d13fa2fae78cab093a3793a002.jpg,1,resize_0.5,0.3644643723964691
data/corpus_smoke/images/Gemini-nano-banana/58/588a0399636517eca2e0106fb09ca37489a239d13fa2fae78cab093a3793a002.jpg,1,resize_0.25,0.3985210061073303
data/corpus_smoke/images/Gemini-nano-banana/58/588a0399636517eca2e0106fb09ca37489a239d13fa2fae78cab093a3793a002.jpg,1,noise_0.02,0.3607853055000305
data/corpus_smoke/images/Gemini-nano-banana/58/588a0399636517eca2e0106fb09ca37489a239d13fa2fae78cab093a3793a002.jpg,1,noise_0.05,0.3419913649559021
data/corpus_smoke/images/Gemini-nano-banana/58/588a0399636517eca2e0106fb09ca37489a239d13fa2fae78cab093a3793a002.jpg,1,noise_0.1,0.3168279826641083
data/corpus_smoke/images/Gemini-nano-banana/58/588a0399636517eca2e0106fb09ca37489a239d13fa2fae78cab093a3793a002.jpg,1,jitter_0.2,0.3510926067829132
data/corpus_smoke/images/Gemini-nano-banana/58/588a0399636517eca2e0106fb09ca37489a239d13fa2fae78cab093a3793a002.jpg,1,center_crop_0.8,0.352124959230423
data/corpus_smoke/images/Gemini-nano-banana/58/588a0399636517eca2e0106fb09ca37489a239d13fa2fae78cab093a3793a002.jpg,1,composed_blur1.0+jpeg70,0.40150755643844604
data/corpus_smoke/images/Gemini-nano-banana/58/588a0399636517eca2e0106fb09ca37489a239d13fa2fae78cab093a3793a002.jpg,1,composed_resize0.5+jpeg50,0.38692671060562134
data/corpus_smoke/images/Gemini-nano-banana/58/588a0399636517eca2e0106fb09ca37489a239d13fa2fae78cab093a3793a002.jpg,1,composed_jitter0.2+jpeg30,0.3505055904388428
data/corpus_smoke/images/Gemini-nano-banana/58/588a0399636517eca2e0106fb09ca37489a239d13fa2fae78cab093a3793a002.jpg,1,composed_resize0.25+blur0.5+jpeg30,0.4053174555301666
data/corpus_smoke/images/Gemini-nano-banana/f2/f213b2ada320861cf80044dd8043adb670dd7f503ec6687a34ad33bb4844a5d8.jpg,1,clean,0.34463435411453247
data/corpus_smoke/images/Gemini-nano-banana/f2/f213b2ada320861cf80044dd8043adb670dd7f503ec6687a34ad33bb4844a5d8.jpg,1,jpeg_90,0.3530122637748718
data/corpus_smoke/images/Gemini-nano-banana/f2/f213b2ada320861cf80044dd8043adb670dd7f503ec6687a34ad33bb4844a5d8.jpg,1,jpeg_70,0.3537517189979553
data/corpus_smoke/images/Gemini-nano-banana/f2/f213b2ada320861cf80044dd8043adb670dd7f503ec6687a34ad33bb4844a5d8.jpg,1,jpeg_50,0.34691599011421204
data/corpus_smoke/images/Gemini-nano-banana/f2/f213b2ada320861cf80044dd8043adb670dd7f503ec6687a34ad33bb4844a5d8.jpg,1,jpeg_30,0.3577122092247009
data/corpus_smoke/images/Gemini-nano-banana/f2/f213b2ada320861cf80044dd8043adb670dd7f503ec6687a34ad33bb4844a5d8.jpg,1,blur_0.5,0.3504345417022705
data/corpus_smoke/images/Gemini-nano-banana/f2/f213b2ada320861cf80044dd8043adb670dd7f503ec6687a34ad33bb4844a5d8.jpg,1,blur_1.0,0.3680509328842163
data/corpus_smoke/images/Gemini-nano-banana/f2/f213b2ada320861cf80044dd8043adb670dd7f503ec6687a34ad33bb4844a5d8.jpg,1,blur_2.0,0.38873007893562317
data/corpus_smoke/images/Gemini-nano-banana/f2/f213b2ada320861cf80044dd8043adb670dd7f503ec6687a34ad33bb4844a5d8.jpg,1,resize_0.5,0.35834449529647827
data/corpus_smoke/images/Gemini-nano-banana/f2/f213b2ada320861cf80044dd8043adb670dd7f503ec6687a34ad33bb4844a5d8.jpg,1,resize_0.25,0.37905430793762207
data/corpus_smoke/images/Gemini-nano-banana/f2/f213b2ada320861cf80044dd8043adb670dd7f503ec6687a34ad33bb4844a5d8.jpg,1,noise_0.02,0.3459496796131134
data/corpus_smoke/images/Gemini-nano-banana/f2/f213b2ada320861cf80044dd8043adb670dd7f503ec6687a34ad33bb4844a5d8.jpg,1,noise_0.05,0.3308781385421753
data/corpus_smoke/images/Gemini-nano-banana/f2/f213b2ada320861cf80044dd8043adb670dd7f503ec6687a34ad33bb4844a5d8.jpg,1,noise_0.1,0.3035469651222229
data/corpus_smoke/images/Gemini-nano-banana/f2/f213b2ada320861cf80044dd8043adb670dd7f503ec6687a34ad33bb4844a5d8.jpg,1,jitter_0.2,0.3557111918926239
data/corpus_smoke/images/Gemini-nano-banana/f2/f213b2ada320861cf80044dd8043adb670dd7f503ec6687a34ad33bb4844a5d8.jpg,1,center_crop_0.8,0.36105552315711975
data/corpus_smoke/images/Gemini-nano-banana/f2/f213b2ada320861cf80044dd8043adb670dd7f503ec6687a34ad33bb4844a5d8.jpg,1,composed_blur1.0+jpeg70,0.3785858452320099
data/corpus_smoke/images/Gemini-nano-banana/f2/f213b2ada320861cf80044dd8043adb670dd7f503ec6687a34ad33bb4844a5d8.jpg,1,composed_resize0.5+jpeg50,0.36568742990493774
data/corpus_smoke/images/Gemini-nano-banana/f2/f213b2ada320861cf80044dd8043adb670dd7f503ec6687a34ad33bb4844a5d8.jpg,1,composed_jitter0.2+jpeg30,0.3672811686992645
data/corpus_smoke/images/Gemini-nano-banana/f2/f213b2ada320861cf80044dd8043adb670dd7f503ec6687a34ad33bb4844a5d8.jpg,1,composed_resize0.25+blur0.5+jpeg30,0.3858533203601837
data/corpus_smoke/images/Gemini-nano-banana/1d/1ddbfc4bff7ae4ca02fb500711b06a25ff6141d32629269bdec054ddd3b2360a.jpg,1,clean,0.33485931158065796
data/corpus_smoke/images/Gemini-nano-banana/1d/1ddbfc4bff7ae4ca02fb500711b06a25ff6141d32629269bdec054ddd3b2360a.jpg,1,jpeg_90,0.3417406678199768
data/corpus_smoke/images/Gemini-nano-banana/1d/1ddbfc4bff7ae4ca02fb500711b06a25ff6141d32629269bdec054ddd3b2360a.jpg,1,jpeg_70,0.35101380944252014
data/corpus_smoke/images/Gemini-nano-banana/1d/1ddbfc4bff7ae4ca02fb500711b06a25ff6141d32629269bdec054ddd3b2360a.jpg,1,jpeg_50,0.3480716645717621
data/corpus_smoke/images/Gemini-nano-banana/1d/1ddbfc4bff7ae4ca02fb500711b06a25ff6141d32629269bdec054ddd3b2360a.jpg,1,jpeg_30,0.34983402490615845
data/corpus_smoke/images/Gemini-nano-banana/1d/1ddbfc4bff7ae4ca02fb500711b06a25ff6141d32629269bdec054ddd3b2360a.jpg,1,blur_0.5,0.3402228355407715
data/corpus_smoke/images/Gemini-nano-banana/1d/1ddbfc4bff7ae4ca02fb500711b06a25ff6141d32629269bdec054ddd3b2360a.jpg,1,blur_1.0,0.3501572608947754
data/corpus_smoke/images/Gemini-nano-banana/1d/1ddbfc4bff7ae4ca02fb500711b06a25ff6141d32629269bdec054ddd3b2360a.jpg,1,blur_2.0,0.36488744616508484
data/corpus_smoke/images/Gemini-nano-banana/1d/1ddbfc4bff7ae4ca02fb500711b06a25ff6141d32629269bdec054ddd3b2360a.jpg,1,resize_0.5,0.3440588116645813
data/corpus_smoke/images/Gemini-nano-banana/1d/1ddbfc4bff7ae4ca02fb500711b06a25ff6141d32629269bdec054ddd3b2360a.jpg,1,resize_0.25,0.35610219836235046
data/corpus_smoke/images/Gemini-nano-banana/1d/1ddbfc4bff7ae4ca02fb500711b06a25ff6141d32629269bdec054ddd3b2360a.jpg,1,noise_0.02,0.3395250737667084
data/corpus_smoke/images/Gemini-nano-banana/1d/1ddbfc4bff7ae4ca02fb500711b06a25ff6141d32629269bdec054ddd3b2360a.jpg,1,noise_0.05,0.3146481215953827
data/corpus_smoke/images/Gemini-nano-banana/1d/1ddbfc4bff7ae4ca02fb500711b06a25ff6141d32629269bdec054ddd3b2360a.jpg,1,noise_0.1,0.2914751172065735
data/corpus_smoke/images/Gemini-nano-banana/1d/1ddbfc4bff7ae4ca02fb500711b06a25ff6141d32629269bdec054ddd3b2360a.jpg,1,jitter_0.2,0.3503834903240204
data/corpus_smoke/images/Gemini-nano-banana/1d/1ddbfc4bff7ae4ca02fb500711b06a25ff6141d32629269bdec054ddd3b2360a.jpg,1,center_crop_0.8,0.33215707540512085
data/corpus_smoke/images/Gemini-nano-banana/1d/1ddbfc4bff7ae4ca02fb500711b06a25ff6141d32629269bdec054ddd3b2360a.jpg,1,composed_blur1.0+jpeg70,0.3665259778499603
data/corpus_smoke/images/Gemini-nano-banana/1d/1ddbfc4bff7ae4ca02fb500711b06a25ff6141d32629269bdec054ddd3b2360a.jpg,1,composed_resize0.5+jpeg50,0.35793471336364746
data/corpus_smoke/images/Gemini-nano-banana/1d/1ddbfc4bff7ae4ca02fb500711b06a25ff6141d32629269bdec054ddd3b2360a.jpg,1,composed_jitter0.2+jpeg30,0.3641577959060669
data/corpus_smoke/images/Gemini-nano-banana/1d/1ddbfc4bff7ae4ca02fb500711b06a25ff6141d32629269bdec054ddd3b2360a.jpg,1,composed_resize0.25+blur0.5+jpeg30,0.3722951412200928
data/corpus_smoke/images/Gemini-nano-banana/67/67823e4a9fc6ba48ed8fa0a0bf50a150b647de82ff978e2de467e5f741ef8932.jpg,1,clean,0.37274888157844543
data/corpus_smoke/images/Gemini-nano-banana/67/67823e4a9fc6ba48ed8fa0a0bf50a150b647de82ff978e2de467e5f741ef8932.jpg,1,jpeg_90,0.3707943260669708
data/corpus_smoke/images/Gemini-nano-banana/67/67823e4a9fc6ba48ed8fa0a0bf50a150b647de82ff978e2de467e5f741ef8932.jpg,1,jpeg_70,0.376447468996048
data/corpus_smoke/images/Gemini-nano-banana/67/67823e4a9fc6ba48ed8fa0a0bf50a150b647de82ff978e2de467e5f741ef8932.jpg,1,jpeg_50,0.3746711015701294
data/corpus_smoke/images/Gemini-nano-banana/67/67823e4a9fc6ba48ed8fa0a0bf50a150b647de82ff978e2de467e5f741ef8932.jpg,1,jpeg_30,0.3616834282875061
data/corpus_smoke/images/Gemini-nano-banana/67/67823e4a9fc6ba48ed8fa0a0bf50a150b647de82ff978e2de467e5f741ef8932.jpg,1,blur_0.5,0.38183584809303284
data/corpus_smoke/images/Gemini-nano-banana/67/67823e4a9fc6ba48ed8fa0a0bf50a150b647de82ff978e2de467e5f741ef8932.jpg,1,blur_1.0,0.39898499846458435
data/corpus_smoke/images/Gemini-nano-banana/67/67823e4a9fc6ba48ed8fa0a0bf50a150b647de82ff978e2de467e5f741ef8932.jpg,1,blur_2.0,0.4174211025238037
data/corpus_smoke/images/Gemini-nano-banana/67/67823e4a9fc6ba48ed8fa0a0bf50a150b647de82ff978e2de467e5f741ef8932.jpg,1,resize_0.5,0.38115888833999634
data/corpus_smoke/images/Gemini-nano-banana/67/67823e4a9fc6ba48ed8fa0a0bf50a150b647de82ff978e2de467e5f741ef8932.jpg,1,resize_0.25,0.4071359634399414
data/corpus_smoke/images/Gemini-nano-banana/67/67823e4a9fc6ba48ed8fa0a0bf50a150b647de82ff978e2de467e5f741ef8932.jpg,1,noise_0.02,0.3666469156742096
data/corpus_smoke/images/Gemini-nano-banana/67/67823e4a9fc6ba48ed8fa0a0bf50a150b647de82ff978e2de467e5f741ef8932.jpg,1,noise_0.05,0.34044957160949707
data/corpus_smoke/images/Gemini-nano-banana/67/67823e4a9fc6ba48ed8fa0a0bf50a150b647de82ff978e2de467e5f741ef8932.jpg,1,noise_0.1,0.29943379759788513
data/corpus_smoke/images/Gemini-nano-banana/67/67823e4a9fc6ba48ed8fa0a0bf50a150b647de82ff978e2de467e5f741ef8932.jpg,1,jitter_0.2,0.3590737581253052
data/corpus_smoke/images/Gemini-nano-banana/67/67823e4a9fc6ba48ed8fa0a0bf50a150b647de82ff978e2de467e5f741ef8932.jpg,1,center_crop_0.8,0.38358232378959656
data/corpus_smoke/images/Gemini-nano-banana/67/67823e4a9fc6ba48ed8fa0a0bf50a150b647de82ff978e2de467e5f741ef8932.jpg,1,composed_blur1.0+jpeg70,0.4036230146884918
data/corpus_smoke/images/Gemini-nano-banana/67/67823e4a9fc6ba48ed8fa0a0bf50a150b647de82ff978e2de467e5f741ef8932.jpg,1,composed_resize0.5+jpeg50,0.38719746470451355
data/corpus_smoke/images/Gemini-nano-banana/67/67823e4a9fc6ba48ed8fa0a0bf50a150b647de82ff978e2de467e5f741ef8932.jpg,1,composed_jitter0.2+jpeg30,0.37496134638786316
data/corpus_smoke/images/Gemini-nano-banana/67/67823e4a9fc6ba48ed8fa0a0bf50a150b647de82ff978e2de467e5f741ef8932.jpg,1,composed_resize0.25+blur0.5+jpeg30,0.3978428542613983
data/corpus_smoke/images/Unsplash/a2/a29f3a930c50d80d78aab52cfd7b4f9a5aaa0171fd471a1144464a09654a295c.jpg,0,clean,0.3471357524394989
data/corpus_smoke/images/Unsplash/a2/a29f3a930c50d80d78aab52cfd7b4f9a5aaa0171fd471a1144464a09654a295c.jpg,0,jpeg_90,0.34895795583724976
data/corpus_smoke/images/Unsplash/a2/a29f3a930c50d80d78aab52cfd7b4f9a5aaa0171fd471a1144464a09654a295c.jpg,0,jpeg_70,0.360370934009552
data/corpus_smoke/images/Unsplash/a2/a29f3a930c50d80d78aab52cfd7b4f9a5aaa0171fd471a1144464a09654a295c.jpg,0,jpeg_50,0.3592846691608429
data/corpus_smoke/images/Unsplash/a2/a29f3a930c50d80d78aab52cfd7b4f9a5aaa0171fd471a1144464a09654a295c.jpg,0,jpeg_30,0.3498361110687256
data/corpus_smoke/images/Unsplash/a2/a29f3a930c50d80d78aab52cfd7b4f9a5aaa0171fd471a1144464a09654a295c.jpg,0,blur_0.5,0.35264405608177185
data/corpus_smoke/images/Unsplash/a2/a29f3a930c50d80d78aab52cfd7b4f9a5aaa0171fd471a1144464a09654a295c.jpg,0,blur_1.0,0.3634573221206665
data/corpus_smoke/images/Unsplash/a2/a29f3a930c50d80d78aab52cfd7b4f9a5aaa0171fd471a1144464a09654a295c.jpg,0,blur_2.0,0.38715502619743347
data/corpus_smoke/images/Unsplash/a2/a29f3a930c50d80d78aab52cfd7b4f9a5aaa0171fd471a1144464a09654a295c.jpg,0,resize_0.5,0.3529018759727478
data/corpus_smoke/images/Unsplash/a2/a29f3a930c50d80d78aab52cfd7b4f9a5aaa0171fd471a1144464a09654a295c.jpg,0,resize_0.25,0.37933576107025146
data/corpus_smoke/images/Unsplash/a2/a29f3a930c50d80d78aab52cfd7b4f9a5aaa0171fd471a1144464a09654a295c.jpg,0,noise_0.02,0.35730716586112976
data/corpus_smoke/images/Unsplash/a2/a29f3a930c50d80d78aab52cfd7b4f9a5aaa0171fd471a1144464a09654a295c.jpg,0,noise_0.05,0.35538142919540405
data/corpus_smoke/images/Unsplash/a2/a29f3a930c50d80d78aab52cfd7b4f9a5aaa0171fd471a1144464a09654a295c.jpg,0,noise_0.1,0.331840455532074
data/corpus_smoke/images/Unsplash/a2/a29f3a930c50d80d78aab52cfd7b4f9a5aaa0171fd471a1144464a09654a295c.jpg,0,jitter_0.2,0.3520269989967346
data/corpus_smoke/images/Unsplash/a2/a29f3a930c50d80d78aab52cfd7b4f9a5aaa0171fd471a1144464a09654a295c.jpg,0,center_crop_0.8,0.3455730676651001
data/corpus_smoke/images/Unsplash/a2/a29f3a930c50d80d78aab52cfd7b4f9a5aaa0171fd471a1144464a09654a295c.jpg,0,composed_blur1.0+jpeg70,0.38016393780708313
data/corpus_smoke/images/Unsplash/a2/a29f3a930c50d80d78aab52cfd7b4f9a5aaa0171fd471a1144464a09654a295c.jpg,0,composed_resize0.5+jpeg50,0.37418028712272644
data/corpus_smoke/images/Unsplash/a2/a29f3a930c50d80d78aab52cfd7b4f9a5aaa0171fd471a1144464a09654a295c.jpg,0,composed_jitter0.2+jpeg30,0.355744868516922
data/corpus_smoke/images/Unsplash/a2/a29f3a930c50d80d78aab52cfd7b4f9a5aaa0171fd471a1144464a09654a295c.jpg,0,composed_resize0.25+blur0.5+jpeg30,0.3825974762439728
data/corpus_smoke/images/Unsplash/38/3894f03176d3f32c879b5da73b0c6f1961358ac22f79808633d7be5e001ee60d.jpg,0,clean,0.29428160190582275
data/corpus_smoke/images/Unsplash/38/3894f03176d3f32c879b5da73b0c6f1961358ac22f79808633d7be5e001ee60d.jpg,0,jpeg_90,0.2944599390029907
data/corpus_smoke/images/Unsplash/38/3894f03176d3f32c879b5da73b0c6f1961358ac22f79808633d7be5e001ee60d.jpg,0,jpeg_70,0.29801344871520996
data/corpus_smoke/images/Unsplash/38/3894f03176d3f32c879b5da73b0c6f1961358ac22f79808633d7be5e001ee60d.jpg,0,jpeg_50,0.29029473662376404
data/corpus_smoke/images/Unsplash/38/3894f03176d3f32c879b5da73b0c6f1961358ac22f79808633d7be5e001ee60d.jpg,0,jpeg_30,0.2848037779331207
data/corpus_smoke/images/Unsplash/38/3894f03176d3f32c879b5da73b0c6f1961358ac22f79808633d7be5e001ee60d.jpg,0,blur_0.5,0.3057960271835327
data/corpus_smoke/images/Unsplash/38/3894f03176d3f32c879b5da73b0c6f1961358ac22f79808633d7be5e001ee60d.jpg,0,blur_1.0,0.32602402567863464
data/corpus_smoke/images/Unsplash/38/3894f03176d3f32c879b5da73b0c6f1961358ac22f79808633d7be5e001ee60d.jpg,0,blur_2.0,0.3549222946166992
data/corpus_smoke/images/Unsplash/38/3894f03176d3f32c879b5da73b0c6f1961358ac22f79808633d7be5e001ee60d.jpg,0,resize_0.5,0.3110694885253906
data/corpus_smoke/images/Unsplash/38/3894f03176d3f32c879b5da73b0c6f1961358ac22f79808633d7be5e001ee60d.jpg,0,resize_0.25,0.3480081558227539
data/corpus_smoke/images/Unsplash/38/3894f03176d3f32c879b5da73b0c6f1961358ac22f79808633d7be5e001ee60d.jpg,0,noise_0.02,0.2960106432437897
data/corpus_smoke/images/Unsplash/38/3894f03176d3f32c879b5da73b0c6f1961358ac22f79808633d7be5e001ee60d.jpg,0,noise_0.05,0.28144270181655884
data/corpus_smoke/images/Unsplash/38/3894f03176d3f32c879b5da73b0c6f1961358ac22f79808633d7be5e001ee60d.jpg,0,noise_0.1,0.26655325293540955
data/corpus_smoke/images/Unsplash/38/3894f03176d3f32c879b5da73b0c6f1961358ac22f79808633d7be5e001ee60d.jpg,0,jitter_0.2,0.29712697863578796
data/corpus_smoke/images/Unsplash/38/3894f03176d3f32c879b5da73b0c6f1961358ac22f79808633d7be5e001ee60d.jpg,0,center_crop_0.8,0.29860442876815796
data/corpus_smoke/images/Unsplash/38/3894f03176d3f32c879b5da73b0c6f1961358ac22f79808633d7be5e001ee60d.jpg,0,composed_blur1.0+jpeg70,0.33331793546676636
data/corpus_smoke/images/Unsplash/38/3894f03176d3f32c879b5da73b0c6f1961358ac22f79808633d7be5e001ee60d.jpg,0,composed_resize0.5+jpeg50,0.31287503242492676
data/corpus_smoke/images/Unsplash/38/3894f03176d3f32c879b5da73b0c6f1961358ac22f79808633d7be5e001ee60d.jpg,0,composed_jitter0.2+jpeg30,0.2772499918937683
data/corpus_smoke/images/Unsplash/38/3894f03176d3f32c879b5da73b0c6f1961358ac22f79808633d7be5e001ee60d.jpg,0,composed_resize0.25+blur0.5+jpeg30,0.3470228910446167
data/corpus_smoke/images/Unsplash/fc/fc279086d1e22eddc580f8d0657719d57942169a0e47dac061f725cbd984d1ce.jpg,0,clean,0.36326947808265686
data/corpus_smoke/images/Unsplash/fc/fc279086d1e22eddc580f8d0657719d57942169a0e47dac061f725cbd984d1ce.jpg,0,jpeg_90,0.363917738199234
data/corpus_smoke/images/Unsplash/fc/fc279086d1e22eddc580f8d0657719d57942169a0e47dac061f725cbd984d1ce.jpg,0,jpeg_70,0.3667820692062378
data/corpus_smoke/images/Unsplash/fc/fc279086d1e22eddc580f8d0657719d57942169a0e47dac061f725cbd984d1ce.jpg,0,jpeg_50,0.3619104325771332
data/corpus_smoke/images/Unsplash/fc/fc279086d1e22eddc580f8d0657719d57942169a0e47dac061f725cbd984d1ce.jpg,0,jpeg_30,0.37178635597229004
data/corpus_smoke/images/Unsplash/fc/fc279086d1e22eddc580f8d0657719d57942169a0e47dac061f725cbd984d1ce.jpg,0,blur_0.5,0.36842042207717896
data/corpus_smoke/images/Unsplash/fc/fc279086d1e22eddc580f8d0657719d57942169a0e47dac061f725cbd984d1ce.jpg,0,blur_1.0,0.3812233507633209
data/corpus_smoke/images/Unsplash/fc/fc279086d1e22eddc580f8d0657719d57942169a0e47dac061f725cbd984d1ce.jpg,0,blur_2.0,0.3902979791164398
data/corpus_smoke/images/Unsplash/fc/fc279086d1e22eddc580f8d0657719d57942169a0e47dac061f725cbd984d1ce.jpg,0,resize_0.5,0.3765532672405243
data/corpus_smoke/images/Unsplash/fc/fc279086d1e22eddc580f8d0657719d57942169a0e47dac061f725cbd984d1ce.jpg,0,resize_0.25,0.38677260279655457
data/corpus_smoke/images/Unsplash/fc/fc279086d1e22eddc580f8d0657719d57942169a0e47dac061f725cbd984d1ce.jpg,0,noise_0.02,0.36087310314178467
data/corpus_smoke/images/Unsplash/fc/fc279086d1e22eddc580f8d0657719d57942169a0e47dac061f725cbd984d1ce.jpg,0,noise_0.05,0.3511698544025421
data/corpus_smoke/images/Unsplash/fc/fc279086d1e22eddc580f8d0657719d57942169a0e47dac061f725cbd984d1ce.jpg,0,noise_0.1,0.3245551586151123
data/corpus_smoke/images/Unsplash/fc/fc279086d1e22eddc580f8d0657719d57942169a0e47dac061f725cbd984d1ce.jpg,0,jitter_0.2,0.37480682134628296
data/corpus_smoke/images/Unsplash/fc/fc279086d1e22eddc580f8d0657719d57942169a0e47dac061f725cbd984d1ce.jpg,0,center_crop_0.8,0.37593042850494385
data/corpus_smoke/images/Unsplash/fc/fc279086d1e22eddc580f8d0657719d57942169a0e47dac061f725cbd984d1ce.jpg,0,composed_blur1.0+jpeg70,0.38344690203666687
data/corpus_smoke/images/Unsplash/fc/fc279086d1e22eddc580f8d0657719d57942169a0e47dac061f725cbd984d1ce.jpg,0,composed_resize0.5+jpeg50,0.37563854455947876
data/corpus_smoke/images/Unsplash/fc/fc279086d1e22eddc580f8d0657719d57942169a0e47dac061f725cbd984d1ce.jpg,0,composed_jitter0.2+jpeg30,0.3725491762161255
data/corpus_smoke/images/Unsplash/fc/fc279086d1e22eddc580f8d0657719d57942169a0e47dac061f725cbd984d1ce.jpg,0,composed_resize0.25+blur0.5+jpeg30,0.39142364263534546
data/corpus_smoke/images/Unsplash/f3/f3a458f20cd3430462645858186539e3084d5da18259311d783283ed3d951583.jpg,0,clean,0.2990127503871918
data/corpus_smoke/images/Unsplash/f3/f3a458f20cd3430462645858186539e3084d5da18259311d783283ed3d951583.jpg,0,jpeg_90,0.29916107654571533
data/corpus_smoke/images/Unsplash/f3/f3a458f20cd3430462645858186539e3084d5da18259311d783283ed3d951583.jpg,0,jpeg_70,0.30682995915412903
data/corpus_smoke/images/Unsplash/f3/f3a458f20cd3430462645858186539e3084d5da18259311d783283ed3d951583.jpg,0,jpeg_50,0.3003422021865845
data/corpus_smoke/images/Unsplash/f3/f3a458f20cd3430462645858186539e3084d5da18259311d783283ed3d951583.jpg,0,jpeg_30,0.3012951910495758
data/corpus_smoke/images/Unsplash/f3/f3a458f20cd3430462645858186539e3084d5da18259311d783283ed3d951583.jpg,0,blur_0.5,0.3080754280090332
data/corpus_smoke/images/Unsplash/f3/f3a458f20cd3430462645858186539e3084d5da18259311d783283ed3d951583.jpg,0,blur_1.0,0.32744497060775757
data/corpus_smoke/images/Unsplash/f3/f3a458f20cd3430462645858186539e3084d5da18259311d783283ed3d951583.jpg,0,blur_2.0,0.3628612756729126
data/corpus_smoke/images/Unsplash/f3/f3a458f20cd3430462645858186539e3084d5da18259311d783283ed3d951583.jpg,0,resize_0.5,0.3193526268005371
data/corpus_smoke/images/Unsplash/f3/f3a458f20cd3430462645858186539e3084d5da18259311d783283ed3d951583.jpg,0,resize_0.25,0.35708296298980713
data/corpus_smoke/images/Unsplash/f3/f3a458f20cd3430462645858186539e3084d5da18259311d783283ed3d951583.jpg,0,noise_0.02,0.29830479621887207
data/corpus_smoke/images/Unsplash/f3/f3a458f20cd3430462645858186539e3084d5da18259311d783283ed3d951583.jpg,0,noise_0.05,0.2920510768890381
data/corpus_smoke/images/Unsplash/f3/f3a458f20cd3430462645858186539e3084d5da18259311d783283ed3d951583.jpg,0,noise_0.1,0.27731212973594666
data/corpus_smoke/images/Unsplash/f3/f3a458f20cd3430462645858186539e3084d5da18259311d783283ed3d951583.jpg,0,jitter_0.2,0.2780291438102722
data/corpus_smoke/images/Unsplash/f3/f3a458f20cd3430462645858186539e3084d5da18259311d783283ed3d951583.jpg,0,center_crop_0.8,0.298460990190506
data/corpus_smoke/images/Unsplash/f3/f3a458f20cd3430462645858186539e3084d5da18259311d783283ed3d951583.jpg,0,composed_blur1.0+jpeg70,0.34237030148506165
data/corpus_smoke/images/Unsplash/f3/f3a458f20cd3430462645858186539e3084d5da18259311d783283ed3d951583.jpg,0,composed_resize0.5+jpeg50,0.3261115550994873
data/corpus_smoke/images/Unsplash/f3/f3a458f20cd3430462645858186539e3084d5da18259311d783283ed3d951583.jpg,0,composed_jitter0.2+jpeg30,0.30629363656044006
data/corpus_smoke/images/Unsplash/f3/f3a458f20cd3430462645858186539e3084d5da18259311d783283ed3d951583.jpg,0,composed_resize0.25+blur0.5+jpeg30,0.3627045452594757
data/corpus_smoke/images/Unsplash/08/0885809cb1a73f5ef50c719488c91bae48ec321b9a3dbc337b66e1e643aed6b0.jpg,0,clean,0.34312018752098083
data/corpus_smoke/images/Unsplash/08/0885809cb1a73f5ef50c719488c91bae48ec321b9a3dbc337b66e1e643aed6b0.jpg,0,jpeg_90,0.3472222685813904
data/corpus_smoke/images/Unsplash/08/0885809cb1a73f5ef50c719488c91bae48ec321b9a3dbc337b66e1e643aed6b0.jpg,0,jpeg_70,0.35101062059402466
data/corpus_smoke/images/Unsplash/08/0885809cb1a73f5ef50c719488c91bae48ec321b9a3dbc337b66e1e643aed6b0.jpg,0,jpeg_50,0.34482917189598083
data/corpus_smoke/images/Unsplash/08/0885809cb1a73f5ef50c719488c91bae48ec321b9a3dbc337b66e1e643aed6b0.jpg,0,jpeg_30,0.35467419028282166
data/corpus_smoke/images/Unsplash/08/0885809cb1a73f5ef50c719488c91bae48ec321b9a3dbc337b66e1e643aed6b0.jpg,0,blur_0.5,0.3464922606945038
data/corpus_smoke/images/Unsplash/08/0885809cb1a73f5ef50c719488c91bae48ec321b9a3dbc337b66e1e643aed6b0.jpg,0,blur_1.0,0.35415539145469666
data/corpus_smoke/images/Unsplash/08/0885809cb1a73f5ef50c719488c91bae48ec321b9a3dbc337b66e1e643aed6b0.jpg,0,blur_2.0,0.3627873361110687
data/corpus_smoke/images/Unsplash/08/0885809cb1a73f5ef50c719488c91bae48ec321b9a3dbc337b66e1e643aed6b0.jpg,0,resize_0.5,0.3503691256046295
data/corpus_smoke/images/Unsplash/08/0885809cb1a73f5ef50c719488c91bae48ec321b9a3dbc337b66e1e643aed6b0.jpg,0,resize_0.25,0.357561856508255
data/corpus_smoke/images/Unsplash/08/0885809cb1a73f5ef50c719488c91bae48ec321b9a3dbc337b66e1e643aed6b0.jpg,0,noise_0.02,0.353169322013855
data/corpus_smoke/images/Unsplash/08/0885809cb1a73f5ef50c719488c91bae48ec321b9a3dbc337b66e1e643aed6b0.jpg,0,noise_0.05,0.343932569026947
data/corpus_smoke/images/Unsplash/08/0885809cb1a73f5ef50c719488c91bae48ec321b9a3dbc337b66e1e643aed6b0.jpg,0,noise_0.1,0.32027992606163025
data/corpus_smoke/images/Unsplash/08/0885809cb1a73f5ef50c719488c91bae48ec321b9a3dbc337b66e1e643aed6b0.jpg,0,jitter_0.2,0.3702619671821594
data/corpus_smoke/images/Unsplash/08/0885809cb1a73f5ef50c719488c91bae48ec321b9a3dbc337b66e1e643aed6b0.jpg,0,center_crop_0.8,0.34232866764068604
data/corpus_smoke/images/Unsplash/08/0885809cb1a73f5ef50c719488c91bae48ec321b9a3dbc337b66e1e643aed6b0.jpg,0,composed_blur1.0+jpeg70,0.3620050549507141
data/corpus_smoke/images/Unsplash/08/0885809cb1a73f5ef50c719488c91bae48ec321b9a3dbc337b66e1e643aed6b0.jpg,0,composed_resize0.5+jpeg50,0.3527699112892151
data/corpus_smoke/images/Unsplash/08/0885809cb1a73f5ef50c719488c91bae48ec321b9a3dbc337b66e1e643aed6b0.jpg,0,composed_jitter0.2+jpeg30,0.36001065373420715
data/corpus_smoke/images/Unsplash/08/0885809cb1a73f5ef50c719488c91bae48ec321b9a3dbc337b66e1e643aed6b0.jpg,0,composed_resize0.25+blur0.5+jpeg30,0.3746732771396637
data/corpus_smoke/images/Unsplash/f9/f99d3c9cdc35ba2f8b5e58d4e4a09b6a2e6a324cca3371b4ae3e956abf53041b.jpg,0,clean,0.313191294670105
data/corpus_smoke/images/Unsplash/f9/f99d3c9cdc35ba2f8b5e58d4e4a09b6a2e6a324cca3371b4ae3e956abf53041b.jpg,0,jpeg_90,0.3147003948688507
data/corpus_smoke/images/Unsplash/f9/f99d3c9cdc35ba2f8b5e58d4e4a09b6a2e6a324cca3371b4ae3e956abf53041b.jpg,0,jpeg_70,0.324728786945343
data/corpus_smoke/images/Unsplash/f9/f99d3c9cdc35ba2f8b5e58d4e4a09b6a2e6a324cca3371b4ae3e956abf53041b.jpg,0,jpeg_50,0.3184141516685486
data/corpus_smoke/images/Unsplash/f9/f99d3c9cdc35ba2f8b5e58d4e4a09b6a2e6a324cca3371b4ae3e956abf53041b.jpg,0,jpeg_30,0.32043570280075073
data/corpus_smoke/images/Unsplash/f9/f99d3c9cdc35ba2f8b5e58d4e4a09b6a2e6a324cca3371b4ae3e956abf53041b.jpg,0,blur_0.5,0.32115015387535095
data/corpus_smoke/images/Unsplash/f9/f99d3c9cdc35ba2f8b5e58d4e4a09b6a2e6a324cca3371b4ae3e956abf53041b.jpg,0,blur_1.0,0.33670949935913086
data/corpus_smoke/images/Unsplash/f9/f99d3c9cdc35ba2f8b5e58d4e4a09b6a2e6a324cca3371b4ae3e956abf53041b.jpg,0,blur_2.0,0.3653613030910492
data/corpus_smoke/images/Unsplash/f9/f99d3c9cdc35ba2f8b5e58d4e4a09b6a2e6a324cca3371b4ae3e956abf53041b.jpg,0,resize_0.5,0.32962214946746826
data/corpus_smoke/images/Unsplash/f9/f99d3c9cdc35ba2f8b5e58d4e4a09b6a2e6a324cca3371b4ae3e956abf53041b.jpg,0,resize_0.25,0.35808128118515015
data/corpus_smoke/images/Unsplash/f9/f99d3c9cdc35ba2f8b5e58d4e4a09b6a2e6a324cca3371b4ae3e956abf53041b.jpg,0,noise_0.02,0.31195560097694397
data/corpus_smoke/images/Unsplash/f9/f99d3c9cdc35ba2f8b5e58d4e4a09b6a2e6a324cca3371b4ae3e956abf53041b.jpg,0,noise_0.05,0.3005622923374176
data/corpus_smoke/images/Unsplash/f9/f99d3c9cdc35ba2f8b5e58d4e4a09b6a2e6a324cca3371b4ae3e956abf53041b.jpg,0,noise_0.1,0.282530277967453
data/corpus_smoke/images/Unsplash/f9/f99d3c9cdc35ba2f8b5e58d4e4a09b6a2e6a324cca3371b4ae3e956abf53041b.jpg,0,jitter_0.2,0.34122249484062195
data/corpus_smoke/images/Unsplash/f9/f99d3c9cdc35ba2f8b5e58d4e4a09b6a2e6a324cca3371b4ae3e956abf53041b.jpg,0,center_crop_0.8,0.3352634608745575
data/corpus_smoke/images/Unsplash/f9/f99d3c9cdc35ba2f8b5e58d4e4a09b6a2e6a324cca3371b4ae3e956abf53041b.jpg,0,composed_blur1.0+jpeg70,0.3489219546318054
data/corpus_smoke/images/Unsplash/f9/f99d3c9cdc35ba2f8b5e58d4e4a09b6a2e6a324cca3371b4ae3e956abf53041b.jpg,0,composed_resize0.5+jpeg50,0.33657681941986084
data/corpus_smoke/images/Unsplash/f9/f99d3c9cdc35ba2f8b5e58d4e4a09b6a2e6a324cca3371b4ae3e956abf53041b.jpg,0,composed_jitter0.2+jpeg30,0.3288477063179016
data/corpus_smoke/images/Unsplash/f9/f99d3c9cdc35ba2f8b5e58d4e4a09b6a2e6a324cca3371b4ae3e956abf53041b.jpg,0,composed_resize0.25+blur0.5+jpeg30,0.3611503839492798
data/corpus_smoke/images/Unsplash/3b/3bffc7a507dfafa685c46c6bae1381d543ff23be4339b8effde1b335359b0f77.jpg,0,clean,0.37945857644081116
data/corpus_smoke/images/Unsplash/3b/3bffc7a507dfafa685c46c6bae1381d543ff23be4339b8effde1b335359b0f77.jpg,0,jpeg_90,0.3812826871871948
data/corpus_smoke/images/Unsplash/3b/3bffc7a507dfafa685c46c6bae1381d543ff23be4339b8effde1b335359b0f77.jpg,0,jpeg_70,0.3991733193397522
data/corpus_smoke/images/Unsplash/3b/3bffc7a507dfafa685c46c6bae1381d543ff23be4339b8effde1b335359b0f77.jpg,0,jpeg_50,0.3989764451980591
data/corpus_smoke/images/Unsplash/3b/3bffc7a507dfafa685c46c6bae1381d543ff23be4339b8effde1b335359b0f77.jpg,0,jpeg_30,0.40269967913627625
data/corpus_smoke/images/Unsplash/3b/3bffc7a507dfafa685c46c6bae1381d543ff23be4339b8effde1b335359b0f77.jpg,0,blur_0.5,0.38082370162010193
data/corpus_smoke/images/Unsplash/3b/3bffc7a507dfafa685c46c6bae1381d543ff23be4339b8effde1b335359b0f77.jpg,0,blur_1.0,0.3854619562625885
data/corpus_smoke/images/Unsplash/3b/3bffc7a507dfafa685c46c6bae1381d543ff23be4339b8effde1b335359b0f77.jpg,0,blur_2.0,0.39973554015159607
data/corpus_smoke/images/Unsplash/3b/3bffc7a507dfafa685c46c6bae1381d543ff23be4339b8effde1b335359b0f77.jpg,0,resize_0.5,0.38180169463157654
data/corpus_smoke/images/Unsplash/3b/3bffc7a507dfafa685c46c6bae1381d543ff23be4339b8effde1b335359b0f77.jpg,0,resize_0.25,0.39713093638420105
data/corpus_smoke/images/Unsplash/3b/3bffc7a507dfafa685c46c6bae1381d543ff23be4339b8effde1b335359b0f77.jpg,0,noise_0.02,0.382875919342041
data/corpus_smoke/images/Unsplash/3b/3bffc7a507dfafa685c46c6bae1381d543ff23be4339b8effde1b335359b0f77.jpg,0,noise_0.05,0.36979132890701294
data/corpus_smoke/images/Unsplash/3b/3bffc7a507dfafa685c46c6bae1381d543ff23be4339b8effde1b335359b0f77.jpg,0,noise_0.1,0.33363232016563416
data/corpus_smoke/images/Unsplash/3b/3bffc7a507dfafa685c46c6bae1381d543ff23be4339b8effde1b335359b0f77.jpg,0,jitter_0.2,0.39083409309387207
data/corpus_smoke/images/Unsplash/3b/3bffc7a507dfafa685c46c6bae1381d543ff23be4339b8effde1b335359b0f77.jpg,0,center_crop_0.8,0.38279271125793457
data/corpus_smoke/images/Unsplash/3b/3bffc7a507dfafa685c46c6bae1381d543ff23be4339b8effde1b335359b0f77.jpg,0,composed_blur1.0+jpeg70,0.4111337959766388
data/corpus_smoke/images/Unsplash/3b/3bffc7a507dfafa685c46c6bae1381d543ff23be4339b8effde1b335359b0f77.jpg,0,composed_resize0.5+jpeg50,0.4099748134613037
data/corpus_smoke/images/Unsplash/3b/3bffc7a507dfafa685c46c6bae1381d543ff23be4339b8effde1b335359b0f77.jpg,0,composed_jitter0.2+jpeg30,0.41713109612464905
data/corpus_smoke/images/Unsplash/3b/3bffc7a507dfafa685c46c6bae1381d543ff23be4339b8effde1b335359b0f77.jpg,0,composed_resize0.25+blur0.5+jpeg30,0.41972529888153076
data/corpus_smoke/images/Unsplash/56/56a78aa250d9e92d586a8289a55e810ffa89a5f350ed69450c180c1c4633063c.jpg,0,clean,0.33565589785575867
data/corpus_smoke/images/Unsplash/56/56a78aa250d9e92d586a8289a55e810ffa89a5f350ed69450c180c1c4633063c.jpg,0,jpeg_90,0.3397469222545624
data/corpus_smoke/images/Unsplash/56/56a78aa250d9e92d586a8289a55e810ffa89a5f350ed69450c180c1c4633063c.jpg,0,jpeg_70,0.34548282623291016
data/corpus_smoke/images/Unsplash/56/56a78aa250d9e92d586a8289a55e810ffa89a5f350ed69450c180c1c4633063c.jpg,0,jpeg_50,0.34355586767196655
data/corpus_smoke/images/Unsplash/56/56a78aa250d9e92d586a8289a55e810ffa89a5f350ed69450c180c1c4633063c.jpg,0,jpeg_30,0.33774247765541077
data/corpus_smoke/images/Unsplash/56/56a78aa250d9e92d586a8289a55e810ffa89a5f350ed69450c180c1c4633063c.jpg,0,blur_0.5,0.33783870935440063
data/corpus_smoke/images/Unsplash/56/56a78aa250d9e92d586a8289a55e810ffa89a5f350ed69450c180c1c4633063c.jpg,0,blur_1.0,0.34508657455444336
data/corpus_smoke/images/Unsplash/56/56a78aa250d9e92d586a8289a55e810ffa89a5f350ed69450c180c1c4633063c.jpg,0,blur_2.0,0.3567048907279968
data/corpus_smoke/images/Unsplash/56/56a78aa250d9e92d586a8289a55e810ffa89a5f350ed69450c180c1c4633063c.jpg,0,resize_0.5,0.340042382478714
data/corpus_smoke/images/Unsplash/56/56a78aa250d9e92d586a8289a55e810ffa89a5f350ed69450c180c1c4633063c.jpg,0,resize_0.25,0.349588543176651
data/corpus_smoke/images/Unsplash/56/56a78aa250d9e92d586a8289a55e810ffa89a5f350ed69450c180c1c4633063c.jpg,0,noise_0.02,0.3354121446609497
data/corpus_smoke/images/Unsplash/56/56a78aa250d9e92d586a8289a55e810ffa89a5f350ed69450c180c1c4633063c.jpg,0,noise_0.05,0.32688605785369873
data/corpus_smoke/images/Unsplash/56/56a78aa250d9e92d586a8289a55e810ffa89a5f350ed69450c180c1c4633063c.jpg,0,noise_0.1,0.31306347250938416
data/corpus_smoke/images/Unsplash/56/56a78aa250d9e92d586a8289a55e810ffa89a5f350ed69450c180c1c4633063c.jpg,0,jitter_0.2,0.3382170796394348
data/corpus_smoke/images/Unsplash/56/56a78aa250d9e92d586a8289a55e810ffa89a5f350ed69450c180c1c4633063c.jpg,0,center_crop_0.8,0.3391214907169342
data/corpus_smoke/images/Unsplash/56/56a78aa250d9e92d586a8289a55e810ffa89a5f350ed69450c180c1c4633063c.jpg,0,composed_blur1.0+jpeg70,0.35678398609161377
data/corpus_smoke/images/Unsplash/56/56a78aa250d9e92d586a8289a55e810ffa89a5f350ed69450c180c1c4633063c.jpg,0,composed_resize0.5+jpeg50,0.35331591963768005
data/corpus_smoke/images/Unsplash/56/56a78aa250d9e92d586a8289a55e810ffa89a5f350ed69450c180c1c4633063c.jpg,0,composed_jitter0.2+jpeg30,0.3414740562438965
data/corpus_smoke/images/Unsplash/56/56a78aa250d9e92d586a8289a55e810ffa89a5f350ed69450c180c1c4633063c.jpg,0,composed_resize0.25+blur0.5+jpeg30,0.3515816032886505
data/corpus_smoke/images/Unsplash/68/68739eab56187e46aaf946d6554564f9a47a4b0af4ddf1d8a34ea050ca43dae6.jpg,0,clean,0.36079704761505127
data/corpus_smoke/images/Unsplash/68/68739eab56187e46aaf946d6554564f9a47a4b0af4ddf1d8a34ea050ca43dae6.jpg,0,jpeg_90,0.3621616065502167
data/corpus_smoke/images/Unsplash/68/68739eab56187e46aaf946d6554564f9a47a4b0af4ddf1d8a34ea050ca43dae6.jpg,0,jpeg_70,0.3680282533168793
data/corpus_smoke/images/Unsplash/68/68739eab56187e46aaf946d6554564f9a47a4b0af4ddf1d8a34ea050ca43dae6.jpg,0,jpeg_50,0.3641674220561981
data/corpus_smoke/images/Unsplash/68/68739eab56187e46aaf946d6554564f9a47a4b0af4ddf1d8a34ea050ca43dae6.jpg,0,jpeg_30,0.3695851266384125
data/corpus_smoke/images/Unsplash/68/68739eab56187e46aaf946d6554564f9a47a4b0af4ddf1d8a34ea050ca43dae6.jpg,0,blur_0.5,0.361033171415329
data/corpus_smoke/images/Unsplash/68/68739eab56187e46aaf946d6554564f9a47a4b0af4ddf1d8a34ea050ca43dae6.jpg,0,blur_1.0,0.360681414604187
data/corpus_smoke/images/Unsplash/68/68739eab56187e46aaf946d6554564f9a47a4b0af4ddf1d8a34ea050ca43dae6.jpg,0,blur_2.0,0.36041611433029175
data/corpus_smoke/images/Unsplash/68/68739eab56187e46aaf946d6554564f9a47a4b0af4ddf1d8a34ea050ca43dae6.jpg,0,resize_0.5,0.35975292325019836
data/corpus_smoke/images/Unsplash/68/68739eab56187e46aaf946d6554564f9a47a4b0af4ddf1d8a34ea050ca43dae6.jpg,0,resize_0.25,0.36426401138305664
data/corpus_smoke/images/Unsplash/68/68739eab56187e46aaf946d6554564f9a47a4b0af4ddf1d8a34ea050ca43dae6.jpg,0,noise_0.02,0.34851202368736267
data/corpus_smoke/images/Unsplash/68/68739eab56187e46aaf946d6554564f9a47a4b0af4ddf1d8a34ea050ca43dae6.jpg,0,noise_0.05,0.32591548562049866
data/corpus_smoke/images/Unsplash/68/68739eab56187e46aaf946d6554564f9a47a4b0af4ddf1d8a34ea050ca43dae6.jpg,0,noise_0.1,0.29946640133857727
data/corpus_smoke/images/Unsplash/68/68739eab56187e46aaf946d6554564f9a47a4b0af4ddf1d8a34ea050ca43dae6.jpg,0,jitter_0.2,0.36484676599502563
data/corpus_smoke/images/Unsplash/68/68739eab56187e46aaf946d6554564f9a47a4b0af4ddf1d8a34ea050ca43dae6.jpg,0,center_crop_0.8,0.36938410997390747
data/corpus_smoke/images/Unsplash/68/68739eab56187e46aaf946d6554564f9a47a4b0af4ddf1d8a34ea050ca43dae6.jpg,0,composed_blur1.0+jpeg70,0.3684936761856079
data/corpus_smoke/images/Unsplash/68/68739eab56187e46aaf946d6554564f9a47a4b0af4ddf1d8a34ea050ca43dae6.jpg,0,composed_resize0.5+jpeg50,0.36682048439979553
data/corpus_smoke/images/Unsplash/68/68739eab56187e46aaf946d6554564f9a47a4b0af4ddf1d8a34ea050ca43dae6.jpg,0,composed_jitter0.2+jpeg30,0.36831918358802795
data/corpus_smoke/images/Unsplash/68/68739eab56187e46aaf946d6554564f9a47a4b0af4ddf1d8a34ea050ca43dae6.jpg,0,composed_resize0.25+blur0.5+jpeg30,0.37300118803977966
data/corpus_smoke/images/OpenImagesV7/cf/cf760869698821ec94aad2781309e4f38a1b331de6d7115c0048843878d20322.jpg,0,clean,0.31728360056877136
data/corpus_smoke/images/OpenImagesV7/cf/cf760869698821ec94aad2781309e4f38a1b331de6d7115c0048843878d20322.jpg,0,jpeg_90,0.321156769990921
data/corpus_smoke/images/OpenImagesV7/cf/cf760869698821ec94aad2781309e4f38a1b331de6d7115c0048843878d20322.jpg,0,jpeg_70,0.32577797770500183
data/corpus_smoke/images/OpenImagesV7/cf/cf760869698821ec94aad2781309e4f38a1b331de6d7115c0048843878d20322.jpg,0,jpeg_50,0.3213554620742798
data/corpus_smoke/images/OpenImagesV7/cf/cf760869698821ec94aad2781309e4f38a1b331de6d7115c0048843878d20322.jpg,0,jpeg_30,0.3285001218318939
data/corpus_smoke/images/OpenImagesV7/cf/cf760869698821ec94aad2781309e4f38a1b331de6d7115c0048843878d20322.jpg,0,blur_0.5,0.3229650855064392
data/corpus_smoke/images/OpenImagesV7/cf/cf760869698821ec94aad2781309e4f38a1b331de6d7115c0048843878d20322.jpg,0,blur_1.0,0.3365498483181
data/corpus_smoke/images/OpenImagesV7/cf/cf760869698821ec94aad2781309e4f38a1b331de6d7115c0048843878d20322.jpg,0,blur_2.0,0.35571423172950745
data/corpus_smoke/images/OpenImagesV7/cf/cf760869698821ec94aad2781309e4f38a1b331de6d7115c0048843878d20322.jpg,0,resize_0.5,0.3343203067779541
data/corpus_smoke/images/OpenImagesV7/cf/cf760869698821ec94aad2781309e4f38a1b331de6d7115c0048843878d20322.jpg,0,resize_0.25,0.3495892286300659
data/corpus_smoke/images/OpenImagesV7/cf/cf760869698821ec94aad2781309e4f38a1b331de6d7115c0048843878d20322.jpg,0,noise_0.02,0.3240460753440857
data/corpus_smoke/images/OpenImagesV7/cf/cf760869698821ec94aad2781309e4f38a1b331de6d7115c0048843878d20322.jpg,0,noise_0.05,0.3136516511440277
data/corpus_smoke/images/OpenImagesV7/cf/cf760869698821ec94aad2781309e4f38a1b331de6d7115c0048843878d20322.jpg,0,noise_0.1,0.2872168719768524
data/corpus_smoke/images/OpenImagesV7/cf/cf760869698821ec94aad2781309e4f38a1b331de6d7115c0048843878d20322.jpg,0,jitter_0.2,0.32464513182640076
data/corpus_smoke/images/OpenImagesV7/cf/cf760869698821ec94aad2781309e4f38a1b331de6d7115c0048843878d20322.jpg,0,center_crop_0.8,0.34154456853866577
data/corpus_smoke/images/OpenImagesV7/cf/cf760869698821ec94aad2781309e4f38a1b331de6d7115c0048843878d20322.jpg,0,composed_blur1.0+jpeg70,0.35009610652923584
data/corpus_smoke/images/OpenImagesV7/cf/cf760869698821ec94aad2781309e4f38a1b331de6d7115c0048843878d20322.jpg,0,composed_resize0.5+jpeg50,0.33761411905288696
data/corpus_smoke/images/OpenImagesV7/cf/cf760869698821ec94aad2781309e4f38a1b331de6d7115c0048843878d20322.jpg,0,composed_jitter0.2+jpeg30,0.3422267735004425
data/corpus_smoke/images/OpenImagesV7/cf/cf760869698821ec94aad2781309e4f38a1b331de6d7115c0048843878d20322.jpg,0,composed_resize0.25+blur0.5+jpeg30,0.36491838097572327
data/corpus_smoke/images/OpenImagesV7/25/25815bac019f772f5a2644cd7a390acfea63520f6e2042186e9e9d3d6fcc95c3.jpg,0,clean,0.2379176765680313
data/corpus_smoke/images/OpenImagesV7/25/25815bac019f772f5a2644cd7a390acfea63520f6e2042186e9e9d3d6fcc95c3.jpg,0,jpeg_90,0.23802752792835236
data/corpus_smoke/images/OpenImagesV7/25/25815bac019f772f5a2644cd7a390acfea63520f6e2042186e9e9d3d6fcc95c3.jpg,0,jpeg_70,0.23750413954257965
data/corpus_smoke/images/OpenImagesV7/25/25815bac019f772f5a2644cd7a390acfea63520f6e2042186e9e9d3d6fcc95c3.jpg,0,jpeg_50,0.23549143970012665
data/corpus_smoke/images/OpenImagesV7/25/25815bac019f772f5a2644cd7a390acfea63520f6e2042186e9e9d3d6fcc95c3.jpg,0,jpeg_30,0.231844961643219
data/corpus_smoke/images/OpenImagesV7/25/25815bac019f772f5a2644cd7a390acfea63520f6e2042186e9e9d3d6fcc95c3.jpg,0,blur_0.5,0.25618866086006165
data/corpus_smoke/images/OpenImagesV7/25/25815bac019f772f5a2644cd7a390acfea63520f6e2042186e9e9d3d6fcc95c3.jpg,0,blur_1.0,0.287260502576828
data/corpus_smoke/images/OpenImagesV7/25/25815bac019f772f5a2644cd7a390acfea63520f6e2042186e9e9d3d6fcc95c3.jpg,0,blur_2.0,0.3355029821395874
data/corpus_smoke/images/OpenImagesV7/25/25815bac019f772f5a2644cd7a390acfea63520f6e2042186e9e9d3d6fcc95c3.jpg,0,resize_0.5,0.2654702961444855
data/corpus_smoke/images/OpenImagesV7/25/25815bac019f772f5a2644cd7a390acfea63520f6e2042186e9e9d3d6fcc95c3.jpg,0,resize_0.25,0.3233814835548401
data/corpus_smoke/images/OpenImagesV7/25/25815bac019f772f5a2644cd7a390acfea63520f6e2042186e9e9d3d6fcc95c3.jpg,0,noise_0.02,0.2407655268907547
data/corpus_smoke/images/OpenImagesV7/25/25815bac019f772f5a2644cd7a390acfea63520f6e2042186e9e9d3d6fcc95c3.jpg,0,noise_0.05,0.23341181874275208
data/corpus_smoke/images/OpenImagesV7/25/25815bac019f772f5a2644cd7a390acfea63520f6e2042186e9e9d3d6fcc95c3.jpg,0,noise_0.1,0.2287389189004898
data/corpus_smoke/images/OpenImagesV7/25/25815bac019f772f5a2644cd7a390acfea63520f6e2042186e9e9d3d6fcc95c3.jpg,0,jitter_0.2,0.23216864466667175
data/corpus_smoke/images/OpenImagesV7/25/25815bac019f772f5a2644cd7a390acfea63520f6e2042186e9e9d3d6fcc95c3.jpg,0,center_crop_0.8,0.24211615324020386
data/corpus_smoke/images/OpenImagesV7/25/25815bac019f772f5a2644cd7a390acfea63520f6e2042186e9e9d3d6fcc95c3.jpg,0,composed_blur1.0+jpeg70,0.30209606885910034
data/corpus_smoke/images/OpenImagesV7/25/25815bac019f772f5a2644cd7a390acfea63520f6e2042186e9e9d3d6fcc95c3.jpg,0,composed_resize0.5+jpeg50,0.28123345971107483
data/corpus_smoke/images/OpenImagesV7/25/25815bac019f772f5a2644cd7a390acfea63520f6e2042186e9e9d3d6fcc95c3.jpg,0,composed_jitter0.2+jpeg30,0.22865141928195953
data/corpus_smoke/images/OpenImagesV7/25/25815bac019f772f5a2644cd7a390acfea63520f6e2042186e9e9d3d6fcc95c3.jpg,0,composed_resize0.25+blur0.5+jpeg30,0.32028529047966003
data/corpus_smoke/images/OpenImagesV7/0c/0c40b78e0b96c6a05cf3eec32d874e66e7409117cb30219ad1b6c1de806c0fb7.jpg,0,clean,0.3548274040222168
data/corpus_smoke/images/OpenImagesV7/0c/0c40b78e0b96c6a05cf3eec32d874e66e7409117cb30219ad1b6c1de806c0fb7.jpg,0,jpeg_90,0.3616434633731842
data/corpus_smoke/images/OpenImagesV7/0c/0c40b78e0b96c6a05cf3eec32d874e66e7409117cb30219ad1b6c1de806c0fb7.jpg,0,jpeg_70,0.3668815791606903
data/corpus_smoke/images/OpenImagesV7/0c/0c40b78e0b96c6a05cf3eec32d874e66e7409117cb30219ad1b6c1de806c0fb7.jpg,0,jpeg_50,0.35884949564933777
data/corpus_smoke/images/OpenImagesV7/0c/0c40b78e0b96c6a05cf3eec32d874e66e7409117cb30219ad1b6c1de806c0fb7.jpg,0,jpeg_30,0.36236533522605896
data/corpus_smoke/images/OpenImagesV7/0c/0c40b78e0b96c6a05cf3eec32d874e66e7409117cb30219ad1b6c1de806c0fb7.jpg,0,blur_0.5,0.35688239336013794
data/corpus_smoke/images/OpenImagesV7/0c/0c40b78e0b96c6a05cf3eec32d874e66e7409117cb30219ad1b6c1de806c0fb7.jpg,0,blur_1.0,0.36531344056129456
data/corpus_smoke/images/OpenImagesV7/0c/0c40b78e0b96c6a05cf3eec32d874e66e7409117cb30219ad1b6c1de806c0fb7.jpg,0,blur_2.0,0.37993553280830383
data/corpus_smoke/images/OpenImagesV7/0c/0c40b78e0b96c6a05cf3eec32d874e66e7409117cb30219ad1b6c1de806c0fb7.jpg,0,resize_0.5,0.36105507612228394
data/corpus_smoke/images/OpenImagesV7/0c/0c40b78e0b96c6a05cf3eec32d874e66e7409117cb30219ad1b6c1de806c0fb7.jpg,0,resize_0.25,0.37421852350234985
data/corpus_smoke/images/OpenImagesV7/0c/0c40b78e0b96c6a05cf3eec32d874e66e7409117cb30219ad1b6c1de806c0fb7.jpg,0,noise_0.02,0.35347458720207214
data/corpus_smoke/images/OpenImagesV7/0c/0c40b78e0b96c6a05cf3eec32d874e66e7409117cb30219ad1b6c1de806c0fb7.jpg,0,noise_0.05,0.3355104327201843
data/corpus_smoke/images/OpenImagesV7/0c/0c40b78e0b96c6a05cf3eec32d874e66e7409117cb30219ad1b6c1de806c0fb7.jpg,0,noise_0.1,0.3035426139831543
data/corpus_smoke/images/OpenImagesV7/0c/0c40b78e0b96c6a05cf3eec32d874e66e7409117cb30219ad1b6c1de806c0fb7.jpg,0,jitter_0.2,0.36569511890411377
data/corpus_smoke/images/OpenImagesV7/0c/0c40b78e0b96c6a05cf3eec32d874e66e7409117cb30219ad1b6c1de806c0fb7.jpg,0,center_crop_0.8,0.36376261711120605
data/corpus_smoke/images/OpenImagesV7/0c/0c40b78e0b96c6a05cf3eec32d874e66e7409117cb30219ad1b6c1de806c0fb7.jpg,0,composed_blur1.0+jpeg70,0.3800557255744934
data/corpus_smoke/images/OpenImagesV7/0c/0c40b78e0b96c6a05cf3eec32d874e66e7409117cb30219ad1b6c1de806c0fb7.jpg,0,composed_resize0.5+jpeg50,0.3636452555656433
data/corpus_smoke/images/OpenImagesV7/0c/0c40b78e0b96c6a05cf3eec32d874e66e7409117cb30219ad1b6c1de806c0fb7.jpg,0,composed_jitter0.2+jpeg30,0.3682277202606201
data/corpus_smoke/images/OpenImagesV7/0c/0c40b78e0b96c6a05cf3eec32d874e66e7409117cb30219ad1b6c1de806c0fb7.jpg,0,composed_resize0.25+blur0.5+jpeg30,0.37598955631256104
data/corpus_smoke/images/OpenImagesV7/a2/a2d984b6b50bfda72a73f36c69f97615ebf78e6c2494bde57d12b612267231b0.jpg,0,clean,0.31804734468460083
data/corpus_smoke/images/OpenImagesV7/a2/a2d984b6b50bfda72a73f36c69f97615ebf78e6c2494bde57d12b612267231b0.jpg,0,jpeg_90,0.3205251395702362
data/corpus_smoke/images/OpenImagesV7/a2/a2d984b6b50bfda72a73f36c69f97615ebf78e6c2494bde57d12b612267231b0.jpg,0,jpeg_70,0.32991349697113037
data/corpus_smoke/images/OpenImagesV7/a2/a2d984b6b50bfda72a73f36c69f97615ebf78e6c2494bde57d12b612267231b0.jpg,0,jpeg_50,0.33302104473114014
data/corpus_smoke/images/OpenImagesV7/a2/a2d984b6b50bfda72a73f36c69f97615ebf78e6c2494bde57d12b612267231b0.jpg,0,jpeg_30,0.33553043007850647
data/corpus_smoke/images/OpenImagesV7/a2/a2d984b6b50bfda72a73f36c69f97615ebf78e6c2494bde57d12b612267231b0.jpg,0,blur_0.5,0.320494681596756
data/corpus_smoke/images/OpenImagesV7/a2/a2d984b6b50bfda72a73f36c69f97615ebf78e6c2494bde57d12b612267231b0.jpg,0,blur_1.0,0.3298356533050537
data/corpus_smoke/images/OpenImagesV7/a2/a2d984b6b50bfda72a73f36c69f97615ebf78e6c2494bde57d12b612267231b0.jpg,0,blur_2.0,0.3534662425518036
data/corpus_smoke/images/OpenImagesV7/a2/a2d984b6b50bfda72a73f36c69f97615ebf78e6c2494bde57d12b612267231b0.jpg,0,resize_0.5,0.32814469933509827
data/corpus_smoke/images/OpenImagesV7/a2/a2d984b6b50bfda72a73f36c69f97615ebf78e6c2494bde57d12b612267231b0.jpg,0,resize_0.25,0.3477647304534912
data/corpus_smoke/images/OpenImagesV7/a2/a2d984b6b50bfda72a73f36c69f97615ebf78e6c2494bde57d12b612267231b0.jpg,0,noise_0.02,0.3214899003505707
data/corpus_smoke/images/OpenImagesV7/a2/a2d984b6b50bfda72a73f36c69f97615ebf78e6c2494bde57d12b612267231b0.jpg,0,noise_0.05,0.3123662769794464
data/corpus_smoke/images/OpenImagesV7/a2/a2d984b6b50bfda72a73f36c69f97615ebf78e6c2494bde57d12b612267231b0.jpg,0,noise_0.1,0.29337278008461
data/corpus_smoke/images/OpenImagesV7/a2/a2d984b6b50bfda72a73f36c69f97615ebf78e6c2494bde57d12b612267231b0.jpg,0,jitter_0.2,0.3244529068470001
data/corpus_smoke/images/OpenImagesV7/a2/a2d984b6b50bfda72a73f36c69f97615ebf78e6c2494bde57d12b612267231b0.jpg,0,center_crop_0.8,0.34171098470687866
data/corpus_smoke/images/OpenImagesV7/a2/a2d984b6b50bfda72a73f36c69f97615ebf78e6c2494bde57d12b612267231b0.jpg,0,composed_blur1.0+jpeg70,0.34142860770225525
data/corpus_smoke/images/OpenImagesV7/a2/a2d984b6b50bfda72a73f36c69f97615ebf78e6c2494bde57d12b612267231b0.jpg,0,composed_resize0.5+jpeg50,0.34077519178390503
data/corpus_smoke/images/OpenImagesV7/a2/a2d984b6b50bfda72a73f36c69f97615ebf78e6c2494bde57d12b612267231b0.jpg,0,composed_jitter0.2+jpeg30,0.3399127423763275
data/corpus_smoke/images/OpenImagesV7/a2/a2d984b6b50bfda72a73f36c69f97615ebf78e6c2494bde57d12b612267231b0.jpg,0,composed_resize0.25+blur0.5+jpeg30,0.35725918412208557
data/corpus_smoke/images/OpenImagesV7/cd/cd0233a3675802dec09ab577ceb6a957ec0b4e24a12e8967a5a50f8791e9507c.jpg,0,clean,0.4077904224395752
data/corpus_smoke/images/OpenImagesV7/cd/cd0233a3675802dec09ab577ceb6a957ec0b4e24a12e8967a5a50f8791e9507c.jpg,0,jpeg_90,0.4040778577327728
data/corpus_smoke/images/OpenImagesV7/cd/cd0233a3675802dec09ab577ceb6a957ec0b4e24a12e8967a5a50f8791e9507c.jpg,0,jpeg_70,0.412083238363266
data/corpus_smoke/images/OpenImagesV7/cd/cd0233a3675802dec09ab577ceb6a957ec0b4e24a12e8967a5a50f8791e9507c.jpg,0,jpeg_50,0.41027840971946716
data/corpus_smoke/images/OpenImagesV7/cd/cd0233a3675802dec09ab577ceb6a957ec0b4e24a12e8967a5a50f8791e9507c.jpg,0,jpeg_30,0.41112953424453735
data/corpus_smoke/images/OpenImagesV7/cd/cd0233a3675802dec09ab577ceb6a957ec0b4e24a12e8967a5a50f8791e9507c.jpg,0,blur_0.5,0.40789473056793213
data/corpus_smoke/images/OpenImagesV7/cd/cd0233a3675802dec09ab577ceb6a957ec0b4e24a12e8967a5a50f8791e9507c.jpg,0,blur_1.0,0.40977028012275696
data/corpus_smoke/images/OpenImagesV7/cd/cd0233a3675802dec09ab577ceb6a957ec0b4e24a12e8967a5a50f8791e9507c.jpg,0,blur_2.0,0.41256120800971985
data/corpus_smoke/images/OpenImagesV7/cd/cd0233a3675802dec09ab577ceb6a957ec0b4e24a12e8967a5a50f8791e9507c.jpg,0,resize_0.5,0.4050857126712799
data/corpus_smoke/images/OpenImagesV7/cd/cd0233a3675802dec09ab577ceb6a957ec0b4e24a12e8967a5a50f8791e9507c.jpg,0,resize_0.25,0.4126996397972107
data/corpus_smoke/images/OpenImagesV7/cd/cd0233a3675802dec09ab577ceb6a957ec0b4e24a12e8967a5a50f8791e9507c.jpg,0,noise_0.02,0.39876168966293335
data/corpus_smoke/images/OpenImagesV7/cd/cd0233a3675802dec09ab577ceb6a957ec0b4e24a12e8967a5a50f8791e9507c.jpg,0,noise_0.05,0.3804282248020172
data/corpus_smoke/images/OpenImagesV7/cd/cd0233a3675802dec09ab577ceb6a957ec0b4e24a12e8967a5a50f8791e9507c.jpg,0,noise_0.1,0.34671491384506226
data/corpus_smoke/images/OpenImagesV7/cd/cd0233a3675802dec09ab577ceb6a957ec0b4e24a12e8967a5a50f8791e9507c.jpg,0,jitter_0.2,0.40543413162231445
data/corpus_smoke/images/OpenImagesV7/cd/cd0233a3675802dec09ab577ceb6a957ec0b4e24a12e8967a5a50f8791e9507c.jpg,0,center_crop_0.8,0.415645033121109
data/corpus_smoke/images/OpenImagesV7/cd/cd0233a3675802dec09ab577ceb6a957ec0b4e24a12e8967a5a50f8791e9507c.jpg,0,composed_blur1.0+jpeg70,0.41269436478614807
data/corpus_smoke/images/OpenImagesV7/cd/cd0233a3675802dec09ab577ceb6a957ec0b4e24a12e8967a5a50f8791e9507c.jpg,0,composed_resize0.5+jpeg50,0.4094927906990051
data/corpus_smoke/images/OpenImagesV7/cd/cd0233a3675802dec09ab577ceb6a957ec0b4e24a12e8967a5a50f8791e9507c.jpg,0,composed_jitter0.2+jpeg30,0.40624120831489563
data/corpus_smoke/images/OpenImagesV7/cd/cd0233a3675802dec09ab577ceb6a957ec0b4e24a12e8967a5a50f8791e9507c.jpg,0,composed_resize0.25+blur0.5+jpeg30,0.4159187078475952
data/corpus_smoke/images/OpenImagesV7/b9/b99ff67be8022b6220f22afcdc0d048c21a78bfafec263e896f38c1202e38b01.jpg,0,clean,0.334511935710907
data/corpus_smoke/images/OpenImagesV7/b9/b99ff67be8022b6220f22afcdc0d048c21a78bfafec263e896f38c1202e38b01.jpg,0,jpeg_90,0.33861368894577026
data/corpus_smoke/images/OpenImagesV7/b9/b99ff67be8022b6220f22afcdc0d048c21a78bfafec263e896f38c1202e38b01.jpg,0,jpeg_70,0.34452685713768005
data/corpus_smoke/images/OpenImagesV7/b9/b99ff67be8022b6220f22afcdc0d048c21a78bfafec263e896f38c1202e38b01.jpg,0,jpeg_50,0.34207138419151306
data/corpus_smoke/images/OpenImagesV7/b9/b99ff67be8022b6220f22afcdc0d048c21a78bfafec263e896f38c1202e38b01.jpg,0,jpeg_30,0.34206700325012207
data/corpus_smoke/images/OpenImagesV7/b9/b99ff67be8022b6220f22afcdc0d048c21a78bfafec263e896f38c1202e38b01.jpg,0,blur_0.5,0.3388661742210388
data/corpus_smoke/images/OpenImagesV7/b9/b99ff67be8022b6220f22afcdc0d048c21a78bfafec263e896f38c1202e38b01.jpg,0,blur_1.0,0.34917905926704407
data/corpus_smoke/images/OpenImagesV7/b9/b99ff67be8022b6220f22afcdc0d048c21a78bfafec263e896f38c1202e38b01.jpg,0,blur_2.0,0.3639020025730133
data/corpus_smoke/images/OpenImagesV7/b9/b99ff67be8022b6220f22afcdc0d048c21a78bfafec263e896f38c1202e38b01.jpg,0,resize_0.5,0.34285593032836914
data/corpus_smoke/images/OpenImagesV7/b9/b99ff67be8022b6220f22afcdc0d048c21a78bfafec263e896f38c1202e38b01.jpg,0,resize_0.25,0.3603513836860657
data/corpus_smoke/images/OpenImagesV7/b9/b99ff67be8022b6220f22afcdc0d048c21a78bfafec263e896f38c1202e38b01.jpg,0,noise_0.02,0.3332032263278961
data/corpus_smoke/images/OpenImagesV7/b9/b99ff67be8022b6220f22afcdc0d048c21a78bfafec263e896f38c1202e38b01.jpg,0,noise_0.05,0.3169088661670685
data/corpus_smoke/images/OpenImagesV7/b9/b99ff67be8022b6220f22afcdc0d048c21a78bfafec263e896f38c1202e38b01.jpg,0,noise_0.1,0.293242484331131
data/corpus_smoke/images/OpenImagesV7/b9/b99ff67be8022b6220f22afcdc0d048c21a78bfafec263e896f38c1202e38b01.jpg,0,jitter_0.2,0.3198244273662567
data/corpus_smoke/images/OpenImagesV7/b9/b99ff67be8022b6220f22afcdc0d048c21a78bfafec263e896f38c1202e38b01.jpg,0,center_crop_0.8,0.3459285795688629
data/corpus_smoke/images/OpenImagesV7/b9/b99ff67be8022b6220f22afcdc0d048c21a78bfafec263e896f38c1202e38b01.jpg,0,composed_blur1.0+jpeg70,0.36019256711006165
data/corpus_smoke/images/OpenImagesV7/b9/b99ff67be8022b6220f22afcdc0d048c21a78bfafec263e896f38c1202e38b01.jpg,0,composed_resize0.5+jpeg50,0.34868910908699036
data/corpus_smoke/images/OpenImagesV7/b9/b99ff67be8022b6220f22afcdc0d048c21a78bfafec263e896f38c1202e38b01.jpg,0,composed_jitter0.2+jpeg30,0.3516727685928345
data/corpus_smoke/images/OpenImagesV7/b9/b99ff67be8022b6220f22afcdc0d048c21a78bfafec263e896f38c1202e38b01.jpg,0,composed_resize0.25+blur0.5+jpeg30,0.37261027097702026
data/corpus_smoke/images/FLUX.1-dev/62/629499f1e7d461ced069d14e4bff3d24cd29dd77fed75e72c492a8a85af89c4d.jpg,1,clean,0.4726499319076538
data/corpus_smoke/images/FLUX.1-dev/62/629499f1e7d461ced069d14e4bff3d24cd29dd77fed75e72c492a8a85af89c4d.jpg,1,jpeg_90,0.47115492820739746
data/corpus_smoke/images/FLUX.1-dev/62/629499f1e7d461ced069d14e4bff3d24cd29dd77fed75e72c492a8a85af89c4d.jpg,1,jpeg_70,0.47505834698677063
data/corpus_smoke/images/FLUX.1-dev/62/629499f1e7d461ced069d14e4bff3d24cd29dd77fed75e72c492a8a85af89c4d.jpg,1,jpeg_50,0.4771612286567688
data/corpus_smoke/images/FLUX.1-dev/62/629499f1e7d461ced069d14e4bff3d24cd29dd77fed75e72c492a8a85af89c4d.jpg,1,jpeg_30,0.467376172542572
data/corpus_smoke/images/FLUX.1-dev/62/629499f1e7d461ced069d14e4bff3d24cd29dd77fed75e72c492a8a85af89c4d.jpg,1,blur_0.5,0.47437411546707153
data/corpus_smoke/images/FLUX.1-dev/62/629499f1e7d461ced069d14e4bff3d24cd29dd77fed75e72c492a8a85af89c4d.jpg,1,blur_1.0,0.4760604500770569
data/corpus_smoke/images/FLUX.1-dev/62/629499f1e7d461ced069d14e4bff3d24cd29dd77fed75e72c492a8a85af89c4d.jpg,1,blur_2.0,0.479600727558136
data/corpus_smoke/images/FLUX.1-dev/62/629499f1e7d461ced069d14e4bff3d24cd29dd77fed75e72c492a8a85af89c4d.jpg,1,resize_0.5,0.4726185202598572
data/corpus_smoke/images/FLUX.1-dev/62/629499f1e7d461ced069d14e4bff3d24cd29dd77fed75e72c492a8a85af89c4d.jpg,1,resize_0.25,0.47568079829216003
data/corpus_smoke/images/FLUX.1-dev/62/629499f1e7d461ced069d14e4bff3d24cd29dd77fed75e72c492a8a85af89c4d.jpg,1,noise_0.02,0.4586629569530487
data/corpus_smoke/images/FLUX.1-dev/62/629499f1e7d461ced069d14e4bff3d24cd29dd77fed75e72c492a8a85af89c4d.jpg,1,noise_0.05,0.4268266260623932
data/corpus_smoke/images/FLUX.1-dev/62/629499f1e7d461ced069d14e4bff3d24cd29dd77fed75e72c492a8a85af89c4d.jpg,1,noise_0.1,0.38414570689201355
data/corpus_smoke/images/FLUX.1-dev/62/629499f1e7d461ced069d14e4bff3d24cd29dd77fed75e72c492a8a85af89c4d.jpg,1,jitter_0.2,0.4612980782985687
data/corpus_smoke/images/FLUX.1-dev/62/629499f1e7d461ced069d14e4bff3d24cd29dd77fed75e72c492a8a85af89c4d.jpg,1,center_crop_0.8,0.4698919951915741
data/corpus_smoke/images/FLUX.1-dev/62/629499f1e7d461ced069d14e4bff3d24cd29dd77fed75e72c492a8a85af89c4d.jpg,1,composed_blur1.0+jpeg70,0.48126792907714844
data/corpus_smoke/images/FLUX.1-dev/62/629499f1e7d461ced069d14e4bff3d24cd29dd77fed75e72c492a8a85af89c4d.jpg,1,composed_resize0.5+jpeg50,0.47726112604141235
data/corpus_smoke/images/FLUX.1-dev/62/629499f1e7d461ced069d14e4bff3d24cd29dd77fed75e72c492a8a85af89c4d.jpg,1,composed_jitter0.2+jpeg30,0.4688273072242737
data/corpus_smoke/images/FLUX.1-dev/62/629499f1e7d461ced069d14e4bff3d24cd29dd77fed75e72c492a8a85af89c4d.jpg,1,composed_resize0.25+blur0.5+jpeg30,0.4700700044631958
data/corpus_smoke/images/FLUX.1-dev/95/95f92af5bd2c8c9de02df980c6efc3fb47108d90e0ae795243f1db08880b27bb.jpg,1,clean,0.38313865661621094
data/corpus_smoke/images/FLUX.1-dev/95/95f92af5bd2c8c9de02df980c6efc3fb47108d90e0ae795243f1db08880b27bb.jpg,1,jpeg_90,0.3828841745853424
data/corpus_smoke/images/FLUX.1-dev/95/95f92af5bd2c8c9de02df980c6efc3fb47108d90e0ae795243f1db08880b27bb.jpg,1,jpeg_70,0.3950527310371399
data/corpus_smoke/images/FLUX.1-dev/95/95f92af5bd2c8c9de02df980c6efc3fb47108d90e0ae795243f1db08880b27bb.jpg,1,jpeg_50,0.3848215937614441
data/corpus_smoke/images/FLUX.1-dev/95/95f92af5bd2c8c9de02df980c6efc3fb47108d90e0ae795243f1db08880b27bb.jpg,1,jpeg_30,0.3919326066970825
data/corpus_smoke/images/FLUX.1-dev/95/95f92af5bd2c8c9de02df980c6efc3fb47108d90e0ae795243f1db08880b27bb.jpg,1,blur_0.5,0.3849141597747803
data/corpus_smoke/images/FLUX.1-dev/95/95f92af5bd2c8c9de02df980c6efc3fb47108d90e0ae795243f1db08880b27bb.jpg,1,blur_1.0,0.39026591181755066
data/corpus_smoke/images/FLUX.1-dev/95/95f92af5bd2c8c9de02df980c6efc3fb47108d90e0ae795243f1db08880b27bb.jpg,1,blur_2.0,0.39820948243141174
data/corpus_smoke/images/FLUX.1-dev/95/95f92af5bd2c8c9de02df980c6efc3fb47108d90e0ae795243f1db08880b27bb.jpg,1,resize_0.5,0.38895219564437866
data/corpus_smoke/images/FLUX.1-dev/95/95f92af5bd2c8c9de02df980c6efc3fb47108d90e0ae795243f1db08880b27bb.jpg,1,resize_0.25,0.39329272508621216
data/corpus_smoke/images/FLUX.1-dev/95/95f92af5bd2c8c9de02df980c6efc3fb47108d90e0ae795243f1db08880b27bb.jpg,1,noise_0.02,0.3815361559391022
data/corpus_smoke/images/FLUX.1-dev/95/95f92af5bd2c8c9de02df980c6efc3fb47108d90e0ae795243f1db08880b27bb.jpg,1,noise_0.05,0.36213061213493347
data/corpus_smoke/images/FLUX.1-dev/95/95f92af5bd2c8c9de02df980c6efc3fb47108d90e0ae795243f1db08880b27bb.jpg,1,noise_0.1,0.3379870057106018
data/corpus_smoke/images/FLUX.1-dev/95/95f92af5bd2c8c9de02df980c6efc3fb47108d90e0ae795243f1db08880b27bb.jpg,1,jitter_0.2,0.3805895745754242
data/corpus_smoke/images/FLUX.1-dev/95/95f92af5bd2c8c9de02df980c6efc3fb47108d90e0ae795243f1db08880b27bb.jpg,1,center_crop_0.8,0.40252140164375305
data/corpus_smoke/images/FLUX.1-dev/95/95f92af5bd2c8c9de02df980c6efc3fb47108d90e0ae795243f1db08880b27bb.jpg,1,composed_blur1.0+jpeg70,0.40336334705352783
data/corpus_smoke/images/FLUX.1-dev/95/95f92af5bd2c8c9de02df980c6efc3fb47108d90e0ae795243f1db08880b27bb.jpg,1,composed_resize0.5+jpeg50,0.3946308195590973
data/corpus_smoke/images/FLUX.1-dev/95/95f92af5bd2c8c9de02df980c6efc3fb47108d90e0ae795243f1db08880b27bb.jpg,1,composed_jitter0.2+jpeg30,0.39119192957878113
data/corpus_smoke/images/FLUX.1-dev/95/95f92af5bd2c8c9de02df980c6efc3fb47108d90e0ae795243f1db08880b27bb.jpg,1,composed_resize0.25+blur0.5+jpeg30,0.4068204164505005
data/corpus_smoke/images/FLUX.1-dev/78/789498d6c15641a8d0ea7b7493aa4ef4e23715b59ea3bd9ad2d20807112e3543.jpg,1,clean,0.343713641166687
data/corpus_smoke/images/FLUX.1-dev/78/789498d6c15641a8d0ea7b7493aa4ef4e23715b59ea3bd9ad2d20807112e3543.jpg,1,jpeg_90,0.34470245242118835
data/corpus_smoke/images/FLUX.1-dev/78/789498d6c15641a8d0ea7b7493aa4ef4e23715b59ea3bd9ad2d20807112e3543.jpg,1,jpeg_70,0.3490219712257385
data/corpus_smoke/images/FLUX.1-dev/78/789498d6c15641a8d0ea7b7493aa4ef4e23715b59ea3bd9ad2d20807112e3543.jpg,1,jpeg_50,0.35016611218452454
data/corpus_smoke/images/FLUX.1-dev/78/789498d6c15641a8d0ea7b7493aa4ef4e23715b59ea3bd9ad2d20807112e3543.jpg,1,jpeg_30,0.3513598144054413
data/corpus_smoke/images/FLUX.1-dev/78/789498d6c15641a8d0ea7b7493aa4ef4e23715b59ea3bd9ad2d20807112e3543.jpg,1,blur_0.5,0.3514585494995117
data/corpus_smoke/images/FLUX.1-dev/78/789498d6c15641a8d0ea7b7493aa4ef4e23715b59ea3bd9ad2d20807112e3543.jpg,1,blur_1.0,0.3676387667655945
data/corpus_smoke/images/FLUX.1-dev/78/789498d6c15641a8d0ea7b7493aa4ef4e23715b59ea3bd9ad2d20807112e3543.jpg,1,blur_2.0,0.410622239112854
data/corpus_smoke/images/FLUX.1-dev/78/789498d6c15641a8d0ea7b7493aa4ef4e23715b59ea3bd9ad2d20807112e3543.jpg,1,resize_0.5,0.36233872175216675
data/corpus_smoke/images/FLUX.1-dev/78/789498d6c15641a8d0ea7b7493aa4ef4e23715b59ea3bd9ad2d20807112e3543.jpg,1,resize_0.25,0.39220428466796875
data/corpus_smoke/images/FLUX.1-dev/78/789498d6c15641a8d0ea7b7493aa4ef4e23715b59ea3bd9ad2d20807112e3543.jpg,1,noise_0.02,0.3337632417678833
data/corpus_smoke/images/FLUX.1-dev/78/789498d6c15641a8d0ea7b7493aa4ef4e23715b59ea3bd9ad2d20807112e3543.jpg,1,noise_0.05,0.3153536021709442
data/corpus_smoke/images/FLUX.1-dev/78/789498d6c15641a8d0ea7b7493aa4ef4e23715b59ea3bd9ad2d20807112e3543.jpg,1,noise_0.1,0.29068025946617126
data/corpus_smoke/images/FLUX.1-dev/78/789498d6c15641a8d0ea7b7493aa4ef4e23715b59ea3bd9ad2d20807112e3543.jpg,1,jitter_0.2,0.33187341690063477
data/corpus_smoke/images/FLUX.1-dev/78/789498d6c15641a8d0ea7b7493aa4ef4e23715b59ea3bd9ad2d20807112e3543.jpg,1,center_crop_0.8,0.3569400906562805
data/corpus_smoke/images/FLUX.1-dev/78/789498d6c15641a8d0ea7b7493aa4ef4e23715b59ea3bd9ad2d20807112e3543.jpg,1,composed_blur1.0+jpeg70,0.38046547770500183
data/corpus_smoke/images/FLUX.1-dev/78/789498d6c15641a8d0ea7b7493aa4ef4e23715b59ea3bd9ad2d20807112e3543.jpg,1,composed_resize0.5+jpeg50,0.3614758551120758
data/corpus_smoke/images/FLUX.1-dev/78/789498d6c15641a8d0ea7b7493aa4ef4e23715b59ea3bd9ad2d20807112e3543.jpg,1,composed_jitter0.2+jpeg30,0.3471181392669678
data/corpus_smoke/images/FLUX.1-dev/78/789498d6c15641a8d0ea7b7493aa4ef4e23715b59ea3bd9ad2d20807112e3543.jpg,1,composed_resize0.25+blur0.5+jpeg30,0.3907022476196289
data/corpus_smoke/images/FLUX.1-dev/5f/5f7497299cc309c18f0b9e916f358d05c00a76c6623db21e663e8d66d0c0408e.jpg,1,clean,0.3881770372390747
data/corpus_smoke/images/FLUX.1-dev/5f/5f7497299cc309c18f0b9e916f358d05c00a76c6623db21e663e8d66d0c0408e.jpg,1,jpeg_90,0.38284486532211304
data/corpus_smoke/images/FLUX.1-dev/5f/5f7497299cc309c18f0b9e916f358d05c00a76c6623db21e663e8d66d0c0408e.jpg,1,jpeg_70,0.3908761143684387
data/corpus_smoke/images/FLUX.1-dev/5f/5f7497299cc309c18f0b9e916f358d05c00a76c6623db21e663e8d66d0c0408e.jpg,1,jpeg_50,0.3893689513206482
data/corpus_smoke/images/FLUX.1-dev/5f/5f7497299cc309c18f0b9e916f358d05c00a76c6623db21e663e8d66d0c0408e.jpg,1,jpeg_30,0.38726821541786194
data/corpus_smoke/images/FLUX.1-dev/5f/5f7497299cc309c18f0b9e916f358d05c00a76c6623db21e663e8d66d0c0408e.jpg,1,blur_0.5,0.39067405462265015
data/corpus_smoke/images/FLUX.1-dev/5f/5f7497299cc309c18f0b9e916f358d05c00a76c6623db21e663e8d66d0c0408e.jpg,1,blur_1.0,0.3981073796749115
data/corpus_smoke/images/FLUX.1-dev/5f/5f7497299cc309c18f0b9e916f358d05c00a76c6623db21e663e8d66d0c0408e.jpg,1,blur_2.0,0.40481674671173096
data/corpus_smoke/images/FLUX.1-dev/5f/5f7497299cc309c18f0b9e916f358d05c00a76c6623db21e663e8d66d0c0408e.jpg,1,resize_0.5,0.3913536071777344
data/corpus_smoke/images/FLUX.1-dev/5f/5f7497299cc309c18f0b9e916f358d05c00a76c6623db21e663e8d66d0c0408e.jpg,1,resize_0.25,0.3926096558570862
data/corpus_smoke/images/FLUX.1-dev/5f/5f7497299cc309c18f0b9e916f358d05c00a76c6623db21e663e8d66d0c0408e.jpg,1,noise_0.02,0.3837304711341858
data/corpus_smoke/images/FLUX.1-dev/5f/5f7497299cc309c18f0b9e916f358d05c00a76c6623db21e663e8d66d0c0408e.jpg,1,noise_0.05,0.3637097179889679
data/corpus_smoke/images/FLUX.1-dev/5f/5f7497299cc309c18f0b9e916f358d05c00a76c6623db21e663e8d66d0c0408e.jpg,1,noise_0.1,0.3329319357872009
data/corpus_smoke/images/FLUX.1-dev/5f/5f7497299cc309c18f0b9e916f358d05c00a76c6623db21e663e8d66d0c0408e.jpg,1,jitter_0.2,0.4024873971939087
data/corpus_smoke/images/FLUX.1-dev/5f/5f7497299cc309c18f0b9e916f358d05c00a76c6623db21e663e8d66d0c0408e.jpg,1,center_crop_0.8,0.39145857095718384
data/corpus_smoke/images/FLUX.1-dev/5f/5f7497299cc309c18f0b9e916f358d05c00a76c6623db21e663e8d66d0c0408e.jpg,1,composed_blur1.0+jpeg70,0.40109649300575256
data/corpus_smoke/images/FLUX.1-dev/5f/5f7497299cc309c18f0b9e916f358d05c00a76c6623db21e663e8d66d0c0408e.jpg,1,composed_resize0.5+jpeg50,0.3932420015335083
data/corpus_smoke/images/FLUX.1-dev/5f/5f7497299cc309c18f0b9e916f358d05c00a76c6623db21e663e8d66d0c0408e.jpg,1,composed_jitter0.2+jpeg30,0.39085841178894043
data/corpus_smoke/images/FLUX.1-dev/5f/5f7497299cc309c18f0b9e916f358d05c00a76c6623db21e663e8d66d0c0408e.jpg,1,composed_resize0.25+blur0.5+jpeg30,0.39082643389701843
data/corpus_smoke/images/FLUX.1-dev/7c/7ccfea589218d8210c8a74130237584c4b30f8f2dd243ccb9ea14f73ce1e35fc.jpg,1,clean,0.39190423488616943
data/corpus_smoke/images/FLUX.1-dev/7c/7ccfea589218d8210c8a74130237584c4b30f8f2dd243ccb9ea14f73ce1e35fc.jpg,1,jpeg_90,0.3904280662536621
data/corpus_smoke/images/FLUX.1-dev/7c/7ccfea589218d8210c8a74130237584c4b30f8f2dd243ccb9ea14f73ce1e35fc.jpg,1,jpeg_70,0.40476861596107483
data/corpus_smoke/images/FLUX.1-dev/7c/7ccfea589218d8210c8a74130237584c4b30f8f2dd243ccb9ea14f73ce1e35fc.jpg,1,jpeg_50,0.40880146622657776
data/corpus_smoke/images/FLUX.1-dev/7c/7ccfea589218d8210c8a74130237584c4b30f8f2dd243ccb9ea14f73ce1e35fc.jpg,1,jpeg_30,0.40488874912261963
data/corpus_smoke/images/FLUX.1-dev/7c/7ccfea589218d8210c8a74130237584c4b30f8f2dd243ccb9ea14f73ce1e35fc.jpg,1,blur_0.5,0.3946172893047333
data/corpus_smoke/images/FLUX.1-dev/7c/7ccfea589218d8210c8a74130237584c4b30f8f2dd243ccb9ea14f73ce1e35fc.jpg,1,blur_1.0,0.40002983808517456
data/corpus_smoke/images/FLUX.1-dev/7c/7ccfea589218d8210c8a74130237584c4b30f8f2dd243ccb9ea14f73ce1e35fc.jpg,1,blur_2.0,0.40775734186172485
data/corpus_smoke/images/FLUX.1-dev/7c/7ccfea589218d8210c8a74130237584c4b30f8f2dd243ccb9ea14f73ce1e35fc.jpg,1,resize_0.5,0.3934587836265564
data/corpus_smoke/images/FLUX.1-dev/7c/7ccfea589218d8210c8a74130237584c4b30f8f2dd243ccb9ea14f73ce1e35fc.jpg,1,resize_0.25,0.4018932282924652
data/corpus_smoke/images/FLUX.1-dev/7c/7ccfea589218d8210c8a74130237584c4b30f8f2dd243ccb9ea14f73ce1e35fc.jpg,1,noise_0.02,0.39359691739082336
data/corpus_smoke/images/FLUX.1-dev/7c/7ccfea589218d8210c8a74130237584c4b30f8f2dd243ccb9ea14f73ce1e35fc.jpg,1,noise_0.05,0.37241917848587036
data/corpus_smoke/images/FLUX.1-dev/7c/7ccfea589218d8210c8a74130237584c4b30f8f2dd243ccb9ea14f73ce1e35fc.jpg,1,noise_0.1,0.3397849500179291
data/corpus_smoke/images/FLUX.1-dev/7c/7ccfea589218d8210c8a74130237584c4b30f8f2dd243ccb9ea14f73ce1e35fc.jpg,1,jitter_0.2,0.38401755690574646
data/corpus_smoke/images/FLUX.1-dev/7c/7ccfea589218d8210c8a74130237584c4b30f8f2dd243ccb9ea14f73ce1e35fc.jpg,1,center_crop_0.8,0.41351041197776794
data/corpus_smoke/images/FLUX.1-dev/7c/7ccfea589218d8210c8a74130237584c4b30f8f2dd243ccb9ea14f73ce1e35fc.jpg,1,composed_blur1.0+jpeg70,0.41225388646125793
data/corpus_smoke/images/FLUX.1-dev/7c/7ccfea589218d8210c8a74130237584c4b30f8f2dd243ccb9ea14f73ce1e35fc.jpg,1,composed_resize0.5+jpeg50,0.4136742353439331
data/corpus_smoke/images/FLUX.1-dev/7c/7ccfea589218d8210c8a74130237584c4b30f8f2dd243ccb9ea14f73ce1e35fc.jpg,1,composed_jitter0.2+jpeg30,0.39129969477653503
data/corpus_smoke/images/FLUX.1-dev/7c/7ccfea589218d8210c8a74130237584c4b30f8f2dd243ccb9ea14f73ce1e35fc.jpg,1,composed_resize0.25+blur0.5+jpeg30,0.4097926914691925
data/corpus_smoke/images/FLUX.1-dev/96/960fe0001e1e88ede5aa596d206192afe893443c5784a79ea4a93a8f416e2848.jpg,1,clean,0.3901835083961487
data/corpus_smoke/images/FLUX.1-dev/96/960fe0001e1e88ede5aa596d206192afe893443c5784a79ea4a93a8f416e2848.jpg,1,jpeg_90,0.3849443793296814
data/corpus_smoke/images/FLUX.1-dev/96/960fe0001e1e88ede5aa596d206192afe893443c5784a79ea4a93a8f416e2848.jpg,1,jpeg_70,0.3902493417263031
data/corpus_smoke/images/FLUX.1-dev/96/960fe0001e1e88ede5aa596d206192afe893443c5784a79ea4a93a8f416e2848.jpg,1,jpeg_50,0.3886784017086029
data/corpus_smoke/images/FLUX.1-dev/96/960fe0001e1e88ede5aa596d206192afe893443c5784a79ea4a93a8f416e2848.jpg,1,jpeg_30,0.3844752609729767
data/corpus_smoke/images/FLUX.1-dev/96/960fe0001e1e88ede5aa596d206192afe893443c5784a79ea4a93a8f416e2848.jpg,1,blur_0.5,0.3908996284008026
data/corpus_smoke/images/FLUX.1-dev/96/960fe0001e1e88ede5aa596d206192afe893443c5784a79ea4a93a8f416e2848.jpg,1,blur_1.0,0.39821311831474304
data/corpus_smoke/images/FLUX.1-dev/96/960fe0001e1e88ede5aa596d206192afe893443c5784a79ea4a93a8f416e2848.jpg,1,blur_2.0,0.41620975732803345
data/corpus_smoke/images/FLUX.1-dev/96/960fe0001e1e88ede5aa596d206192afe893443c5784a79ea4a93a8f416e2848.jpg,1,resize_0.5,0.39089900255203247
data/corpus_smoke/images/FLUX.1-dev/96/960fe0001e1e88ede5aa596d206192afe893443c5784a79ea4a93a8f416e2848.jpg,1,resize_0.25,0.4037137031555176
data/corpus_smoke/images/FLUX.1-dev/96/960fe0001e1e88ede5aa596d206192afe893443c5784a79ea4a93a8f416e2848.jpg,1,noise_0.02,0.3707069158554077
data/corpus_smoke/images/FLUX.1-dev/96/960fe0001e1e88ede5aa596d206192afe893443c5784a79ea4a93a8f416e2848.jpg,1,noise_0.05,0.35076025128364563
data/corpus_smoke/images/FLUX.1-dev/96/960fe0001e1e88ede5aa596d206192afe893443c5784a79ea4a93a8f416e2848.jpg,1,noise_0.1,0.32404953241348267
data/corpus_smoke/images/FLUX.1-dev/96/960fe0001e1e88ede5aa596d206192afe893443c5784a79ea4a93a8f416e2848.jpg,1,jitter_0.2,0.4091021716594696
data/corpus_smoke/images/FLUX.1-dev/96/960fe0001e1e88ede5aa596d206192afe893443c5784a79ea4a93a8f416e2848.jpg,1,center_crop_0.8,0.3894340693950653
data/corpus_smoke/images/FLUX.1-dev/96/960fe0001e1e88ede5aa596d206192afe893443c5784a79ea4a93a8f416e2848.jpg,1,composed_blur1.0+jpeg70,0.39912521839141846
data/corpus_smoke/images/FLUX.1-dev/96/960fe0001e1e88ede5aa596d206192afe893443c5784a79ea4a93a8f416e2848.jpg,1,composed_resize0.5+jpeg50,0.39294639229774475
data/corpus_smoke/images/FLUX.1-dev/96/960fe0001e1e88ede5aa596d206192afe893443c5784a79ea4a93a8f416e2848.jpg,1,composed_jitter0.2+jpeg30,0.3899378478527069
data/corpus_smoke/images/FLUX.1-dev/96/960fe0001e1e88ede5aa596d206192afe893443c5784a79ea4a93a8f416e2848.jpg,1,composed_resize0.25+blur0.5+jpeg30,0.39006510376930237
data/corpus_smoke/images/FLUX.1-dev/4b/4b33cb7626d5d1e68348eef19c2888eb6df20954f981a0c618e88b1707a69362.jpg,1,clean,0.3897532522678375
data/corpus_smoke/images/FLUX.1-dev/4b/4b33cb7626d5d1e68348eef19c2888eb6df20954f981a0c618e88b1707a69362.jpg,1,jpeg_90,0.3874138295650482
data/corpus_smoke/images/FLUX.1-dev/4b/4b33cb7626d5d1e68348eef19c2888eb6df20954f981a0c618e88b1707a69362.jpg,1,jpeg_70,0.4001016616821289
data/corpus_smoke/images/FLUX.1-dev/4b/4b33cb7626d5d1e68348eef19c2888eb6df20954f981a0c618e88b1707a69362.jpg,1,jpeg_50,0.41080936789512634
data/corpus_smoke/images/FLUX.1-dev/4b/4b33cb7626d5d1e68348eef19c2888eb6df20954f981a0c618e88b1707a69362.jpg,1,jpeg_30,0.4037802815437317
data/corpus_smoke/images/FLUX.1-dev/4b/4b33cb7626d5d1e68348eef19c2888eb6df20954f981a0c618e88b1707a69362.jpg,1,blur_0.5,0.3933960497379303
data/corpus_smoke/images/FLUX.1-dev/4b/4b33cb7626d5d1e68348eef19c2888eb6df20954f981a0c618e88b1707a69362.jpg,1,blur_1.0,0.4040621519088745
data/corpus_smoke/images/FLUX.1-dev/4b/4b33cb7626d5d1e68348eef19c2888eb6df20954f981a0c618e88b1707a69362.jpg,1,blur_2.0,0.42567145824432373
data/corpus_smoke/images/FLUX.1-dev/4b/4b33cb7626d5d1e68348eef19c2888eb6df20954f981a0c618e88b1707a69362.jpg,1,resize_0.5,0.39802002906799316
data/corpus_smoke/images/FLUX.1-dev/4b/4b33cb7626d5d1e68348eef19c2888eb6df20954f981a0c618e88b1707a69362.jpg,1,resize_0.25,0.413772314786911
data/corpus_smoke/images/FLUX.1-dev/4b/4b33cb7626d5d1e68348eef19c2888eb6df20954f981a0c618e88b1707a69362.jpg,1,noise_0.02,0.38491207361221313
data/corpus_smoke/images/FLUX.1-dev/4b/4b33cb7626d5d1e68348eef19c2888eb6df20954f981a0c618e88b1707a69362.jpg,1,noise_0.05,0.36953476071357727
data/corpus_smoke/images/FLUX.1-dev/4b/4b33cb7626d5d1e68348eef19c2888eb6df20954f981a0c618e88b1707a69362.jpg,1,noise_0.1,0.3453386127948761
data/corpus_smoke/images/FLUX.1-dev/4b/4b33cb7626d5d1e68348eef19c2888eb6df20954f981a0c618e88b1707a69362.jpg,1,jitter_0.2,0.3889273703098297
data/corpus_smoke/images/FLUX.1-dev/4b/4b33cb7626d5d1e68348eef19c2888eb6df20954f981a0c618e88b1707a69362.jpg,1,center_crop_0.8,0.3997817933559418
data/corpus_smoke/images/FLUX.1-dev/4b/4b33cb7626d5d1e68348eef19c2888eb6df20954f981a0c618e88b1707a69362.jpg,1,composed_blur1.0+jpeg70,0.415900856256485
data/corpus_smoke/images/FLUX.1-dev/4b/4b33cb7626d5d1e68348eef19c2888eb6df20954f981a0c618e88b1707a69362.jpg,1,composed_resize0.5+jpeg50,0.416789710521698
data/corpus_smoke/images/FLUX.1-dev/4b/4b33cb7626d5d1e68348eef19c2888eb6df20954f981a0c618e88b1707a69362.jpg,1,composed_jitter0.2+jpeg30,0.3971649408340454
data/corpus_smoke/images/FLUX.1-dev/4b/4b33cb7626d5d1e68348eef19c2888eb6df20954f981a0c618e88b1707a69362.jpg,1,composed_resize0.25+blur0.5+jpeg30,0.42370203137397766
data/corpus_smoke/images/FLUX.1-dev/63/63ebff3cb98dc0fd77edb3d7699593d5321fe5cf059d6462a4da44f906eafafa.jpg,1,clean,0.3631246089935303
data/corpus_smoke/images/FLUX.1-dev/63/63ebff3cb98dc0fd77edb3d7699593d5321fe5cf059d6462a4da44f906eafafa.jpg,1,jpeg_90,0.36226534843444824
data/corpus_smoke/images/FLUX.1-dev/63/63ebff3cb98dc0fd77edb3d7699593d5321fe5cf059d6462a4da44f906eafafa.jpg,1,jpeg_70,0.37524479627609253
data/corpus_smoke/images/FLUX.1-dev/63/63ebff3cb98dc0fd77edb3d7699593d5321fe5cf059d6462a4da44f906eafafa.jpg,1,jpeg_50,0.37124377489089966
data/corpus_smoke/images/FLUX.1-dev/63/63ebff3cb98dc0fd77edb3d7699593d5321fe5cf059d6462a4da44f906eafafa.jpg,1,jpeg_30,0.3664424419403076
data/corpus_smoke/images/FLUX.1-dev/63/63ebff3cb98dc0fd77edb3d7699593d5321fe5cf059d6462a4da44f906eafafa.jpg,1,blur_0.5,0.36594364047050476
data/corpus_smoke/images/FLUX.1-dev/63/63ebff3cb98dc0fd77edb3d7699593d5321fe5cf059d6462a4da44f906eafafa.jpg,1,blur_1.0,0.37408095598220825
data/corpus_smoke/images/FLUX.1-dev/63/63ebff3cb98dc0fd77edb3d7699593d5321fe5cf059d6462a4da44f906eafafa.jpg,1,blur_2.0,0.3878181278705597
data/corpus_smoke/images/FLUX.1-dev/63/63ebff3cb98dc0fd77edb3d7699593d5321fe5cf059d6462a4da44f906eafafa.jpg,1,resize_0.5,0.37010499835014343
data/corpus_smoke/images/FLUX.1-dev/63/63ebff3cb98dc0fd77edb3d7699593d5321fe5cf059d6462a4da44f906eafafa.jpg,1,resize_0.25,0.382030725479126
data/corpus_smoke/images/FLUX.1-dev/63/63ebff3cb98dc0fd77edb3d7699593d5321fe5cf059d6462a4da44f906eafafa.jpg,1,noise_0.02,0.36129865050315857
data/corpus_smoke/images/FLUX.1-dev/63/63ebff3cb98dc0fd77edb3d7699593d5321fe5cf059d6462a4da44f906eafafa.jpg,1,noise_0.05,0.3417264223098755
data/corpus_smoke/images/FLUX.1-dev/63/63ebff3cb98dc0fd77edb3d7699593d5321fe5cf059d6462a4da44f906eafafa.jpg,1,noise_0.1,0.31692132353782654
data/corpus_smoke/images/FLUX.1-dev/63/63ebff3cb98dc0fd77edb3d7699593d5321fe5cf059d6462a4da44f906eafafa.jpg,1,jitter_0.2,0.37115198373794556
data/corpus_smoke/images/FLUX.1-dev/63/63ebff3cb98dc0fd77edb3d7699593d5321fe5cf059d6462a4da44f906eafafa.jpg,1,center_crop_0.8,0.3629665970802307
data/corpus_smoke/images/FLUX.1-dev/63/63ebff3cb98dc0fd77edb3d7699593d5321fe5cf059d6462a4da44f906eafafa.jpg,1,composed_blur1.0+jpeg70,0.3870874047279358
data/corpus_smoke/images/FLUX.1-dev/63/63ebff3cb98dc0fd77edb3d7699593d5321fe5cf059d6462a4da44f906eafafa.jpg,1,composed_resize0.5+jpeg50,0.3715744912624359
data/corpus_smoke/images/FLUX.1-dev/63/63ebff3cb98dc0fd77edb3d7699593d5321fe5cf059d6462a4da44f906eafafa.jpg,1,composed_jitter0.2+jpeg30,0.36866021156311035
data/corpus_smoke/images/FLUX.1-dev/63/63ebff3cb98dc0fd77edb3d7699593d5321fe5cf059d6462a4da44f906eafafa.jpg,1,composed_resize0.25+blur0.5+jpeg30,0.38581177592277527
data/corpus_smoke/images/FLUX.1-dev/4c/4c3da2ecb8a80dda9248a24fdcbd5dfa369d9c9a275d3c2519e7259b3850ed54.jpg,1,clean,0.348673015832901
data/corpus_smoke/images/FLUX.1-dev/4c/4c3da2ecb8a80dda9248a24fdcbd5dfa369d9c9a275d3c2519e7259b3850ed54.jpg,1,jpeg_90,0.3495989739894867
data/corpus_smoke/images/FLUX.1-dev/4c/4c3da2ecb8a80dda9248a24fdcbd5dfa369d9c9a275d3c2519e7259b3850ed54.jpg,1,jpeg_70,0.36327415704727173
data/corpus_smoke/images/FLUX.1-dev/4c/4c3da2ecb8a80dda9248a24fdcbd5dfa369d9c9a275d3c2519e7259b3850ed54.jpg,1,jpeg_50,0.36681947112083435
data/corpus_smoke/images/FLUX.1-dev/4c/4c3da2ecb8a80dda9248a24fdcbd5dfa369d9c9a275d3c2519e7259b3850ed54.jpg,1,jpeg_30,0.36725056171417236
data/corpus_smoke/images/FLUX.1-dev/4c/4c3da2ecb8a80dda9248a24fdcbd5dfa369d9c9a275d3c2519e7259b3850ed54.jpg,1,blur_0.5,0.35345831513404846
data/corpus_smoke/images/FLUX.1-dev/4c/4c3da2ecb8a80dda9248a24fdcbd5dfa369d9c9a275d3c2519e7259b3850ed54.jpg,1,blur_1.0,0.3671780824661255
data/corpus_smoke/images/FLUX.1-dev/4c/4c3da2ecb8a80dda9248a24fdcbd5dfa369d9c9a275d3c2519e7259b3850ed54.jpg,1,blur_2.0,0.3918724060058594
data/corpus_smoke/images/FLUX.1-dev/4c/4c3da2ecb8a80dda9248a24fdcbd5dfa369d9c9a275d3c2519e7259b3850ed54.jpg,1,resize_0.5,0.3598520755767822
data/corpus_smoke/images/FLUX.1-dev/4c/4c3da2ecb8a80dda9248a24fdcbd5dfa369d9c9a275d3c2519e7259b3850ed54.jpg,1,resize_0.25,0.38026389479637146
data/corpus_smoke/images/FLUX.1-dev/4c/4c3da2ecb8a80dda9248a24fdcbd5dfa369d9c9a275d3c2519e7259b3850ed54.jpg,1,noise_0.02,0.34675511717796326
data/corpus_smoke/images/FLUX.1-dev/4c/4c3da2ecb8a80dda9248a24fdcbd5dfa369d9c9a275d3c2519e7259b3850ed54.jpg,1,noise_0.05,0.3292226195335388
data/corpus_smoke/images/FLUX.1-dev/4c/4c3da2ecb8a80dda9248a24fdcbd5dfa369d9c9a275d3c2519e7259b3850ed54.jpg,1,noise_0.1,0.30984005331993103
data/corpus_smoke/images/FLUX.1-dev/4c/4c3da2ecb8a80dda9248a24fdcbd5dfa369d9c9a275d3c2519e7259b3850ed54.jpg,1,jitter_0.2,0.38254866003990173
data/corpus_smoke/images/FLUX.1-dev/4c/4c3da2ecb8a80dda9248a24fdcbd5dfa369d9c9a275d3c2519e7259b3850ed54.jpg,1,center_crop_0.8,0.3758280277252197
data/corpus_smoke/images/FLUX.1-dev/4c/4c3da2ecb8a80dda9248a24fdcbd5dfa369d9c9a275d3c2519e7259b3850ed54.jpg,1,composed_blur1.0+jpeg70,0.38322603702545166
data/corpus_smoke/images/FLUX.1-dev/4c/4c3da2ecb8a80dda9248a24fdcbd5dfa369d9c9a275d3c2519e7259b3850ed54.jpg,1,composed_resize0.5+jpeg50,0.37993288040161133
data/corpus_smoke/images/FLUX.1-dev/4c/4c3da2ecb8a80dda9248a24fdcbd5dfa369d9c9a275d3c2519e7259b3850ed54.jpg,1,composed_jitter0.2+jpeg30,0.3651604950428009
data/corpus_smoke/images/FLUX.1-dev/4c/4c3da2ecb8a80dda9248a24fdcbd5dfa369d9c9a275d3c2519e7259b3850ed54.jpg,1,composed_resize0.25+blur0.5+jpeg30,0.39728501439094543
data/corpus_smoke/images/FLUX.1-dev/f7/f7eb43fe7265839c0378ba3799f306d108a36b2b697f409fc41a5cdb251af341.jpg,1,clean,0.3372529447078705
data/corpus_smoke/images/FLUX.1-dev/f7/f7eb43fe7265839c0378ba3799f306d108a36b2b697f409fc41a5cdb251af341.jpg,1,jpeg_90,0.34033024311065674
data/corpus_smoke/images/FLUX.1-dev/f7/f7eb43fe7265839c0378ba3799f306d108a36b2b697f409fc41a5cdb251af341.jpg,1,jpeg_70,0.3486349880695343
data/corpus_smoke/images/FLUX.1-dev/f7/f7eb43fe7265839c0378ba3799f306d108a36b2b697f409fc41a5cdb251af341.jpg,1,jpeg_50,0.3473101258277893
data/corpus_smoke/images/FLUX.1-dev/f7/f7eb43fe7265839c0378ba3799f306d108a36b2b697f409fc41a5cdb251af341.jpg,1,jpeg_30,0.3493097424507141
data/corpus_smoke/images/FLUX.1-dev/f7/f7eb43fe7265839c0378ba3799f306d108a36b2b697f409fc41a5cdb251af341.jpg,1,blur_0.5,0.3449329435825348
data/corpus_smoke/images/FLUX.1-dev/f7/f7eb43fe7265839c0378ba3799f306d108a36b2b697f409fc41a5cdb251af341.jpg,1,blur_1.0,0.36107417941093445
data/corpus_smoke/images/FLUX.1-dev/f7/f7eb43fe7265839c0378ba3799f306d108a36b2b697f409fc41a5cdb251af341.jpg,1,blur_2.0,0.3829914927482605
data/corpus_smoke/images/FLUX.1-dev/f7/f7eb43fe7265839c0378ba3799f306d108a36b2b697f409fc41a5cdb251af341.jpg,1,resize_0.5,0.354986310005188
data/corpus_smoke/images/FLUX.1-dev/f7/f7eb43fe7265839c0378ba3799f306d108a36b2b697f409fc41a5cdb251af341.jpg,1,resize_0.25,0.37706995010375977
data/corpus_smoke/images/FLUX.1-dev/f7/f7eb43fe7265839c0378ba3799f306d108a36b2b697f409fc41a5cdb251af341.jpg,1,noise_0.02,0.3397112488746643
data/corpus_smoke/images/FLUX.1-dev/f7/f7eb43fe7265839c0378ba3799f306d108a36b2b697f409fc41a5cdb251af341.jpg,1,noise_0.05,0.32447367906570435
data/corpus_smoke/images/FLUX.1-dev/f7/f7eb43fe7265839c0378ba3799f306d108a36b2b697f409fc41a5cdb251af341.jpg,1,noise_0.1,0.3049774467945099
data/corpus_smoke/images/FLUX.1-dev/f7/f7eb43fe7265839c0378ba3799f306d108a36b2b697f409fc41a5cdb251af341.jpg,1,jitter_0.2,0.32699263095855713
data/corpus_smoke/images/FLUX.1-dev/f7/f7eb43fe7265839c0378ba3799f306d108a36b2b697f409fc41a5cdb251af341.jpg,1,center_crop_0.8,0.33800309896469116
data/corpus_smoke/images/FLUX.1-dev/f7/f7eb43fe7265839c0378ba3799f306d108a36b2b697f409fc41a5cdb251af341.jpg,1,composed_blur1.0+jpeg70,0.3774193823337555
data/corpus_smoke/images/FLUX.1-dev/f7/f7eb43fe7265839c0378ba3799f306d108a36b2b697f409fc41a5cdb251af341.jpg,1,composed_resize0.5+jpeg50,0.36787474155426025
data/corpus_smoke/images/FLUX.1-dev/f7/f7eb43fe7265839c0378ba3799f306d108a36b2b697f409fc41a5cdb251af341.jpg,1,composed_jitter0.2+jpeg30,0.3372771143913269
data/corpus_smoke/images/FLUX.1-dev/f7/f7eb43fe7265839c0378ba3799f306d108a36b2b697f409fc41a5cdb251af341.jpg,1,composed_resize0.25+blur0.5+jpeg30,0.3879223167896271
data/corpus_smoke/images/FLUX.1-dev/5e/5e9b813e9d6e80f1c267f0e0d45bb6d44c05d96f6bdb9868ae94bd4e4c4aceed.jpg,1,clean,0.3398863673210144
data/corpus_smoke/images/FLUX.1-dev/5e/5e9b813e9d6e80f1c267f0e0d45bb6d44c05d96f6bdb9868ae94bd4e4c4aceed.jpg,1,jpeg_90,0.34121692180633545
data/corpus_smoke/images/FLUX.1-dev/5e/5e9b813e9d6e80f1c267f0e0d45bb6d44c05d96f6bdb9868ae94bd4e4c4aceed.jpg,1,jpeg_70,0.34309813380241394
data/corpus_smoke/images/FLUX.1-dev/5e/5e9b813e9d6e80f1c267f0e0d45bb6d44c05d96f6bdb9868ae94bd4e4c4aceed.jpg,1,jpeg_50,0.34642449021339417
data/corpus_smoke/images/FLUX.1-dev/5e/5e9b813e9d6e80f1c267f0e0d45bb6d44c05d96f6bdb9868ae94bd4e4c4aceed.jpg,1,jpeg_30,0.34512847661972046
data/corpus_smoke/images/FLUX.1-dev/5e/5e9b813e9d6e80f1c267f0e0d45bb6d44c05d96f6bdb9868ae94bd4e4c4aceed.jpg,1,blur_0.5,0.3455497920513153
data/corpus_smoke/images/FLUX.1-dev/5e/5e9b813e9d6e80f1c267f0e0d45bb6d44c05d96f6bdb9868ae94bd4e4c4aceed.jpg,1,blur_1.0,0.36053287982940674
data/corpus_smoke/images/FLUX.1-dev/5e/5e9b813e9d6e80f1c267f0e0d45bb6d44c05d96f6bdb9868ae94bd4e4c4aceed.jpg,1,blur_2.0,0.3894907832145691
data/corpus_smoke/images/FLUX.1-dev/5e/5e9b813e9d6e80f1c267f0e0d45bb6d44c05d96f6bdb9868ae94bd4e4c4aceed.jpg,1,resize_0.5,0.35507532954216003
data/corpus_smoke/images/FLUX.1-dev/5e/5e9b813e9d6e80f1c267f0e0d45bb6d44c05d96f6bdb9868ae94bd4e4c4aceed.jpg,1,resize_0.25,0.378152072429657
data/corpus_smoke/images/FLUX.1-dev/5e/5e9b813e9d6e80f1c267f0e0d45bb6d44c05d96f6bdb9868ae94bd4e4c4aceed.jpg,1,noise_0.02,0.32899919152259827
data/corpus_smoke/images/FLUX.1-dev/5e/5e9b813e9d6e80f1c267f0e0d45bb6d44c05d96f6bdb9868ae94bd4e4c4aceed.jpg,1,noise_0.05,0.31814149022102356
data/corpus_smoke/images/FLUX.1-dev/5e/5e9b813e9d6e80f1c267f0e0d45bb6d44c05d96f6bdb9868ae94bd4e4c4aceed.jpg,1,noise_0.1,0.2989939749240875
data/corpus_smoke/images/FLUX.1-dev/5e/5e9b813e9d6e80f1c267f0e0d45bb6d44c05d96f6bdb9868ae94bd4e4c4aceed.jpg,1,jitter_0.2,0.33615273237228394
data/corpus_smoke/images/FLUX.1-dev/5e/5e9b813e9d6e80f1c267f0e0d45bb6d44c05d96f6bdb9868ae94bd4e4c4aceed.jpg,1,center_crop_0.8,0.356359601020813
data/corpus_smoke/images/FLUX.1-dev/5e/5e9b813e9d6e80f1c267f0e0d45bb6d44c05d96f6bdb9868ae94bd4e4c4aceed.jpg,1,composed_blur1.0+jpeg70,0.36478590965270996
data/corpus_smoke/images/FLUX.1-dev/5e/5e9b813e9d6e80f1c267f0e0d45bb6d44c05d96f6bdb9868ae94bd4e4c4aceed.jpg,1,composed_resize0.5+jpeg50,0.3619953691959381
data/corpus_smoke/images/FLUX.1-dev/5e/5e9b813e9d6e80f1c267f0e0d45bb6d44c05d96f6bdb9868ae94bd4e4c4aceed.jpg,1,composed_jitter0.2+jpeg30,0.34689998626708984
data/corpus_smoke/images/FLUX.1-dev/5e/5e9b813e9d6e80f1c267f0e0d45bb6d44c05d96f6bdb9868ae94bd4e4c4aceed.jpg,1,composed_resize0.25+blur0.5+jpeg30,0.3840892016887665
data/corpus_smoke/images/FLUX.1-dev/81/81fd0a882036df03f492e91ac96183360096e806945f845a833b1ae4089aeab8.jpg,1,clean,0.4086841344833374
data/corpus_smoke/images/FLUX.1-dev/81/81fd0a882036df03f492e91ac96183360096e806945f845a833b1ae4089aeab8.jpg,1,jpeg_90,0.40896278619766235
data/corpus_smoke/images/FLUX.1-dev/81/81fd0a882036df03f492e91ac96183360096e806945f845a833b1ae4089aeab8.jpg,1,jpeg_70,0.4160305857658386
data/corpus_smoke/images/FLUX.1-dev/81/81fd0a882036df03f492e91ac96183360096e806945f845a833b1ae4089aeab8.jpg,1,jpeg_50,0.4084610939025879
data/corpus_smoke/images/FLUX.1-dev/81/81fd0a882036df03f492e91ac96183360096e806945f845a833b1ae4089aeab8.jpg,1,jpeg_30,0.4039558172225952
data/corpus_smoke/images/FLUX.1-dev/81/81fd0a882036df03f492e91ac96183360096e806945f845a833b1ae4089aeab8.jpg,1,blur_0.5,0.4122249484062195
data/corpus_smoke/images/FLUX.1-dev/81/81fd0a882036df03f492e91ac96183360096e806945f845a833b1ae4089aeab8.jpg,1,blur_1.0,0.4231341779232025
data/corpus_smoke/images/FLUX.1-dev/81/81fd0a882036df03f492e91ac96183360096e806945f845a833b1ae4089aeab8.jpg,1,blur_2.0,0.43362170457839966
data/corpus_smoke/images/FLUX.1-dev/81/81fd0a882036df03f492e91ac96183360096e806945f845a833b1ae4089aeab8.jpg,1,resize_0.5,0.41850098967552185
data/corpus_smoke/images/FLUX.1-dev/81/81fd0a882036df03f492e91ac96183360096e806945f845a833b1ae4089aeab8.jpg,1,resize_0.25,0.4307802617549896
data/corpus_smoke/images/FLUX.1-dev/81/81fd0a882036df03f492e91ac96183360096e806945f845a833b1ae4089aeab8.jpg,1,noise_0.02,0.3989272117614746
data/corpus_smoke/images/FLUX.1-dev/81/81fd0a882036df03f492e91ac96183360096e806945f845a833b1ae4089aeab8.jpg,1,noise_0.05,0.3837084174156189
data/corpus_smoke/images/FLUX.1-dev/81/81fd0a882036df03f492e91ac96183360096e806945f845a833b1ae4089aeab8.jpg,1,noise_0.1,0.3508972227573395
data/corpus_smoke/images/FLUX.1-dev/81/81fd0a882036df03f492e91ac96183360096e806945f845a833b1ae4089aeab8.jpg,1,jitter_0.2,0.4059940278530121
data/corpus_smoke/images/FLUX.1-dev/81/81fd0a882036df03f492e91ac96183360096e806945f845a833b1ae4089aeab8.jpg,1,center_crop_0.8,0.42545273900032043
data/corpus_smoke/images/FLUX.1-dev/81/81fd0a882036df03f492e91ac96183360096e806945f845a833b1ae4089aeab8.jpg,1,composed_blur1.0+jpeg70,0.42719370126724243
data/corpus_smoke/images/FLUX.1-dev/81/81fd0a882036df03f492e91ac96183360096e806945f845a833b1ae4089aeab8.jpg,1,composed_resize0.5+jpeg50,0.4159930348396301
data/corpus_smoke/images/FLUX.1-dev/81/81fd0a882036df03f492e91ac96183360096e806945f845a833b1ae4089aeab8.jpg,1,composed_jitter0.2+jpeg30,0.3988152742385864
data/corpus_smoke/images/FLUX.1-dev/81/81fd0a882036df03f492e91ac96183360096e806945f845a833b1ae4089aeab8.jpg,1,composed_resize0.25+blur0.5+jpeg30,0.42322197556495667
data/corpus_smoke/images/FLUX.1-dev/63/63a3c1ba4bd7d7a967b6086a71356ab53e465ccc13ebf987aed5ebc7593f1f3e.jpg,1,clean,0.4540369212627411
data/corpus_smoke/images/FLUX.1-dev/63/63a3c1ba4bd7d7a967b6086a71356ab53e465ccc13ebf987aed5ebc7593f1f3e.jpg,1,jpeg_90,0.45299777388572693
data/corpus_smoke/images/FLUX.1-dev/63/63a3c1ba4bd7d7a967b6086a71356ab53e465ccc13ebf987aed5ebc7593f1f3e.jpg,1,jpeg_70,0.4615277349948883
data/corpus_smoke/images/FLUX.1-dev/63/63a3c1ba4bd7d7a967b6086a71356ab53e465ccc13ebf987aed5ebc7593f1f3e.jpg,1,jpeg_50,0.46035927534103394
data/corpus_smoke/images/FLUX.1-dev/63/63a3c1ba4bd7d7a967b6086a71356ab53e465ccc13ebf987aed5ebc7593f1f3e.jpg,1,jpeg_30,0.45619863271713257
data/corpus_smoke/images/FLUX.1-dev/63/63a3c1ba4bd7d7a967b6086a71356ab53e465ccc13ebf987aed5ebc7593f1f3e.jpg,1,blur_0.5,0.4540832042694092
data/corpus_smoke/images/FLUX.1-dev/63/63a3c1ba4bd7d7a967b6086a71356ab53e465ccc13ebf987aed5ebc7593f1f3e.jpg,1,blur_1.0,0.4537571370601654
data/corpus_smoke/images/FLUX.1-dev/63/63a3c1ba4bd7d7a967b6086a71356ab53e465ccc13ebf987aed5ebc7593f1f3e.jpg,1,blur_2.0,0.45608195662498474
data/corpus_smoke/images/FLUX.1-dev/63/63a3c1ba4bd7d7a967b6086a71356ab53e465ccc13ebf987aed5ebc7593f1f3e.jpg,1,resize_0.5,0.4541671872138977
data/corpus_smoke/images/FLUX.1-dev/63/63a3c1ba4bd7d7a967b6086a71356ab53e465ccc13ebf987aed5ebc7593f1f3e.jpg,1,resize_0.25,0.4546011686325073
data/corpus_smoke/images/FLUX.1-dev/63/63a3c1ba4bd7d7a967b6086a71356ab53e465ccc13ebf987aed5ebc7593f1f3e.jpg,1,noise_0.02,0.44541412591934204
data/corpus_smoke/images/FLUX.1-dev/63/63a3c1ba4bd7d7a967b6086a71356ab53e465ccc13ebf987aed5ebc7593f1f3e.jpg,1,noise_0.05,0.4185575544834137
data/corpus_smoke/images/FLUX.1-dev/63/63a3c1ba4bd7d7a967b6086a71356ab53e465ccc13ebf987aed5ebc7593f1f3e.jpg,1,noise_0.1,0.3794989287853241
data/corpus_smoke/images/FLUX.1-dev/63/63a3c1ba4bd7d7a967b6086a71356ab53e465ccc13ebf987aed5ebc7593f1f3e.jpg,1,jitter_0.2,0.45745715498924255
data/corpus_smoke/images/FLUX.1-dev/63/63a3c1ba4bd7d7a967b6086a71356ab53e465ccc13ebf987aed5ebc7593f1f3e.jpg,1,center_crop_0.8,0.4611511528491974
data/corpus_smoke/images/FLUX.1-dev/63/63a3c1ba4bd7d7a967b6086a71356ab53e465ccc13ebf987aed5ebc7593f1f3e.jpg,1,composed_blur1.0+jpeg70,0.4634704291820526
data/corpus_smoke/images/FLUX.1-dev/63/63a3c1ba4bd7d7a967b6086a71356ab53e465ccc13ebf987aed5ebc7593f1f3e.jpg,1,composed_resize0.5+jpeg50,0.4602120816707611
data/corpus_smoke/images/FLUX.1-dev/63/63a3c1ba4bd7d7a967b6086a71356ab53e465ccc13ebf987aed5ebc7593f1f3e.jpg,1,composed_jitter0.2+jpeg30,0.44662389159202576
data/corpus_smoke/images/FLUX.1-dev/63/63a3c1ba4bd7d7a967b6086a71356ab53e465ccc13ebf987aed5ebc7593f1f3e.jpg,1,composed_resize0.25+blur0.5+jpeg30,0.4577709138393402
data/corpus_smoke/images/FLUX.1-dev/d8/d83f65adc3b077532139a53156f148a4d1fb059f60afa130c5f0076b5d58aee2.jpg,1,clean,0.3337450623512268
data/corpus_smoke/images/FLUX.1-dev/d8/d83f65adc3b077532139a53156f148a4d1fb059f60afa130c5f0076b5d58aee2.jpg,1,jpeg_90,0.33954811096191406
data/corpus_smoke/images/FLUX.1-dev/d8/d83f65adc3b077532139a53156f148a4d1fb059f60afa130c5f0076b5d58aee2.jpg,1,jpeg_70,0.3392917811870575
data/corpus_smoke/images/FLUX.1-dev/d8/d83f65adc3b077532139a53156f148a4d1fb059f60afa130c5f0076b5d58aee2.jpg,1,jpeg_50,0.33085897564888
data/corpus_smoke/images/FLUX.1-dev/d8/d83f65adc3b077532139a53156f148a4d1fb059f60afa130c5f0076b5d58aee2.jpg,1,jpeg_30,0.3297535181045532
data/corpus_smoke/images/FLUX.1-dev/d8/d83f65adc3b077532139a53156f148a4d1fb059f60afa130c5f0076b5d58aee2.jpg,1,blur_0.5,0.34408077597618103
data/corpus_smoke/images/FLUX.1-dev/d8/d83f65adc3b077532139a53156f148a4d1fb059f60afa130c5f0076b5d58aee2.jpg,1,blur_1.0,0.3671700060367584
data/corpus_smoke/images/FLUX.1-dev/d8/d83f65adc3b077532139a53156f148a4d1fb059f60afa130c5f0076b5d58aee2.jpg,1,blur_2.0,0.3950705826282501
data/corpus_smoke/images/FLUX.1-dev/d8/d83f65adc3b077532139a53156f148a4d1fb059f60afa130c5f0076b5d58aee2.jpg,1,resize_0.5,0.3523719608783722
data/corpus_smoke/images/FLUX.1-dev/d8/d83f65adc3b077532139a53156f148a4d1fb059f60afa130c5f0076b5d58aee2.jpg,1,resize_0.25,0.378365695476532
data/corpus_smoke/images/FLUX.1-dev/d8/d83f65adc3b077532139a53156f148a4d1fb059f60afa130c5f0076b5d58aee2.jpg,1,noise_0.02,0.314725399017334
data/corpus_smoke/images/FLUX.1-dev/d8/d83f65adc3b077532139a53156f148a4d1fb059f60afa130c5f0076b5d58aee2.jpg,1,noise_0.05,0.3037557303905487
data/corpus_smoke/images/FLUX.1-dev/d8/d83f65adc3b077532139a53156f148a4d1fb059f60afa130c5f0076b5d58aee2.jpg,1,noise_0.1,0.2837454676628113
data/corpus_smoke/images/FLUX.1-dev/d8/d83f65adc3b077532139a53156f148a4d1fb059f60afa130c5f0076b5d58aee2.jpg,1,jitter_0.2,0.3228435218334198
data/corpus_smoke/images/FLUX.1-dev/d8/d83f65adc3b077532139a53156f148a4d1fb059f60afa130c5f0076b5d58aee2.jpg,1,center_crop_0.8,0.32404232025146484
data/corpus_smoke/images/FLUX.1-dev/d8/d83f65adc3b077532139a53156f148a4d1fb059f60afa130c5f0076b5d58aee2.jpg,1,composed_blur1.0+jpeg70,0.3745806813240051
data/corpus_smoke/images/FLUX.1-dev/d8/d83f65adc3b077532139a53156f148a4d1fb059f60afa130c5f0076b5d58aee2.jpg,1,composed_resize0.5+jpeg50,0.3548661172389984
data/corpus_smoke/images/FLUX.1-dev/d8/d83f65adc3b077532139a53156f148a4d1fb059f60afa130c5f0076b5d58aee2.jpg,1,composed_jitter0.2+jpeg30,0.3239128291606903
data/corpus_smoke/images/FLUX.1-dev/d8/d83f65adc3b077532139a53156f148a4d1fb059f60afa130c5f0076b5d58aee2.jpg,1,composed_resize0.25+blur0.5+jpeg30,0.3844500482082367
data/corpus_smoke/images/FLUX.1-dev/7f/7f184f5ebc3071301c5ba9adb1647ed00174639344392855b9aad05986dbd5b6.jpg,1,clean,0.3983527719974518
data/corpus_smoke/images/FLUX.1-dev/7f/7f184f5ebc3071301c5ba9adb1647ed00174639344392855b9aad05986dbd5b6.jpg,1,jpeg_90,0.39808544516563416
data/corpus_smoke/images/FLUX.1-dev/7f/7f184f5ebc3071301c5ba9adb1647ed00174639344392855b9aad05986dbd5b6.jpg,1,jpeg_70,0.41270795464515686
data/corpus_smoke/images/FLUX.1-dev/7f/7f184f5ebc3071301c5ba9adb1647ed00174639344392855b9aad05986dbd5b6.jpg,1,jpeg_50,0.41481277346611023
data/corpus_smoke/images/FLUX.1-dev/7f/7f184f5ebc3071301c5ba9adb1647ed00174639344392855b9aad05986dbd5b6.jpg,1,jpeg_30,0.418786883354187
data/corpus_smoke/images/FLUX.1-dev/7f/7f184f5ebc3071301c5ba9adb1647ed00174639344392855b9aad05986dbd5b6.jpg,1,blur_0.5,0.40019604563713074
data/corpus_smoke/images/FLUX.1-dev/7f/7f184f5ebc3071301c5ba9adb1647ed00174639344392855b9aad05986dbd5b6.jpg,1,blur_1.0,0.4059904217720032
data/corpus_smoke/images/FLUX.1-dev/7f/7f184f5ebc3071301c5ba9adb1647ed00174639344392855b9aad05986dbd5b6.jpg,1,blur_2.0,0.4207470417022705
data/corpus_smoke/images/FLUX.1-dev/7f/7f184f5ebc3071301c5ba9adb1647ed00174639344392855b9aad05986dbd5b6.jpg,1,resize_0.5,0.40263864398002625
data/corpus_smoke/images/FLUX.1-dev/7f/7f184f5ebc3071301c5ba9adb1647ed00174639344392855b9aad05986dbd5b6.jpg,1,resize_0.25,0.4098714590072632
data/corpus_smoke/images/FLUX.1-dev/7f/7f184f5ebc3071301c5ba9adb1647ed00174639344392855b9aad05986dbd5b6.jpg,1,noise_0.02,0.41368621587753296
data/corpus_smoke/images/FLUX.1-dev/7f/7f184f5ebc3071301c5ba9adb1647ed00174639344392855b9aad05986dbd5b6.jpg,1,noise_0.05,0.39032480120658875
data/corpus_smoke/images/FLUX.1-dev/7f/7f184f5ebc3071301c5ba9adb1647ed00174639344392855b9aad05986dbd5b6.jpg,1,noise_0.1,0.3592178225517273
data/corpus_smoke/images/FLUX.1-dev/7f/7f184f5ebc3071301c5ba9adb1647ed00174639344392855b9aad05986dbd5b6.jpg,1,jitter_0.2,0.40788182616233826
data/corpus_smoke/images/FLUX.1-dev/7f/7f184f5ebc3071301c5ba9adb1647ed00174639344392855b9aad05986dbd5b6.jpg,1,center_crop_0.8,0.41519033908843994
data/corpus_smoke/images/FLUX.1-dev/7f/7f184f5ebc3071301c5ba9adb1647ed00174639344392855b9aad05986dbd5b6.jpg,1,composed_blur1.0+jpeg70,0.42155295610427856
data/corpus_smoke/images/FLUX.1-dev/7f/7f184f5ebc3071301c5ba9adb1647ed00174639344392855b9aad05986dbd5b6.jpg,1,composed_resize0.5+jpeg50,0.41372182965278625
data/corpus_smoke/images/FLUX.1-dev/7f/7f184f5ebc3071301c5ba9adb1647ed00174639344392855b9aad05986dbd5b6.jpg,1,composed_jitter0.2+jpeg30,0.43091416358947754
data/corpus_smoke/images/FLUX.1-dev/7f/7f184f5ebc3071301c5ba9adb1647ed00174639344392855b9aad05986dbd5b6.jpg,1,composed_resize0.25+blur0.5+jpeg30,0.4290309548377991
data/corpus_smoke/images/FLUX.1-dev/d5/d5593f32d80a985c16c3919af69b8f3a5f489f699ec7d997a70d37420ff3fa73.jpg,1,clean,0.3706437349319458
data/corpus_smoke/images/FLUX.1-dev/d5/d5593f32d80a985c16c3919af69b8f3a5f489f699ec7d997a70d37420ff3fa73.jpg,1,jpeg_90,0.36875391006469727
data/corpus_smoke/images/FLUX.1-dev/d5/d5593f32d80a985c16c3919af69b8f3a5f489f699ec7d997a70d37420ff3fa73.jpg,1,jpeg_70,0.37916916608810425
data/corpus_smoke/images/FLUX.1-dev/d5/d5593f32d80a985c16c3919af69b8f3a5f489f699ec7d997a70d37420ff3fa73.jpg,1,jpeg_50,0.38132789731025696
data/corpus_smoke/images/FLUX.1-dev/d5/d5593f32d80a985c16c3919af69b8f3a5f489f699ec7d997a70d37420ff3fa73.jpg,1,jpeg_30,0.3810555636882782
data/corpus_smoke/images/FLUX.1-dev/d5/d5593f32d80a985c16c3919af69b8f3a5f489f699ec7d997a70d37420ff3fa73.jpg,1,blur_0.5,0.37176039814949036
data/corpus_smoke/images/FLUX.1-dev/d5/d5593f32d80a985c16c3919af69b8f3a5f489f699ec7d997a70d37420ff3fa73.jpg,1,blur_1.0,0.37627652287483215
data/corpus_smoke/images/FLUX.1-dev/d5/d5593f32d80a985c16c3919af69b8f3a5f489f699ec7d997a70d37420ff3fa73.jpg,1,blur_2.0,0.39095374941825867
data/corpus_smoke/images/FLUX.1-dev/d5/d5593f32d80a985c16c3919af69b8f3a5f489f699ec7d997a70d37420ff3fa73.jpg,1,resize_0.5,0.3744439482688904
data/corpus_smoke/images/FLUX.1-dev/d5/d5593f32d80a985c16c3919af69b8f3a5f489f699ec7d997a70d37420ff3fa73.jpg,1,resize_0.25,0.3835001289844513
data/corpus_smoke/images/FLUX.1-dev/d5/d5593f32d80a985c16c3919af69b8f3a5f489f699ec7d997a70d37420ff3fa73.jpg,1,noise_0.02,0.3666939437389374
data/corpus_smoke/images/FLUX.1-dev/d5/d5593f32d80a985c16c3919af69b8f3a5f489f699ec7d997a70d37420ff3fa73.jpg,1,noise_0.05,0.34089794754981995
data/corpus_smoke/images/FLUX.1-dev/d5/d5593f32d80a985c16c3919af69b8f3a5f489f699ec7d997a70d37420ff3fa73.jpg,1,noise_0.1,0.3117426335811615
data/corpus_smoke/images/FLUX.1-dev/d5/d5593f32d80a985c16c3919af69b8f3a5f489f699ec7d997a70d37420ff3fa73.jpg,1,jitter_0.2,0.3859322965145111
data/corpus_smoke/images/FLUX.1-dev/d5/d5593f32d80a985c16c3919af69b8f3a5f489f699ec7d997a70d37420ff3fa73.jpg,1,center_crop_0.8,0.3799761235713959
data/corpus_smoke/images/FLUX.1-dev/d5/d5593f32d80a985c16c3919af69b8f3a5f489f699ec7d997a70d37420ff3fa73.jpg,1,composed_blur1.0+jpeg70,0.3847106695175171
data/corpus_smoke/images/FLUX.1-dev/d5/d5593f32d80a985c16c3919af69b8f3a5f489f699ec7d997a70d37420ff3fa73.jpg,1,composed_resize0.5+jpeg50,0.3877421021461487
data/corpus_smoke/images/FLUX.1-dev/d5/d5593f32d80a985c16c3919af69b8f3a5f489f699ec7d997a70d37420ff3fa73.jpg,1,composed_jitter0.2+jpeg30,0.38428795337677
data/corpus_smoke/images/FLUX.1-dev/d5/d5593f32d80a985c16c3919af69b8f3a5f489f699ec7d997a70d37420ff3fa73.jpg,1,composed_resize0.25+blur0.5+jpeg30,0.3967093527317047
data/corpus_smoke/images/FLUX.1-dev/0d/0d7b8d5163d0bfdc1c41cc866c3d07328a879eab26a23bad7afab59612232353.jpg,1,clean,0.37320101261138916
data/corpus_smoke/images/FLUX.1-dev/0d/0d7b8d5163d0bfdc1c41cc866c3d07328a879eab26a23bad7afab59612232353.jpg,1,jpeg_90,0.3751961290836334
data/corpus_smoke/images/FLUX.1-dev/0d/0d7b8d5163d0bfdc1c41cc866c3d07328a879eab26a23bad7afab59612232353.jpg,1,jpeg_70,0.38022178411483765
data/corpus_smoke/images/FLUX.1-dev/0d/0d7b8d5163d0bfdc1c41cc866c3d07328a879eab26a23bad7afab59612232353.jpg,1,jpeg_50,0.38676542043685913
data/corpus_smoke/images/FLUX.1-dev/0d/0d7b8d5163d0bfdc1c41cc866c3d07328a879eab26a23bad7afab59612232353.jpg,1,jpeg_30,0.378814160823822
data/corpus_smoke/images/FLUX.1-dev/0d/0d7b8d5163d0bfdc1c41cc866c3d07328a879eab26a23bad7afab59612232353.jpg,1,blur_0.5,0.3739553391933441
data/corpus_smoke/images/FLUX.1-dev/0d/0d7b8d5163d0bfdc1c41cc866c3d07328a879eab26a23bad7afab59612232353.jpg,1,blur_1.0,0.3766861855983734
data/corpus_smoke/images/FLUX.1-dev/0d/0d7b8d5163d0bfdc1c41cc866c3d07328a879eab26a23bad7afab59612232353.jpg,1,blur_2.0,0.38413041830062866
data/corpus_smoke/images/FLUX.1-dev/0d/0d7b8d5163d0bfdc1c41cc866c3d07328a879eab26a23bad7afab59612232353.jpg,1,resize_0.5,0.3727184236049652
data/corpus_smoke/images/FLUX.1-dev/0d/0d7b8d5163d0bfdc1c41cc866c3d07328a879eab26a23bad7afab59612232353.jpg,1,resize_0.25,0.38173940777778625
data/corpus_smoke/images/FLUX.1-dev/0d/0d7b8d5163d0bfdc1c41cc866c3d07328a879eab26a23bad7afab59612232353.jpg,1,noise_0.02,0.3715333938598633
data/corpus_smoke/images/FLUX.1-dev/0d/0d7b8d5163d0bfdc1c41cc866c3d07328a879eab26a23bad7afab59612232353.jpg,1,noise_0.05,0.35174325108528137
data/corpus_smoke/images/FLUX.1-dev/0d/0d7b8d5163d0bfdc1c41cc866c3d07328a879eab26a23bad7afab59612232353.jpg,1,noise_0.1,0.313896119594574
data/corpus_smoke/images/FLUX.1-dev/0d/0d7b8d5163d0bfdc1c41cc866c3d07328a879eab26a23bad7afab59612232353.jpg,1,jitter_0.2,0.37253597378730774
data/corpus_smoke/images/FLUX.1-dev/0d/0d7b8d5163d0bfdc1c41cc866c3d07328a879eab26a23bad7afab59612232353.jpg,1,center_crop_0.8,0.38007673621177673
data/corpus_smoke/images/FLUX.1-dev/0d/0d7b8d5163d0bfdc1c41cc866c3d07328a879eab26a23bad7afab59612232353.jpg,1,composed_blur1.0+jpeg70,0.38783180713653564
data/corpus_smoke/images/FLUX.1-dev/0d/0d7b8d5163d0bfdc1c41cc866c3d07328a879eab26a23bad7afab59612232353.jpg,1,composed_resize0.5+jpeg50,0.3935001492500305
data/corpus_smoke/images/FLUX.1-dev/0d/0d7b8d5163d0bfdc1c41cc866c3d07328a879eab26a23bad7afab59612232353.jpg,1,composed_jitter0.2+jpeg30,0.3806954622268677
data/corpus_smoke/images/FLUX.1-dev/0d/0d7b8d5163d0bfdc1c41cc866c3d07328a879eab26a23bad7afab59612232353.jpg,1,composed_resize0.25+blur0.5+jpeg30,0.3959439694881439
data/corpus_smoke/images/FLUX.1-dev/e1/e1b68132ed09baf17a81794475e9e3dedb3a82d6928f9ecd1bcf8af459f916c2.jpg,1,clean,0.3195395767688751
data/corpus_smoke/images/FLUX.1-dev/e1/e1b68132ed09baf17a81794475e9e3dedb3a82d6928f9ecd1bcf8af459f916c2.jpg,1,jpeg_90,0.32102927565574646
data/corpus_smoke/images/FLUX.1-dev/e1/e1b68132ed09baf17a81794475e9e3dedb3a82d6928f9ecd1bcf8af459f916c2.jpg,1,jpeg_70,0.32832661271095276
data/corpus_smoke/images/FLUX.1-dev/e1/e1b68132ed09baf17a81794475e9e3dedb3a82d6928f9ecd1bcf8af459f916c2.jpg,1,jpeg_50,0.32812249660491943
data/corpus_smoke/images/FLUX.1-dev/e1/e1b68132ed09baf17a81794475e9e3dedb3a82d6928f9ecd1bcf8af459f916c2.jpg,1,jpeg_30,0.3297194242477417
data/corpus_smoke/images/FLUX.1-dev/e1/e1b68132ed09baf17a81794475e9e3dedb3a82d6928f9ecd1bcf8af459f916c2.jpg,1,blur_0.5,0.3256537616252899
data/corpus_smoke/images/FLUX.1-dev/e1/e1b68132ed09baf17a81794475e9e3dedb3a82d6928f9ecd1bcf8af459f916c2.jpg,1,blur_1.0,0.34020888805389404
data/corpus_smoke/images/FLUX.1-dev/e1/e1b68132ed09baf17a81794475e9e3dedb3a82d6928f9ecd1bcf8af459f916c2.jpg,1,blur_2.0,0.36101606488227844
data/corpus_smoke/images/FLUX.1-dev/e1/e1b68132ed09baf17a81794475e9e3dedb3a82d6928f9ecd1bcf8af459f916c2.jpg,1,resize_0.5,0.3320285975933075
data/corpus_smoke/images/FLUX.1-dev/e1/e1b68132ed09baf17a81794475e9e3dedb3a82d6928f9ecd1bcf8af459f916c2.jpg,1,resize_0.25,0.3557015359401703
data/corpus_smoke/images/FLUX.1-dev/e1/e1b68132ed09baf17a81794475e9e3dedb3a82d6928f9ecd1bcf8af459f916c2.jpg,1,noise_0.02,0.3225488066673279
data/corpus_smoke/images/FLUX.1-dev/e1/e1b68132ed09baf17a81794475e9e3dedb3a82d6928f9ecd1bcf8af459f916c2.jpg,1,noise_0.05,0.3093372583389282
data/corpus_smoke/images/FLUX.1-dev/e1/e1b68132ed09baf17a81794475e9e3dedb3a82d6928f9ecd1bcf8af459f916c2.jpg,1,noise_0.1,0.28490450978279114
data/corpus_smoke/images/FLUX.1-dev/e1/e1b68132ed09baf17a81794475e9e3dedb3a82d6928f9ecd1bcf8af459f916c2.jpg,1,jitter_0.2,0.31696927547454834
data/corpus_smoke/images/FLUX.1-dev/e1/e1b68132ed09baf17a81794475e9e3dedb3a82d6928f9ecd1bcf8af459f916c2.jpg,1,center_crop_0.8,0.31662100553512573
data/corpus_smoke/images/FLUX.1-dev/e1/e1b68132ed09baf17a81794475e9e3dedb3a82d6928f9ecd1bcf8af459f916c2.jpg,1,composed_blur1.0+jpeg70,0.3527892827987671
data/corpus_smoke/images/FLUX.1-dev/e1/e1b68132ed09baf17a81794475e9e3dedb3a82d6928f9ecd1bcf8af459f916c2.jpg,1,composed_resize0.5+jpeg50,0.3464027941226959
data/corpus_smoke/images/FLUX.1-dev/e1/e1b68132ed09baf17a81794475e9e3dedb3a82d6928f9ecd1bcf8af459f916c2.jpg,1,composed_jitter0.2+jpeg30,0.3263082802295685
data/corpus_smoke/images/FLUX.1-dev/e1/e1b68132ed09baf17a81794475e9e3dedb3a82d6928f9ecd1bcf8af459f916c2.jpg,1,composed_resize0.25+blur0.5+jpeg30,0.36436381936073303
data/corpus_smoke/images/FLUX.1-dev/dd/dd8d233883ebf84ce7774ba221ccd11520e060ac7be88a279ccf3064c026368d.jpg,1,clean,0.3719664514064789
data/corpus_smoke/images/FLUX.1-dev/dd/dd8d233883ebf84ce7774ba221ccd11520e060ac7be88a279ccf3064c026368d.jpg,1,jpeg_90,0.3676718473434448
data/corpus_smoke/images/FLUX.1-dev/dd/dd8d233883ebf84ce7774ba221ccd11520e060ac7be88a279ccf3064c026368d.jpg,1,jpeg_70,0.38225817680358887
data/corpus_smoke/images/FLUX.1-dev/dd/dd8d233883ebf84ce7774ba221ccd11520e060ac7be88a279ccf3064c026368d.jpg,1,jpeg_50,0.3922700881958008
data/corpus_smoke/images/FLUX.1-dev/dd/dd8d233883ebf84ce7774ba221ccd11520e060ac7be88a279ccf3064c026368d.jpg,1,jpeg_30,0.3890412151813507
data/corpus_smoke/images/FLUX.1-dev/dd/dd8d233883ebf84ce7774ba221ccd11520e060ac7be88a279ccf3064c026368d.jpg,1,blur_0.5,0.3740638494491577
data/corpus_smoke/images/FLUX.1-dev/dd/dd8d233883ebf84ce7774ba221ccd11520e060ac7be88a279ccf3064c026368d.jpg,1,blur_1.0,0.37995481491088867
data/corpus_smoke/images/FLUX.1-dev/dd/dd8d233883ebf84ce7774ba221ccd11520e060ac7be88a279ccf3064c026368d.jpg,1,blur_2.0,0.3967994451522827
data/corpus_smoke/images/FLUX.1-dev/dd/dd8d233883ebf84ce7774ba221ccd11520e060ac7be88a279ccf3064c026368d.jpg,1,resize_0.5,0.3783841133117676
data/corpus_smoke/images/FLUX.1-dev/dd/dd8d233883ebf84ce7774ba221ccd11520e060ac7be88a279ccf3064c026368d.jpg,1,resize_0.25,0.3901195228099823
data/corpus_smoke/images/FLUX.1-dev/dd/dd8d233883ebf84ce7774ba221ccd11520e060ac7be88a279ccf3064c026368d.jpg,1,noise_0.02,0.370183527469635
data/corpus_smoke/images/FLUX.1-dev/dd/dd8d233883ebf84ce7774ba221ccd11520e060ac7be88a279ccf3064c026368d.jpg,1,noise_0.05,0.35568931698799133
data/corpus_smoke/images/FLUX.1-dev/dd/dd8d233883ebf84ce7774ba221ccd11520e060ac7be88a279ccf3064c026368d.jpg,1,noise_0.1,0.3295462727546692
data/corpus_smoke/images/FLUX.1-dev/dd/dd8d233883ebf84ce7774ba221ccd11520e060ac7be88a279ccf3064c026368d.jpg,1,jitter_0.2,0.3774924874305725
data/corpus_smoke/images/FLUX.1-dev/dd/dd8d233883ebf84ce7774ba221ccd11520e060ac7be88a279ccf3064c026368d.jpg,1,center_crop_0.8,0.3778628408908844
data/corpus_smoke/images/FLUX.1-dev/dd/dd8d233883ebf84ce7774ba221ccd11520e060ac7be88a279ccf3064c026368d.jpg,1,composed_blur1.0+jpeg70,0.3935498595237732
data/corpus_smoke/images/FLUX.1-dev/dd/dd8d233883ebf84ce7774ba221ccd11520e060ac7be88a279ccf3064c026368d.jpg,1,composed_resize0.5+jpeg50,0.39606696367263794
data/corpus_smoke/images/FLUX.1-dev/dd/dd8d233883ebf84ce7774ba221ccd11520e060ac7be88a279ccf3064c026368d.jpg,1,composed_jitter0.2+jpeg30,0.40975382924079895
data/corpus_smoke/images/FLUX.1-dev/dd/dd8d233883ebf84ce7774ba221ccd11520e060ac7be88a279ccf3064c026368d.jpg,1,composed_resize0.25+blur0.5+jpeg30,0.40107569098472595
data/corpus_smoke/images/FLUX.1-dev/22/22e319de0bf9351c5b785c1fcb2be86bac7f1f4f6d7723628d204b99102ab3cb.jpg,1,clean,0.36262479424476624
data/corpus_smoke/images/FLUX.1-dev/22/22e319de0bf9351c5b785c1fcb2be86bac7f1f4f6d7723628d204b99102ab3cb.jpg,1,jpeg_90,0.36370429396629333
data/corpus_smoke/images/FLUX.1-dev/22/22e319de0bf9351c5b785c1fcb2be86bac7f1f4f6d7723628d204b99102ab3cb.jpg,1,jpeg_70,0.3720934987068176
data/corpus_smoke/images/FLUX.1-dev/22/22e319de0bf9351c5b785c1fcb2be86bac7f1f4f6d7723628d204b99102ab3cb.jpg,1,jpeg_50,0.36710038781166077
data/corpus_smoke/images/FLUX.1-dev/22/22e319de0bf9351c5b785c1fcb2be86bac7f1f4f6d7723628d204b99102ab3cb.jpg,1,jpeg_30,0.3679443299770355
data/corpus_smoke/images/FLUX.1-dev/22/22e319de0bf9351c5b785c1fcb2be86bac7f1f4f6d7723628d204b99102ab3cb.jpg,1,blur_0.5,0.3651006519794464
data/corpus_smoke/images/FLUX.1-dev/22/22e319de0bf9351c5b785c1fcb2be86bac7f1f4f6d7723628d204b99102ab3cb.jpg,1,blur_1.0,0.37710052728652954
data/corpus_smoke/images/FLUX.1-dev/22/22e319de0bf9351c5b785c1fcb2be86bac7f1f4f6d7723628d204b99102ab3cb.jpg,1,blur_2.0,0.40564244985580444
data/corpus_smoke/images/FLUX.1-dev/22/22e319de0bf9351c5b785c1fcb2be86bac7f1f4f6d7723628d204b99102ab3cb.jpg,1,resize_0.5,0.368149071931839
data/corpus_smoke/images/FLUX.1-dev/22/22e319de0bf9351c5b785c1fcb2be86bac7f1f4f6d7723628d204b99102ab3cb.jpg,1,resize_0.25,0.3965485990047455
data/corpus_smoke/images/FLUX.1-dev/22/22e319de0bf9351c5b785c1fcb2be86bac7f1f4f6d7723628d204b99102ab3cb.jpg,1,noise_0.02,0.3633711040019989
data/corpus_smoke/images/FLUX.1-dev/22/22e319de0bf9351c5b785c1fcb2be86bac7f1f4f6d7723628d204b99102ab3cb.jpg,1,noise_0.05,0.34375253319740295
data/corpus_smoke/images/FLUX.1-dev/22/22e319de0bf9351c5b785c1fcb2be86bac7f1f4f6d7723628d204b99102ab3cb.jpg,1,noise_0.1,0.31860172748565674
data/corpus_smoke/images/FLUX.1-dev/22/22e319de0bf9351c5b785c1fcb2be86bac7f1f4f6d7723628d204b99102ab3cb.jpg,1,jitter_0.2,0.3758861720561981
data/corpus_smoke/images/FLUX.1-dev/22/22e319de0bf9351c5b785c1fcb2be86bac7f1f4f6d7723628d204b99102ab3cb.jpg,1,center_crop_0.8,0.3815668225288391
data/corpus_smoke/images/FLUX.1-dev/22/22e319de0bf9351c5b785c1fcb2be86bac7f1f4f6d7723628d204b99102ab3cb.jpg,1,composed_blur1.0+jpeg70,0.38593369722366333
data/corpus_smoke/images/FLUX.1-dev/22/22e319de0bf9351c5b785c1fcb2be86bac7f1f4f6d7723628d204b99102ab3cb.jpg,1,composed_resize0.5+jpeg50,0.3754914104938507
data/corpus_smoke/images/FLUX.1-dev/22/22e319de0bf9351c5b785c1fcb2be86bac7f1f4f6d7723628d204b99102ab3cb.jpg,1,composed_jitter0.2+jpeg30,0.3548922538757324
data/corpus_smoke/images/FLUX.1-dev/22/22e319de0bf9351c5b785c1fcb2be86bac7f1f4f6d7723628d204b99102ab3cb.jpg,1,composed_resize0.25+blur0.5+jpeg30,0.3876940608024597
data/corpus_smoke/images/FLUX.1-dev/fe/fe51fdf7a25a5dc2c9c6bb6ae13ca3beda26fe87a25f6e97930f91b7f165f037.jpg,1,clean,0.37294241786003113
data/corpus_smoke/images/FLUX.1-dev/fe/fe51fdf7a25a5dc2c9c6bb6ae13ca3beda26fe87a25f6e97930f91b7f165f037.jpg,1,jpeg_90,0.3710176646709442
data/corpus_smoke/images/FLUX.1-dev/fe/fe51fdf7a25a5dc2c9c6bb6ae13ca3beda26fe87a25f6e97930f91b7f165f037.jpg,1,jpeg_70,0.3728429973125458
data/corpus_smoke/images/FLUX.1-dev/fe/fe51fdf7a25a5dc2c9c6bb6ae13ca3beda26fe87a25f6e97930f91b7f165f037.jpg,1,jpeg_50,0.3721347749233246
data/corpus_smoke/images/FLUX.1-dev/fe/fe51fdf7a25a5dc2c9c6bb6ae13ca3beda26fe87a25f6e97930f91b7f165f037.jpg,1,jpeg_30,0.36899012327194214
data/corpus_smoke/images/FLUX.1-dev/fe/fe51fdf7a25a5dc2c9c6bb6ae13ca3beda26fe87a25f6e97930f91b7f165f037.jpg,1,blur_0.5,0.37679025530815125
data/corpus_smoke/images/FLUX.1-dev/fe/fe51fdf7a25a5dc2c9c6bb6ae13ca3beda26fe87a25f6e97930f91b7f165f037.jpg,1,blur_1.0,0.38658303022384644
data/corpus_smoke/images/FLUX.1-dev/fe/fe51fdf7a25a5dc2c9c6bb6ae13ca3beda26fe87a25f6e97930f91b7f165f037.jpg,1,blur_2.0,0.4031229615211487
data/corpus_smoke/images/FLUX.1-dev/fe/fe51fdf7a25a5dc2c9c6bb6ae13ca3beda26fe87a25f6e97930f91b7f165f037.jpg,1,resize_0.5,0.3802570700645447
data/corpus_smoke/images/FLUX.1-dev/fe/fe51fdf7a25a5dc2c9c6bb6ae13ca3beda26fe87a25f6e97930f91b7f165f037.jpg,1,resize_0.25,0.394478976726532
data/corpus_smoke/images/FLUX.1-dev/fe/fe51fdf7a25a5dc2c9c6bb6ae13ca3beda26fe87a25f6e97930f91b7f165f037.jpg,1,noise_0.02,0.3669191896915436
data/corpus_smoke/images/FLUX.1-dev/fe/fe51fdf7a25a5dc2c9c6bb6ae13ca3beda26fe87a25f6e97930f91b7f165f037.jpg,1,noise_0.05,0.34243953227996826
data/corpus_smoke/images/FLUX.1-dev/fe/fe51fdf7a25a5dc2c9c6bb6ae13ca3beda26fe87a25f6e97930f91b7f165f037.jpg,1,noise_0.1,0.3188590705394745
data/corpus_smoke/images/FLUX.1-dev/fe/fe51fdf7a25a5dc2c9c6bb6ae13ca3beda26fe87a25f6e97930f91b7f165f037.jpg,1,jitter_0.2,0.3761163651943207
data/corpus_smoke/images/FLUX.1-dev/fe/fe51fdf7a25a5dc2c9c6bb6ae13ca3beda26fe87a25f6e97930f91b7f165f037.jpg,1,center_crop_0.8,0.38694703578948975
data/corpus_smoke/images/FLUX.1-dev/fe/fe51fdf7a25a5dc2c9c6bb6ae13ca3beda26fe87a25f6e97930f91b7f165f037.jpg,1,composed_blur1.0+jpeg70,0.3830993175506592
data/corpus_smoke/images/FLUX.1-dev/fe/fe51fdf7a25a5dc2c9c6bb6ae13ca3beda26fe87a25f6e97930f91b7f165f037.jpg,1,composed_resize0.5+jpeg50,0.379883736371994
data/corpus_smoke/images/FLUX.1-dev/fe/fe51fdf7a25a5dc2c9c6bb6ae13ca3beda26fe87a25f6e97930f91b7f165f037.jpg,1,composed_jitter0.2+jpeg30,0.38071662187576294
data/corpus_smoke/images/FLUX.1-dev/fe/fe51fdf7a25a5dc2c9c6bb6ae13ca3beda26fe87a25f6e97930f91b7f165f037.jpg,1,composed_resize0.25+blur0.5+jpeg30,0.39267513155937195
data/corpus_smoke/images/FLUX.1-dev/02/0264d321924575ad68050a27352a75687be0d6cf9f7f840c507130e72070cce1.jpg,1,clean,0.41095447540283203
data/corpus_smoke/images/FLUX.1-dev/02/0264d321924575ad68050a27352a75687be0d6cf9f7f840c507130e72070cce1.jpg,1,jpeg_90,0.4072840213775635
data/corpus_smoke/images/FLUX.1-dev/02/0264d321924575ad68050a27352a75687be0d6cf9f7f840c507130e72070cce1.jpg,1,jpeg_70,0.4185187816619873
data/corpus_smoke/images/FLUX.1-dev/02/0264d321924575ad68050a27352a75687be0d6cf9f7f840c507130e72070cce1.jpg,1,jpeg_50,0.41315898299217224
data/corpus_smoke/images/FLUX.1-dev/02/0264d321924575ad68050a27352a75687be0d6cf9f7f840c507130e72070cce1.jpg,1,jpeg_30,0.419139564037323
data/corpus_smoke/images/FLUX.1-dev/02/0264d321924575ad68050a27352a75687be0d6cf9f7f840c507130e72070cce1.jpg,1,blur_0.5,0.4137292206287384
data/corpus_smoke/images/FLUX.1-dev/02/0264d321924575ad68050a27352a75687be0d6cf9f7f840c507130e72070cce1.jpg,1,blur_1.0,0.4209648072719574
data/corpus_smoke/images/FLUX.1-dev/02/0264d321924575ad68050a27352a75687be0d6cf9f7f840c507130e72070cce1.jpg,1,blur_2.0,0.43148568272590637
data/corpus_smoke/images/FLUX.1-dev/02/0264d321924575ad68050a27352a75687be0d6cf9f7f840c507130e72070cce1.jpg,1,resize_0.5,0.4179511070251465
data/corpus_smoke/images/FLUX.1-dev/02/0264d321924575ad68050a27352a75687be0d6cf9f7f840c507130e72070cce1.jpg,1,resize_0.25,0.429574191570282
data/corpus_smoke/images/FLUX.1-dev/02/0264d321924575ad68050a27352a75687be0d6cf9f7f840c507130e72070cce1.jpg,1,noise_0.02,0.41624346375465393
data/corpus_smoke/images/FLUX.1-dev/02/0264d321924575ad68050a27352a75687be0d6cf9f7f840c507130e72070cce1.jpg,1,noise_0.05,0.3893006443977356
data/corpus_smoke/images/FLUX.1-dev/02/0264d321924575ad68050a27352a75687be0d6cf9f7f840c507130e72070cce1.jpg,1,noise_0.1,0.355709046125412
data/corpus_smoke/images/FLUX.1-dev/02/0264d321924575ad68050a27352a75687be0d6cf9f7f840c507130e72070cce1.jpg,1,jitter_0.2,0.41835150122642517
data/corpus_smoke/images/FLUX.1-dev/02/0264d321924575ad68050a27352a75687be0d6cf9f7f840c507130e72070cce1.jpg,1,center_crop_0.8,0.4269789755344391
data/corpus_smoke/images/FLUX.1-dev/02/0264d321924575ad68050a27352a75687be0d6cf9f7f840c507130e72070cce1.jpg,1,composed_blur1.0+jpeg70,0.42694148421287537
data/corpus_smoke/images/FLUX.1-dev/02/0264d321924575ad68050a27352a75687be0d6cf9f7f840c507130e72070cce1.jpg,1,composed_resize0.5+jpeg50,0.4163142144680023
data/corpus_smoke/images/FLUX.1-dev/02/0264d321924575ad68050a27352a75687be0d6cf9f7f840c507130e72070cce1.jpg,1,composed_jitter0.2+jpeg30,0.4187600016593933
data/corpus_smoke/images/FLUX.1-dev/02/0264d321924575ad68050a27352a75687be0d6cf9f7f840c507130e72070cce1.jpg,1,composed_resize0.25+blur0.5+jpeg30,0.4321443438529968
data/corpus_smoke/images/FLUX.1-dev/d7/d7bb6bfa794b0bd5acfc76b52ef968ac9484f564eb87e01bd937979c2480c2c7.jpg,1,clean,0.3604412376880646
data/corpus_smoke/images/FLUX.1-dev/d7/d7bb6bfa794b0bd5acfc76b52ef968ac9484f564eb87e01bd937979c2480c2c7.jpg,1,jpeg_90,0.3620852828025818
data/corpus_smoke/images/FLUX.1-dev/d7/d7bb6bfa794b0bd5acfc76b52ef968ac9484f564eb87e01bd937979c2480c2c7.jpg,1,jpeg_70,0.3717765510082245
data/corpus_smoke/images/FLUX.1-dev/d7/d7bb6bfa794b0bd5acfc76b52ef968ac9484f564eb87e01bd937979c2480c2c7.jpg,1,jpeg_50,0.37424418330192566
data/corpus_smoke/images/FLUX.1-dev/d7/d7bb6bfa794b0bd5acfc76b52ef968ac9484f564eb87e01bd937979c2480c2c7.jpg,1,jpeg_30,0.3715090751647949
data/corpus_smoke/images/FLUX.1-dev/d7/d7bb6bfa794b0bd5acfc76b52ef968ac9484f564eb87e01bd937979c2480c2c7.jpg,1,blur_0.5,0.3648805320262909
data/corpus_smoke/images/FLUX.1-dev/d7/d7bb6bfa794b0bd5acfc76b52ef968ac9484f564eb87e01bd937979c2480c2c7.jpg,1,blur_1.0,0.37720128893852234
data/corpus_smoke/images/FLUX.1-dev/d7/d7bb6bfa794b0bd5acfc76b52ef968ac9484f564eb87e01bd937979c2480c2c7.jpg,1,blur_2.0,0.40042445063591003
data/corpus_smoke/images/FLUX.1-dev/d7/d7bb6bfa794b0bd5acfc76b52ef968ac9484f564eb87e01bd937979c2480c2c7.jpg,1,resize_0.5,0.372197687625885
data/corpus_smoke/images/FLUX.1-dev/d7/d7bb6bfa794b0bd5acfc76b52ef968ac9484f564eb87e01bd937979c2480c2c7.jpg,1,resize_0.25,0.3857891261577606
data/corpus_smoke/images/FLUX.1-dev/d7/d7bb6bfa794b0bd5acfc76b52ef968ac9484f564eb87e01bd937979c2480c2c7.jpg,1,noise_0.02,0.36079251766204834
data/corpus_smoke/images/FLUX.1-dev/d7/d7bb6bfa794b0bd5acfc76b52ef968ac9484f564eb87e01bd937979c2480c2c7.jpg,1,noise_0.05,0.3431670069694519
data/corpus_smoke/images/FLUX.1-dev/d7/d7bb6bfa794b0bd5acfc76b52ef968ac9484f564eb87e01bd937979c2480c2c7.jpg,1,noise_0.1,0.31826257705688477
data/corpus_smoke/images/FLUX.1-dev/d7/d7bb6bfa794b0bd5acfc76b52ef968ac9484f564eb87e01bd937979c2480c2c7.jpg,1,jitter_0.2,0.3787848949432373
data/corpus_smoke/images/FLUX.1-dev/d7/d7bb6bfa794b0bd5acfc76b52ef968ac9484f564eb87e01bd937979c2480c2c7.jpg,1,center_crop_0.8,0.37933149933815
data/corpus_smoke/images/FLUX.1-dev/d7/d7bb6bfa794b0bd5acfc76b52ef968ac9484f564eb87e01bd937979c2480c2c7.jpg,1,composed_blur1.0+jpeg70,0.3887033462524414
data/corpus_smoke/images/FLUX.1-dev/d7/d7bb6bfa794b0bd5acfc76b52ef968ac9484f564eb87e01bd937979c2480c2c7.jpg,1,composed_resize0.5+jpeg50,0.3826187551021576
data/corpus_smoke/images/FLUX.1-dev/d7/d7bb6bfa794b0bd5acfc76b52ef968ac9484f564eb87e01bd937979c2480c2c7.jpg,1,composed_jitter0.2+jpeg30,0.3784337639808655
data/corpus_smoke/images/FLUX.1-dev/d7/d7bb6bfa794b0bd5acfc76b52ef968ac9484f564eb87e01bd937979c2480c2c7.jpg,1,composed_resize0.25+blur0.5+jpeg30,0.3954213559627533
data/corpus_smoke/images/FLUX.1-dev/60/601569040ad495abafa03d4ff4ecdefc0af0d0176bc089453f76a6624ee77b40.jpg,1,clean,0.32883739471435547
data/corpus_smoke/images/FLUX.1-dev/60/601569040ad495abafa03d4ff4ecdefc0af0d0176bc089453f76a6624ee77b40.jpg,1,jpeg_90,0.3284359276294708
data/corpus_smoke/images/FLUX.1-dev/60/601569040ad495abafa03d4ff4ecdefc0af0d0176bc089453f76a6624ee77b40.jpg,1,jpeg_70,0.34041067957878113
data/corpus_smoke/images/FLUX.1-dev/60/601569040ad495abafa03d4ff4ecdefc0af0d0176bc089453f76a6624ee77b40.jpg,1,jpeg_50,0.3449385464191437
data/corpus_smoke/images/FLUX.1-dev/60/601569040ad495abafa03d4ff4ecdefc0af0d0176bc089453f76a6624ee77b40.jpg,1,jpeg_30,0.33926963806152344
data/corpus_smoke/images/FLUX.1-dev/60/601569040ad495abafa03d4ff4ecdefc0af0d0176bc089453f76a6624ee77b40.jpg,1,blur_0.5,0.3364697992801666
data/corpus_smoke/images/FLUX.1-dev/60/601569040ad495abafa03d4ff4ecdefc0af0d0176bc089453f76a6624ee77b40.jpg,1,blur_1.0,0.3532656729221344
data/corpus_smoke/images/FLUX.1-dev/60/601569040ad495abafa03d4ff4ecdefc0af0d0176bc089453f76a6624ee77b40.jpg,1,blur_2.0,0.3850657343864441
data/corpus_smoke/images/FLUX.1-dev/60/601569040ad495abafa03d4ff4ecdefc0af0d0176bc089453f76a6624ee77b40.jpg,1,resize_0.5,0.3492981195449829
data/corpus_smoke/images/FLUX.1-dev/60/601569040ad495abafa03d4ff4ecdefc0af0d0176bc089453f76a6624ee77b40.jpg,1,resize_0.25,0.3734593987464905
data/corpus_smoke/images/FLUX.1-dev/60/601569040ad495abafa03d4ff4ecdefc0af0d0176bc089453f76a6624ee77b40.jpg,1,noise_0.02,0.324073851108551
data/corpus_smoke/images/FLUX.1-dev/60/601569040ad495abafa03d4ff4ecdefc0af0d0176bc089453f76a6624ee77b40.jpg,1,noise_0.05,0.3128511905670166
data/corpus_smoke/images/FLUX.1-dev/60/601569040ad495abafa03d4ff4ecdefc0af0d0176bc089453f76a6624ee77b40.jpg,1,noise_0.1,0.2900770306587219
data/corpus_smoke/images/FLUX.1-dev/60/601569040ad495abafa03d4ff4ecdefc0af0d0176bc089453f76a6624ee77b40.jpg,1,jitter_0.2,0.32383838295936584
data/corpus_smoke/images/FLUX.1-dev/60/601569040ad495abafa03d4ff4ecdefc0af0d0176bc089453f76a6624ee77b40.jpg,1,center_crop_0.8,0.3460204303264618
data/corpus_smoke/images/FLUX.1-dev/60/601569040ad495abafa03d4ff4ecdefc0af0d0176bc089453f76a6624ee77b40.jpg,1,composed_blur1.0+jpeg70,0.37666788697242737
data/corpus_smoke/images/FLUX.1-dev/60/601569040ad495abafa03d4ff4ecdefc0af0d0176bc089453f76a6624ee77b40.jpg,1,composed_resize0.5+jpeg50,0.3646688461303711
data/corpus_smoke/images/FLUX.1-dev/60/601569040ad495abafa03d4ff4ecdefc0af0d0176bc089453f76a6624ee77b40.jpg,1,composed_jitter0.2+jpeg30,0.34762197732925415
data/corpus_smoke/images/FLUX.1-dev/60/601569040ad495abafa03d4ff4ecdefc0af0d0176bc089453f76a6624ee77b40.jpg,1,composed_resize0.25+blur0.5+jpeg30,0.38967910408973694
data/corpus_smoke/images/FLUX.1-dev/dc/dc8b0fa4b738c9ccc145aefead5762dbb147dc5bd72c2d4747f0177991e880ca.jpg,1,clean,0.34749123454093933
data/corpus_smoke/images/FLUX.1-dev/dc/dc8b0fa4b738c9ccc145aefead5762dbb147dc5bd72c2d4747f0177991e880ca.jpg,1,jpeg_90,0.35111212730407715
data/corpus_smoke/images/FLUX.1-dev/dc/dc8b0fa4b738c9ccc145aefead5762dbb147dc5bd72c2d4747f0177991e880ca.jpg,1,jpeg_70,0.3658748269081116
data/corpus_smoke/images/FLUX.1-dev/dc/dc8b0fa4b738c9ccc145aefead5762dbb147dc5bd72c2d4747f0177991e880ca.jpg,1,jpeg_50,0.3673796057701111
data/corpus_smoke/images/FLUX.1-dev/dc/dc8b0fa4b738c9ccc145aefead5762dbb147dc5bd72c2d4747f0177991e880ca.jpg,1,jpeg_30,0.37083861231803894
data/corpus_smoke/images/FLUX.1-dev/dc/dc8b0fa4b738c9ccc145aefead5762dbb147dc5bd72c2d4747f0177991e880ca.jpg,1,blur_0.5,0.35516175627708435
data/corpus_smoke/images/FLUX.1-dev/dc/dc8b0fa4b738c9ccc145aefead5762dbb147dc5bd72c2d4747f0177991e880ca.jpg,1,blur_1.0,0.3789732754230499
data/corpus_smoke/images/FLUX.1-dev/dc/dc8b0fa4b738c9ccc145aefead5762dbb147dc5bd72c2d4747f0177991e880ca.jpg,1,blur_2.0,0.42339465022087097
data/corpus_smoke/images/FLUX.1-dev/dc/dc8b0fa4b738c9ccc145aefead5762dbb147dc5bd72c2d4747f0177991e880ca.jpg,1,resize_0.5,0.36650213599205017
data/corpus_smoke/images/FLUX.1-dev/dc/dc8b0fa4b738c9ccc145aefead5762dbb147dc5bd72c2d4747f0177991e880ca.jpg,1,resize_0.25,0.4063916802406311
data/corpus_smoke/images/FLUX.1-dev/dc/dc8b0fa4b738c9ccc145aefead5762dbb147dc5bd72c2d4747f0177991e880ca.jpg,1,noise_0.02,0.3564957082271576
data/corpus_smoke/images/FLUX.1-dev/dc/dc8b0fa4b738c9ccc145aefead5762dbb147dc5bd72c2d4747f0177991e880ca.jpg,1,noise_0.05,0.35115623474121094
data/corpus_smoke/images/FLUX.1-dev/dc/dc8b0fa4b738c9ccc145aefead5762dbb147dc5bd72c2d4747f0177991e880ca.jpg,1,noise_0.1,0.3221357464790344
data/corpus_smoke/images/FLUX.1-dev/dc/dc8b0fa4b738c9ccc145aefead5762dbb147dc5bd72c2d4747f0177991e880ca.jpg,1,jitter_0.2,0.37140530347824097
data/corpus_smoke/images/FLUX.1-dev/dc/dc8b0fa4b738c9ccc145aefead5762dbb147dc5bd72c2d4747f0177991e880ca.jpg,1,center_crop_0.8,0.3634049892425537
data/corpus_smoke/images/FLUX.1-dev/dc/dc8b0fa4b738c9ccc145aefead5762dbb147dc5bd72c2d4747f0177991e880ca.jpg,1,composed_blur1.0+jpeg70,0.3929939270019531
data/corpus_smoke/images/FLUX.1-dev/dc/dc8b0fa4b738c9ccc145aefead5762dbb147dc5bd72c2d4747f0177991e880ca.jpg,1,composed_resize0.5+jpeg50,0.3862387537956238
data/corpus_smoke/images/FLUX.1-dev/dc/dc8b0fa4b738c9ccc145aefead5762dbb147dc5bd72c2d4747f0177991e880ca.jpg,1,composed_jitter0.2+jpeg30,0.35593530535697937
data/corpus_smoke/images/FLUX.1-dev/dc/dc8b0fa4b738c9ccc145aefead5762dbb147dc5bd72c2d4747f0177991e880ca.jpg,1,composed_resize0.25+blur0.5+jpeg30,0.39714619517326355
data/corpus_smoke/images/FLUX.1-dev/5f/5fb6c3e6482b31b5161aee519b14ae6512f485f9d2c11df4201443bea36c252e.jpg,1,clean,0.35715141892433167
data/corpus_smoke/images/FLUX.1-dev/5f/5fb6c3e6482b31b5161aee519b14ae6512f485f9d2c11df4201443bea36c252e.jpg,1,jpeg_90,0.3593381941318512
data/corpus_smoke/images/FLUX.1-dev/5f/5fb6c3e6482b31b5161aee519b14ae6512f485f9d2c11df4201443bea36c252e.jpg,1,jpeg_70,0.36464953422546387
data/corpus_smoke/images/FLUX.1-dev/5f/5fb6c3e6482b31b5161aee519b14ae6512f485f9d2c11df4201443bea36c252e.jpg,1,jpeg_50,0.3626861274242401
data/corpus_smoke/images/FLUX.1-dev/5f/5fb6c3e6482b31b5161aee519b14ae6512f485f9d2c11df4201443bea36c252e.jpg,1,jpeg_30,0.3645397424697876
data/corpus_smoke/images/FLUX.1-dev/5f/5fb6c3e6482b31b5161aee519b14ae6512f485f9d2c11df4201443bea36c252e.jpg,1,blur_0.5,0.3577321767807007
data/corpus_smoke/images/FLUX.1-dev/5f/5fb6c3e6482b31b5161aee519b14ae6512f485f9d2c11df4201443bea36c252e.jpg,1,blur_1.0,0.3603716790676117
data/corpus_smoke/images/FLUX.1-dev/5f/5fb6c3e6482b31b5161aee519b14ae6512f485f9d2c11df4201443bea36c252e.jpg,1,blur_2.0,0.37343913316726685
data/corpus_smoke/images/FLUX.1-dev/5f/5fb6c3e6482b31b5161aee519b14ae6512f485f9d2c11df4201443bea36c252e.jpg,1,resize_0.5,0.35637736320495605
data/corpus_smoke/images/FLUX.1-dev/5f/5fb6c3e6482b31b5161aee519b14ae6512f485f9d2c11df4201443bea36c252e.jpg,1,resize_0.25,0.3641633689403534
data/corpus_smoke/images/FLUX.1-dev/5f/5fb6c3e6482b31b5161aee519b14ae6512f485f9d2c11df4201443bea36c252e.jpg,1,noise_0.02,0.35510197281837463
data/corpus_smoke/images/FLUX.1-dev/5f/5fb6c3e6482b31b5161aee519b14ae6512f485f9d2c11df4201443bea36c252e.jpg,1,noise_0.05,0.33551135659217834
data/corpus_smoke/images/FLUX.1-dev/5f/5fb6c3e6482b31b5161aee519b14ae6512f485f9d2c11df4201443bea36c252e.jpg,1,noise_0.1,0.31376439332962036
data/corpus_smoke/images/FLUX.1-dev/5f/5fb6c3e6482b31b5161aee519b14ae6512f485f9d2c11df4201443bea36c252e.jpg,1,jitter_0.2,0.34649014472961426
data/corpus_smoke/images/FLUX.1-dev/5f/5fb6c3e6482b31b5161aee519b14ae6512f485f9d2c11df4201443bea36c252e.jpg,1,center_crop_0.8,0.3666776120662689
data/corpus_smoke/images/FLUX.1-dev/5f/5fb6c3e6482b31b5161aee519b14ae6512f485f9d2c11df4201443bea36c252e.jpg,1,composed_blur1.0+jpeg70,0.37070712447166443
data/corpus_smoke/images/FLUX.1-dev/5f/5fb6c3e6482b31b5161aee519b14ae6512f485f9d2c11df4201443bea36c252e.jpg,1,composed_resize0.5+jpeg50,0.3685397207736969
data/corpus_smoke/images/FLUX.1-dev/5f/5fb6c3e6482b31b5161aee519b14ae6512f485f9d2c11df4201443bea36c252e.jpg,1,composed_jitter0.2+jpeg30,0.36944839358329773
data/corpus_smoke/images/FLUX.1-dev/5f/5fb6c3e6482b31b5161aee519b14ae6512f485f9d2c11df4201443bea36c252e.jpg,1,composed_resize0.25+blur0.5+jpeg30,0.3813437819480896
data/corpus_smoke/images/FLUX.1-dev/7c/7c7fa5746c86ae8e6b55add5dc94af0943db5cf801a4813f03bf1d0608564cf9.jpg,1,clean,0.382038950920105
data/corpus_smoke/images/FLUX.1-dev/7c/7c7fa5746c86ae8e6b55add5dc94af0943db5cf801a4813f03bf1d0608564cf9.jpg,1,jpeg_90,0.3734953701496124
data/corpus_smoke/images/FLUX.1-dev/7c/7c7fa5746c86ae8e6b55add5dc94af0943db5cf801a4813f03bf1d0608564cf9.jpg,1,jpeg_70,0.38883522152900696
data/corpus_smoke/images/FLUX.1-dev/7c/7c7fa5746c86ae8e6b55add5dc94af0943db5cf801a4813f03bf1d0608564cf9.jpg,1,jpeg_50,0.38813358545303345
data/corpus_smoke/images/FLUX.1-dev/7c/7c7fa5746c86ae8e6b55add5dc94af0943db5cf801a4813f03bf1d0608564cf9.jpg,1,jpeg_30,0.3894170820713043
data/corpus_smoke/images/FLUX.1-dev/7c/7c7fa5746c86ae8e6b55add5dc94af0943db5cf801a4813f03bf1d0608564cf9.jpg,1,blur_0.5,0.38597720861434937
data/corpus_smoke/images/FLUX.1-dev/7c/7c7fa5746c86ae8e6b55add5dc94af0943db5cf801a4813f03bf1d0608564cf9.jpg,1,blur_1.0,0.39371150732040405
data/corpus_smoke/images/FLUX.1-dev/7c/7c7fa5746c86ae8e6b55add5dc94af0943db5cf801a4813f03bf1d0608564cf9.jpg,1,blur_2.0,0.40846022963523865
data/corpus_smoke/images/FLUX.1-dev/7c/7c7fa5746c86ae8e6b55add5dc94af0943db5cf801a4813f03bf1d0608564cf9.jpg,1,resize_0.5,0.3907691240310669
data/corpus_smoke/images/FLUX.1-dev/7c/7c7fa5746c86ae8e6b55add5dc94af0943db5cf801a4813f03bf1d0608564cf9.jpg,1,resize_0.25,0.39854398369789124
data/corpus_smoke/images/FLUX.1-dev/7c/7c7fa5746c86ae8e6b55add5dc94af0943db5cf801a4813f03bf1d0608564cf9.jpg,1,noise_0.02,0.3720736503601074
data/corpus_smoke/images/FLUX.1-dev/7c/7c7fa5746c86ae8e6b55add5dc94af0943db5cf801a4813f03bf1d0608564cf9.jpg,1,noise_0.05,0.3553546965122223
data/corpus_smoke/images/FLUX.1-dev/7c/7c7fa5746c86ae8e6b55add5dc94af0943db5cf801a4813f03bf1d0608564cf9.jpg,1,noise_0.1,0.330966979265213
data/corpus_smoke/images/FLUX.1-dev/7c/7c7fa5746c86ae8e6b55add5dc94af0943db5cf801a4813f03bf1d0608564cf9.jpg,1,jitter_0.2,0.3750951886177063
data/corpus_smoke/images/FLUX.1-dev/7c/7c7fa5746c86ae8e6b55add5dc94af0943db5cf801a4813f03bf1d0608564cf9.jpg,1,center_crop_0.8,0.38698646426200867
data/corpus_smoke/images/FLUX.1-dev/7c/7c7fa5746c86ae8e6b55add5dc94af0943db5cf801a4813f03bf1d0608564cf9.jpg,1,composed_blur1.0+jpeg70,0.40242674946784973
data/corpus_smoke/images/FLUX.1-dev/7c/7c7fa5746c86ae8e6b55add5dc94af0943db5cf801a4813f03bf1d0608564cf9.jpg,1,composed_resize0.5+jpeg50,0.39477795362472534
data/corpus_smoke/images/FLUX.1-dev/7c/7c7fa5746c86ae8e6b55add5dc94af0943db5cf801a4813f03bf1d0608564cf9.jpg,1,composed_jitter0.2+jpeg30,0.3758315443992615
data/corpus_smoke/images/FLUX.1-dev/7c/7c7fa5746c86ae8e6b55add5dc94af0943db5cf801a4813f03bf1d0608564cf9.jpg,1,composed_resize0.25+blur0.5+jpeg30,0.4048600494861603
data/corpus_smoke/images/FLUX.1-dev/af/af3314d55d1cee91602c8e9963ee7d1d6940b79cf1f904eee2653039f3541474.jpg,1,clean,0.39569947123527527
data/corpus_smoke/images/FLUX.1-dev/af/af3314d55d1cee91602c8e9963ee7d1d6940b79cf1f904eee2653039f3541474.jpg,1,jpeg_90,0.3966066539287567
data/corpus_smoke/images/FLUX.1-dev/af/af3314d55d1cee91602c8e9963ee7d1d6940b79cf1f904eee2653039f3541474.jpg,1,jpeg_70,0.4058772623538971
data/corpus_smoke/images/FLUX.1-dev/af/af3314d55d1cee91602c8e9963ee7d1d6940b79cf1f904eee2653039f3541474.jpg,1,jpeg_50,0.4033280909061432
data/corpus_smoke/images/FLUX.1-dev/af/af3314d55d1cee91602c8e9963ee7d1d6940b79cf1f904eee2653039f3541474.jpg,1,jpeg_30,0.40000250935554504
data/corpus_smoke/images/FLUX.1-dev/af/af3314d55d1cee91602c8e9963ee7d1d6940b79cf1f904eee2653039f3541474.jpg,1,blur_0.5,0.3962768614292145
data/corpus_smoke/images/FLUX.1-dev/af/af3314d55d1cee91602c8e9963ee7d1d6940b79cf1f904eee2653039f3541474.jpg,1,blur_1.0,0.4001859724521637
data/corpus_smoke/images/FLUX.1-dev/af/af3314d55d1cee91602c8e9963ee7d1d6940b79cf1f904eee2653039f3541474.jpg,1,blur_2.0,0.4085988998413086
data/corpus_smoke/images/FLUX.1-dev/af/af3314d55d1cee91602c8e9963ee7d1d6940b79cf1f904eee2653039f3541474.jpg,1,resize_0.5,0.3982442021369934
data/corpus_smoke/images/FLUX.1-dev/af/af3314d55d1cee91602c8e9963ee7d1d6940b79cf1f904eee2653039f3541474.jpg,1,resize_0.25,0.4002256393432617
data/corpus_smoke/images/FLUX.1-dev/af/af3314d55d1cee91602c8e9963ee7d1d6940b79cf1f904eee2653039f3541474.jpg,1,noise_0.02,0.4020174443721771
data/corpus_smoke/images/FLUX.1-dev/af/af3314d55d1cee91602c8e9963ee7d1d6940b79cf1f904eee2653039f3541474.jpg,1,noise_0.05,0.3906599283218384
data/corpus_smoke/images/FLUX.1-dev/af/af3314d55d1cee91602c8e9963ee7d1d6940b79cf1f904eee2653039f3541474.jpg,1,noise_0.1,0.35313600301742554
data/corpus_smoke/images/FLUX.1-dev/af/af3314d55d1cee91602c8e9963ee7d1d6940b79cf1f904eee2653039f3541474.jpg,1,jitter_0.2,0.40788131952285767
data/corpus_smoke/images/FLUX.1-dev/af/af3314d55d1cee91602c8e9963ee7d1d6940b79cf1f904eee2653039f3541474.jpg,1,center_crop_0.8,0.40975773334503174
data/corpus_smoke/images/FLUX.1-dev/af/af3314d55d1cee91602c8e9963ee7d1d6940b79cf1f904eee2653039f3541474.jpg,1,composed_blur1.0+jpeg70,0.41159069538116455
data/corpus_smoke/images/FLUX.1-dev/af/af3314d55d1cee91602c8e9963ee7d1d6940b79cf1f904eee2653039f3541474.jpg,1,composed_resize0.5+jpeg50,0.4054402709007263
data/corpus_smoke/images/FLUX.1-dev/af/af3314d55d1cee91602c8e9963ee7d1d6940b79cf1f904eee2653039f3541474.jpg,1,composed_jitter0.2+jpeg30,0.3996051847934723
data/corpus_smoke/images/FLUX.1-dev/af/af3314d55d1cee91602c8e9963ee7d1d6940b79cf1f904eee2653039f3541474.jpg,1,composed_resize0.25+blur0.5+jpeg30,0.41004276275634766
data/corpus_smoke/images/FLUX.1-dev/1b/1b84421adc8d81a4026b489e8846c3fb4e8b919426e1cf8ed7e029454ab7aa74.jpg,1,clean,0.39022237062454224
data/corpus_smoke/images/FLUX.1-dev/1b/1b84421adc8d81a4026b489e8846c3fb4e8b919426e1cf8ed7e029454ab7aa74.jpg,1,jpeg_90,0.39056891202926636
data/corpus_smoke/images/FLUX.1-dev/1b/1b84421adc8d81a4026b489e8846c3fb4e8b919426e1cf8ed7e029454ab7aa74.jpg,1,jpeg_70,0.3962000012397766
data/corpus_smoke/images/FLUX.1-dev/1b/1b84421adc8d81a4026b489e8846c3fb4e8b919426e1cf8ed7e029454ab7aa74.jpg,1,jpeg_50,0.39755120873451233
data/corpus_smoke/images/FLUX.1-dev/1b/1b84421adc8d81a4026b489e8846c3fb4e8b919426e1cf8ed7e029454ab7aa74.jpg,1,jpeg_30,0.3900778293609619
data/corpus_smoke/images/FLUX.1-dev/1b/1b84421adc8d81a4026b489e8846c3fb4e8b919426e1cf8ed7e029454ab7aa74.jpg,1,blur_0.5,0.3903895914554596
data/corpus_smoke/images/FLUX.1-dev/1b/1b84421adc8d81a4026b489e8846c3fb4e8b919426e1cf8ed7e029454ab7aa74.jpg,1,blur_1.0,0.3937529921531677
data/corpus_smoke/images/FLUX.1-dev/1b/1b84421adc8d81a4026b489e8846c3fb4e8b919426e1cf8ed7e029454ab7aa74.jpg,1,blur_2.0,0.39551809430122375
data/corpus_smoke/images/FLUX.1-dev/1b/1b84421adc8d81a4026b489e8846c3fb4e8b919426e1cf8ed7e029454ab7aa74.jpg,1,resize_0.5,0.38961368799209595
data/corpus_smoke/images/FLUX.1-dev/1b/1b84421adc8d81a4026b489e8846c3fb4e8b919426e1cf8ed7e029454ab7aa74.jpg,1,resize_0.25,0.3914092481136322
data/corpus_smoke/images/FLUX.1-dev/1b/1b84421adc8d81a4026b489e8846c3fb4e8b919426e1cf8ed7e029454ab7aa74.jpg,1,noise_0.02,0.3880436420440674
data/corpus_smoke/images/FLUX.1-dev/1b/1b84421adc8d81a4026b489e8846c3fb4e8b919426e1cf8ed7e029454ab7aa74.jpg,1,noise_0.05,0.3611367344856262
data/corpus_smoke/images/FLUX.1-dev/1b/1b84421adc8d81a4026b489e8846c3fb4e8b919426e1cf8ed7e029454ab7aa74.jpg,1,noise_0.1,0.32944199442863464
data/corpus_smoke/images/FLUX.1-dev/1b/1b84421adc8d81a4026b489e8846c3fb4e8b919426e1cf8ed7e029454ab7aa74.jpg,1,jitter_0.2,0.3919791579246521
data/corpus_smoke/images/FLUX.1-dev/1b/1b84421adc8d81a4026b489e8846c3fb4e8b919426e1cf8ed7e029454ab7aa74.jpg,1,center_crop_0.8,0.4073069989681244
data/corpus_smoke/images/FLUX.1-dev/1b/1b84421adc8d81a4026b489e8846c3fb4e8b919426e1cf8ed7e029454ab7aa74.jpg,1,composed_blur1.0+jpeg70,0.39999186992645264
data/corpus_smoke/images/FLUX.1-dev/1b/1b84421adc8d81a4026b489e8846c3fb4e8b919426e1cf8ed7e029454ab7aa74.jpg,1,composed_resize0.5+jpeg50,0.4004344940185547
data/corpus_smoke/images/FLUX.1-dev/1b/1b84421adc8d81a4026b489e8846c3fb4e8b919426e1cf8ed7e029454ab7aa74.jpg,1,composed_jitter0.2+jpeg30,0.3996562063694
data/corpus_smoke/images/FLUX.1-dev/1b/1b84421adc8d81a4026b489e8846c3fb4e8b919426e1cf8ed7e029454ab7aa74.jpg,1,composed_resize0.25+blur0.5+jpeg30,0.39649927616119385
data/corpus_smoke/images/FLUX.1-dev/5b/5b496827f95ecd05151a58f8099b87073b7ac2226104c296744396cd1b20c320.jpg,1,clean,0.2787051200866699
data/corpus_smoke/images/FLUX.1-dev/5b/5b496827f95ecd05151a58f8099b87073b7ac2226104c296744396cd1b20c320.jpg,1,jpeg_90,0.2800087034702301
data/corpus_smoke/images/FLUX.1-dev/5b/5b496827f95ecd05151a58f8099b87073b7ac2226104c296744396cd1b20c320.jpg,1,jpeg_70,0.28807926177978516
data/corpus_smoke/images/FLUX.1-dev/5b/5b496827f95ecd05151a58f8099b87073b7ac2226104c296744396cd1b20c320.jpg,1,jpeg_50,0.28944098949432373
data/corpus_smoke/images/FLUX.1-dev/5b/5b496827f95ecd05151a58f8099b87073b7ac2226104c296744396cd1b20c320.jpg,1,jpeg_30,0.28368616104125977
data/corpus_smoke/images/FLUX.1-dev/5b/5b496827f95ecd05151a58f8099b87073b7ac2226104c296744396cd1b20c320.jpg,1,blur_0.5,0.2860059142112732
data/corpus_smoke/images/FLUX.1-dev/5b/5b496827f95ecd05151a58f8099b87073b7ac2226104c296744396cd1b20c320.jpg,1,blur_1.0,0.3029656708240509
data/corpus_smoke/images/FLUX.1-dev/5b/5b496827f95ecd05151a58f8099b87073b7ac2226104c296744396cd1b20c320.jpg,1,blur_2.0,0.3340456783771515
data/corpus_smoke/images/FLUX.1-dev/5b/5b496827f95ecd05151a58f8099b87073b7ac2226104c296744396cd1b20c320.jpg,1,resize_0.5,0.29145383834838867
data/corpus_smoke/images/FLUX.1-dev/5b/5b496827f95ecd05151a58f8099b87073b7ac2226104c296744396cd1b20c320.jpg,1,resize_0.25,0.3218083679676056
data/corpus_smoke/images/FLUX.1-dev/5b/5b496827f95ecd05151a58f8099b87073b7ac2226104c296744396cd1b20c320.jpg,1,noise_0.02,0.2867245376110077
data/corpus_smoke/images/FLUX.1-dev/5b/5b496827f95ecd05151a58f8099b87073b7ac2226104c296744396cd1b20c320.jpg,1,noise_0.05,0.2714481055736542
data/corpus_smoke/images/FLUX.1-dev/5b/5b496827f95ecd05151a58f8099b87073b7ac2226104c296744396cd1b20c320.jpg,1,noise_0.1,0.257439523935318
data/corpus_smoke/images/FLUX.1-dev/5b/5b496827f95ecd05151a58f8099b87073b7ac2226104c296744396cd1b20c320.jpg,1,jitter_0.2,0.2670997977256775
data/corpus_smoke/images/FLUX.1-dev/5b/5b496827f95ecd05151a58f8099b87073b7ac2226104c296744396cd1b20c320.jpg,1,center_crop_0.8,0.2788597643375397
data/corpus_smoke/images/FLUX.1-dev/5b/5b496827f95ecd05151a58f8099b87073b7ac2226104c296744396cd1b20c320.jpg,1,composed_blur1.0+jpeg70,0.31440481543540955
data/corpus_smoke/images/FLUX.1-dev/5b/5b496827f95ecd05151a58f8099b87073b7ac2226104c296744396cd1b20c320.jpg,1,composed_resize0.5+jpeg50,0.303587406873703
data/corpus_smoke/images/FLUX.1-dev/5b/5b496827f95ecd05151a58f8099b87073b7ac2226104c296744396cd1b20c320.jpg,1,composed_jitter0.2+jpeg30,0.31704697012901306
data/corpus_smoke/images/FLUX.1-dev/5b/5b496827f95ecd05151a58f8099b87073b7ac2226104c296744396cd1b20c320.jpg,1,composed_resize0.25+blur0.5+jpeg30,0.3196318447589874
data/corpus_smoke/images/FLUX.1-dev/5b/5b6d7ce5050351c602f90f17b73e71de02e08a88164d1c7676cd9f9d4a8c60dd.jpg,1,clean,0.3257639408111572
data/corpus_smoke/images/FLUX.1-dev/5b/5b6d7ce5050351c602f90f17b73e71de02e08a88164d1c7676cd9f9d4a8c60dd.jpg,1,jpeg_90,0.32606837153434753
data/corpus_smoke/images/FLUX.1-dev/5b/5b6d7ce5050351c602f90f17b73e71de02e08a88164d1c7676cd9f9d4a8c60dd.jpg,1,jpeg_70,0.3236566185951233
data/corpus_smoke/images/FLUX.1-dev/5b/5b6d7ce5050351c602f90f17b73e71de02e08a88164d1c7676cd9f9d4a8c60dd.jpg,1,jpeg_50,0.32598063349723816
data/corpus_smoke/images/FLUX.1-dev/5b/5b6d7ce5050351c602f90f17b73e71de02e08a88164d1c7676cd9f9d4a8c60dd.jpg,1,jpeg_30,0.3291321396827698
data/corpus_smoke/images/FLUX.1-dev/5b/5b6d7ce5050351c602f90f17b73e71de02e08a88164d1c7676cd9f9d4a8c60dd.jpg,1,blur_0.5,0.3307482600212097
data/corpus_smoke/images/FLUX.1-dev/5b/5b6d7ce5050351c602f90f17b73e71de02e08a88164d1c7676cd9f9d4a8c60dd.jpg,1,blur_1.0,0.3416709005832672
data/corpus_smoke/images/FLUX.1-dev/5b/5b6d7ce5050351c602f90f17b73e71de02e08a88164d1c7676cd9f9d4a8c60dd.jpg,1,blur_2.0,0.36171144247055054
data/corpus_smoke/images/FLUX.1-dev/5b/5b6d7ce5050351c602f90f17b73e71de02e08a88164d1c7676cd9f9d4a8c60dd.jpg,1,resize_0.5,0.3369029760360718
data/corpus_smoke/images/FLUX.1-dev/5b/5b6d7ce5050351c602f90f17b73e71de02e08a88164d1c7676cd9f9d4a8c60dd.jpg,1,resize_0.25,0.3543435335159302
data/corpus_smoke/images/FLUX.1-dev/5b/5b6d7ce5050351c602f90f17b73e71de02e08a88164d1c7676cd9f9d4a8c60dd.jpg,1,noise_0.02,0.324673056602478
data/corpus_smoke/images/FLUX.1-dev/5b/5b6d7ce5050351c602f90f17b73e71de02e08a88164d1c7676cd9f9d4a8c60dd.jpg,1,noise_0.05,0.303821325302124
data/corpus_smoke/images/FLUX.1-dev/5b/5b6d7ce5050351c602f90f17b73e71de02e08a88164d1c7676cd9f9d4a8c60dd.jpg,1,noise_0.1,0.27918821573257446
data/corpus_smoke/images/FLUX.1-dev/5b/5b6d7ce5050351c602f90f17b73e71de02e08a88164d1c7676cd9f9d4a8c60dd.jpg,1,jitter_0.2,0.31716322898864746
data/corpus_smoke/images/FLUX.1-dev/5b/5b6d7ce5050351c602f90f17b73e71de02e08a88164d1c7676cd9f9d4a8c60dd.jpg,1,center_crop_0.8,0.32749804854393005
data/corpus_smoke/images/FLUX.1-dev/5b/5b6d7ce5050351c602f90f17b73e71de02e08a88164d1c7676cd9f9d4a8c60dd.jpg,1,composed_blur1.0+jpeg70,0.3436204791069031
data/corpus_smoke/images/FLUX.1-dev/5b/5b6d7ce5050351c602f90f17b73e71de02e08a88164d1c7676cd9f9d4a8c60dd.jpg,1,composed_resize0.5+jpeg50,0.3364122211933136
data/corpus_smoke/images/FLUX.1-dev/5b/5b6d7ce5050351c602f90f17b73e71de02e08a88164d1c7676cd9f9d4a8c60dd.jpg,1,composed_jitter0.2+jpeg30,0.32751813530921936
data/corpus_smoke/images/FLUX.1-dev/5b/5b6d7ce5050351c602f90f17b73e71de02e08a88164d1c7676cd9f9d4a8c60dd.jpg,1,composed_resize0.25+blur0.5+jpeg30,0.3544471859931946
data/corpus_smoke/images/FLUX.1-dev/80/8074c30256fd9f8a4f4e1f97dc8b788866062c58df997e1aa0ee1278e08af5d9.jpg,1,clean,0.33738231658935547
data/corpus_smoke/images/FLUX.1-dev/80/8074c30256fd9f8a4f4e1f97dc8b788866062c58df997e1aa0ee1278e08af5d9.jpg,1,jpeg_90,0.33847561478614807
data/corpus_smoke/images/FLUX.1-dev/80/8074c30256fd9f8a4f4e1f97dc8b788866062c58df997e1aa0ee1278e08af5d9.jpg,1,jpeg_70,0.35133224725723267
data/corpus_smoke/images/FLUX.1-dev/80/8074c30256fd9f8a4f4e1f97dc8b788866062c58df997e1aa0ee1278e08af5d9.jpg,1,jpeg_50,0.35402625799179077
data/corpus_smoke/images/FLUX.1-dev/80/8074c30256fd9f8a4f4e1f97dc8b788866062c58df997e1aa0ee1278e08af5d9.jpg,1,jpeg_30,0.34279513359069824
data/corpus_smoke/images/FLUX.1-dev/80/8074c30256fd9f8a4f4e1f97dc8b788866062c58df997e1aa0ee1278e08af5d9.jpg,1,blur_0.5,0.34093359112739563
data/corpus_smoke/images/FLUX.1-dev/80/8074c30256fd9f8a4f4e1f97dc8b788866062c58df997e1aa0ee1278e08af5d9.jpg,1,blur_1.0,0.3520599901676178
data/corpus_smoke/images/FLUX.1-dev/80/8074c30256fd9f8a4f4e1f97dc8b788866062c58df997e1aa0ee1278e08af5d9.jpg,1,blur_2.0,0.3717208504676819
data/corpus_smoke/images/FLUX.1-dev/80/8074c30256fd9f8a4f4e1f97dc8b788866062c58df997e1aa0ee1278e08af5d9.jpg,1,resize_0.5,0.3463226556777954
data/corpus_smoke/images/FLUX.1-dev/80/8074c30256fd9f8a4f4e1f97dc8b788866062c58df997e1aa0ee1278e08af5d9.jpg,1,resize_0.25,0.3659064769744873
data/corpus_smoke/images/FLUX.1-dev/80/8074c30256fd9f8a4f4e1f97dc8b788866062c58df997e1aa0ee1278e08af5d9.jpg,1,noise_0.02,0.33571726083755493
data/corpus_smoke/images/FLUX.1-dev/80/8074c30256fd9f8a4f4e1f97dc8b788866062c58df997e1aa0ee1278e08af5d9.jpg,1,noise_0.05,0.3203408420085907
data/corpus_smoke/images/FLUX.1-dev/80/8074c30256fd9f8a4f4e1f97dc8b788866062c58df997e1aa0ee1278e08af5d9.jpg,1,noise_0.1,0.29041779041290283
data/corpus_smoke/images/FLUX.1-dev/80/8074c30256fd9f8a4f4e1f97dc8b788866062c58df997e1aa0ee1278e08af5d9.jpg,1,jitter_0.2,0.3346782922744751
data/corpus_smoke/images/FLUX.1-dev/80/8074c30256fd9f8a4f4e1f97dc8b788866062c58df997e1aa0ee1278e08af5d9.jpg,1,center_crop_0.8,0.3509611189365387
data/corpus_smoke/images/FLUX.1-dev/80/8074c30256fd9f8a4f4e1f97dc8b788866062c58df997e1aa0ee1278e08af5d9.jpg,1,composed_blur1.0+jpeg70,0.3663516044616699
data/corpus_smoke/images/FLUX.1-dev/80/8074c30256fd9f8a4f4e1f97dc8b788866062c58df997e1aa0ee1278e08af5d9.jpg,1,composed_resize0.5+jpeg50,0.3654611110687256
data/corpus_smoke/images/FLUX.1-dev/80/8074c30256fd9f8a4f4e1f97dc8b788866062c58df997e1aa0ee1278e08af5d9.jpg,1,composed_jitter0.2+jpeg30,0.3436366617679596
data/corpus_smoke/images/FLUX.1-dev/80/8074c30256fd9f8a4f4e1f97dc8b788866062c58df997e1aa0ee1278e08af5d9.jpg,1,composed_resize0.25+blur0.5+jpeg30,0.3668864369392395
data/corpus_smoke/images/FLUX.1-dev/a8/a8df87874f59bad1d5e50c839554db290f9480532289111baff8e7497071302f.jpg,1,clean,0.3907169997692108
data/corpus_smoke/images/FLUX.1-dev/a8/a8df87874f59bad1d5e50c839554db290f9480532289111baff8e7497071302f.jpg,1,jpeg_90,0.38586243987083435
data/corpus_smoke/images/FLUX.1-dev/a8/a8df87874f59bad1d5e50c839554db290f9480532289111baff8e7497071302f.jpg,1,jpeg_70,0.3946601152420044
data/corpus_smoke/images/FLUX.1-dev/a8/a8df87874f59bad1d5e50c839554db290f9480532289111baff8e7497071302f.jpg,1,jpeg_50,0.3935411274433136
data/corpus_smoke/images/FLUX.1-dev/a8/a8df87874f59bad1d5e50c839554db290f9480532289111baff8e7497071302f.jpg,1,jpeg_30,0.3931330144405365
data/corpus_smoke/images/FLUX.1-dev/a8/a8df87874f59bad1d5e50c839554db290f9480532289111baff8e7497071302f.jpg,1,blur_0.5,0.39236530661582947
data/corpus_smoke/images/FLUX.1-dev/a8/a8df87874f59bad1d5e50c839554db290f9480532289111baff8e7497071302f.jpg,1,blur_1.0,0.39797255396842957
data/corpus_smoke/images/FLUX.1-dev/a8/a8df87874f59bad1d5e50c839554db290f9480532289111baff8e7497071302f.jpg,1,blur_2.0,0.406339168548584
data/corpus_smoke/images/FLUX.1-dev/a8/a8df87874f59bad1d5e50c839554db290f9480532289111baff8e7497071302f.jpg,1,resize_0.5,0.3966520130634308
data/corpus_smoke/images/FLUX.1-dev/a8/a8df87874f59bad1d5e50c839554db290f9480532289111baff8e7497071302f.jpg,1,resize_0.25,0.4025692641735077
data/corpus_smoke/images/FLUX.1-dev/a8/a8df87874f59bad1d5e50c839554db290f9480532289111baff8e7497071302f.jpg,1,noise_0.02,0.3877136707305908
data/corpus_smoke/images/FLUX.1-dev/a8/a8df87874f59bad1d5e50c839554db290f9480532289111baff8e7497071302f.jpg,1,noise_0.05,0.3616184592247009
data/corpus_smoke/images/FLUX.1-dev/a8/a8df87874f59bad1d5e50c839554db290f9480532289111baff8e7497071302f.jpg,1,noise_0.1,0.33484023809432983
data/corpus_smoke/images/FLUX.1-dev/a8/a8df87874f59bad1d5e50c839554db290f9480532289111baff8e7497071302f.jpg,1,jitter_0.2,0.37888863682746887
data/corpus_smoke/images/FLUX.1-dev/a8/a8df87874f59bad1d5e50c839554db290f9480532289111baff8e7497071302f.jpg,1,center_crop_0.8,0.41619759798049927
data/corpus_smoke/images/FLUX.1-dev/a8/a8df87874f59bad1d5e50c839554db290f9480532289111baff8e7497071302f.jpg,1,composed_blur1.0+jpeg70,0.4052351415157318
data/corpus_smoke/images/FLUX.1-dev/a8/a8df87874f59bad1d5e50c839554db290f9480532289111baff8e7497071302f.jpg,1,composed_resize0.5+jpeg50,0.3947741389274597
data/corpus_smoke/images/FLUX.1-dev/a8/a8df87874f59bad1d5e50c839554db290f9480532289111baff8e7497071302f.jpg,1,composed_jitter0.2+jpeg30,0.37703123688697815
data/corpus_smoke/images/FLUX.1-dev/a8/a8df87874f59bad1d5e50c839554db290f9480532289111baff8e7497071302f.jpg,1,composed_resize0.25+blur0.5+jpeg30,0.40474042296409607
data/corpus_smoke/images/FLUX.1-dev/89/896fe93986797cb95c3351e3ebd7e2169d14bdd70929060ca9ded826d064cb2f.jpg,1,clean,0.35409823060035706
data/corpus_smoke/images/FLUX.1-dev/89/896fe93986797cb95c3351e3ebd7e2169d14bdd70929060ca9ded826d064cb2f.jpg,1,jpeg_90,0.3581222891807556
data/corpus_smoke/images/FLUX.1-dev/89/896fe93986797cb95c3351e3ebd7e2169d14bdd70929060ca9ded826d064cb2f.jpg,1,jpeg_70,0.3634640574455261
data/corpus_smoke/images/FLUX.1-dev/89/896fe93986797cb95c3351e3ebd7e2169d14bdd70929060ca9ded826d064cb2f.jpg,1,jpeg_50,0.36677879095077515
data/corpus_smoke/images/FLUX.1-dev/89/896fe93986797cb95c3351e3ebd7e2169d14bdd70929060ca9ded826d064cb2f.jpg,1,jpeg_30,0.3671295940876007
data/corpus_smoke/images/FLUX.1-dev/89/896fe93986797cb95c3351e3ebd7e2169d14bdd70929060ca9ded826d064cb2f.jpg,1,blur_0.5,0.3566353917121887
data/corpus_smoke/images/FLUX.1-dev/89/896fe93986797cb95c3351e3ebd7e2169d14bdd70929060ca9ded826d064cb2f.jpg,1,blur_1.0,0.3644300401210785
data/corpus_smoke/images/FLUX.1-dev/89/896fe93986797cb95c3351e3ebd7e2169d14bdd70929060ca9ded826d064cb2f.jpg,1,blur_2.0,0.37682992219924927
data/corpus_smoke/images/FLUX.1-dev/89/896fe93986797cb95c3351e3ebd7e2169d14bdd70929060ca9ded826d064cb2f.jpg,1,resize_0.5,0.35729116201400757
data/corpus_smoke/images/FLUX.1-dev/89/896fe93986797cb95c3351e3ebd7e2169d14bdd70929060ca9ded826d064cb2f.jpg,1,resize_0.25,0.3702032268047333
data/corpus_smoke/images/FLUX.1-dev/89/896fe93986797cb95c3351e3ebd7e2169d14bdd70929060ca9ded826d064cb2f.jpg,1,noise_0.02,0.3539438545703888
data/corpus_smoke/images/FLUX.1-dev/89/896fe93986797cb95c3351e3ebd7e2169d14bdd70929060ca9ded826d064cb2f.jpg,1,noise_0.05,0.33908846974372864
data/corpus_smoke/images/FLUX.1-dev/89/896fe93986797cb95c3351e3ebd7e2169d14bdd70929060ca9ded826d064cb2f.jpg,1,noise_0.1,0.3174721896648407
data/corpus_smoke/images/FLUX.1-dev/89/896fe93986797cb95c3351e3ebd7e2169d14bdd70929060ca9ded826d064cb2f.jpg,1,jitter_0.2,0.35931912064552307
data/corpus_smoke/images/FLUX.1-dev/89/896fe93986797cb95c3351e3ebd7e2169d14bdd70929060ca9ded826d064cb2f.jpg,1,center_crop_0.8,0.3629670739173889
data/corpus_smoke/images/FLUX.1-dev/89/896fe93986797cb95c3351e3ebd7e2169d14bdd70929060ca9ded826d064cb2f.jpg,1,composed_blur1.0+jpeg70,0.3781234323978424
data/corpus_smoke/images/FLUX.1-dev/89/896fe93986797cb95c3351e3ebd7e2169d14bdd70929060ca9ded826d064cb2f.jpg,1,composed_resize0.5+jpeg50,0.3763604760169983
data/corpus_smoke/images/FLUX.1-dev/89/896fe93986797cb95c3351e3ebd7e2169d14bdd70929060ca9ded826d064cb2f.jpg,1,composed_jitter0.2+jpeg30,0.3758794367313385
data/corpus_smoke/images/FLUX.1-dev/89/896fe93986797cb95c3351e3ebd7e2169d14bdd70929060ca9ded826d064cb2f.jpg,1,composed_resize0.25+blur0.5+jpeg30,0.3844371736049652
data/corpus_smoke/images/FLUX.1-dev/0a/0a453deaedf861ce872a4b8a18664579f842ee79077315d47c467deb16ea5d60.jpg,1,clean,0.35254335403442383
data/corpus_smoke/images/FLUX.1-dev/0a/0a453deaedf861ce872a4b8a18664579f842ee79077315d47c467deb16ea5d60.jpg,1,jpeg_90,0.35445529222488403
data/corpus_smoke/images/FLUX.1-dev/0a/0a453deaedf861ce872a4b8a18664579f842ee79077315d47c467deb16ea5d60.jpg,1,jpeg_70,0.3681086301803589
data/corpus_smoke/images/FLUX.1-dev/0a/0a453deaedf861ce872a4b8a18664579f842ee79077315d47c467deb16ea5d60.jpg,1,jpeg_50,0.3597804009914398
data/corpus_smoke/images/FLUX.1-dev/0a/0a453deaedf861ce872a4b8a18664579f842ee79077315d47c467deb16ea5d60.jpg,1,jpeg_30,0.36273565888404846
data/corpus_smoke/images/FLUX.1-dev/0a/0a453deaedf861ce872a4b8a18664579f842ee79077315d47c467deb16ea5d60.jpg,1,blur_0.5,0.3563532829284668
data/corpus_smoke/images/FLUX.1-dev/0a/0a453deaedf861ce872a4b8a18664579f842ee79077315d47c467deb16ea5d60.jpg,1,blur_1.0,0.3677850067615509
data/corpus_smoke/images/FLUX.1-dev/0a/0a453deaedf861ce872a4b8a18664579f842ee79077315d47c467deb16ea5d60.jpg,1,blur_2.0,0.38901230692863464
data/corpus_smoke/images/FLUX.1-dev/0a/0a453deaedf861ce872a4b8a18664579f842ee79077315d47c467deb16ea5d60.jpg,1,resize_0.5,0.3619740307331085
data/corpus_smoke/images/FLUX.1-dev/0a/0a453deaedf861ce872a4b8a18664579f842ee79077315d47c467deb16ea5d60.jpg,1,resize_0.25,0.377630352973938
data/corpus_smoke/images/FLUX.1-dev/0a/0a453deaedf861ce872a4b8a18664579f842ee79077315d47c467deb16ea5d60.jpg,1,noise_0.02,0.36008012294769287
data/corpus_smoke/images/FLUX.1-dev/0a/0a453deaedf861ce872a4b8a18664579f842ee79077315d47c467deb16ea5d60.jpg,1,noise_0.05,0.34409916400909424
data/corpus_smoke/images/FLUX.1-dev/0a/0a453deaedf861ce872a4b8a18664579f842ee79077315d47c467deb16ea5d60.jpg,1,noise_0.1,0.31821951270103455
data/corpus_smoke/images/FLUX.1-dev/0a/0a453deaedf861ce872a4b8a18664579f842ee79077315d47c467deb16ea5d60.jpg,1,jitter_0.2,0.3546449542045593
data/corpus_smoke/images/FLUX.1-dev/0a/0a453deaedf861ce872a4b8a18664579f842ee79077315d47c467deb16ea5d60.jpg,1,center_crop_0.8,0.36526674032211304
data/corpus_smoke/images/FLUX.1-dev/0a/0a453deaedf861ce872a4b8a18664579f842ee79077315d47c467deb16ea5d60.jpg,1,composed_blur1.0+jpeg70,0.3832964301109314
data/corpus_smoke/images/FLUX.1-dev/0a/0a453deaedf861ce872a4b8a18664579f842ee79077315d47c467deb16ea5d60.jpg,1,composed_resize0.5+jpeg50,0.3710748255252838
data/corpus_smoke/images/FLUX.1-dev/0a/0a453deaedf861ce872a4b8a18664579f842ee79077315d47c467deb16ea5d60.jpg,1,composed_jitter0.2+jpeg30,0.3668453097343445
data/corpus_smoke/images/FLUX.1-dev/0a/0a453deaedf861ce872a4b8a18664579f842ee79077315d47c467deb16ea5d60.jpg,1,composed_resize0.25+blur0.5+jpeg30,0.3848448097705841
data/corpus_smoke/images/FLUX.1-dev/4a/4ae5524c486bf94a532ebfb4585e76bc20b4b719cc30e39c7b1eb7373dd4c5b2.jpg,1,clean,0.3816479444503784
data/corpus_smoke/images/FLUX.1-dev/4a/4ae5524c486bf94a532ebfb4585e76bc20b4b719cc30e39c7b1eb7373dd4c5b2.jpg,1,jpeg_90,0.38379642367362976
data/corpus_smoke/images/FLUX.1-dev/4a/4ae5524c486bf94a532ebfb4585e76bc20b4b719cc30e39c7b1eb7373dd4c5b2.jpg,1,jpeg_70,0.39348429441452026
data/corpus_smoke/images/FLUX.1-dev/4a/4ae5524c486bf94a532ebfb4585e76bc20b4b719cc30e39c7b1eb7373dd4c5b2.jpg,1,jpeg_50,0.3906141221523285
data/corpus_smoke/images/FLUX.1-dev/4a/4ae5524c486bf94a532ebfb4585e76bc20b4b719cc30e39c7b1eb7373dd4c5b2.jpg,1,jpeg_30,0.3910385072231293
data/corpus_smoke/images/FLUX.1-dev/4a/4ae5524c486bf94a532ebfb4585e76bc20b4b719cc30e39c7b1eb7373dd4c5b2.jpg,1,blur_0.5,0.3825056850910187
data/corpus_smoke/images/FLUX.1-dev/4a/4ae5524c486bf94a532ebfb4585e76bc20b4b719cc30e39c7b1eb7373dd4c5b2.jpg,1,blur_1.0,0.3886382281780243
data/corpus_smoke/images/FLUX.1-dev/4a/4ae5524c486bf94a532ebfb4585e76bc20b4b719cc30e39c7b1eb7373dd4c5b2.jpg,1,blur_2.0,0.396340012550354
data/corpus_smoke/images/FLUX.1-dev/4a/4ae5524c486bf94a532ebfb4585e76bc20b4b719cc30e39c7b1eb7373dd4c5b2.jpg,1,resize_0.5,0.3858591914176941
data/corpus_smoke/images/FLUX.1-dev/4a/4ae5524c486bf94a532ebfb4585e76bc20b4b719cc30e39c7b1eb7373dd4c5b2.jpg,1,resize_0.25,0.3901694416999817
data/corpus_smoke/images/FLUX.1-dev/4a/4ae5524c486bf94a532ebfb4585e76bc20b4b719cc30e39c7b1eb7373dd4c5b2.jpg,1,noise_0.02,0.3819147050380707
data/corpus_smoke/images/FLUX.1-dev/4a/4ae5524c486bf94a532ebfb4585e76bc20b4b719cc30e39c7b1eb7373dd4c5b2.jpg,1,noise_0.05,0.3608202636241913
data/corpus_smoke/images/FLUX.1-dev/4a/4ae5524c486bf94a532ebfb4585e76bc20b4b719cc30e39c7b1eb7373dd4c5b2.jpg,1,noise_0.1,0.33999544382095337
data/corpus_smoke/images/FLUX.1-dev/4a/4ae5524c486bf94a532ebfb4585e76bc20b4b719cc30e39c7b1eb7373dd4c5b2.jpg,1,jitter_0.2,0.3859297037124634
data/corpus_smoke/images/FLUX.1-dev/4a/4ae5524c486bf94a532ebfb4585e76bc20b4b719cc30e39c7b1eb7373dd4c5b2.jpg,1,center_crop_0.8,0.40365278720855713
data/corpus_smoke/images/FLUX.1-dev/4a/4ae5524c486bf94a532ebfb4585e76bc20b4b719cc30e39c7b1eb7373dd4c5b2.jpg,1,composed_blur1.0+jpeg70,0.4004822373390198
data/corpus_smoke/images/FLUX.1-dev/4a/4ae5524c486bf94a532ebfb4585e76bc20b4b719cc30e39c7b1eb7373dd4c5b2.jpg,1,composed_resize0.5+jpeg50,0.3924904763698578
data/corpus_smoke/images/FLUX.1-dev/4a/4ae5524c486bf94a532ebfb4585e76bc20b4b719cc30e39c7b1eb7373dd4c5b2.jpg,1,composed_jitter0.2+jpeg30,0.4037015736103058
data/corpus_smoke/images/FLUX.1-dev/4a/4ae5524c486bf94a532ebfb4585e76bc20b4b719cc30e39c7b1eb7373dd4c5b2.jpg,1,composed_resize0.25+blur0.5+jpeg30,0.3989049792289734
data/corpus_smoke/images/FLUX.1-dev/0a/0adb6ee6e1e80452414ad9ead8ea018d82f785972447bca35a6fd703c4525552.jpg,1,clean,0.4241999387741089
data/corpus_smoke/images/FLUX.1-dev/0a/0adb6ee6e1e80452414ad9ead8ea018d82f785972447bca35a6fd703c4525552.jpg,1,jpeg_90,0.41524025797843933
data/corpus_smoke/images/FLUX.1-dev/0a/0adb6ee6e1e80452414ad9ead8ea018d82f785972447bca35a6fd703c4525552.jpg,1,jpeg_70,0.42852216958999634
data/corpus_smoke/images/FLUX.1-dev/0a/0adb6ee6e1e80452414ad9ead8ea018d82f785972447bca35a6fd703c4525552.jpg,1,jpeg_50,0.41894081234931946
data/corpus_smoke/images/FLUX.1-dev/0a/0adb6ee6e1e80452414ad9ead8ea018d82f785972447bca35a6fd703c4525552.jpg,1,jpeg_30,0.41879943013191223
data/corpus_smoke/images/FLUX.1-dev/0a/0adb6ee6e1e80452414ad9ead8ea018d82f785972447bca35a6fd703c4525552.jpg,1,blur_0.5,0.4252837002277374
data/corpus_smoke/images/FLUX.1-dev/0a/0adb6ee6e1e80452414ad9ead8ea018d82f785972447bca35a6fd703c4525552.jpg,1,blur_1.0,0.42942801117897034
data/corpus_smoke/images/FLUX.1-dev/0a/0adb6ee6e1e80452414ad9ead8ea018d82f785972447bca35a6fd703c4525552.jpg,1,blur_2.0,0.44088631868362427
data/corpus_smoke/images/FLUX.1-dev/0a/0adb6ee6e1e80452414ad9ead8ea018d82f785972447bca35a6fd703c4525552.jpg,1,resize_0.5,0.4269591271877289
data/corpus_smoke/images/FLUX.1-dev/0a/0adb6ee6e1e80452414ad9ead8ea018d82f785972447bca35a6fd703c4525552.jpg,1,resize_0.25,0.43330344557762146
data/corpus_smoke/images/FLUX.1-dev/0a/0adb6ee6e1e80452414ad9ead8ea018d82f785972447bca35a6fd703c4525552.jpg,1,noise_0.02,0.41046541929244995
data/corpus_smoke/images/FLUX.1-dev/0a/0adb6ee6e1e80452414ad9ead8ea018d82f785972447bca35a6fd703c4525552.jpg,1,noise_0.05,0.3889630436897278
data/corpus_smoke/images/FLUX.1-dev/0a/0adb6ee6e1e80452414ad9ead8ea018d82f785972447bca35a6fd703c4525552.jpg,1,noise_0.1,0.35774490237236023
data/corpus_smoke/images/FLUX.1-dev/0a/0adb6ee6e1e80452414ad9ead8ea018d82f785972447bca35a6fd703c4525552.jpg,1,jitter_0.2,0.4095038175582886
data/corpus_smoke/images/FLUX.1-dev/0a/0adb6ee6e1e80452414ad9ead8ea018d82f785972447bca35a6fd703c4525552.jpg,1,center_crop_0.8,0.41814184188842773
data/corpus_smoke/images/FLUX.1-dev/0a/0adb6ee6e1e80452414ad9ead8ea018d82f785972447bca35a6fd703c4525552.jpg,1,composed_blur1.0+jpeg70,0.43090763688087463
data/corpus_smoke/images/FLUX.1-dev/0a/0adb6ee6e1e80452414ad9ead8ea018d82f785972447bca35a6fd703c4525552.jpg,1,composed_resize0.5+jpeg50,0.4193308651447296
data/corpus_smoke/images/FLUX.1-dev/0a/0adb6ee6e1e80452414ad9ead8ea018d82f785972447bca35a6fd703c4525552.jpg,1,composed_jitter0.2+jpeg30,0.4060206711292267
data/corpus_smoke/images/FLUX.1-dev/0a/0adb6ee6e1e80452414ad9ead8ea018d82f785972447bca35a6fd703c4525552.jpg,1,composed_resize0.25+blur0.5+jpeg30,0.42453113198280334
data/corpus_smoke/images/FLUX.1-dev/60/6034ad821cd0eb3617eeb731c68d34abce9ae77caef70c66d2b85995e849691f.jpg,1,clean,0.3050382137298584
data/corpus_smoke/images/FLUX.1-dev/60/6034ad821cd0eb3617eeb731c68d34abce9ae77caef70c66d2b85995e849691f.jpg,1,jpeg_90,0.31028029322624207
data/corpus_smoke/images/FLUX.1-dev/60/6034ad821cd0eb3617eeb731c68d34abce9ae77caef70c66d2b85995e849691f.jpg,1,jpeg_70,0.3232898712158203
data/corpus_smoke/images/FLUX.1-dev/60/6034ad821cd0eb3617eeb731c68d34abce9ae77caef70c66d2b85995e849691f.jpg,1,jpeg_50,0.3218548893928528
data/corpus_smoke/images/FLUX.1-dev/60/6034ad821cd0eb3617eeb731c68d34abce9ae77caef70c66d2b85995e849691f.jpg,1,jpeg_30,0.3207361102104187
data/corpus_smoke/images/FLUX.1-dev/60/6034ad821cd0eb3617eeb731c68d34abce9ae77caef70c66d2b85995e849691f.jpg,1,blur_0.5,0.3125063478946686
data/corpus_smoke/images/FLUX.1-dev/60/6034ad821cd0eb3617eeb731c68d34abce9ae77caef70c66d2b85995e849691f.jpg,1,blur_1.0,0.3304232060909271
data/corpus_smoke/images/FLUX.1-dev/60/6034ad821cd0eb3617eeb731c68d34abce9ae77caef70c66d2b85995e849691f.jpg,1,blur_2.0,0.36686983704566956
data/corpus_smoke/images/FLUX.1-dev/60/6034ad821cd0eb3617eeb731c68d34abce9ae77caef70c66d2b85995e849691f.jpg,1,resize_0.5,0.32270416617393494
data/corpus_smoke/images/FLUX.1-dev/60/6034ad821cd0eb3617eeb731c68d34abce9ae77caef70c66d2b85995e849691f.jpg,1,resize_0.25,0.3503200113773346
data/corpus_smoke/images/FLUX.1-dev/60/6034ad821cd0eb3617eeb731c68d34abce9ae77caef70c66d2b85995e849691f.jpg,1,noise_0.02,0.30584585666656494
data/corpus_smoke/images/FLUX.1-dev/60/6034ad821cd0eb3617eeb731c68d34abce9ae77caef70c66d2b85995e849691f.jpg,1,noise_0.05,0.2946261763572693
data/corpus_smoke/images/FLUX.1-dev/60/6034ad821cd0eb3617eeb731c68d34abce9ae77caef70c66d2b85995e849691f.jpg,1,noise_0.1,0.2813604474067688
data/corpus_smoke/images/FLUX.1-dev/60/6034ad821cd0eb3617eeb731c68d34abce9ae77caef70c66d2b85995e849691f.jpg,1,jitter_0.2,0.28996729850769043
data/corpus_smoke/images/FLUX.1-dev/60/6034ad821cd0eb3617eeb731c68d34abce9ae77caef70c66d2b85995e849691f.jpg,1,center_crop_0.8,0.3282589912414551
data/corpus_smoke/images/FLUX.1-dev/60/6034ad821cd0eb3617eeb731c68d34abce9ae77caef70c66d2b85995e849691f.jpg,1,composed_blur1.0+jpeg70,0.3502032160758972
data/corpus_smoke/images/FLUX.1-dev/60/6034ad821cd0eb3617eeb731c68d34abce9ae77caef70c66d2b85995e849691f.jpg,1,composed_resize0.5+jpeg50,0.33659085631370544
data/corpus_smoke/images/FLUX.1-dev/60/6034ad821cd0eb3617eeb731c68d34abce9ae77caef70c66d2b85995e849691f.jpg,1,composed_jitter0.2+jpeg30,0.3142836093902588
data/corpus_smoke/images/FLUX.1-dev/60/6034ad821cd0eb3617eeb731c68d34abce9ae77caef70c66d2b85995e849691f.jpg,1,composed_resize0.25+blur0.5+jpeg30,0.3601286709308624
data/corpus_smoke/images/FLUX.1-dev/b1/b14d6386c271b9db3c42a9c5dda423fc10d0ff20bf29d08d32e5237605f769b2.jpg,1,clean,0.33038973808288574
data/corpus_smoke/images/FLUX.1-dev/b1/b14d6386c271b9db3c42a9c5dda423fc10d0ff20bf29d08d32e5237605f769b2.jpg,1,jpeg_90,0.3365900218486786
data/corpus_smoke/images/FLUX.1-dev/b1/b14d6386c271b9db3c42a9c5dda423fc10d0ff20bf29d08d32e5237605f769b2.jpg,1,jpeg_70,0.34431007504463196
data/corpus_smoke/images/FLUX.1-dev/b1/b14d6386c271b9db3c42a9c5dda423fc10d0ff20bf29d08d32e5237605f769b2.jpg,1,jpeg_50,0.34620293974876404
data/corpus_smoke/images/FLUX.1-dev/b1/b14d6386c271b9db3c42a9c5dda423fc10d0ff20bf29d08d32e5237605f769b2.jpg,1,jpeg_30,0.3459802567958832
data/corpus_smoke/images/FLUX.1-dev/b1/b14d6386c271b9db3c42a9c5dda423fc10d0ff20bf29d08d32e5237605f769b2.jpg,1,blur_0.5,0.33759570121765137
data/corpus_smoke/images/FLUX.1-dev/b1/b14d6386c271b9db3c42a9c5dda423fc10d0ff20bf29d08d32e5237605f769b2.jpg,1,blur_1.0,0.3516525328159332
data/corpus_smoke/images/FLUX.1-dev/b1/b14d6386c271b9db3c42a9c5dda423fc10d0ff20bf29d08d32e5237605f769b2.jpg,1,blur_2.0,0.38253769278526306
data/corpus_smoke/images/FLUX.1-dev/b1/b14d6386c271b9db3c42a9c5dda423fc10d0ff20bf29d08d32e5237605f769b2.jpg,1,resize_0.5,0.34087029099464417
data/corpus_smoke/images/FLUX.1-dev/b1/b14d6386c271b9db3c42a9c5dda423fc10d0ff20bf29d08d32e5237605f769b2.jpg,1,resize_0.25,0.3731546700000763
data/corpus_smoke/images/FLUX.1-dev/b1/b14d6386c271b9db3c42a9c5dda423fc10d0ff20bf29d08d32e5237605f769b2.jpg,1,noise_0.02,0.32687368988990784
data/corpus_smoke/images/FLUX.1-dev/b1/b14d6386c271b9db3c42a9c5dda423fc10d0ff20bf29d08d32e5237605f769b2.jpg,1,noise_0.05,0.3171651065349579
data/corpus_smoke/images/FLUX.1-dev/b1/b14d6386c271b9db3c42a9c5dda423fc10d0ff20bf29d08d32e5237605f769b2.jpg,1,noise_0.1,0.2970699965953827
data/corpus_smoke/images/FLUX.1-dev/b1/b14d6386c271b9db3c42a9c5dda423fc10d0ff20bf29d08d32e5237605f769b2.jpg,1,jitter_0.2,0.32249996066093445
data/corpus_smoke/images/FLUX.1-dev/b1/b14d6386c271b9db3c42a9c5dda423fc10d0ff20bf29d08d32e5237605f769b2.jpg,1,center_crop_0.8,0.33929845690727234
data/corpus_smoke/images/FLUX.1-dev/b1/b14d6386c271b9db3c42a9c5dda423fc10d0ff20bf29d08d32e5237605f769b2.jpg,1,composed_blur1.0+jpeg70,0.3745085597038269
data/corpus_smoke/images/FLUX.1-dev/b1/b14d6386c271b9db3c42a9c5dda423fc10d0ff20bf29d08d32e5237605f769b2.jpg,1,composed_resize0.5+jpeg50,0.35546812415122986
data/corpus_smoke/images/FLUX.1-dev/b1/b14d6386c271b9db3c42a9c5dda423fc10d0ff20bf29d08d32e5237605f769b2.jpg,1,composed_jitter0.2+jpeg30,0.34903478622436523
data/corpus_smoke/images/FLUX.1-dev/b1/b14d6386c271b9db3c42a9c5dda423fc10d0ff20bf29d08d32e5237605f769b2.jpg,1,composed_resize0.25+blur0.5+jpeg30,0.38783642649650574
data/corpus_smoke/images/FLUX.1-dev/24/246e86fe75ff93523659da3bae0d1b585539adc46630e8123ef49b1921468269.jpg,1,clean,0.3675246834754944
data/corpus_smoke/images/FLUX.1-dev/24/246e86fe75ff93523659da3bae0d1b585539adc46630e8123ef49b1921468269.jpg,1,jpeg_90,0.36760213971138
data/corpus_smoke/images/FLUX.1-dev/24/246e86fe75ff93523659da3bae0d1b585539adc46630e8123ef49b1921468269.jpg,1,jpeg_70,0.37101003527641296
data/corpus_smoke/images/FLUX.1-dev/24/246e86fe75ff93523659da3bae0d1b585539adc46630e8123ef49b1921468269.jpg,1,jpeg_50,0.37532302737236023
data/corpus_smoke/images/FLUX.1-dev/24/246e86fe75ff93523659da3bae0d1b585539adc46630e8123ef49b1921468269.jpg,1,jpeg_30,0.3781154751777649
data/corpus_smoke/images/FLUX.1-dev/24/246e86fe75ff93523659da3bae0d1b585539adc46630e8123ef49b1921468269.jpg,1,blur_0.5,0.37221473455429077
data/corpus_smoke/images/FLUX.1-dev/24/246e86fe75ff93523659da3bae0d1b585539adc46630e8123ef49b1921468269.jpg,1,blur_1.0,0.38658982515335083
data/corpus_smoke/images/FLUX.1-dev/24/246e86fe75ff93523659da3bae0d1b585539adc46630e8123ef49b1921468269.jpg,1,blur_2.0,0.4177273213863373
data/corpus_smoke/images/FLUX.1-dev/24/246e86fe75ff93523659da3bae0d1b585539adc46630e8123ef49b1921468269.jpg,1,resize_0.5,0.38085657358169556
data/corpus_smoke/images/FLUX.1-dev/24/246e86fe75ff93523659da3bae0d1b585539adc46630e8123ef49b1921468269.jpg,1,resize_0.25,0.40410640835762024
data/corpus_smoke/images/FLUX.1-dev/24/246e86fe75ff93523659da3bae0d1b585539adc46630e8123ef49b1921468269.jpg,1,noise_0.02,0.36004817485809326
data/corpus_smoke/images/FLUX.1-dev/24/246e86fe75ff93523659da3bae0d1b585539adc46630e8123ef49b1921468269.jpg,1,noise_0.05,0.347850501537323
data/corpus_smoke/images/FLUX.1-dev/24/246e86fe75ff93523659da3bae0d1b585539adc46630e8123ef49b1921468269.jpg,1,noise_0.1,0.317242294549942
data/corpus_smoke/images/FLUX.1-dev/24/246e86fe75ff93523659da3bae0d1b585539adc46630e8123ef49b1921468269.jpg,1,jitter_0.2,0.36200159788131714
data/corpus_smoke/images/FLUX.1-dev/24/246e86fe75ff93523659da3bae0d1b585539adc46630e8123ef49b1921468269.jpg,1,center_crop_0.8,0.39631387591362
data/corpus_smoke/images/FLUX.1-dev/24/246e86fe75ff93523659da3bae0d1b585539adc46630e8123ef49b1921468269.jpg,1,composed_blur1.0+jpeg70,0.39543119072914124
data/corpus_smoke/images/FLUX.1-dev/24/246e86fe75ff93523659da3bae0d1b585539adc46630e8123ef49b1921468269.jpg,1,composed_resize0.5+jpeg50,0.38920924067497253
data/corpus_smoke/images/FLUX.1-dev/24/246e86fe75ff93523659da3bae0d1b585539adc46630e8123ef49b1921468269.jpg,1,composed_jitter0.2+jpeg30,0.38288062810897827
data/corpus_smoke/images/FLUX.1-dev/24/246e86fe75ff93523659da3bae0d1b585539adc46630e8123ef49b1921468269.jpg,1,composed_resize0.25+blur0.5+jpeg30,0.4105590283870697
