image_path,label,cell,score,source
data/corpus/images/OpenImagesV7/68/681062edd02e32d34f62fcaf2a2fd406d5e2e01bcdcc8c46ab51b218c99e1e6c.jpg,0,clean,0.953003227710724,OpenImagesV7
data/corpus/images/OpenImagesV7/ce/cea7d5034b3264a4f7965d557fe633ab410eb334f0f1c0ae667c806f747b0d22.jpg,0,clean,0.915661871433258,OpenImagesV7
data/corpus/images/Unsplash/b0/b0fffc7ef51ef08c900c913775c9a1885e9c433487d145b1064560c4e05fe71f.jpg,0,clean,0.90461403131485,Unsplash
data/corpus/images/Megalith-Flickr/34/3475677bb4a2172e9d7a1d5b02ad25bbb5d4a66d8641679106ffa344e35a5a27.jpg,0,clean,0.8869667053222656,Megalith-Flickr
data/corpus/images/Unsplash/2e/2eebe1a9eaaea8e2fd21099a3b32371c8e975ad337655437d22d60097edb8c8b.jpg,0,clean,0.8781470060348511,Unsplash
data/corpus/images/Megalith-Flickr/0e/0eedad89c6fec746aeeb310426e195a968bc81e8cd8425b8d2753306760b7986.jpg,0,clean,0.8196608424186707,Megalith-Flickr
data/corpus/images/Unsplash/d8/d872a1d78574ae1fa16f8241ec37387facb96cb846f4ad9fb9324897f79a4d27.jpg,0,clean,0.8185800909996033,Unsplash
data/corpus/images/Megalith-Flickr/f2/f24202f1b04417ddbae8cd3653396917db9ca4ea380a408a75e4a8d9904f7f4c.jpg,0,clean,0.7885332107543945,Megalith-Flickr
data/corpus/images/Unsplash/59/59203526664ed75b943948e92b6dcd464a0ef68690f55aec3ddfeede336946af.jpg,0,clean,0.7742713689804077,Unsplash
data/corpus/images/Unsplash/ca/ca979c8d40ad417c5eaaa704f47101f9fad239731d296a229a10024a79a498f8.jpg,0,clean,0.7479923963546753,Unsplash
data/corpus/images/Unsplash/5a/5ab8928a1117f4b5f3023920a6ec94c29126033910c0359c00ae162c6c955faa.jpg,0,clean,0.7417677044868469,Unsplash
data/corpus/images/OpenImagesV7/ef/efd2eda566e6ed425b0f41266baaa600e40497a8fbc9e6a7d4b77eb7ab382fd7.jpg,0,clean,0.7139527201652527,OpenImagesV7
data/corpus/images/OpenImagesV7/83/83aa7bd0be20684ebb973b18a943d9281f242b5a6385305f6533e3eea69e0dee.jpg,0,clean,0.7119828462600708,OpenImagesV7
data/corpus/images/OpenImagesV7/79/796cb65702c57802e7c9ced02c6c7367dd9f733e8f5567225d8a89dc58c50511.jpg,0,clean,0.711974561214447,OpenImagesV7
data/corpus/images/Megalith-Flickr/6c/6ca6be6bc05881994294daebf31b7f976fb9f2f782b8ae3488408565e4436607.jpg,0,clean,0.7046685218811035,Megalith-Flickr
data/corpus/images/OpenImagesV7/3d/3d23518359931d119e99a37e641d1c556f5396a15224ba4a3137f18fd9a09a94.jpg,0,clean,0.7036208510398865,OpenImagesV7
data/corpus/images/Unsplash/f1/f1a6ac3fbeb0aa817a628cb54b10572ecf5a02c08f30074e114c115fa8889394.jpg,0,clean,0.6807883381843567,Unsplash
data/corpus/images/Megalith-Flickr/4f/4f0ce104e9529d849a0b7f9d38376c396c4801c918fdc94302702febcbdfaffc.jpg,0,clean,0.67516028881073,Megalith-Flickr
data/corpus/images/Unsplash/10/10f0cb22e1c52db2c817715092c001a403c2404120d213fab4f3cd0494772cb4.jpg,0,clean,0.672199010848999,Unsplash
data/corpus/images/OpenImagesV7/9c/9c03b17ad8192d66807b072841006f32662527714fafafb3fbaf071e5907ba35.jpg,0,clean,0.6691623330116272,OpenImagesV7
data/corpus/images/OpenImagesV7/98/98fdb02f1a8a71089df48194d00d8f83d977fe3a2952ba59d2ef282eb526ba0e.jpg,0,clean,0.6681903600692749,OpenImagesV7
data/corpus/images/OpenImagesV7/eb/ebe2f3b58c5f8d1fcd0b0f62969f92414dfab9e989a1e39ccc1c5c523fe9ae94.jpg,0,clean,0.6655069589614868,OpenImagesV7
data/corpus/images/Unsplash/c3/c39d94f4e79acd85bf4c267dc1cb6e5af790811baba41725122aa0c9251e72e8.jpg,0,clean,0.6651422381401062,Unsplash
data/corpus/images/Megalith-Flickr/a7/a70f47a08237c22c77f92f0b9afe0979de6ee1a3b15587c6f10d9fb6778c0636.jpg,0,clean,0.664503276348114,Megalith-Flickr
data/corpus/images/Megalith-Flickr/4f/4f35204fae611f92155d06aaa7848083bc5362be7e6aedc7270f87aec30c684b.jpg,0,clean,0.6579819321632385,Megalith-Flickr
data/corpus/images/Megalith-Flickr/5b/5b1ba076033c1a50ca19fbc8c766a0f57b64d005f24682e2f0b9e8d38a3f6845.jpg,0,clean,0.6577401161193848,Megalith-Flickr
data/corpus/images/Unsplash/39/39da430041c121ef61eaaf2d692f0351b075fdc143e3dee15c1c53fb9a8e85e9.jpg,0,clean,0.6538808941841125,Unsplash
data/corpus/images/Unsplash/4d/4d81be6f5d29f1f344d38ed0ee7674b4d386a16f9dc4a7d53ae4873fb5138705.jpg,0,clean,0.6300531029701233,Unsplash
data/corpus/images/Unsplash/15/15216618d6f6f9d2846f12454141f24ac59cd2b15ffa852f81c9e61b7104d880.jpg,0,clean,0.6261659860610962,Unsplash
data/corpus/images/OpenImagesV7/6a/6aceb3f24a4508afe91c212356ff15ef282711ff81f6da499926e5bf2e515777.jpg,0,clean,0.6180950403213501,OpenImagesV7
data/corpus/images/OpenImagesV7/c0/c029ac5f15db0c2aa4683fc3c18cc1ad1dd1b9000cdb6f585e4570b677a68f57.jpg,0,clean,0.6160320043563843,OpenImagesV7
data/corpus/images/OpenImagesV7/11/11528bfad7cf1568ebb229161d7b4f31b03f0f9eef770222e6dd6291d31a7d13.jpg,0,clean,0.6061198711395264,OpenImagesV7
data/corpus/images/Unsplash/a2/a29f3a930c50d80d78aab52cfd7b4f9a5aaa0171fd471a1144464a09654a295c.jpg,0,clean,0.6005093455314636,Unsplash
data/corpus/images/Megalith-Flickr/ae/ae68334adb3afa396d30dd6777bc727a283cfd713064f153491bd14e6ed2f88d.jpg,0,clean,0.5966882705688477,Megalith-Flickr
data/corpus/images/OpenImagesV7/ec/eca0165fe7ad1ffd52f42465bf2bc3869707afb9421df53b658dae564b4b6dee.jpg,0,clean,0.5810653567314148,OpenImagesV7
data/corpus/images/OpenImagesV7/88/880aa431d4b3b3d90564f4190e15271cec3fa6fff8c03e4781fe4cf1558155dc.jpg,0,clean,0.5773442983627319,OpenImagesV7
data/corpus/images/Megalith-Flickr/f0/f024e758f43edc0b0cc3ad7456f32b0e31429abf9e74e78faf372a7643f44c68.jpg,0,clean,0.5770726799964905,Megalith-Flickr
data/corpus/images/Megalith-Flickr/ae/ae9d42f185c3362a2bbc947485d55501f96d1d2b46c4d4dd80bcc520a6c23d2f.jpg,0,clean,0.5727553963661194,Megalith-Flickr
data/corpus/images/OpenImagesV7/07/076f9bd8d463aebd2acf13d86ac5905e0526461cd628c829a08958bbd642003b.jpg,0,clean,0.5692409873008728,OpenImagesV7
data/corpus/images/OpenImagesV7/ea/ea0599c8df20c2d51bcb54f16649fa9c5a3392a082fb8bb6bdcfb7664f5a228c.jpg,0,clean,0.5564884543418884,OpenImagesV7
data/corpus/images/OpenImagesV7/b7/b74631ef1efde5b284f51712df39ef0ca0db08dc3fab2cad12cec3adea220dbb.jpg,0,clean,0.553313672542572,OpenImagesV7
data/corpus/images/Megalith-Flickr/d5/d5c4c694698f8689075b5a64bd5710f697fba7246918897025792824e90ca1ee.jpg,0,clean,0.5522304177284241,Megalith-Flickr
data/corpus/images/OpenImagesV7/de/de02fd717244a48cd4c728244cb79861722da06973dbf3dcca9ba9af878e0781.jpg,0,clean,0.5515385866165161,OpenImagesV7
data/corpus/images/OpenImagesV7/0e/0e0ac72683586218a6b8d722471b01145b37f9206a95e6351e733606436cc5d5.jpg,0,clean,0.5514898300170898,OpenImagesV7
data/corpus/images/OpenImagesV7/46/4669529ae560549de2485c3fc68d1b39e1ec544e95594948f04497fb5735dc2a.jpg,0,clean,0.5491111278533936,OpenImagesV7
data/corpus/images/Megalith-Flickr/42/4297c8173ea0e153e687545084bb3fd2be48afb3aab5c6e9fe2bc7e5bbd50383.jpg,0,clean,0.5397088527679443,Megalith-Flickr
data/corpus/images/OpenImagesV7/ab/ab2fe9b521a0e15855b47315c6c4cf491d37cb1ae0727ecf03b5eab02fd93847.jpg,0,clean,0.5360701680183411,OpenImagesV7
data/corpus/images/Megalith-Flickr/28/286296189e5efb940ac94a3826c601bfac0737f6777dce0d068986cc34dbf31a.jpg,0,clean,0.5341172814369202,Megalith-Flickr
data/corpus/images/OpenImagesV7/20/205d8b9a6b45d5162964f8548bca4296ae39f78869cddb2550e4e563b6e7f493.jpg,0,clean,0.5335336327552795,OpenImagesV7
data/corpus/images/Megalith-Flickr/52/52324c149d47f2d188cf7a336ddef95f934c7d61dc46a73cd20853f8cbc30090.jpg,0,clean,0.532995879650116,Megalith-Flickr
data/corpus/images/OpenImagesV7/0c/0cd88f441b3c356f8e4e97ee49c9bcd575cb9dbb5efba4b13a5138282fe8fba6.jpg,0,clean,0.5324569344520569,OpenImagesV7
data/corpus/images/Megalith-Flickr/2e/2e6eb1e0a15f3ed7349b00d978200f1ff2bd57faed91a3a79d5f91316f896663.jpg,0,clean,0.5265792608261108,Megalith-Flickr
data/corpus/images/Unsplash/67/677ed7f4148116b5ad36db183bd93f9148fae920e890cbc5afdacd2dcd2e1285.jpg,0,clean,0.5263011455535889,Unsplash
data/corpus/images/OpenImagesV7/47/47248a9875d34bfaa758fc5d6a20c4f3d8edf526e89cf16273b85e0b5a581d65.jpg,0,clean,0.5259937644004822,OpenImagesV7
data/corpus/images/OpenImagesV7/25/25c34ff609adcb272c1daab20cc2f5fc8a0f46a0e9c36a50de351460f10dac33.jpg,0,clean,0.5177837014198303,OpenImagesV7
data/corpus/images/Unsplash/19/1969f086cdfa7b340b7f2891442a9ce5d0fec2a12b884c3674d201adea87f463.jpg,0,clean,0.5164484977722168,Unsplash
data/corpus/images/Unsplash/ed/ed4076f4c8f2c50d8fe112630efa1861359974457e85c863de4dce79ececd135.jpg,0,clean,0.5149277448654175,Unsplash
data/corpus/images/OpenImagesV7/80/80c668961a8c7427e81f23e16b979f645fd78565b4a4963d504b21cb9a2d6964.jpg,0,clean,0.5102662444114685,OpenImagesV7
data/corpus/images/Megalith-Flickr/7d/7d9fb65b896df50d33d2857bc0f9c2553a03c8665a9cc70ab6d54ca45691b7b0.jpg,0,clean,0.505625307559967,Megalith-Flickr
data/corpus/images/OpenImagesV7/b9/b9790fe63cdd0583d149cc6d767c02a2ca8f2798b9722c01046ffb5fcd865436.jpg,0,clean,0.5027692317962646,OpenImagesV7
data/corpus/images/Megalith-Flickr/ab/ab2ed416b3522d7816164ca592d45eeb2ccd21519f0b05216db7b2e629c00cad.jpg,0,clean,0.4994373619556427,Megalith-Flickr
data/corpus/images/Megalith-Flickr/d5/d5b94e8865c4933382c91e34c7c027ddacde6532dc6a171b289dc82c500df0b8.jpg,0,clean,0.4972807466983795,Megalith-Flickr
data/corpus/images/Unsplash/de/dec72bc10db38ddac335dbd78d746898bbd9a1b0b8a18b4cae238aa3e7d7fbb0.jpg,0,clean,0.4895299077033996,Unsplash
data/corpus/images/OpenImagesV7/87/875643ad356ca92d9ffc70c1729c7b53ce462fe7ea19fbffaccc66dbfeee1cc8.jpg,0,clean,0.4849081337451935,OpenImagesV7
data/corpus/images/OpenImagesV7/1c/1c8aea85aeff440fe87931ea3b5bbbe5e7cfbc9a2c8feb862a267f78343f5138.jpg,0,clean,0.4805572926998138,OpenImagesV7
data/corpus/images/Megalith-Flickr/d5/d5ff8628494e3d2b31565b172f628b2ad0c2e2bebf5fe9ea76399543471c5762.jpg,0,clean,0.479209154844284,Megalith-Flickr
data/corpus/images/Unsplash/db/db507196e6db6a2997a8369d8ddd29a16a03e5006791156c1bdf52e0af9969e9.jpg,0,clean,0.4778600633144378,Unsplash
data/corpus/images/Unsplash/f0/f076820287593743a278b101e09959849b149059a1051a3a123295a5d0c55a44.jpg,0,clean,0.4774615466594696,Unsplash
data/corpus/images/Unsplash/06/069021dc45da4d53de2d7651afd59177dd86ad43297d4f01fdaf891276aaa024.jpg,0,clean,0.4762120842933655,Unsplash
data/corpus/images/OpenImagesV7/14/1439944d198c6981167c877a395afe5cd1402d47797b0ce1ec1d1b701f11dcf3.jpg,0,clean,0.4754856824874878,OpenImagesV7
data/corpus/images/OpenImagesV7/d7/d79dcae958d64cd561ba03e0fda0014d8d2b4df7b4f5492b70a859c0df0477b6.jpg,0,clean,0.4595644474029541,OpenImagesV7
data/corpus/images/Unsplash/6a/6afb46caab5c014ab1d5dc30c5929cba4399f9ccc61deb81dc813c8fc9d3da08.jpg,0,clean,0.456530749797821,Unsplash
data/corpus/images/OpenImagesV7/fa/fae2668590c1e7a536e24f970d9d0cdc67ab0b9c037a3a76d3c0f56e83dfdc4d.jpg,0,clean,0.4536132514476776,OpenImagesV7
data/corpus/images/Unsplash/9d/9dfc680a81f2492ee33534561b855663992bd28872d4bca231c83b7d35566fed.jpg,0,clean,0.4532033801078796,Unsplash
data/corpus/images/OpenImagesV7/0d/0d31b3964e4ad94a3b52095ea3967d3152965d1114daa0de3a9594510788e541.jpg,0,clean,0.4514586329460144,OpenImagesV7
data/corpus/images/Unsplash/d7/d772699e0614e0e7c84ff01b9b7cd48b6f643060059d2633654b1492029f1be0.jpg,0,clean,0.4501558244228363,Unsplash
data/corpus/images/Unsplash/45/45baf21205e809ba41858779498a726181e150fd522cccc33cf9d7b82883ce41.jpg,0,clean,0.4498684108257293,Unsplash
data/corpus/images/Unsplash/54/54bc40f47da716bb087cf4360138039abc489a34e1da73f0085c421f1ae662d3.jpg,0,clean,0.4489845037460327,Unsplash
data/corpus/images/Unsplash/31/313b982180266e8e57ed28b6086808f53c988eb72e63ad31b0beac20ff1f6acf.jpg,0,clean,0.447525143623352,Unsplash
data/corpus/images/Megalith-Flickr/74/745b190c55b7deae15ee7b74aa1f4963256f9f79c95a28f66fb5e0a945480a86.jpg,0,clean,0.4457390904426574,Megalith-Flickr
data/corpus/images/Unsplash/19/1912f6fa4a71532c450939274ad2e5f142528474e97b50b5ef5277a831e9b763.jpg,0,clean,0.4416009783744812,Unsplash
data/corpus/images/OpenImagesV7/eb/eba4b123fad0d01861f53beb68a52c663e1408ca210cd385b01c7bdf43ecca90.jpg,0,clean,0.4412132799625397,OpenImagesV7
data/corpus/images/Unsplash/65/65b2613a29d0b7e39ae3e696ae4ced68daec6275c22e51f4e9ee960a5d176ddd.jpg,0,clean,0.4410129487514496,Unsplash
data/corpus/images/OpenImagesV7/c9/c947d2f390212f53ceedb150969c61ca7b0f38fbfe53e1f7c30425ea54818664.jpg,0,clean,0.4401995539665222,OpenImagesV7
data/corpus/images/Megalith-Flickr/ae/aecfc54cd0ca96cb86834d25958152f9bb91f7ced0b543a2fca2edd29ae61244.jpg,0,clean,0.4376963376998901,Megalith-Flickr
data/corpus/images/Unsplash/51/5122e1849d42c2a0c3ba7599d2fe30f906c6d4e06fffa8710791eea63fe4c533.jpg,0,clean,0.4372533857822418,Unsplash
data/corpus/images/Megalith-Flickr/0a/0a12dc0014a147e4236f56145d77ce2f9b27646314989971705e790b545532ff.jpg,0,clean,0.4357345402240753,Megalith-Flickr
data/corpus/images/OpenImagesV7/8a/8a3eb1b29e560aa325c493fbcfc0c349e04b99c7f8873b2e72632ed83f850b72.jpg,0,clean,0.4334359765052795,OpenImagesV7
data/corpus/images/Unsplash/b0/b0dd28da2bd1c68113bcc20e94504e0b7cb3546bc3a7d626a47488793ab28495.jpg,0,clean,0.4314455687999725,Unsplash
data/corpus/images/Unsplash/cc/cc6e1b601510595e0da0cfbb5d6a7507efef2d29eb9e50ccc80a9bcf530efe0c.jpg,0,clean,0.4287362396717071,Unsplash
data/corpus/images/Unsplash/47/47ee21c38218560d61ca64e7904febba7153bc7258d035ad84a349d13e84d1bd.jpg,0,clean,0.4287219941616058,Unsplash
data/corpus/images/Megalith-Flickr/d8/d8ab254880ead57fc53f819e2c6da25c7411f0bdd0ed6791c48ad7e5b66f901c.jpg,0,clean,0.427527517080307,Megalith-Flickr
data/corpus/images/Megalith-Flickr/c2/c2cd2d8f258fa1f36f960e8372475834f0c2e674f5ab662f4e7ac5e2c06a2610.jpg,0,clean,0.4267464578151703,Megalith-Flickr
data/corpus/images/Unsplash/0a/0a51e0211148f37fe4c491f412aca1f378bffefb015199abe70eb062b6783232.jpg,0,clean,0.4261428415775299,Unsplash
data/corpus/images/Unsplash/41/41715d0c56d1f6e64e68ae6543041a7eb8f73537b1cdfda249fbb3a2d71d6582.jpg,0,clean,0.4194726049900055,Unsplash
data/corpus/images/OpenImagesV7/dc/dc6d1db49a6ff3360fabf302b22dc88dc1200f66457ea3e3c5b697bf78dcb427.jpg,0,clean,0.4192677140235901,OpenImagesV7
data/corpus/images/Unsplash/9d/9daf8ad2ddb4e3d97d29f1253a1c686e36b531d7a17aa0a4a10bda5f369232b6.jpg,0,clean,0.4169451892375946,Unsplash
data/corpus/images/OpenImagesV7/8f/8f3b59b821305078e79b78001d0947b66d2f330d42ef3e69e6f46ba85df0fc84.jpg,0,clean,0.4141939878463745,OpenImagesV7
data/corpus/images/Unsplash/e0/e0d34aaaeaf2a3121a1518d9530d598330e148d439c38d2c8a4028dd26e5c268.jpg,0,clean,0.4114784896373749,Unsplash
data/corpus/images/Megalith-Flickr/77/77f9d316e02e4fa0eef9e8df385758f9771aa712f20a0876a9b384ac55ed926e.jpg,0,clean,0.4052035510540008,Megalith-Flickr
data/corpus/images/Unsplash/07/07ef14e099cf7d991f054792eda206cfe815ce41a1136de1ee60d0d002663e77.jpg,0,clean,0.4044996201992035,Unsplash
data/corpus/images/Unsplash/00/00a0ebcc69518232f71849c301b4d0d939650b628ab1821fae5258dd4fdb8751.jpg,0,clean,0.4001644849777221,Unsplash
data/corpus/images/Unsplash/16/16e50a6b2bffb0634ae29ddbd0ab6c650b284c3181b3fabec07f7083c4e65279.jpg,0,clean,0.4001501202583313,Unsplash
data/corpus/images/Megalith-Flickr/28/280e8d8bf3617e511c117e8e8cae0cbef5e67afa7708c59cc02dc062ffbf4bf2.jpg,0,clean,0.3989111185073852,Megalith-Flickr
data/corpus/images/Megalith-Flickr/2e/2e0838529003f8de8d239e550ffe8e24f999dcf148612e01069d7d94434a0f73.jpg,0,clean,0.3981204330921173,Megalith-Flickr
data/corpus/images/OpenImagesV7/63/63ddbe2388bc0afaabfbfc4dc13de88a6b33f7318ca1ad33f121c00d8d538738.jpg,0,clean,0.3977956175804138,OpenImagesV7
data/corpus/images/OpenImagesV7/70/70430952cd8caa7933b485662c96b73a012b70db8cd17eccbf86b3af579ea825.jpg,0,clean,0.396552562713623,OpenImagesV7
data/corpus/images/OpenImagesV7/a8/a8fb807c4584bc5ba4b43a8b5fddc8aeb7762a5ac96e0131a735489ca5778af4.jpg,0,clean,0.3961840867996216,OpenImagesV7
data/corpus/images/Unsplash/fa/fa2b6c293cfa36e49f961ac3fedddb817a3b5c2efafa773a8b33c4754db91be9.jpg,0,clean,0.3909462392330169,Unsplash
data/corpus/images/Unsplash/6f/6f15cbeca4691dca9ac781217c1cbc3446b7a555ebe7b16c4bcf0465169317b8.jpg,0,clean,0.3906062841415405,Unsplash
data/corpus/images/Unsplash/3d/3d36ccef834bfe0acd26c84139988b8f3bf2d717255379fb23babdadd29166eb.jpg,0,clean,0.3859415352344513,Unsplash
data/corpus/images/OpenImagesV7/52/52c8b5b117a3b5838d2a5e455dca2e3d85e024d92cbe59e2b448b98aa72783af.jpg,0,clean,0.3828700482845306,OpenImagesV7
data/corpus/images/Unsplash/46/4689984b18d7bb569d7b27d1f941ab5d192b45f0e52118be6f220d10e7d68860.jpg,0,clean,0.3818852305412292,Unsplash
data/corpus/images/OpenImagesV7/1a/1a3d24e7046a5582f7baca09baeda7c4724c81224d4c04df36af1e98a5bcecc5.jpg,0,clean,0.3811772763729095,OpenImagesV7
data/corpus/images/OpenImagesV7/a7/a73df1695a4944093e2dcda77d2fbc6a27700116657d50f2855ae7712412a601.jpg,0,clean,0.3805826902389526,OpenImagesV7
data/corpus/images/Unsplash/d5/d5f2bba3960f8ccc4db009d15f040b50df5a22255cff656992289b1266db8dcf.jpg,0,clean,0.3722617030143738,Unsplash
data/corpus/images/Megalith-Flickr/8d/8df9aac87bde3e6570ef2ff1d1cbcdb338326ee5b0b1af0280daa842d0d9c2f2.jpg,0,clean,0.3714688122272491,Megalith-Flickr
data/corpus/images/OpenImagesV7/80/80e6ea16aa1b573429e26107cdafc9faadd77212079b38f7ee56354569dd17b7.jpg,0,clean,0.3711737990379333,OpenImagesV7
data/corpus/images/OpenImagesV7/ec/ece3da6a95d9d8d4ed6209e6f5c5ef924a11829ed1af8ff29b2770fa29779a6b.jpg,0,clean,0.3703930974006653,OpenImagesV7
data/corpus/images/Unsplash/e6/e67160899e6ad77cd3173e990565d3f539598b9f4b98b5c340fc8d43c20cc033.jpg,0,clean,0.3679825663566589,Unsplash
data/corpus/images/Megalith-Flickr/8c/8c0475012e57462bc206ee579a149113f8b5e5e389b1568219cd045b0de7f725.jpg,0,clean,0.3649506270885467,Megalith-Flickr
data/corpus/images/OpenImagesV7/1e/1e228bf3cfe8b527e453fc8043e0e6060194c7387f6c0a50ecdef0005908f3ec.jpg,0,clean,0.363440990447998,OpenImagesV7
data/corpus/images/Megalith-Flickr/b1/b1a16dbd3d04813a9f69a2f9066a15d8f14e4da2ae70070350446717b9b6ceff.jpg,0,clean,0.3627671301364898,Megalith-Flickr
data/corpus/images/Megalith-Flickr/e3/e362680f715c94d97954e435fb8d130537a23ae0f0aca0a07539a53ab7870f8a.jpg,0,clean,0.3623747825622558,Megalith-Flickr
data/corpus/images/Unsplash/36/36de11fe4173ffe8ccf3dbfeb3d1b6015ff327c5522970a46d50652394f7d41a.jpg,0,clean,0.362023115158081,Unsplash
data/corpus/images/OpenImagesV7/ad/add7c438061ff8a71a2bfd531fb4f76bc070ae38046f9b37266346f561ca7198.jpg,0,clean,0.3597831726074219,OpenImagesV7
data/corpus/images/Unsplash/d9/d98646f3651a13371f7e76438eabad68b5d6880c6b41d86dfe4d270d4159affb.jpg,0,clean,0.3580190539360046,Unsplash
data/corpus/images/Unsplash/e8/e880a1876beea3f38d635f3406f8c02e5bf3b4b1b8bef2b52132059254e6d61a.jpg,0,clean,0.3569491803646087,Unsplash
data/corpus/images/Unsplash/2d/2d75093308361ff95241ea8115803ca38b27d23bd627baa2ea9879306b9f5b29.jpg,0,clean,0.3538868725299835,Unsplash
data/corpus/images/Unsplash/e6/e6bf72bc450b92241e02fa1a107d303d7d21995b7844a8c28ac57b27e5846543.jpg,0,clean,0.3533683121204376,Unsplash
data/corpus/images/OpenImagesV7/09/099afdc95610fcc826ae445ce241d1c5577457d86d7a75c611117e1c72d9d792.jpg,0,clean,0.349965363740921,OpenImagesV7
data/corpus/images/Unsplash/7d/7d3eb6c27bb604f9f58edeb1cf0f0cc05af9f2890fecf7d743e949af1db12cd0.jpg,0,clean,0.3487117290496826,Unsplash
data/corpus/images/Unsplash/ef/efda64434cd8a040dc8b4b1a8788a79396195d1329cffa25b26f514519b0fcba.jpg,0,clean,0.3476312756538391,Unsplash
data/corpus/images/OpenImagesV7/7a/7adc5e18731718053cb3eab8478b49232a3a8f03724f5b1f982ff02dbdb26859.jpg,0,clean,0.3454725444316864,OpenImagesV7
data/corpus/images/Unsplash/b5/b58f325ba9ebb79c130cc37ec26d681f9a103e47a775fb44cbc31452fba157de.jpg,0,clean,0.3449081182479858,Unsplash
data/corpus/images/Unsplash/61/61ec10c1a70005d28d6e9f0112c900e5df9334bcb9cf7621496e70fe43e36f0c.jpg,0,clean,0.3440166413784027,Unsplash
data/corpus/images/Megalith-Flickr/33/33e5a5432a97ea47bf136ec87070c32f40a119794887cd2018e0c635e219b48f.jpg,0,clean,0.3431467413902282,Megalith-Flickr
data/corpus/images/OpenImagesV7/cf/cfbc47dadc7e19de9503c3af18fb221bc345fe439a75a6bf33def35691195e72.jpg,0,clean,0.3424360454082489,OpenImagesV7
data/corpus/images/Unsplash/ed/ed23bc703da5a231100998cde2b9524df9fa3f9aeaef6dcb137dea9fac501824.jpg,0,clean,0.3418375253677368,Unsplash
data/corpus/images/OpenImagesV7/18/18bc65324393a436cd211880d8005d051e426caaac727a29ebe962146c6c1fba.jpg,0,clean,0.3415130376815796,OpenImagesV7
data/corpus/images/Megalith-Flickr/30/3045370a4777b873a976196dbc7c57e0a9532899ec69e1970542d4f5f17168d5.jpg,0,clean,0.3398098349571228,Megalith-Flickr
data/corpus/images/OpenImagesV7/3e/3ebee86304441a6c9ab948e94e63a70d78d91bda4373cbc40528194708fec7f8.jpg,0,clean,0.3367741107940674,OpenImagesV7
data/corpus/images/Unsplash/59/590ea73e533159d50e4447d27d38dd31554b6382aae27a725cedf013c5acd0de.jpg,0,clean,0.3361152410507202,Unsplash
data/corpus/images/OpenImagesV7/4a/4a1f737a1164b7f7292f9a1a04833a2e8e502889e37f7dc4f76b7b119bb7b094.jpg,0,clean,0.3358550667762756,OpenImagesV7
data/corpus/images/OpenImagesV7/6c/6cc527322ac98724bbaeda36b80f7ca2c33f4abb0b836a9e244ad5803ea6b130.jpg,0,clean,0.3353897035121918,OpenImagesV7
data/corpus/images/Unsplash/62/6200f941cee56b58830793985a9af6e23e541878df6db56b38fa511b69cdcc21.jpg,0,clean,0.3348180651664734,Unsplash
data/corpus/images/Unsplash/8f/8f1d62f8cad516cab68cb33c9fee9ecbcd328e31142604d2f203e5df1da9d0a0.jpg,0,clean,0.3335697948932647,Unsplash
data/corpus/images/Unsplash/83/834b1779fee72c931d27c5d54278656a46ef37fe3957183ddec6640dd8787663.jpg,0,clean,0.3316224813461303,Unsplash
data/corpus/images/Unsplash/1e/1e1a12d2de676a1c992179f8794926b8d8a6fdaab78f4f67508cf26cf7dfa19f.jpg,0,clean,0.3302541673183441,Unsplash
data/corpus/images/OpenImagesV7/69/698254f17018657f1af944e212a26e2d29ddd43879740ee093cb8c21f3b45403.jpg,0,clean,0.3286215662956238,OpenImagesV7
data/corpus/images/Unsplash/57/57ecac6a8b2cfd4836314fa3ccc00be9a5c073060d2bf4a544eec3bc23fdb152.jpg,0,clean,0.3238643109798431,Unsplash
data/corpus/images/Unsplash/d6/d6adb9b17dec94dacd8b0179119c5f1eaa98613d4747b0a3d48e717cf9d98b66.jpg,0,clean,0.322787195444107,Unsplash
data/corpus/images/OpenImagesV7/2d/2dfa28dcdcdd74ac691fa370b68bbd7a6799d9e224c50c9e309d171c0492c8e0.jpg,0,clean,0.3204181790351867,OpenImagesV7
data/corpus/images/Megalith-Flickr/7f/7f9894e4e43bdd4267859037800017db26d638fc14dcfd974a4b34163636f560.jpg,0,clean,0.3186373114585876,Megalith-Flickr
data/corpus/images/Unsplash/09/09d75b0e925022074f01d4ded296db6f01c835aba43fbf36507e852e3a44472a.jpg,0,clean,0.3180859386920929,Unsplash
data/corpus/images/Unsplash/5e/5e245f1cfed268111a7d6c04e1bf0e8a878474f4d21a4107adbde20ecd716604.jpg,0,clean,0.3178763389587402,Unsplash
data/corpus/images/Unsplash/84/84db451ab357eb445522b69c318656bd78ac69253ff50e81803c07008a93efb4.jpg,0,clean,0.3174687922000885,Unsplash
data/corpus/images/OpenImagesV7/0c/0c58a1366e9c3af89196410f9addc7792098dc8a4bd6c1c16e0098a32e21f7bd.jpg,0,clean,0.3171843886375427,OpenImagesV7
data/corpus/images/Megalith-Flickr/19/19ebc4f6babe0f60c0495398f4c82b14bab06099908201cffda990d3f7678b97.jpg,0,clean,0.3162282109260559,Megalith-Flickr
data/corpus/images/Unsplash/9a/9aba2a8d89fbd7298cf04463ad867caac91c1f14bae8561ca0e887cd2caaa635.jpg,0,clean,0.3154129683971405,Unsplash
data/corpus/images/Megalith-Flickr/39/39e6c29e94252a749dca2092e6e1d5eb9128232fcd54c2052940780a3698985b.jpg,0,clean,0.308545857667923,Megalith-Flickr
data/corpus/images/Unsplash/ce/ce6c830a1d5d24b9c11bef97ad91b1e9ce0ff8f917cd6a3f7c608ea5ef5fd607.jpg,0,clean,0.3084115087985992,Unsplash
data/corpus/images/Megalith-Flickr/e7/e74fcb3da9df10acdcdf8674214f2ed9e803fd2fcec1c9de86b5ea0626df3ef1.jpg,0,clean,0.3024351894855499,Megalith-Flickr
data/corpus/images/Megalith-Flickr/57/577b043fc355cdaf352983bb7f33daa4ef80a79d23203d329a3fae9a891cf0d8.jpg,0,clean,0.3007407784461975,Megalith-Flickr
data/corpus/images/Megalith-Flickr/74/74351e1085215debd4d0055f8aae56784cc3d692b50e2ccf31acf01d57068dd0.jpg,0,clean,0.2993859350681305,Megalith-Flickr
data/corpus/images/Unsplash/d3/d3cc209982b8e2a4cab4709a5f1cc69e4051d2172400666505ede17cafad93ef.jpg,0,clean,0.2992963790893554,Unsplash
data/corpus/images/Unsplash/11/114d4ed5ac95b48ddbbca1d2f1875deb8444133214d314b73323311af6c43bef.jpg,0,clean,0.2989432513713836,Unsplash
data/corpus/images/Unsplash/b7/b72830afda473276181630a401fdc4fd77fa285933a133f9da1f9bb354c78267.jpg,0,clean,0.2973822951316833,Unsplash
data/corpus/images/Unsplash/7b/7bc2de39d5958f212d44dccd3d0cb5a38d7360a00e23f581b06bc4350fa22f5e.jpg,0,clean,0.296759158372879,Unsplash
data/corpus/images/Megalith-Flickr/b3/b393dab7111b8b18e6e425e87757ca7336174a89e33b2c07f140e65dd065bd72.jpg,0,clean,0.2947360575199127,Megalith-Flickr
data/corpus/images/Megalith-Flickr/15/1577f82338e9fb03ed2817f488a1880392deee68711eda6efdccbbe25996af12.jpg,0,clean,0.2944815456867218,Megalith-Flickr
data/corpus/images/Unsplash/0c/0ce55a8b70cf126973ee029534b11336d0ed41ebaf4fc272ef34cb3dd1356e08.jpg,0,clean,0.2942188382148742,Unsplash
data/corpus/images/Unsplash/99/9999c1ec568e6e6b1f3643eb64849ca5c0f1093ab1eaa4e6bde9bea0b4360654.jpg,0,clean,0.294109433889389,Unsplash
data/corpus/images/Megalith-Flickr/8d/8d0a70c4eea6bcd7572f05e2db379082d8c9aa1847fc5d7c456918cb2fb98d71.jpg,0,clean,0.2938815653324127,Megalith-Flickr
data/corpus/images/Unsplash/21/21cf4b8541c2d6a2dc01e73935150593f7be16eb326a8458e3b48201dba71e7a.jpg,0,clean,0.293348103761673,Unsplash
data/corpus/images/Unsplash/95/9536a538c29151c0da589e0bc604fa6717cdb66d23660cfeac237eadc5172f8f.jpg,0,clean,0.292523592710495,Unsplash
data/corpus/images/OpenImagesV7/9b/9b0c96c9d26170e5c6a3c94fb6f70c692e9b32eaacaafbf8bc16ca9314446305.jpg,0,clean,0.2921878397464752,OpenImagesV7
data/corpus/images/Megalith-Flickr/8b/8b4487ea6f278431f0492170a2ddc7d5363ab061acbccb161dcd5ff077df8d53.jpg,0,clean,0.2890833020210266,Megalith-Flickr
data/corpus/images/OpenImagesV7/c3/c3a48e28518f1f78f4c5b05c6fa26d40101ff7934cb7e76420c6ccf15b6dad6c.jpg,0,clean,0.286933422088623,OpenImagesV7
data/corpus/images/Unsplash/6d/6d34829298addcd3c256c5855aec9a138c50bebcb49b09c506f3b4a8a3c2d0ec.jpg,0,clean,0.2858239412307739,Unsplash
data/corpus/images/OpenImagesV7/bb/bb21cfba6059e9cfcd42db2b3bd2ea50ca9ee92e7c87390cca348d86dbd33b9b.jpg,0,clean,0.2857173979282379,OpenImagesV7
data/corpus/images/Unsplash/c5/c56f65102de4ebcd151a53371ed2fc949e260db75c82c98f7d67fa69536809de.jpg,0,clean,0.285602331161499,Unsplash
data/corpus/images/OpenImagesV7/e9/e980a314a87b11c7fb7caec004c71b83212aa6738e3bdf26096f64e5b43ce7d6.jpg,0,clean,0.2839488685131073,OpenImagesV7
data/corpus/images/Unsplash/5b/5b0fd81e1ec7dd6e1309b48262e6d4b4daedcfd4acc87a52b9822b25afe2f933.jpg,0,clean,0.2834233939647674,Unsplash
data/corpus/images/OpenImagesV7/a6/a6128e061e9accb4e0d6295d5e2b7105df1c96f4e0cd37446c05ee4bf1b7ae7c.jpg,0,clean,0.2821769118309021,OpenImagesV7
data/corpus/images/Megalith-Flickr/f9/f9983e945bc99ad0a838ec82bd2c98cf0755287bda65d68dac4ea2dd0611099f.jpg,0,clean,0.2810207009315491,Megalith-Flickr
data/corpus/images/OpenImagesV7/cc/cc39c0ae2b558920c62ed56d95c42d9db30fc91a9587bc6565e143929831937d.jpg,0,clean,0.2806846499443054,OpenImagesV7
data/corpus/images/Unsplash/b3/b3bde0fc7e9186caed863103e5a130040f4911098c35686da97825f95b7dce12.jpg,0,clean,0.280539870262146,Unsplash
data/corpus/images/Megalith-Flickr/87/87b7a04fb537cc0b1e1380c5f7e8d35fb9093930195ec49e349ddde1e8ce9ff0.jpg,0,clean,0.2801640629768371,Megalith-Flickr
data/corpus/images/Unsplash/22/22e6b0df98fb2b35a6852dbc988a60b8a19dc324d611783b9ca283765ef23409.jpg,0,clean,0.2764960527420044,Unsplash
data/corpus/images/OpenImagesV7/8b/8bee369a4c2870d3516615b2fd8c394288e63ca72719ae9758936717c6277736.jpg,0,clean,0.2740678787231445,OpenImagesV7
data/corpus/images/Megalith-Flickr/2a/2aa2f5183c5d54352f5851415d362d0e173ef49357c1e486292e1d4ec64c9e24.jpg,0,clean,0.2727437913417816,Megalith-Flickr
data/corpus/images/OpenImagesV7/ce/ce6f89f1ef93ceaae7b087eacbf6d2affc51e3cf26a97fb992846bf14f4eb86f.jpg,0,clean,0.272636204957962,OpenImagesV7
data/corpus/images/Unsplash/82/8230b78e63e430fc77f015c1e17e5eadb755f1768879af34ded943bdc323f904.jpg,0,clean,0.270075261592865,Unsplash
data/corpus/images/OpenImagesV7/bd/bd068ffb305eb3bae8cee240f709b0b8e7dfb8a8e0d76f746d797d7916c178a1.jpg,0,clean,0.2693341374397278,OpenImagesV7
data/corpus/images/Megalith-Flickr/01/0120bbfbf472bf0361ffd8fca72c292b1aa828ef3bb9e8753cf2538c043316c9.jpg,0,clean,0.2667025029659271,Megalith-Flickr
data/corpus/images/Megalith-Flickr/2f/2fdeebe77689140dadca9800244acdc9030503335c2454a81e4b1eb5890ff6e2.jpg,0,clean,0.2661488652229309,Megalith-Flickr
data/corpus/images/Unsplash/51/51dc6f6415f35f932119c19b3f082bcb728c20de2d44064ecc0b35e13e2cd88b.jpg,0,clean,0.2657682001590729,Unsplash
data/corpus/images/OpenImagesV7/22/22d825ea35c8b1ba7be62e9340a468a8a50cbc30c833aa2c5a578e40800aa2b8.jpg,0,clean,0.2620975375175476,OpenImagesV7
data/corpus/images/Unsplash/c2/c2f77aeb8692bd70114bea95aeb14d1e0e3c287452414f8567fa12e7b2b0806b.jpg,0,clean,0.2609465420246124,Unsplash
data/corpus/images/OpenImagesV7/68/68c5f37060d27ca3a8ee06083739937d6ae8fd529b7ba9d5504319fe34b53b1c.jpg,0,clean,0.2578975856304168,OpenImagesV7
data/corpus/images/Megalith-Flickr/88/88d1be54c3e570926cedaa15cec0dceeb19c39392691d2457e80ecffbde673cb.jpg,0,clean,0.2578794956207275,Megalith-Flickr
data/corpus/images/Unsplash/69/69857e3c21a840411f0e5f390ef6bda9823b8b8f53846119c8124d0227b5b48f.jpg,0,clean,0.2577084600925445,Unsplash
data/corpus/images/Unsplash/2f/2f83ebf2e4ec173aff8a9c6fcdc04715e19c375b2494c519e09e97b029b0ef7c.jpg,0,clean,0.2576690912246704,Unsplash
data/corpus/images/OpenImagesV7/c0/c030ba445a6df8004f13eca447aeed24fae13a42ff06c353406b2b8be6085841.jpg,0,clean,0.2571789026260376,OpenImagesV7
data/corpus/images/OpenImagesV7/b2/b2d1564afb1fbe6bc1e2df8221b3e374dd379055f1f5c73efd981118f7fbb019.jpg,0,clean,0.256793200969696,OpenImagesV7
data/corpus/images/Unsplash/e3/e30a6f5341a0a061c2160aefe7085ee2bd7e996e99a33d66ed6a93a74c55ccfd.jpg,0,clean,0.255415141582489,Unsplash
data/corpus/images/Unsplash/77/772663a8d171e44cd023e8a36b9fc8fd040ee9432f0015f3e4e6233dc7384121.jpg,0,clean,0.2553905248641968,Unsplash
data/corpus/images/Megalith-Flickr/12/126f60104b1f9a6fe783b2c4e8fcef498071d19d56eb53f4ae0e4acd68720a0c.jpg,0,clean,0.2551511526107788,Megalith-Flickr
data/corpus/images/OpenImagesV7/ce/cedbf4d938f20d5a84b56b54d97f2bba69adbfcac38ecd9775aaea87810c232d.jpg,0,clean,0.2546615898609161,OpenImagesV7
data/corpus/images/Unsplash/06/0668fcf81d650591ea4fda0655f1451b65c75dd687b530ed2cf586b8fc35ccef.jpg,0,clean,0.2520121932029724,Unsplash
data/corpus/images/Megalith-Flickr/c0/c0a8c9e6719d1245d071558ec17167d20e218014c3d132bd20a40e4c25f71493.jpg,0,clean,0.248249739408493,Megalith-Flickr
data/corpus/images/OpenImagesV7/9c/9c1d483b9db56a131a6ce45a685cfddaec669752a495e392e4bd0878ad8d570f.jpg,0,clean,0.2477760910987854,OpenImagesV7
data/corpus/images/Unsplash/02/02b744cda2a51a9e8bb39b299b34fb090a34cf279c259241d0af28c4c91ca5b9.jpg,0,clean,0.2456091046333313,Unsplash
data/corpus/images/Unsplash/c0/c0c8b8229c953711b0c6723bb7cf1bae471e97e651a4bdf98963fd2e9688ddde.jpg,0,clean,0.2454007416963577,Unsplash
data/corpus/images/Megalith-Flickr/2b/2ba3b106a2d9094ccf31b637bf1908c0a9a8a5dea6600ea83cafb90851604346.jpg,0,clean,0.2451879680156707,Megalith-Flickr
data/corpus/images/Unsplash/1e/1e97f47d769a53b744f324b071dc31596602d26ec33708a435163eff82211d3e.jpg,0,clean,0.2448168694972992,Unsplash
data/corpus/images/Megalith-Flickr/f1/f15a3abf12954bbb5ffa6c5c000f7ba470b2fca275a4977337e349d72d4672fd.jpg,0,clean,0.2427410930395126,Megalith-Flickr
data/corpus/images/OpenImagesV7/a9/a94eaad07962f5deb4b751409cddef911c2b757642174b85c0c3af1b56b61672.jpg,0,clean,0.2418977618217468,OpenImagesV7
data/corpus/images/OpenImagesV7/df/dfa653e885cbc3de02f18bd3954056c2f8f97e9212639ba581e9cdaf38a8ae31.jpg,0,clean,0.2393700331449508,OpenImagesV7
data/corpus/images/Megalith-Flickr/5e/5e41beff259a6398fa3760ee1fa9c8cae9578b5919184c5bf5c214a842cfcca3.jpg,0,clean,0.2392333894968032,Megalith-Flickr
data/corpus/images/Unsplash/b7/b7450592eb53b1fe2baca835e9b0a327416ae01eee807419b6735c3dedf01a60.jpg,0,clean,0.2380013763904571,Unsplash
data/corpus/images/Unsplash/20/20be4ac011fb8b210bb40b86d957364cfb11b96fa0db8398129ef74232693c18.jpg,0,clean,0.2368812710046768,Unsplash
data/corpus/images/Megalith-Flickr/10/10837714eb01c530911a456b740994a9e68f94258f917d6b3dba6ddcb7bf2f71.jpg,0,clean,0.23686483502388,Megalith-Flickr
data/corpus/images/Megalith-Flickr/fd/fdc315a58f99c22356f6e5f2f56d8ef6e6c2a420daf34c8be0e3c58ce71a8f4b.jpg,0,clean,0.2353719919919967,Megalith-Flickr
data/corpus/images/OpenImagesV7/33/330ce22745ac6998fd036907d591416824de6fa0038619a129d6dc823bd9466c.jpg,0,clean,0.2348520159721374,OpenImagesV7
data/corpus/images/Unsplash/a9/a9b9ad44f87e720daea899029e638d6f85f951c75ea830783e4e947563436246.jpg,0,clean,0.2344214916229248,Unsplash
data/corpus/images/Unsplash/bc/bcf04c0c1e5f8fe46106e1ed3786069631e031d1c3ae83acb41511290c9ce5de.jpg,0,clean,0.2327299565076828,Unsplash
data/corpus/images/Unsplash/83/83949ed1279b2594096b5b70a76ab0975e32fb8476d2f6d1bbd3909bfd1f3b54.jpg,0,clean,0.2326973676681518,Unsplash
data/corpus/images/Unsplash/72/72c3014ae5bff574aa9f414355b3738a35fd84dd10be7fc29464cc02acdde337.jpg,0,clean,0.2287564575672149,Unsplash
data/corpus/images/Unsplash/27/2791f2dfe9f76c2070fb9ba1e1e66b38d51103e2658623b4efbaef9f12e143a0.jpg,0,clean,0.2281834036111831,Unsplash
data/corpus/images/Unsplash/4f/4f5ceb1aa3f78b717e62f9a920d3dac62ad035e0940d97864387ce677433e1c7.jpg,0,clean,0.2259809672832489,Unsplash
data/corpus/images/OpenImagesV7/86/867858424a5c508afcef59c9c1e883f65d472eeb59ff073daa2c97bda5207104.jpg,0,clean,0.2259574681520462,OpenImagesV7
data/corpus/images/Megalith-Flickr/45/4527169cd9e761c87263b86ea96fd522edece02910fcd25893bbfb89f801369a.jpg,0,clean,0.2236464470624923,Megalith-Flickr
data/corpus/images/Unsplash/c1/c14e7f102776a0151f0cb870e488d89aa2dbdab3ba8ee185682d15d264fa68d7.jpg,0,clean,0.2227000147104263,Unsplash
data/corpus/images/Unsplash/69/6983194608b85e4bba872d4498b86343b8269856acde56b4fc2d5c1fad379caa.jpg,0,clean,0.2224228382110595,Unsplash
data/corpus/images/OpenImagesV7/14/14d1c9c70c863f92818c0981995c2403a6ed93ba73f4af93bd8c8c66c9ccf985.jpg,0,clean,0.22188501060009,OpenImagesV7
data/corpus/images/Unsplash/be/be7a947a665882790e740bd782e9b065f7c6ba85a27ed3de30c087c243787e4a.jpg,0,clean,0.2216846197843551,Unsplash
data/corpus/images/Megalith-Flickr/35/357d3c7d0ba0a3e0a2a1aa132486b451ef9333810ad4604b922eebf02c296ef9.jpg,0,clean,0.2190633863210678,Megalith-Flickr
data/corpus/images/Unsplash/b2/b2086f67506ab905250d410eb6172abfd027519c6e55904cc0cbeae7c05f97a0.jpg,0,clean,0.2170745432376861,Unsplash
data/corpus/images/OpenImagesV7/c2/c227d829da28ed9e30d965afdccf103250e72b5ee670db9a14208bd184b94493.jpg,0,clean,0.2167719006538391,OpenImagesV7
data/corpus/images/Megalith-Flickr/71/719aa6b029c1f0055c071b25610e1b60758164790b4441e9d4f00e1ac788c7ad.jpg,0,clean,0.2159202992916107,Megalith-Flickr
data/corpus/images/OpenImagesV7/d5/d567a1c1519593fc16f8bb299f396c421b8f5cc789a986c3b68f9b288bc4cbea.jpg,0,clean,0.2139074057340622,OpenImagesV7
data/corpus/images/OpenImagesV7/92/92ed21a38cbcea40fe59675b28df504dfab5c1223f396ec59fef08d694be92bd.jpg,0,clean,0.2135146111249923,OpenImagesV7
data/corpus/images/OpenImagesV7/01/01351c00941e81f6fc24a47f93f79e47113fbf9bd2dd735abfb30fda1586e671.jpg,0,clean,0.2123009413480758,OpenImagesV7
data/corpus/images/Unsplash/34/3459d2805330d47c32c3c1165907846a77fd4fab77716df69df02d3c29178006.jpg,0,clean,0.2115516811609268,Unsplash
data/corpus/images/Megalith-Flickr/61/61e03514f2f42d5553f8165dad9ede80a3fbbdbf535fbd5ec5e5bcdafd95025b.jpg,0,clean,0.2074913531541824,Megalith-Flickr
data/corpus/images/Megalith-Flickr/27/27df1fe829fbf4f177a0a3d9b57d56386dc9e47fa89abb0568ee40e9211c59ff.jpg,0,clean,0.206273004412651,Megalith-Flickr
data/corpus/images/Unsplash/dc/dc6d8bc22357ff75be9e98d327943d99e691b5c92722e7e6f029dc38241e61a3.jpg,0,clean,0.2062007933855056,Unsplash
data/corpus/images/Megalith-Flickr/81/81d0c0662eb3356fee749c4ab6ffc359d877303318abffc9254351fa1e4c72d5.jpg,0,clean,0.2061915695667266,Megalith-Flickr
data/corpus/images/Megalith-Flickr/33/334fac05abaa03f95e62399ab85343f8e8e7575c9ab6aca867e94908b04503f8.jpg,0,clean,0.2060424089431762,Megalith-Flickr
data/corpus/images/Megalith-Flickr/16/16e206aca0c03ac19af9130f61c1ae5ed6e284aa707879b573453d3279d2941a.jpg,0,clean,0.2053922265768051,Megalith-Flickr
data/corpus/images/Unsplash/74/747cb493ba9e37b927cfcd414ada509ddaf2b57804d3dc23144e2d17765fda17.jpg,0,clean,0.2050028145313263,Unsplash
data/corpus/images/Megalith-Flickr/87/87acc874d70d82b52da8bcf4bb817122a9df7498466b038c22b805ef4ae0bf19.jpg,0,clean,0.2046025097370147,Megalith-Flickr
data/corpus/images/Unsplash/dc/dc02b1420acd1c6c3aaff1924b8f453e475d6059570d7df1a52d333ffef5a2b6.jpg,0,clean,0.2045265436172485,Unsplash
data/corpus/images/Megalith-Flickr/51/51fb7ca9880cebf17645057c69ab49afef8f21991dc2733b7abdc160f0646fb2.jpg,0,clean,0.2042810320854187,Megalith-Flickr
data/corpus/images/Megalith-Flickr/3d/3d92fdcf54c4d3edd6d19fb2f0aefe4834ea60a2813491101b33572ae2d4725d.jpg,0,clean,0.2037315666675567,Megalith-Flickr
data/corpus/images/OpenImagesV7/10/10e5dd3e91045188fc3f380389a99329e6a81b83f8a9e65d6b6cb51795f55293.jpg,0,clean,0.2032334953546524,OpenImagesV7
data/corpus/images/Unsplash/40/4069c2604ee6590f6faeea6776271b5dfffe58a684be8e7043388d0f26fd6cbe.jpg,0,clean,0.2030995190143585,Unsplash
data/corpus/images/Unsplash/8e/8e96f9bfdb21f70d8c430a2e4aa8b76e0551137650b3148e94de44c1f007fdcf.jpg,0,clean,0.2015209197998047,Unsplash
data/corpus/images/OpenImagesV7/0b/0be53d901bbbd2356ae6849e548059e08345575445d21575e2e5c1bfc1d076bc.jpg,0,clean,0.2012915164232254,OpenImagesV7
data/corpus/images/Unsplash/b4/b4a67ca5522016fdcff159450b78302f2bc87815644cb4a8cf9e8d2ce9a239e3.jpg,0,clean,0.1986545324325561,Unsplash
data/corpus/images/Megalith-Flickr/aa/aac14a10de11b9e445cbec9060bc78bfc66237ee931465d31f30bf2b1fdc583b.jpg,0,clean,0.1983268409967422,Megalith-Flickr
data/corpus/images/OpenImagesV7/83/83241bbe611992b189738e7571f506ea28b0680651294b1e0d45a0ffa2ea37a6.jpg,0,clean,0.1981767565011978,OpenImagesV7
data/corpus/images/Unsplash/60/60e48ced6f2b3829a613d20e0d559fba1694781471d34bdbe9a2a50906299b20.jpg,0,clean,0.1977797895669937,Unsplash
data/corpus/images/Unsplash/43/43ccfa498d14757b47c6b969521836fe3397fd2543ceccb2752a18dfe6d6ecc2.jpg,0,clean,0.1968475729227066,Unsplash
data/corpus/images/Unsplash/57/57bbe66aed5ad5265e2e04577c8ac2b8f1015bd2876baf10f26ef57c6a52767f.jpg,0,clean,0.1964598000049591,Unsplash
data/corpus/images/Megalith-Flickr/35/3514ef439138ed35d33250cc36d7c0c80351bf1170b81e92c0f0f6173a842a6b.jpg,0,clean,0.1943466365337371,Megalith-Flickr
data/corpus/images/OpenImagesV7/f8/f8de267359a31c924bf7bc453545a0ff46124cd370179f9cb763b6c4594c8c54.jpg,0,clean,0.1940608769655227,OpenImagesV7
data/corpus/images/Unsplash/f2/f2f82bebd64318ceb74fa010b7f3ad4cc60d4faeb2e3fdc0f227fb07c86974da.jpg,0,clean,0.1924582570791244,Unsplash
data/corpus/images/Unsplash/c5/c5e8f3d436f38e28f4549083b01955fd0d2632be289d2e4396dea722dd9741f6.jpg,0,clean,0.1886386126279831,Unsplash
data/corpus/images/Unsplash/6c/6c17a10771cf9e58bbe7f3259b66e7f2077749f8e502cdad69a785b06e0cef4e.jpg,0,clean,0.1881314069032669,Unsplash
data/corpus/images/Unsplash/28/2815f2d28139cf11ee20ff3a5fa58227ceca8f78c9be0d94a9149f0b80a13649.jpg,0,clean,0.1870429217815399,Unsplash
data/corpus/images/Unsplash/e3/e3f954a3ce24aad9b2332d2eb1f55daf5c10916a00ea6243231b8c5199dd7ed8.jpg,0,clean,0.1860696673393249,Unsplash
data/corpus/images/Unsplash/77/770800c3be0bdb5eade0655ac2920aebf0d6f2e51dc41279978c276322492105.jpg,0,clean,0.1855467408895492,Unsplash
data/corpus/images/OpenImagesV7/2e/2efd133dc572705de4ed96ef90b666cc1e86575bbedb39b258ae532ea430b7e0.jpg,0,clean,0.1836791187524795,OpenImagesV7
data/corpus/images/OpenImagesV7/b8/b8a6cf2fc0baf05e8ac76d4d6c286b893d5de01723f9716bdcd9c1a6f04deefe.jpg,0,clean,0.1824842244386673,OpenImagesV7
data/corpus/images/Unsplash/b0/b0fa7fa7de5261c05b4ddb3c825ffcd7a49b004abf3112cd6018b6f985b24929.jpg,0,clean,0.1806503385305404,Unsplash
data/corpus/images/Megalith-Flickr/73/73e77b3db5b0843b354e8f12071561d7cb1703ca5bd472b729fad9894743ab36.jpg,0,clean,0.1803777515888214,Megalith-Flickr
data/corpus/images/OpenImagesV7/5c/5c330706157d538aba1729ea3dfa78b1e21c7b0c5e2544363a001adaa87ecbf5.jpg,0,clean,0.1796371787786483,OpenImagesV7
data/corpus/images/Megalith-Flickr/cb/cb312c50f37bc8f6d6846691a0a42c4625e0e087595f89b5eea25ed1e4b7dca6.jpg,0,clean,0.1788184344768524,Megalith-Flickr
data/corpus/images/Unsplash/50/50c3c040ead0b9c7eb4d2cd6602ef240cd32d1c442f36583a78596739892aa8e.jpg,0,clean,0.1785328686237335,Unsplash
data/corpus/images/Unsplash/eb/eb22ca7e90973f5233fd2ad27f870a95b28d7c6b05d212b580e6e018e76e3c15.jpg,0,clean,0.178269013762474,Unsplash
data/corpus/images/OpenImagesV7/ef/efc11438430e98343f6a9cb6ab1ac4828c7a9c03ee9ee373edf8d6b1d314187f.jpg,0,clean,0.1781512647867202,OpenImagesV7
data/corpus/images/OpenImagesV7/29/29abfdba3f00b4a1829c991591371e9dcaea8459c1de92de8f90336402763479.jpg,0,clean,0.1779023855924606,OpenImagesV7
data/corpus/images/Unsplash/c5/c50becd1188299242d9c7e80c1e2acc78ce12e42ff9fd99805eac8f7db8c38f4.jpg,0,clean,0.1767323315143585,Unsplash
data/corpus/images/Megalith-Flickr/92/920f18ceb248b653c85714401317ce2e25bd96021bdded62122e76acfe4737e1.jpg,0,clean,0.1761647164821624,Megalith-Flickr
data/corpus/images/OpenImagesV7/9e/9e1b970284bb5d629f4a7867d55c41cf27d72d1c72c59421240b3ec0697ac579.jpg,0,clean,0.1741041839122772,OpenImagesV7
data/corpus/images/Megalith-Flickr/ad/ad758b1a03040022cf6cf41e82a017b2d2fd6134431b69a1f74db122fc5048a2.jpg,0,clean,0.1739782691001892,Megalith-Flickr
data/corpus/images/Megalith-Flickr/9a/9a0f81068e64ba02c10fd44475a04026dcb96428ba6c115090f95df809af6ff8.jpg,0,clean,0.1737748384475708,Megalith-Flickr
data/corpus/images/OpenImagesV7/bb/bb8dd935bd63373791958afd52f4f3cbdfe70a8779c53741c865a7db12266775.jpg,0,clean,0.1737162470817566,OpenImagesV7
data/corpus/images/OpenImagesV7/93/933f05679b1528356d77d31309b40dd01edb0473ade792c87ae89d63e3af9358.jpg,0,clean,0.1727187484502792,OpenImagesV7
data/corpus/images/Unsplash/fc/fc77c4a36b0c63b5db85f5c531af3aeaee7bf16e00e44ca18aa55778f5e6d4ce.jpg,0,clean,0.1721594035625457,Unsplash
data/corpus/images/OpenImagesV7/18/18286a980f7a3c5e9c20275fdab8693f812ff6c923abd060cd4f1e7e4db93fcc.jpg,0,clean,0.1709741204977035,OpenImagesV7
data/corpus/images/OpenImagesV7/80/8004bd0b6be5544bbf942fec73fd917393248b251442c86c0d96c3a7961af03f.jpg,0,clean,0.1707335114479065,OpenImagesV7
data/corpus/images/Unsplash/45/458b0a861750f159d2d3d4ebaaeb91602de070e06813d7fa3f5911e8f4166d5a.jpg,0,clean,0.1706912815570831,Unsplash
data/corpus/images/OpenImagesV7/2b/2b7c6db662f344642cddc66e9d02006bd289bd2aeffe3af14c8e5d28b4e2f0ec.jpg,0,clean,0.1700286865234375,OpenImagesV7
data/corpus/images/Unsplash/84/84f322d9d72dff225d72cd4e4a1703e336d584836bda5f92b1eebd5967d5a70c.jpg,0,clean,0.1684896498918533,Unsplash
data/corpus/images/Megalith-Flickr/01/01a829b878a0ce87cba62a7b8516eb2132eb9a1b4ef0b9aa55e872b315049040.jpg,0,clean,0.1684877276420593,Megalith-Flickr
data/corpus/images/Unsplash/77/776b756ebe6ab635acdb25d1cb02c4f111bad8f89e47d384338673e64a02c082.jpg,0,clean,0.1673150211572647,Unsplash
data/corpus/images/Megalith-Flickr/2f/2fbbba92a0ce778e4fb59b8028265192379567bb27a1f8a90937088c56758094.jpg,0,clean,0.1670424044132232,Megalith-Flickr
data/corpus/images/Megalith-Flickr/44/44c76b09f1015a58d1892e9b49a8767ead74ec3a88fccd2b2d1d4e7f726c8dd8.jpg,0,clean,0.166563332080841,Megalith-Flickr
data/corpus/images/Megalith-Flickr/82/82325ae2f7ed901050bf7c3eb41008bc1c6943d41ee8995f17e3cb07de4f5d56.jpg,0,clean,0.1652629971504211,Megalith-Flickr
data/corpus/images/OpenImagesV7/eb/ebe6a7c6f7bc1118ecf0fdaf02099c4f0d27afb7fcee181d349ea7edec4af4ed.jpg,0,clean,0.1636455357074737,OpenImagesV7
data/corpus/images/Unsplash/d1/d17b980224c1d403b4c817b468982ff1b0027fb9c14411a764bdfecde7042fc3.jpg,0,clean,0.1633999347686767,Unsplash
data/corpus/images/Megalith-Flickr/26/265eacc1affb9b4cb0cf15ab9d504ea0b02e24e7175a7cf8a2b927206f0e837f.jpg,0,clean,0.1623398512601852,Megalith-Flickr
data/corpus/images/Unsplash/4f/4f4fb9b79542eb9ffc2fa394dc0ceb011f1bc109e8d22ba129fc1b141643ee74.jpg,0,clean,0.1607552915811538,Unsplash
data/corpus/images/Unsplash/c8/c84a5cc0118cd50f19acabe6e15b1c31547151e6e463d99c947ce4149fdbfba8.jpg,0,clean,0.1605526208877563,Unsplash
data/corpus/images/Megalith-Flickr/cf/cfccaa14934e897720c70fb9247fb1a477eb1e45a1cf5f33132c43cc68d1339f.jpg,0,clean,0.1600861996412277,Megalith-Flickr
data/corpus/images/Unsplash/da/dae876bd152a6eb8234494a2b1a986d37ddecedb8dbd9db9ebcf38e502514fa9.jpg,0,clean,0.1585363447666168,Unsplash
data/corpus/images/Unsplash/77/77b6a441d60e48115e134a6436be9fa826e5a7248d8285712376bd941cf384c9.jpg,0,clean,0.1577864438295364,Unsplash
data/corpus/images/Unsplash/e7/e7ac097018ce974e5a7437a61c8ed085075708eaeaa896e2d80bda7121a8b9b4.jpg,0,clean,0.1553925722837448,Unsplash
data/corpus/images/Megalith-Flickr/85/8537213f8fcd15ba8973c20caa182ed3b0c0cf924af1e3bd36ac08b6978b9718.jpg,0,clean,0.155004009604454,Megalith-Flickr
data/corpus/images/OpenImagesV7/da/dafa686650d742cc0d02cba227d62c48ae17bf4f2774ee86a052ffdb76d644ba.jpg,0,clean,0.1538231074810028,OpenImagesV7
data/corpus/images/Unsplash/eb/eb97ffde0afc50a34043d8b17381865f91cdb10a36f71a6d732ee131837901fc.jpg,0,clean,0.1526775956153869,Unsplash
data/corpus/images/OpenImagesV7/bc/bceb5ee97b39d667a612bc0e1d831985acbe85a7410636d976ea08d446633b08.jpg,0,clean,0.1525554209947586,OpenImagesV7
data/corpus/images/Unsplash/59/5956ee6291bab08fe481f59220e6b9bf7d5c56fa38392763e14e2f5806e2991d.jpg,0,clean,0.1519587785005569,Unsplash
data/corpus/images/Unsplash/66/66e84e010ff6889057969e70e8417b80f8bcfb0a77413a81343e7df35529105f.jpg,0,clean,0.1507528573274612,Unsplash
data/corpus/images/Unsplash/f3/f37a15c877aafd75b36023a9e3ccc433f4cfa1c1550f6ee962170bd015a9e30b.jpg,0,clean,0.1503790467977523,Unsplash
data/corpus/images/OpenImagesV7/f1/f1bd04009472a3f85a1908d59c5c36e8616c53ff4d1706a60047bab9ec24747b.jpg,0,clean,0.1492925435304641,OpenImagesV7
data/corpus/images/Megalith-Flickr/38/38e46b5910331b1c5dd83d75ab20fdf0aebad0ba0d69f27229dcee81748b964c.jpg,0,clean,0.1485652327537536,Megalith-Flickr
data/corpus/images/OpenImagesV7/09/0907ba2132d8d98edb1550670321d6147ae44e8bc53c72eb8cf21ef616abc57b.jpg,0,clean,0.1480704694986343,OpenImagesV7
data/corpus/images/OpenImagesV7/2d/2ddd577af73145c8d0e8a38ca085c0e1dceadc5644c393609a2d54c463ac2590.jpg,0,clean,0.1480135917663574,OpenImagesV7
data/corpus/images/OpenImagesV7/d8/d88d0321c96fa689bffa1384ff85d245d913d42a080dce3413f55a882f611647.jpg,0,clean,0.1478141844272613,OpenImagesV7
data/corpus/images/OpenImagesV7/af/afe3333cbeae73b27f947222d9da09483dc4030df4160c90a670c1a958917a75.jpg,0,clean,0.1467346996068954,OpenImagesV7
data/corpus/images/Megalith-Flickr/4a/4af4291a3ec4457eb8249fcc4bbd9e8b6a0cd0d1122994b317b44b42f66aa0b8.jpg,0,clean,0.1466078907251358,Megalith-Flickr
data/corpus/images/Unsplash/2f/2fdc9c815d41a220679b636b0ae669bd3afb438aae7f18bb058c2c8e5e2fbd47.jpg,0,clean,0.145705446600914,Unsplash
data/corpus/images/OpenImagesV7/61/6155705e3832cf9c704c248a041df2d3934643f64863d0b4d6fc43b432ae7ea9.jpg,0,clean,0.1440249532461166,OpenImagesV7
data/corpus/images/Unsplash/4a/4ac406d8720462a30454a3358e003e3f82de549571cb6d165da25907a989422d.jpg,0,clean,0.1433627903461456,Unsplash
data/corpus/images/Unsplash/4c/4cb48cd480af1b8d96ae1683daa2adb66c742df14c717684b4c72c09ed13f274.jpg,0,clean,0.143360286951065,Unsplash
data/corpus/images/Unsplash/48/48cd1bc8526ee7040d84057285bf2fc2ce7f566f2b993358442cdd87f83d8f46.jpg,0,clean,0.1430839300155639,Unsplash
data/corpus/images/Unsplash/dc/dc313ea9132b2e4e916da3aea229e586046f554d4eaa16d5001902b7ea7fa6dc.jpg,0,clean,0.1430715471506118,Unsplash
data/corpus/images/OpenImagesV7/be/bec791f0bb051520cfabd5349890634ba4aa8b71ec5e31f950b2e86675811c5a.jpg,0,clean,0.1414955854415893,OpenImagesV7
data/corpus/images/Megalith-Flickr/c9/c9fc88bcbbd5b9b86fefe13a2775880c758dea0205e426fd1befee7c68fe94db.jpg,0,clean,0.1414886265993118,Megalith-Flickr
data/corpus/images/Megalith-Flickr/5d/5dd210f1f635d26788cc57c066ebd3f6c2bad7c0b5edf317579411266ea5effc.jpg,0,clean,0.1410998255014419,Megalith-Flickr
data/corpus/images/Megalith-Flickr/33/33f30c6b1798e2fd316b42a2e1efc89226cada6d70791d0f9af9ec157bdad911.jpg,0,clean,0.1406337469816208,Megalith-Flickr
data/corpus/images/Unsplash/66/668c4f4a83414fdd2b843efc1c633dedff1a2c30b05a7f925e4f2ea1ed78efa1.jpg,0,clean,0.1391973793506622,Unsplash
data/corpus/images/Unsplash/8a/8a15c1d6e45a34d4038f47a9e30493f36742591ee2b96682249e92083d764310.jpg,0,clean,0.1390687525272369,Unsplash
data/corpus/images/Megalith-Flickr/23/235bae6e645a8e7112ae5138f10e9b5aeb19868794999e6950af8d13c35094ef.jpg,0,clean,0.1388590037822723,Megalith-Flickr
data/corpus/images/Unsplash/13/1387c899c2332c8e4b69b1ecf4a93046fbfb56cca6b3d2cff57fc71b6815a569.jpg,0,clean,0.1386046409606933,Unsplash
data/corpus/images/Megalith-Flickr/2b/2bf931530fabe039292e8f2f6c0fb7f5c486d9772e70ee7ff1fcfab64cd6d958.jpg,0,clean,0.1383176147937774,Megalith-Flickr
data/corpus/images/OpenImagesV7/7e/7e2b3f718acda2cba70d1b8083c1ae0dfb621867e85b8193fd57f62dc02dcb47.jpg,0,clean,0.1376843005418777,OpenImagesV7
data/corpus/images/Unsplash/3b/3bfdde22166d9abe141d4d7a8bffa2bbcf3a46db4c052578dd57d49452bc74a4.jpg,0,clean,0.1376749128103256,Unsplash
data/corpus/images/Unsplash/3e/3e6f5348a8917780a90f4efb1030e65dc50d217d05c0ce02dab15642da1e3e48.jpg,0,clean,0.1373988091945648,Unsplash
data/corpus/images/Megalith-Flickr/aa/aaa9be711b9b7d6523f1860d5455449be9bc430e5bd7221165a4727e97fc1e6e.jpg,0,clean,0.1371472030878067,Megalith-Flickr
data/corpus/images/Megalith-Flickr/95/950afe8b87db7ea69a9e1d597f1ccc56fe7578f4b9431b0f5860124fe145980b.jpg,0,clean,0.1365855932235717,Megalith-Flickr
data/corpus/images/OpenImagesV7/76/760194d65ca9466500eabea41cf0f8383033ec4dd665a9638958f717a6cd424a.jpg,0,clean,0.1357388794422149,OpenImagesV7
data/corpus/images/Megalith-Flickr/fc/fc09efcf6ab028f2f34b01a71d88f699cd54f76d7e68c3aee5485967e2704489.jpg,0,clean,0.1357276141643524,Megalith-Flickr
data/corpus/images/OpenImagesV7/f9/f9e82f0777daa34e37df8edc22c7b1b59c0d1f3e01ce6f334979f58d212d5751.jpg,0,clean,0.1354308724403381,OpenImagesV7
data/corpus/images/Unsplash/dc/dc3fe5d339d9847bf95e59c91cda2b19139b6741affbdbcbfd67e97cfeceae6f.jpg,0,clean,0.1341983675956726,Unsplash
data/corpus/images/Unsplash/d5/d512c7c915b40580c9a2eff09b95f7427d9ce2bd91b006afc9d62e6e2af1a105.jpg,0,clean,0.133781760931015,Unsplash
data/corpus/images/Unsplash/bc/bcab1c46b9cd9e3c0bb0c3dfa4a373a86ecbd5e3999254fad91b66a1c8f3c7f8.jpg,0,clean,0.1335493773221969,Unsplash
data/corpus/images/Megalith-Flickr/d4/d448837d345544c783936bd6b9dc97b272a3bff611119e6d6ebfeba419a5bd3d.jpg,0,clean,0.1331804692745208,Megalith-Flickr
data/corpus/images/Megalith-Flickr/b3/b3d64bb1b77f5eabb65b13474f97712faed20314c514ceffa971a311b9043a98.jpg,0,clean,0.1330995261669159,Megalith-Flickr
data/corpus/images/Unsplash/e8/e8d0a643a8acdba5a5302d3726bebec8d8298574032aaed0036866fc90110108.jpg,0,clean,0.1325642168521881,Unsplash
data/corpus/images/OpenImagesV7/97/97adad1dbaf798184c4162be2e36043c371fa5af5d2b7412c011f3066c78ce6f.jpg,0,clean,0.132091224193573,OpenImagesV7
data/corpus/images/Unsplash/28/28cbfb6ad18f465d89c5e75da7972db4d0e6e3ed49fbbc1cff6026de6ac2d396.jpg,0,clean,0.1319779306650161,Unsplash
data/corpus/images/Megalith-Flickr/33/33a7e668d1bc3aea2c5b66da44d8870114382021d5a477bc6fe2980396d23a6b.jpg,0,clean,0.1317260563373565,Megalith-Flickr
data/corpus/images/Unsplash/56/56c8d5f2e881b50869557b6e9685b599707d99efe2dce3e7a41b87654ad6f4c3.jpg,0,clean,0.1317052841186523,Unsplash
data/corpus/images/Unsplash/e7/e7a5877f881eb3176ff1dee35b704f8cb791086c5685e27bd0e3987167497845.jpg,0,clean,0.1314440965652465,Unsplash
data/corpus/images/OpenImagesV7/4a/4ab0eb2fa00767349f2a2dc6b34643b47d50da96b9be40904d0131de7194931b.jpg,0,clean,0.1311680823564529,OpenImagesV7
data/corpus/images/OpenImagesV7/84/84cc7302806f78fd14bc5ae1455b734b098f882b1b268d04cced3261cae583a4.jpg,0,clean,0.1310684233903885,OpenImagesV7
data/corpus/images/Megalith-Flickr/0a/0a43cd883c180f23494a1f3964517b55e49b76af612e7a08c07930615715b608.jpg,0,clean,0.1303057819604873,Megalith-Flickr
data/corpus/images/OpenImagesV7/5f/5fd6fb198d5d427ca39694abe3f5d2c8fed7a6ca6b69f6c793de16fe96fd0e24.jpg,0,clean,0.1297876089811325,OpenImagesV7
data/corpus/images/Unsplash/d8/d8be19d3997c204a19ff552155b951f7196edb863c5cc4c30d474fcba0eaff12.jpg,0,clean,0.1293098032474517,Unsplash
data/corpus/images/Megalith-Flickr/d6/d647615c0204a0a818a2a95a2c7603cdaf639c7940e6793468f7e83d4da02022.jpg,0,clean,0.1291223466396331,Megalith-Flickr
data/corpus/images/Unsplash/2b/2b708511d3632b64e5743ce8ea4bd2d364108655ba24060c8ce31df59eba88e6.jpg,0,clean,0.1287074387073516,Unsplash
data/corpus/images/Unsplash/05/050df94f057ee2db6ef8507795ba225bf4d5d24711419fe38488e3835d2e51dd.jpg,0,clean,0.1277565956115722,Unsplash
data/corpus/images/Unsplash/9a/9ac926749869c521a338e87f896443236c111f9d8d1488c27547a08cd4ddae9d.jpg,0,clean,0.1274629980325698,Unsplash
data/corpus/images/Unsplash/eb/eb1df2385a4cd6ec26f3685cf89b1fae422fc035ac662606eedbb21c59b6cb55.jpg,0,clean,0.126188263297081,Unsplash
data/corpus/images/Unsplash/e0/e03a29db182dfbbeb9a8f8fcd05d39afa868e6ce60fa2a99cb6baba405527177.jpg,0,clean,0.1260759234428405,Unsplash
data/corpus/images/Megalith-Flickr/1f/1f5dfc620e988aeafb801c755b504a72b2a2db3e76a9acfef4649ac3a81f21a5.jpg,0,clean,0.1254253983497619,Megalith-Flickr
data/corpus/images/Unsplash/ca/ca7e77f5fff3048b901445173e497437c5199feab8f6930ea6f78e42b618fe4e.jpg,0,clean,0.1244046837091445,Unsplash
data/corpus/images/OpenImagesV7/c6/c6fe98e8572c538150877f332c4de11b841102da65a5697c41bd1749966cf90a.jpg,0,clean,0.1238948926329612,OpenImagesV7
data/corpus/images/OpenImagesV7/59/593d089e36848aeb6e1c1de5470b51080ff3a590cd563c24b9ffeef3ce05cffa.jpg,0,clean,0.1238673478364944,OpenImagesV7
data/corpus/images/Unsplash/4c/4c0fa4914e4df6c5c1e8091ae10710f72c5d9b0734c8ad5e496f6360c4dd36db.jpg,0,clean,0.1237420737743377,Unsplash
data/corpus/images/Unsplash/1c/1c88289ab11ee90f80be029edd7b763b91187f3fc0e4775296f3f45c15629ed5.jpg,0,clean,0.1236607059836387,Unsplash
data/corpus/images/OpenImagesV7/cb/cb0a6d6ddfc10095b90a7d056d627c9b5aadef1fcaecfc2b99907f04fdfb3314.jpg,0,clean,0.1234499514102935,OpenImagesV7
data/corpus/images/OpenImagesV7/f7/f70bd45b507ec070e9c6502ff5ff7e48ed6ce7bd750cc49f1cde57199c6d7c9f.jpg,0,clean,0.1234377473592758,OpenImagesV7
data/corpus/images/Unsplash/33/338074e884e13fcd57690dc39bd1a8137f007d4e3d31fa4e7c7c1441e94fc63f.jpg,0,clean,0.1224420368671417,Unsplash
data/corpus/images/Unsplash/bb/bbb51bd5cd9f9af7bd354f94b25a8c01117aecb1319e1553a57860d636e2d103.jpg,0,clean,0.1203576996922493,Unsplash
data/corpus/images/Megalith-Flickr/70/70cc035e9c31883a6e21423e0ca9d843a2f66154a78dce06be7d75e149c98bb7.jpg,0,clean,0.1200403794646263,Megalith-Flickr
data/corpus/images/Unsplash/e9/e917296785861258ebe122d2ad420af27a014feb04442a43953bd6b090a06bf0.jpg,0,clean,0.1199650391936302,Unsplash
data/corpus/images/Unsplash/e3/e31f537926f44a2f07b02f10437ef967bf31de555c25983cd42f70c26c7b7342.jpg,0,clean,0.1193869560956955,Unsplash
data/corpus/images/OpenImagesV7/c5/c532be45068e8798bc48017639b70cd168e95b3d7e3dc0fb33c859a2f913ac05.jpg,0,clean,0.1191221177577972,OpenImagesV7
data/corpus/images/Unsplash/7f/7fc6bcfc9a31f2d4f00df438b94d5bbfbf3bf83d3b853ae93936287398e7311b.jpg,0,clean,0.1182538717985153,Unsplash
data/corpus/images/Megalith-Flickr/35/35d1dcccc5b5e642fd7cc5b778501e703bdd4c2768de437d64e041f143eaaca1.jpg,0,clean,0.1175727024674415,Megalith-Flickr
data/corpus/images/Unsplash/b8/b81cb1090098b2a833377adb65ded8275c0efc13f0129e90f061620101d1b8d6.jpg,0,clean,0.1174755915999412,Unsplash
data/corpus/images/Unsplash/86/861bdb431f56ce9877942b46722b1beb88ada1774768ea8cd7bf58ac2713c38c.jpg,0,clean,0.1170673221349716,Unsplash
data/corpus/images/OpenImagesV7/60/60ca6da7c7fdc9904b2809ea8051d87972b5f37e82046bc1a375f2d39eda86a7.jpg,0,clean,0.1164542138576507,OpenImagesV7
data/corpus/images/OpenImagesV7/de/de5a87e487c15e9db2ddc0b31a4c96b858f65d9da39f46715f2c4522ac720c1d.jpg,0,clean,0.1141180768609047,OpenImagesV7
data/corpus/images/OpenImagesV7/67/67c9f3f7ca3b525cb958a837174ad191ac644c6b7cc5f9b5e92bae532f1681a7.jpg,0,clean,0.113514095544815,OpenImagesV7
data/corpus/images/Unsplash/38/38cfad43aeba718eadae2b290a80fca74cd3c3a6abf9c322c6dbb483f9b8e7c8.jpg,0,clean,0.1123237088322639,Unsplash
data/corpus/images/OpenImagesV7/b2/b21fcc1d4ae523be78a2b5042ae02a0043cac8c282eee16eabddd8c3acc1306e.jpg,0,clean,0.1118090599775314,OpenImagesV7
data/corpus/images/OpenImagesV7/0e/0ed5b41d2c6cb891db2c74588a9fff010cc546df9950e4a1d1b67b20a2484779.jpg,0,clean,0.111124537885189,OpenImagesV7
data/corpus/images/Unsplash/de/de6397e56a378de8cf3a1ceaf91b0c621774463fadc1c7464263cc36f4dc88af.jpg,0,clean,0.110853336751461,Unsplash
data/corpus/images/Unsplash/10/1059e80d6cb62177554902ae906bc64476c8ed2d59a99f4a0a40809025459275.jpg,0,clean,0.1106029599905014,Unsplash
data/corpus/images/Megalith-Flickr/1e/1e04ddca834684ea97f95cf3646749b18654ef7c35f47e1efade45cda8d63284.jpg,0,clean,0.1105373725295066,Megalith-Flickr
data/corpus/images/Megalith-Flickr/26/26f7b414963f856e1170d0eea3c7b2ed6bb8db83efa350fcf243b48c1973136a.jpg,0,clean,0.1099081188440322,Megalith-Flickr
data/corpus/images/Unsplash/b1/b1fc5f172f2421e3809a60d6030119b6a06280925db04302ddf79b87e043d26b.jpg,0,clean,0.1098479032516479,Unsplash
data/corpus/images/Megalith-Flickr/31/31ad37273d63205c661723fa3ed90de84bda13d34b6b686aab6c8ce6917c4738.jpg,0,clean,0.1083696857094764,Megalith-Flickr
data/corpus/images/Megalith-Flickr/ab/ab5c7e102f28f2608be9ed522fa564c53e0ae0cb4a89abae7dc5e2f6f548bdd8.jpg,0,clean,0.1083326935768127,Megalith-Flickr
data/corpus/images/Unsplash/d0/d04e6ec2ae0c69715ab14c1803b083fa872d101932727b59a85f59eabfe0e92d.jpg,0,clean,0.1075548902153968,Unsplash
data/corpus/images/OpenImagesV7/b5/b5f74054b0f5dcd2fe4324b470f012ced1eb02dcaf89a2ec10a4808340399193.jpg,0,clean,0.1075335368514061,OpenImagesV7
data/corpus/images/OpenImagesV7/4b/4b5c91ed4e9373967446ea064ba135098bc682acddddcd7d6afb40b71de11e6d.jpg,0,clean,0.1067085042595863,OpenImagesV7
data/corpus/images/Unsplash/0e/0e931d9530038db6b3acc4ab6fb0954ed4bb668e15a43c858ca50d46dd168e56.jpg,0,clean,0.1063652336597442,Unsplash
data/corpus/images/Megalith-Flickr/b7/b718163cd4f9b3da2a0a120a3da39edd74c86016daaa819b0734a908698f0a45.jpg,0,clean,0.1063138470053672,Megalith-Flickr
data/corpus/images/Megalith-Flickr/b6/b6c612e67870cf421b1c7479ad2245576586c5be0065a72d7eb7bbc4406ba092.jpg,0,clean,0.1060725674033165,Megalith-Flickr
data/corpus/images/Unsplash/29/29ccc1d4b7c3b1a1ca6b5c1debe4c8473ee4a85170f310894fd2659288c788fe.jpg,0,clean,0.1046019941568374,Unsplash
data/corpus/images/Unsplash/b6/b644d86cce8c8bf0e280aec86175cd14c887d5825e31c78e29abaa3224232658.jpg,0,clean,0.1044913604855537,Unsplash
data/corpus/images/Unsplash/26/2620d0f6e94cfa59decbbd2ff441679333cfbec8e8f12c9c566e4b59415040b0.jpg,0,clean,0.1044178679585456,Unsplash
data/corpus/images/Unsplash/5a/5a75ed28dc717648f4b724ec310416c9121c87b0130e012811350cc467a6b6cf.jpg,0,clean,0.1041542291641235,Unsplash
data/corpus/images/OpenImagesV7/cd/cdd1be8444689913595385fd65cc8256a6b76b27c1afd5de56cfb31004dd6a31.jpg,0,clean,0.1040932238101959,OpenImagesV7
data/corpus/images/OpenImagesV7/c8/c87012968ae8bc45be90e39da01d63ea2426d552691d29d6444f7269f14cb54e.jpg,0,clean,0.1033874899148941,OpenImagesV7
data/corpus/images/Megalith-Flickr/ea/ea6e16de9e48543ac1cad1c20a6bbf714a448f30d158f5f127147313a5a18414.jpg,0,clean,0.1029791384935379,Megalith-Flickr
data/corpus/images/Unsplash/d6/d693a5bc6a7d7c39a1c746623dc6ca86dc72cec1282b4d959663792d791d3c55.jpg,0,clean,0.1025497168302536,Unsplash
data/corpus/images/OpenImagesV7/c6/c6fdefddf152148f997785817f3da9993411c640a2d77dae78087a14fb149832.jpg,0,clean,0.1022573560476303,OpenImagesV7
data/corpus/images/Unsplash/ba/ba5e414fc98eb0afc4842b6b9391da1d7ce4fbbcb55a331e3ea3a26af50f1e51.jpg,0,clean,0.1022180840373039,Unsplash
data/corpus/images/OpenImagesV7/b2/b214ee16e78bb515dd352b739a996f026f3578012badace3e50f3812f78cfd62.jpg,0,clean,0.1021848693490028,OpenImagesV7
data/corpus/images/Unsplash/12/124f8c57296fdfe6723e8acf93179e53c1b19daf23bd05ca09765cac196c8188.jpg,0,clean,0.1018210798501968,Unsplash
data/corpus/images/Unsplash/dd/dd66aaa78ff650a663011dc895cc764d85a460dad89515e80da1b94d9d7c5afb.jpg,0,clean,0.1013223007321357,Unsplash
data/corpus/images/OpenImagesV7/b0/b07d21640f666bd31d5b23522722b10a518fc5b7b94ec52df81d9611276fb0be.jpg,0,clean,0.1011667698621749,OpenImagesV7
data/corpus/images/Megalith-Flickr/15/15ac2c259702d2e7ffb060d4d667f6f7aa8cf924e0576ad4f4e892fe84fc1cb0.jpg,0,clean,0.1009062454104423,Megalith-Flickr
data/corpus/images/Unsplash/35/3541f664268446077c0fb58ca8b24daff68d471c847aa7d2b9eee8d8114ea978.jpg,0,clean,0.100878044962883,Unsplash
data/corpus/images/Unsplash/e3/e36071ab8e24072ea887a0c4798439581ac8e005b6b9f97955e96aa2b99bf981.jpg,0,clean,0.099756121635437,Unsplash
data/corpus/images/Unsplash/23/2316af26404b4322290d4cbf3f5a061896ce242aef3ae39bb492b4b44d330d85.jpg,0,clean,0.099619336426258,Unsplash
data/corpus/images/Megalith-Flickr/4f/4f7d6882178b15cd607ccab86e4cd40d080423504253268debb2cb98fb3895d7.jpg,0,clean,0.0995341762900352,Megalith-Flickr
data/corpus/images/OpenImagesV7/1d/1dc11bc547280585e26e4fd87b40b125aaff3cbeb190b531608df9512dd845ba.jpg,0,clean,0.0994844809174537,OpenImagesV7
data/corpus/images/Unsplash/ac/ac6e47afabac41b7ba9535b10e76ea18d8539acb99f5521097e79a1b980afc2e.jpg,0,clean,0.0989524945616722,Unsplash
data/corpus/images/Unsplash/de/de9500e157f4cc08646a8e47bf19222e73e304854a5612342ac3fbe1d76ee64b.jpg,0,clean,0.0984775722026825,Unsplash
data/corpus/images/Unsplash/33/33349d9f0f921685e8c6010c9b2ff8095daae9988cfbffedf4ff131dd8ad51e4.jpg,0,clean,0.0981923788785934,Unsplash
data/corpus/images/Megalith-Flickr/38/387dc649edb287e70ab2396f88edf3a5087893bcfda0fbd7c7f665f5f2034bd9.jpg,0,clean,0.0968322828412056,Megalith-Flickr
data/corpus/images/OpenImagesV7/53/53f06d55ee5064942e0d717b92e364985cfe4446f40f5b14ccbf2b638ebc1894.jpg,0,clean,0.0966382548213005,OpenImagesV7
data/corpus/images/Unsplash/ad/adcd99693a21c220b93ac78719f1b21f358bc89d02e32b1b2c76c61c14f07f07.jpg,0,clean,0.0956124663352966,Unsplash
data/corpus/images/OpenImagesV7/1d/1d1524aa7948f8ff570a91b046b451fe16c5003f849055eae717ebdc4c43e44d.jpg,0,clean,0.0953593775629997,OpenImagesV7
data/corpus/images/Megalith-Flickr/96/966892c289f4c5cb91aacc4abf3513576aab0a6cdc174fa326cdf8449f1c3db3.jpg,0,clean,0.0942940041422844,Megalith-Flickr
data/corpus/images/Megalith-Flickr/e2/e2987b28fc418091888c462c501baa8c9e1c30144ede94a5400a3c72775c7ee1.jpg,0,clean,0.093874804675579,Megalith-Flickr
data/corpus/images/Unsplash/49/49fcf8b7bd4e4c7ed22602170aed969beab6570e708f20c066300801311b6128.jpg,0,clean,0.0938303396105766,Unsplash
data/corpus/images/OpenImagesV7/b2/b27ee85af71ec44cdab4816c94388d0c641bb43b87577b556467db962fe37a83.jpg,0,clean,0.0935716703534126,OpenImagesV7
data/corpus/images/Unsplash/37/3747635b4a1f2812864d6fe68505954978bbcff9dd1a8c4031f82387f155d63c.jpg,0,clean,0.0935080125927925,Unsplash
data/corpus/images/Megalith-Flickr/a9/a94867cdd3a36bd203e49ffb87d3ab8d0d733d8c4a424ab114ce2f4848e9b059.jpg,0,clean,0.0934124961495399,Megalith-Flickr
data/corpus/images/Unsplash/04/04a038cc5a76efef34b71a86ea2ec18e79461344706049be2ca63d8f37d2a1a2.jpg,0,clean,0.0929916873574256,Unsplash
data/corpus/images/OpenImagesV7/31/31535708c126ec7cb5f482ef9fd7f5262e625c280dfa8d2a8531452b13bec968.jpg,0,clean,0.092789888381958,OpenImagesV7
data/corpus/images/Unsplash/6c/6ce9114bee28fa047bebe88b58f0fc8d7ab31d3bbd15d4c8c5f71a6c0a383e2e.jpg,0,clean,0.0927100777626037,Unsplash
data/corpus/images/OpenImagesV7/eb/ebf823715de126999b7698f9dcecdb2ea2851445ed12c40557d42f7ac7be582a.jpg,0,clean,0.0926134586334228,OpenImagesV7
data/corpus/images/Megalith-Flickr/52/52153534538d034ff851bd6917d45e1dab7d24f0220b25729bbd7df0e7db45f1.jpg,0,clean,0.091894656419754,Megalith-Flickr
data/corpus/images/Megalith-Flickr/ad/ada83f4674c6482aa83fdab2bd892c371f1f2c5579163a661fbd8cc8e7da777d.jpg,0,clean,0.0912598818540573,Megalith-Flickr
data/corpus/images/Megalith-Flickr/b8/b899ccac4ef239c921c3ab6daa5b88651a69dca159cb9a75bd18842a332d8579.jpg,0,clean,0.0910604596138,Megalith-Flickr
data/corpus/images/Unsplash/62/62f225247f0d2e467dec806194292c02edcd8f807a1a031c09ffc08b2f79fbe3.jpg,0,clean,0.0908844172954559,Unsplash
data/corpus/images/Unsplash/d8/d82828280d6c03b6b8319486209b86fbb9fccb61f71a0db24e9751b29f9c3b81.jpg,0,clean,0.0898602083325386,Unsplash
data/corpus/images/Unsplash/0a/0af16aef79e755576f3f8e1cb8ffd112f87679fc19da560c13e41a9b1f1a962d.jpg,0,clean,0.0895593464374542,Unsplash
data/corpus/images/Unsplash/1a/1ae9880868ca1cc16c3909e00774fbd5eee074a0ba0d96392ff772b2c6bbd366.jpg,0,clean,0.089225172996521,Unsplash
data/corpus/images/Unsplash/37/373ae8824f3314956d030b83fc8fdbf902581c69dc169a0b0cf016eb3b07dc1e.jpg,0,clean,0.0884498953819274,Unsplash
data/corpus/images/Megalith-Flickr/f3/f3eef747015742e841d2ccabcf769fb24e8f84496c85ad7f516daa057f9026f1.jpg,0,clean,0.0880711004137992,Megalith-Flickr
data/corpus/images/Unsplash/1b/1b60fa0c20169e17bc6cdefc949909bdcbaa1099361277b5f12a7ed20ad327b8.jpg,0,clean,0.0879872664809227,Unsplash
data/corpus/images/Unsplash/0c/0cd699df424494836daa037fd51109bc43c77741677265c468cf20236c1a37f6.jpg,0,clean,0.0875805243849754,Unsplash
data/corpus/images/Unsplash/54/54dca0cd15275af9a670765f67edb3fdc848ab7d261840e2d1c93986fdd36b8d.jpg,0,clean,0.0872850567102432,Unsplash
data/corpus/images/Megalith-Flickr/1a/1ab760664e5f1e86fb3c53e73f469521b8bdd6dedc135a459594559a5987cb9f.jpg,0,clean,0.0872834250330925,Megalith-Flickr
data/corpus/images/Unsplash/c1/c16085f838d5c8c694ab4367ccf166d8bfbed6bd7fa9338fa039ed176780ca66.jpg,0,clean,0.0870307683944702,Unsplash
data/corpus/images/Unsplash/2f/2fed2606ab12c82f2b9ebe14325c6adaf4dcce72abbdd1b4fcaf040e22c833f4.jpg,0,clean,0.0870166718959808,Unsplash
data/corpus/images/Unsplash/be/bed1b5d15108a3b2b1b56d9eec673cbaf057e8944f42935bd5bc2414c0d3795e.jpg,0,clean,0.0869836881756782,Unsplash
data/corpus/images/Unsplash/ed/ed99ee260f8aa0c83b86c5a2d2c67b84b79ca6e1ae2e0a680edebb058c7f74f7.jpg,0,clean,0.0852743089199066,Unsplash
data/corpus/images/Unsplash/b9/b9616956ee89a8b7d283451efbc7198e7201f275d344704c1c7f36eee3cde645.jpg,0,clean,0.0839265957474708,Unsplash
data/corpus/images/Unsplash/0d/0dc27c19056b4612ca15568756b915faa69af7cdab19f2c71eab877ac8dd6573.jpg,0,clean,0.0838863924145698,Unsplash
data/corpus/images/OpenImagesV7/83/83ff9800ab63fdd18eae41bb6258cae5d6cff08601450b0f2a10ea505add7f17.jpg,0,clean,0.0832920670509338,OpenImagesV7
data/corpus/images/OpenImagesV7/e1/e18b86e4dafb10d4486e2703e4c18997dcf97982184588a8d2b8daecd944b4f8.jpg,0,clean,0.0832506418228149,OpenImagesV7
data/corpus/images/OpenImagesV7/4b/4bc6f45c467b5ed44b3639da57612eb02c1f368fdfe6571da7db795055c35440.jpg,0,clean,0.083233505487442,OpenImagesV7
data/corpus/images/OpenImagesV7/07/07350af46b0ffffb35a4096e7d2c39ce276b4455ed0d69c5a42e4c9d97625813.jpg,0,clean,0.082972951233387,OpenImagesV7
data/corpus/images/Megalith-Flickr/6b/6b548ea4097e18584b202d605fc6050e359ea6bb9f2e92efab7c6e05d8e52d6d.jpg,0,clean,0.0825413912534713,Megalith-Flickr
data/corpus/images/OpenImagesV7/d4/d4a12cfcf337f4694e8577325eef41f462014edc408fb88ff30e19ad6b45a16d.jpg,0,clean,0.0823999643325805,OpenImagesV7
data/corpus/images/Unsplash/23/238d96aa088d4e893f22f0f97ccee6ab49a108249996cd05afc8ac87ec4e39de.jpg,0,clean,0.0820209011435508,Unsplash
data/corpus/images/Unsplash/56/5681ed09f344dfd6c1ee2cddb25d5966c7ea2c66949cde1bce9661984ebbcab3.jpg,0,clean,0.0818199142813682,Unsplash
data/corpus/images/OpenImagesV7/04/0485d5fd2f895a18b9be364670c6e869778514a008060d26d77573902c70c239.jpg,0,clean,0.0815594270825386,OpenImagesV7
data/corpus/images/OpenImagesV7/d4/d4e082dac0cf08d3dcaf3efce00c72fc38001f229c16f2cb2bf799ae19cf3213.jpg,0,clean,0.0810897126793861,OpenImagesV7
data/corpus/images/Unsplash/6f/6fb457de83e7d75ff5f81b6b376e4951312c1b11358d630c587aa8bf1a18f9f9.jpg,0,clean,0.0805807337164878,Unsplash
data/corpus/images/OpenImagesV7/65/65e63e1886f07184f41a3fd59b7650bedcef7681db9384e4b57bb51031382624.jpg,0,clean,0.0802201032638549,OpenImagesV7
data/corpus/images/Unsplash/ac/acf94be5428f1fabe18f4b3ceec4d5af543a759be29a632d8bf23d777b31a5d6.jpg,0,clean,0.0794393643736839,Unsplash
data/corpus/images/OpenImagesV7/9a/9ad58909af91f00cc13d257d57c6d1fd92393ba7a37b7855c33aa0f48c93dace.jpg,0,clean,0.0793029144406318,OpenImagesV7
data/corpus/images/OpenImagesV7/2e/2e4a698ed7285a278c13f2062b8e4fa0365f9a0b2b85206dd74a44d4dab55502.jpg,0,clean,0.0792728438973426,OpenImagesV7
data/corpus/images/Unsplash/55/55c913feb1f4e7f66988272e9e3c5288dda74a6bc8df2beca2715fcb19acde43.jpg,0,clean,0.0792567655444145,Unsplash
data/corpus/images/Megalith-Flickr/2c/2c1c66f966baa9978c9f46e2a4252ba385970e79646f6e625996eec1cf1313c4.jpg,0,clean,0.0792106166481971,Megalith-Flickr
data/corpus/images/Unsplash/27/277384dfdefa8568295a856ba3f8f6f6fa2f7b1d7c735f6544b5c6e7627f4d9d.jpg,0,clean,0.0791939049959182,Unsplash
data/corpus/images/Megalith-Flickr/aa/aae8e0876b057f3470cd8dc1dc826dff1cc44a4140caf4147529092765a27d39.jpg,0,clean,0.0788897424936294,Megalith-Flickr
data/corpus/images/Megalith-Flickr/cd/cde9924d9a765f8f1610a159d84994d4a9d4469f5a00c2d7b8d1a65250b0648a.jpg,0,clean,0.0786856189370155,Megalith-Flickr
data/corpus/images/OpenImagesV7/ed/edddd576bd1e6bf3fb6e8f13b6c31103c51cfa685ee0ced279ebad432e41eabf.jpg,0,clean,0.0783064439892768,OpenImagesV7
data/corpus/images/Megalith-Flickr/fa/fa9ab77e9921bf23d77827e2e39a2e5635eee5238692426740b6bf68a6887989.jpg,0,clean,0.0780593454837799,Megalith-Flickr
data/corpus/images/Unsplash/85/85318b5e9d809c1a4547cea8d6e19adcc4807698956ede413ab970244399f9bb.jpg,0,clean,0.0777168869972229,Unsplash
data/corpus/images/OpenImagesV7/86/861ecdb760d1a5898101415feb31ddf6602d2d3cdf01314d682047fbded39a7e.jpg,0,clean,0.077221967279911,OpenImagesV7
data/corpus/images/OpenImagesV7/c8/c82a0ee2ef95dc13bcabb88adff68198f2af846215a580ebb380f1e3befcd986.jpg,0,clean,0.0771174728870391,OpenImagesV7
data/corpus/images/Unsplash/aa/aa0c09cb104fb4a610189e2db45b5716eb0693d25a68e0fb0ad550b6aa32d7d9.jpg,0,clean,0.0770524442195892,Unsplash
data/corpus/images/Megalith-Flickr/1b/1b2ec14425fcbf8a81e2775b73efb4effbf61bce7e1e22b8b788d8ab980816ba.jpg,0,clean,0.0764056593179702,Megalith-Flickr
data/corpus/images/Megalith-Flickr/d6/d6b41778b475c049d604e2f048467309a4e63ad5a61f23b63818b8bd7b3b658a.jpg,0,clean,0.0763969868421554,Megalith-Flickr
data/corpus/images/Megalith-Flickr/5b/5bfe6759d68663b4e02c2759ae8a18d65330ef750a345defaf7f3d1990f23f21.jpg,0,clean,0.0759405344724655,Megalith-Flickr
data/corpus/images/Unsplash/5d/5d77b96d85591a265c0f83ca97619de7d7eac6693dfb49e361267ebdac4e7363.jpg,0,clean,0.0753542855381965,Unsplash
data/corpus/images/OpenImagesV7/b9/b988a910a3161a97ec0e85726ab0e7abdb30cf23262e7b738f1d4e878d99fd5b.jpg,0,clean,0.0751381888985633,OpenImagesV7
data/corpus/images/Unsplash/4b/4b1101213077a390b767030425bf854451c9dc29b1210ee596c66b607e4d7405.jpg,0,clean,0.0750580877065658,Unsplash
data/corpus/images/OpenImagesV7/09/091b5c1fddd37447ae8b9592a08bdb1893c73d3c412943b94c40987c3f389f03.jpg,0,clean,0.0750281661748886,OpenImagesV7
data/corpus/images/Unsplash/d6/d6cc3f6d14d397506e6d66e2d94e3bbcfd83cc792854322870ecf1aca22fdd3e.jpg,0,clean,0.0748191028833389,Unsplash
data/corpus/images/OpenImagesV7/65/655fc6734f6770f0af1e8b072b9ee31f4bb310b880ca5e9b1fcf600bb88fb534.jpg,0,clean,0.0742125138640403,OpenImagesV7
data/corpus/images/Unsplash/b5/b5e48381b06fb2c4b301d746cfdc7a93e4dc2ab309e5197846af0cb991685d8b.jpg,0,clean,0.0738404914736747,Unsplash
data/corpus/images/Unsplash/ef/eff0a84afbf9e29a75305e7ad9df9f7b9a62b8c861f6b9ab6758661d2a701633.jpg,0,clean,0.0738051086664199,Unsplash
data/corpus/images/Megalith-Flickr/6b/6b6f6c4f1437ed3d4348a722e53ebf3c217b051ac8f6a7cad9c034d7f8b46f92.jpg,0,clean,0.0732000693678855,Megalith-Flickr
data/corpus/images/Megalith-Flickr/76/762b09d749324fac4f29914bf3d9c6c03b0011d81dc728cc0067c609725e9487.jpg,0,clean,0.0731751322746276,Megalith-Flickr
data/corpus/images/Unsplash/b3/b34550af56b6f5e169134e354f0aa32944bf20ce5bb1732d4d733d82e9566bbd.jpg,0,clean,0.07266116887331,Unsplash
data/corpus/images/Megalith-Flickr/51/51dfbc18dc58d4f8fb953f2ff5bff54ae0830515cabe431ff5be037a3e70f30a.jpg,0,clean,0.0724525824189186,Megalith-Flickr
data/corpus/images/Megalith-Flickr/16/16b1f33a5fb2290fa4d7b858f115045bb1a8b248108fd65845a08b0ebbe41322.jpg,0,clean,0.0716966241598129,Megalith-Flickr
data/corpus/images/Unsplash/81/811a5dc8ffab06515e0c14dd9aa1a4a5a39f0d23626b1712a5835f3079dfa1b9.jpg,0,clean,0.0716859847307205,Unsplash
data/corpus/images/Megalith-Flickr/63/63e53f2de365573747469a10ad4c902416ee4f713c0a7c2e5c3b11b1d0d7d6aa.jpg,0,clean,0.0716729462146759,Megalith-Flickr
data/corpus/images/OpenImagesV7/77/77fc1aafdbb90798e32a2c9784f672de11886e237541f7c7bb9cf18f1f7624ff.jpg,0,clean,0.0716600716114044,OpenImagesV7
data/corpus/images/Unsplash/cf/cf1fd9e8af93f6025063613015b443365e568e8ddd3f285ae3ae964a169f5ad6.jpg,0,clean,0.0712427869439125,Unsplash
data/corpus/images/Megalith-Flickr/c8/c8b6fa02f39870068aa59a7318a0b0e91723de4fd9b9776406af896bf7ec03eb.jpg,0,clean,0.0704815462231636,Megalith-Flickr
data/corpus/images/Unsplash/50/50d8c729f1b99578f5eb89e19764582640ace1ea68602688a759dc935d9d479b.jpg,0,clean,0.0702557191252708,Unsplash
data/corpus/images/OpenImagesV7/36/36d703b547b84c4381e170eab60020d4f99d3750046fc6579ba692caaec34df8.jpg,0,clean,0.0701007917523384,OpenImagesV7
data/corpus/images/Megalith-Flickr/f6/f64fe32d74daf2b68527183eda8fe4ce0b1a0fd42dc12b5b81682a7589b8011a.jpg,0,clean,0.0699585452675819,Megalith-Flickr
data/corpus/images/OpenImagesV7/e0/e0b0b888069370d5eb63d5f4b29c5f72c7e0073df6a9f867d2f902b3a56656f8.jpg,0,clean,0.0699359327554702,OpenImagesV7
data/corpus/images/Megalith-Flickr/47/47e0f3fc3233ca1f57cca8ab1201b245b19df41cae32c8b0afe1409383493450.jpg,0,clean,0.069395788013935,Megalith-Flickr
data/corpus/images/Unsplash/29/29e95766224c6bedb993a0ce63b34e9cc12a6daa6f7a970dca0d7e05deed7d26.jpg,0,clean,0.069147877395153,Unsplash
data/corpus/images/Megalith-Flickr/70/70535d92610a0c8492a22e4a9edd8d91d8253e1f92afd298c6976e5406640499.jpg,0,clean,0.0689007565379142,Megalith-Flickr
data/corpus/images/Megalith-Flickr/4b/4b65f3a69451b141a3410debc5da3ad4ddf1c17b5a61ccecc33285e0399c6391.jpg,0,clean,0.0689005255699157,Megalith-Flickr
data/corpus/images/OpenImagesV7/ad/ada2ae12822e58a1494b4be668edb5b26733a13665aa1d3fb997f93f5213c22e.jpg,0,clean,0.0685595944523811,OpenImagesV7
data/corpus/images/Unsplash/1d/1dd9c3111848f2f43c3b6c9d9b0781097249d39a69d1ceeaacfb7b31f0676de4.jpg,0,clean,0.0679635852575302,Unsplash
data/corpus/images/OpenImagesV7/f3/f3f4f2147ac1ea59982f8d969572addeb07fe96678fb30cb92468a844468b2d3.jpg,0,clean,0.0678819343447685,OpenImagesV7
data/corpus/images/Unsplash/2a/2aea40078ecbf435a3ad52ceb87bd49c0d506f2247b81c006363220c612165ce.jpg,0,clean,0.0677217841148376,Unsplash
data/corpus/images/Megalith-Flickr/79/79d3b2cbff0f7c899f308d792a2efa0bb0307cce6e36a4736643faac6980f779.jpg,0,clean,0.0674124434590339,Megalith-Flickr
data/corpus/images/Megalith-Flickr/08/086d463ba7df7f53b37240aa0bf36d3ba727c52f990de1db8c056f090d088971.jpg,0,clean,0.0673302635550499,Megalith-Flickr
data/corpus/images/Megalith-Flickr/5e/5e89a108170650b22a0ccaa12cfe0d52f48cc4d79d3f387f41cd4037557f743f.jpg,0,clean,0.0668832212686538,Megalith-Flickr
data/corpus/images/OpenImagesV7/63/637daebec2b5d129f96a09b0914bb97546d147b0e33779bc07b8ffe38f063e25.jpg,0,clean,0.0660144910216331,OpenImagesV7
data/corpus/images/OpenImagesV7/8b/8b37c905fe93b8ff7ef548cb2e9e3651bd87727c1af71fda9e95165f33301f83.jpg,0,clean,0.0654726028442382,OpenImagesV7
data/corpus/images/Megalith-Flickr/a1/a10ef4ce318c4e6ccd2643fb939bc34d2067aa1801a1bcc99bd201b2cf332b7b.jpg,0,clean,0.0649691745638847,Megalith-Flickr
data/corpus/images/Megalith-Flickr/46/468fc2910597c2b0ad0b037fe87049bdaddfb92319a68cb631f5832421b88323.jpg,0,clean,0.0648756772279739,Megalith-Flickr
data/corpus/images/OpenImagesV7/d1/d116466d61730d67ec12f228633d829ea06b81cf610d26d6557b69f853eb8caf.jpg,0,clean,0.0647646337747573,OpenImagesV7
data/corpus/images/Megalith-Flickr/e9/e915bae253113ad9112866f3985a86fc0cb350e11c09ffaea8442e1c28406052.jpg,0,clean,0.0646521672606468,Megalith-Flickr
data/corpus/images/OpenImagesV7/9f/9fc141e4a82925a2984ef9e5afbfee214e4daf43ae1548f13335cee2ecf30a17.jpg,0,clean,0.0643114447593689,OpenImagesV7
data/corpus/images/OpenImagesV7/ea/ea12b803b14242939e3a935c8c0b0b219414b50031bae23cad960f8e64a6eaa3.jpg,0,clean,0.0641405805945396,OpenImagesV7
data/corpus/images/Megalith-Flickr/e4/e43fd8ca0d31ce2fec86e455491d04a81263918baad91b46170afc5a1c74a526.jpg,0,clean,0.0635959655046463,Megalith-Flickr
data/corpus/images/OpenImagesV7/41/41a172f593f229f08a106f79a6bf09663835935114b3563661d455f4da050225.jpg,0,clean,0.0633920729160308,OpenImagesV7
data/corpus/images/OpenImagesV7/a5/a5b88d34bef42d3b2f08cc86b94d6d42de58af331d2278de81afd7c4b6b50698.jpg,0,clean,0.0626601129770279,OpenImagesV7
data/corpus/images/OpenImagesV7/3b/3bffddde3b6b52991f27edd01cb8dae84cbbf1774e2682777adaf50275014d32.jpg,0,clean,0.0624939873814582,OpenImagesV7
data/corpus/images/Unsplash/47/47bfb9d7fdda033613b02865eb785f3f81230f509e607443dbc8f784045ca469.jpg,0,clean,0.0621905513107776,Unsplash
data/corpus/images/Megalith-Flickr/cb/cb54269793a580e6ffa6d06b31474913b55cf46b3a8a19d235d3f68783e50c4f.jpg,0,clean,0.0619351379573345,Megalith-Flickr
data/corpus/images/OpenImagesV7/01/016fe604a31b293a35d768d91e7b77b097c031de699dd002f623872eae366351.jpg,0,clean,0.0617135986685752,OpenImagesV7
data/corpus/images/OpenImagesV7/31/31f466d6a3eaedee2af6d995188d5633001100717ccfd49d1aea75795f33473c.jpg,0,clean,0.0614037588238716,OpenImagesV7
data/corpus/images/Megalith-Flickr/39/39a35288acdd4ee37b48709c7bdacf436efbcc490782b0ce3ba335558a8b7e5d.jpg,0,clean,0.0604084841907024,Megalith-Flickr
data/corpus/images/Megalith-Flickr/76/76727077d2c650db24400ee542c040680dc76331265da94a5297f818d7f40302.jpg,0,clean,0.0601562969386577,Megalith-Flickr
data/corpus/images/Megalith-Flickr/62/62009bf38d3ad3ce303367aacd362e82de5c161aa10e4f534e25ccfae3ee1a1c.jpg,0,clean,0.0599156990647316,Megalith-Flickr
data/corpus/images/OpenImagesV7/06/06b63e95ea2fd88f5331b40231df2176feac79d995678b855fbe25670b4f2192.jpg,0,clean,0.0597066171467304,OpenImagesV7
data/corpus/images/OpenImagesV7/2c/2c8dcbd9e57feaa14abe7364f17efcf0ff9376b9bc2904d1612e192ed4dab721.jpg,0,clean,0.0596848130226135,OpenImagesV7
data/corpus/images/Megalith-Flickr/68/68045d0f112cefdbc290e70d084551198098f0ec9f3ccc672a9fc935dc9985d4.jpg,0,clean,0.0589781999588012,Megalith-Flickr
data/corpus/images/Megalith-Flickr/f4/f4a75fc08dba41cb7fd46df14c36e886b9e43e8cda287d7cba7038c285a58d0c.jpg,0,clean,0.0585851781070232,Megalith-Flickr
data/corpus/images/Unsplash/34/34191029899c0af9da66793eacece4f5053b886885692cb3245283fa6f78ff63.jpg,0,clean,0.0583193451166152,Unsplash
data/corpus/images/Unsplash/a6/a6f80bd4c97aca22f94a5ef784909ee78104a5e42bae822039a45f8846b2ec93.jpg,0,clean,0.0580992065370082,Unsplash
data/corpus/images/OpenImagesV7/31/31e0504338aea5b45d53730b8f5bf0b60fe7bb3a04cdcd3e9c51088a2522f219.jpg,0,clean,0.0579160712659359,OpenImagesV7
data/corpus/images/Megalith-Flickr/9a/9a5702ee389316e14dcb5618fcc8dc2c8639cbef6c1d4e49b2b25e9a0e65d57d.jpg,0,clean,0.0578067004680633,Megalith-Flickr
data/corpus/images/Unsplash/a2/a275a4d71b2a23e5e7b8add3b12f06d0b0e8a94e5a07e7a250b8458196ce1012.jpg,0,clean,0.0572939440608024,Unsplash
data/corpus/images/Megalith-Flickr/a0/a004e7d7c8ab7e1cdec208323505dfc2753d46685ee76a85f248cfbcde9d8231.jpg,0,clean,0.0562445111572742,Megalith-Flickr
data/corpus/images/Unsplash/64/64a5e153d04de425677e543db18e66b74fd981050f4958ab4ca4ae90fab445f4.jpg,0,clean,0.0560380965471267,Unsplash
data/corpus/images/Megalith-Flickr/74/7474a48cf05efc99a3e85993667d1811a7c1250e7394143107bf4617f5b94b11.jpg,0,clean,0.0559228472411632,Megalith-Flickr
data/corpus/images/Megalith-Flickr/60/6008ec17d108bb1601ea0826a93c287b49b2126d95a8b5e8773b772f8bbb097a.jpg,0,clean,0.0557309351861476,Megalith-Flickr
data/corpus/images/Megalith-Flickr/d3/d3cd6128821f2ac9864329f25b3487f32ec22ec322be96feb8ea989ad7d9e153.jpg,0,clean,0.0555625073611736,Megalith-Flickr
data/corpus/images/Megalith-Flickr/36/36f6eadb47e8696de9b3bf9bb8fa9f677f0339d9326dccdd048fcbc47a47f969.jpg,0,clean,0.0550612583756446,Megalith-Flickr
data/corpus/images/Megalith-Flickr/60/60a7d18bf5cf649ee080d41455776793deff3aef2d20f482984a989d78e6c003.jpg,0,clean,0.0548395179212093,Megalith-Flickr
data/corpus/images/OpenImagesV7/68/680e4e0cfc4f229465be3075fdc6ee30f20941ba36db9a30d6a90b0a71bedcaf.jpg,0,clean,0.0547263473272323,OpenImagesV7
data/corpus/images/Megalith-Flickr/37/37741c9f5b532cb23b5678de437dd6ea37f3f3a8903c02181ca62edd5cd66dcc.jpg,0,clean,0.0545035824179649,Megalith-Flickr
data/corpus/images/OpenImagesV7/98/98c3e1a1ae1f2e5bc3b4fae08f4e2b713b4d29d1f17ef354cc1c086bab3babc8.jpg,0,clean,0.05405093729496,OpenImagesV7
data/corpus/images/OpenImagesV7/59/5958142001b66924630e2cc2282efac1066a186461a3d56b2ec655bed5e5d49e.jpg,0,clean,0.0540232025086879,OpenImagesV7
data/corpus/images/Unsplash/f8/f856c8879f4008b0ff010f85ca0cc38984e7e449ff6a4677d10637d81ddad29c.jpg,0,clean,0.0539802350103855,Unsplash
data/corpus/images/Megalith-Flickr/1b/1b6c8ac57e823d39c020cb59cf05bbb9452879737fd67ae19a5e89b017d76f71.jpg,0,clean,0.05397479981184,Megalith-Flickr
data/corpus/images/OpenImagesV7/90/907a93d29fe80218bc2d727aaccae43cb60bb23014d82df6d0709fad2a687bb6.jpg,0,clean,0.0536089017987251,OpenImagesV7
data/corpus/images/OpenImagesV7/c4/c47663da6c3c10c77ff64d3b4598d766c13c655be1eb62c8cf6acbf247859f48.jpg,0,clean,0.0532337054610252,OpenImagesV7
data/corpus/images/Megalith-Flickr/75/75f41e0ff1e8b024c5d1706f7500f2ea93c2dd64a0430e3a6e15bc5fded8eb4c.jpg,0,clean,0.0531041994690895,Megalith-Flickr
data/corpus/images/Megalith-Flickr/41/4170d1c49e095e1c0b24b8230fa21ca36d23bd25844b851cc5c95c78377e8959.jpg,0,clean,0.0530830658972263,Megalith-Flickr
data/corpus/images/Unsplash/3d/3d0d109411fbf4b16c57ba1cc6fe431ff87b4be051fea2a41f93dd0282fceb6a.jpg,0,clean,0.0529096573591232,Unsplash
data/corpus/images/OpenImagesV7/d2/d28be7f31419c7b8e6f90454c20d4a1eb7258fb541499d19510ac240a83b3b92.jpg,0,clean,0.0528986230492591,OpenImagesV7
data/corpus/images/Unsplash/59/593f91e066bf56f48c837142ffa4ad7060a99515cd7695f31f77ea67030ca3f3.jpg,0,clean,0.0525033697485923,Unsplash
data/corpus/images/Unsplash/d5/d5ba05a0257c30bdb01fd4c2f343475d33ceaf404b3f91eb8a57b3e9df607562.jpg,0,clean,0.0524076074361801,Unsplash
data/corpus/images/Unsplash/3a/3ad0d20d7db7ebb2e7b13cb1911b77381266d1f56debc32dd9ed603fdcb112ad.jpg,0,clean,0.0520564094185829,Unsplash
data/corpus/images/Megalith-Flickr/7f/7f8d4a2929d3c0e84ae6eb7dddd83a858f4c7deb44cafb859ca0052fefb0c546.jpg,0,clean,0.0519925169646739,Megalith-Flickr
data/corpus/images/Unsplash/14/14f7d1812a716bbe0aaba78a774075a9a48b8836485c04dc8d94b7d65e1eeadc.jpg,0,clean,0.0517699792981147,Unsplash
data/corpus/images/OpenImagesV7/f9/f908e575ef34c001d5624c9d1ea2d766d5e9a319d461d50560a0aeee402edd4b.jpg,0,clean,0.0517017729580402,OpenImagesV7
data/corpus/images/Unsplash/48/48f7cbe717daf9ecd9f98d6c95f927c2fa30fd04056b932e81eda18b05cbb0bf.jpg,0,clean,0.0514480210840702,Unsplash
data/corpus/images/Megalith-Flickr/f9/f9472c958645ed2071b118eabe4cbe9bb3fd5b7ce5f8ebf16f77bb347578bb50.jpg,0,clean,0.051134780049324,Megalith-Flickr
data/corpus/images/Megalith-Flickr/ea/ea5e2aa7335659600ac1c3d4714710f8958735cf14939d1a1abe1a3686b326a7.jpg,0,clean,0.0510118827223777,Megalith-Flickr
data/corpus/images/Unsplash/d4/d4a329432b14f387ea22658a0ca835883a952ba4ed71baae8de4bbc967f2c2fc.jpg,0,clean,0.0509325452148914,Unsplash
data/corpus/images/Megalith-Flickr/af/af7279001d72307959138090d710061fb782cb93b64ee1f04f4477e8e5a44592.jpg,0,clean,0.0506789311766624,Megalith-Flickr
data/corpus/images/Megalith-Flickr/d1/d19f7db0c3654d4486e4bcd6de89c8a18c6c426c2a0f53449684486b63023819.jpg,0,clean,0.0502081103622913,Megalith-Flickr
data/corpus/images/OpenImagesV7/6f/6f795eab82a8068efc6ed2a621bf7cb0b31d5bbd66116c12905160659d200d3b.jpg,0,clean,0.0498194321990013,OpenImagesV7
data/corpus/images/Unsplash/5c/5c271cb827592490d65b4cb266660a20d8e243862bb3e420b83319995c169f0f.jpg,0,clean,0.0498063340783119,Unsplash
data/corpus/images/Unsplash/17/17915717647e7dd407fac7b91a508e9e87857a25366f1d6a3c01219913bf5b8c.jpg,0,clean,0.0497139245271682,Unsplash
data/corpus/images/Megalith-Flickr/87/879f8bfefb3955f46894d8f87c4bac68a472acd2aca6e39215da3a6d3e1597af.jpg,0,clean,0.0494027249515056,Megalith-Flickr
data/corpus/images/Unsplash/79/7958a2c9823faa9bb41c7264ee77663226f5001d87d88c410c524e6b375bee5d.jpg,0,clean,0.0492158755660057,Unsplash
data/corpus/images/OpenImagesV7/5d/5dc341a3c8ad17c1368b07c881bbbfa02a472cb266bec85c5dae718a6ab5ec9f.jpg,0,clean,0.049165453761816,OpenImagesV7
data/corpus/images/OpenImagesV7/46/463d7e3c88bdba46aff4c4dfd819c8f9ad0bc178e9bca3a72c680275d4952d4a.jpg,0,clean,0.0491582527756691,OpenImagesV7
data/corpus/images/Unsplash/96/962f265707467dcff436773d851f62d1fcae3c9ddd37b6df5f1eee9f7d88eba5.jpg,0,clean,0.049030352383852,Unsplash
data/corpus/images/OpenImagesV7/37/37a9cff883d5814b6c91a2a30331a8ef3c3ec3acef9ceef6855e66c6de441a1f.jpg,0,clean,0.0488331876695156,OpenImagesV7
data/corpus/images/OpenImagesV7/a9/a9e2258932c7019be4dbc258c209b1017c0012d2da6e2bc202ca056803157180.jpg,0,clean,0.0485547594726085,OpenImagesV7
data/corpus/images/OpenImagesV7/2e/2ea85d7897ec2e341ccd623293fca5efd043669f422580c542c59129c1b88afa.jpg,0,clean,0.0482279062271118,OpenImagesV7
data/corpus/images/Megalith-Flickr/c3/c3cb1ec2ccccfbcb83639d04f5d54a98dc795f8db21fb3efa4b7f345ac86ac25.jpg,0,clean,0.0482088215649127,Megalith-Flickr
data/corpus/images/Megalith-Flickr/79/79f63f6ec221c2e184b1ceb68e13857d29a4c5d0aecf71cd34c55a874b3e4781.jpg,0,clean,0.0475295819342136,Megalith-Flickr
data/corpus/images/OpenImagesV7/42/4277ab9051eb38e2ce9353436e259622d3a99fc94b96b96439ebdf6d2427907c.jpg,0,clean,0.0463291481137275,OpenImagesV7
data/corpus/images/OpenImagesV7/13/135610228fa87b84d0d78f287ddc1c8717e13f1df53c2c33bcd42176c114d8f9.jpg,0,clean,0.0459814965724945,OpenImagesV7
data/corpus/images/Megalith-Flickr/04/04a3ccf44869ae2e3e184e706b960a095b8557871ed437e96c4e6c96a1437051.jpg,0,clean,0.0457239896059036,Megalith-Flickr
data/corpus/images/Unsplash/f5/f5bc15e5ad585510573f935fded77dfc81b2fc9988883a2ed1601127e0cb9355.jpg,0,clean,0.0456180870532989,Unsplash
data/corpus/images/Megalith-Flickr/0c/0c7db6eece662e698d0fd8e957f2cc8e2202a17761d5e04df456db5f7c84252b.jpg,0,clean,0.0455087162554264,Megalith-Flickr
data/corpus/images/OpenImagesV7/3e/3e3f2d26484e4f88a2f2d34ed1db155728b203c5f4925af6f204f180b5f2c534.jpg,0,clean,0.04533351957798,OpenImagesV7
data/corpus/images/Unsplash/36/36b93192ce3014d1b45d146cba32c708bfcb0f88eadf22a142c7579e659a07c0.jpg,0,clean,0.0447893887758255,Unsplash
data/corpus/images/Megalith-Flickr/47/478887b13c8c3c544e51f03103a032022e41ed348f72ceb504b23c157b060743.jpg,0,clean,0.0446700975298881,Megalith-Flickr
data/corpus/images/Unsplash/73/73dd030e5be4bef0a315b3f11aac83ee2a63d8b3ac32e60e5cfb8ed3cc9d5bc1.jpg,0,clean,0.0443262346088886,Unsplash
data/corpus/images/Megalith-Flickr/67/67863b3a612defed5b22b9b47bdd26f125da0919936f48a8c4a6c99ae34d07ea.jpg,0,clean,0.0436469614505767,Megalith-Flickr
data/corpus/images/OpenImagesV7/78/78fdf5c8454a54d061a4d8fea979347a180690c29a9546fb81dcc99e110b0dc6.jpg,0,clean,0.0432167500257492,OpenImagesV7
data/corpus/images/Unsplash/e0/e0518f95832b3d01e450a7991dce14f49bd962f9c1d910f958553e17cf6b69d8.jpg,0,clean,0.0431849397718906,Unsplash
data/corpus/images/OpenImagesV7/60/6020682d2a496dcf11d5b6231cb9ed9f380a9fc8930fd65001fb363412b87c9e.jpg,0,clean,0.0430311635136604,OpenImagesV7
data/corpus/images/Megalith-Flickr/b9/b9c61702b685688557f5d7b1ff59a6c8bd9da066af90d22541514fd016eeac59.jpg,0,clean,0.0428066402673721,Megalith-Flickr
data/corpus/images/OpenImagesV7/79/79a3f8a69f4a33829e526708b1c2660b46694fecb11d135a1e3ef40953a08365.jpg,0,clean,0.0427289567887783,OpenImagesV7
data/corpus/images/OpenImagesV7/be/be0fb968b6b9c65e983dcdece31e74e1b1019679de76cdde7c9387c3c899dd7e.jpg,0,clean,0.0421226061880588,OpenImagesV7
data/corpus/images/OpenImagesV7/cb/cb1e8d5df685561b7eae629a816a91754cd9db30465d2e16ae852aa4d9309338.jpg,0,clean,0.0410967394709587,OpenImagesV7
data/corpus/images/OpenImagesV7/40/4056e5db5ebf976a4e87b5d8ffab403b96981ef5186d34a7d767fb3d21e0f8fb.jpg,0,clean,0.0408447794616222,OpenImagesV7
data/corpus/images/OpenImagesV7/b6/b69a43aa37a3f46180cc8bba3770250b29b3ab070078f7e273ec7700b357b9b0.jpg,0,clean,0.0406522899866104,OpenImagesV7
data/corpus/images/Unsplash/bf/bfabf2d579183f7df63003d1a1845de9d1a990acc94ed4c82bead330e589125a.jpg,0,clean,0.0403109639883041,Unsplash
data/corpus/images/Unsplash/3a/3ad7666b244b01288d579b9617e5c6fefd6d289af338ae53c2cb012f59f1a285.jpg,0,clean,0.0399776920676231,Unsplash
data/corpus/images/OpenImagesV7/6c/6c1bc89342e5cc713b68fb3bf67fb79a4878472d9ca6965b214a7190f801c3f3.jpg,0,clean,0.0396948307752609,OpenImagesV7
data/corpus/images/Unsplash/ea/ea36b4766b5eb41b05ffb837aef6ff74d237828992629bd22be92b676004d82b.jpg,0,clean,0.0390084572136402,Unsplash
data/corpus/images/OpenImagesV7/47/47edcf4dd6222d71d09f19109d6b61108f10e2e86a673eaa61b530f8e96c9984.jpg,0,clean,0.0388609282672405,OpenImagesV7
data/corpus/images/Megalith-Flickr/bb/bb700509f2f49ce4b57be690afbe0b0f2507aa19051255c3aaabc717d9b18f54.jpg,0,clean,0.0384840779006481,Megalith-Flickr
data/corpus/images/OpenImagesV7/e9/e94401f70efcac97ae8dd805da260f9f9141190e151d2bc0c46e583617dc80b9.jpg,0,clean,0.0380126908421516,OpenImagesV7
data/corpus/images/Unsplash/94/942f8b1af306ba6e42fc90e63d4daf1b29b9bd21ce0e533fbcd96fd75f24c0f6.jpg,0,clean,0.0379752144217491,Unsplash
data/corpus/images/OpenImagesV7/6a/6ac675a2c5ab640a2973b98a09a19bf3dcf1dac932af2b673f36a73831d608c7.jpg,0,clean,0.0379363894462585,OpenImagesV7
data/corpus/images/Unsplash/01/0193bd4a4864f19f0e17346f51184ce8e4c7d457e015f5a98c55246c229d0630.jpg,0,clean,0.0375721305608749,Unsplash
data/corpus/images/Unsplash/65/65ae05baee389138f960e3f511ef9f9a60c46cf1da6e7b907bc7d33fbfbe6ef9.jpg,0,clean,0.0374225378036499,Unsplash
data/corpus/images/Megalith-Flickr/4a/4a904de1af465e26e7da1a3c3860bffd820d4202dcd445ff12c6cc985e9cfd02.jpg,0,clean,0.0371905751526355,Megalith-Flickr
data/corpus/images/OpenImagesV7/25/251df24940c7a7a475a2f88d1878646d83bb977e0767e1f8b97d30d6baf9e809.jpg,0,clean,0.0370670594274997,OpenImagesV7
data/corpus/images/OpenImagesV7/12/1268663b946d098ab9379f06364cb01f4c80d30892aad1eb9a3d3b92d3fa0732.jpg,0,clean,0.0369145758450031,OpenImagesV7
data/corpus/images/OpenImagesV7/f6/f6d981da905b0c836c25c2017bb499b8ff70b054d7b3eb87887e19c00ebef3f4.jpg,0,clean,0.0366430729627609,OpenImagesV7
data/corpus/images/Megalith-Flickr/86/865cb224555ce7f20787522e3a4cf08833a14da845e49fb87852618b66582d69.jpg,0,clean,0.0363215059041976,Megalith-Flickr
data/corpus/images/OpenImagesV7/bc/bcb70c30253ccb8497074923f97d689d586cf50217e5226b443a45d507727168.jpg,0,clean,0.0356721878051757,OpenImagesV7
data/corpus/images/Megalith-Flickr/f4/f4a005b74a27e27935f31c219879a32a56cc4cbb7649833c26c698508f731a13.jpg,0,clean,0.0350829772651195,Megalith-Flickr
data/corpus/images/Megalith-Flickr/fd/fdc80e4d80e32a593df563e2e97db7732ed1624ab02f0bb5d23c1f63ce0fbbe5.jpg,0,clean,0.0350746661424636,Megalith-Flickr
data/corpus/images/OpenImagesV7/57/57fbe9870604b2577bb5b0d9c925f652bbbce9b58837dda7ea17e3facf813a68.jpg,0,clean,0.0349979288876056,OpenImagesV7
data/corpus/images/OpenImagesV7/11/1129fb9b8fc6c98672677737729306ba3d1bced43690b5aa02b4f6a83dba3be0.jpg,0,clean,0.0349783040583133,OpenImagesV7
data/corpus/images/OpenImagesV7/06/067027fb8ca71ab7c9f2e30cc872f7b147e69825fdc6af913851276e8ad9e4ca.jpg,0,clean,0.0349458903074264,OpenImagesV7
data/corpus/images/Megalith-Flickr/dc/dcbc51b7c9377abf33303167752fbc5ffab0a99f2f5899cf50d10fc1e46aff95.jpg,0,clean,0.0346311181783676,Megalith-Flickr
data/corpus/images/Megalith-Flickr/1f/1ffc1cd8092199880860816c017b0ee43df072f1b95d1e36adb69ff3c736869b.jpg,0,clean,0.0346306003630161,Megalith-Flickr
data/corpus/images/OpenImagesV7/cb/cbf91aeffa7c8fd2ad83ed64e66f698e30266026f510428175f320ee81b7757f.jpg,0,clean,0.0346048027276992,OpenImagesV7
data/corpus/images/OpenImagesV7/9c/9c5d745ff72678b0b1a77abe865734385b28b3cb7fc11f3364fa60315e77f02f.jpg,0,clean,0.0345604456961154,OpenImagesV7
data/corpus/images/OpenImagesV7/4e/4e7d061c02cf60fcc60d8297635597dcf43bad1b9a7af2c570622cfe589fc98d.jpg,0,clean,0.0341204963624477,OpenImagesV7
data/corpus/images/Megalith-Flickr/a0/a0de711689603b19514a8c3be8b37da44c127cec2a282a44da1ecbdad9c3889e.jpg,0,clean,0.0340942703187465,Megalith-Flickr
data/corpus/images/Unsplash/0c/0c71f0bcb6778e3712ae7bc3197a8951acdd1267f782113f4673dadcaf56da28.jpg,0,clean,0.0336947739124298,Unsplash
data/corpus/images/Unsplash/79/7951e3c1ffd71d9e4afc60920105916a94eef52c8968a36a5f169bc3ec57fc86.jpg,0,clean,0.0335647985339164,Unsplash
data/corpus/images/Megalith-Flickr/8b/8b11f53dbfab705df9089e8fd4de02545603441f8c72594600aba3267740e980.jpg,0,clean,0.0335325449705123,Megalith-Flickr
data/corpus/images/Unsplash/23/23738599b705f9f67140f5906a61d7ef23744bf66f20942d8e48501c1a8b79f6.jpg,0,clean,0.0333907343447208,Unsplash
data/corpus/images/Megalith-Flickr/4a/4a3196401879e11c30660516cc4673abc42dd9609fddd394772a0fd38cd43315.jpg,0,clean,0.0330621600151062,Megalith-Flickr
data/corpus/images/Megalith-Flickr/11/11187e938a6a631a74fe3043c552f22f0c5880e2820830b66bde05670bbf233f.jpg,0,clean,0.0330001041293144,Megalith-Flickr
data/corpus/images/Megalith-Flickr/86/865ce9de928d8ff088156f2ab666caa9c52cc470574cfc6c85c3e71300b04d59.jpg,0,clean,0.0327625162899494,Megalith-Flickr
data/corpus/images/Unsplash/fc/fcf3d08e0eeabdf63cc0b4003ea03504bba19da2c946f641f2ba6863a79524ad.jpg,0,clean,0.0326411984860897,Unsplash
data/corpus/images/OpenImagesV7/c6/c67bf854d0b1c1a8d350b332957d7cb921a4b6b60b3fb0fd4536796eec0b6dff.jpg,0,clean,0.0325773619115352,OpenImagesV7
data/corpus/images/OpenImagesV7/9d/9dde61f0fac8da745fbf454205278c6087be5106aa47accb1c7223347e33da94.jpg,0,clean,0.0325002260506153,OpenImagesV7
data/corpus/images/Megalith-Flickr/0e/0e4f641c261ed3b5ced9b789bf156b97b452bed714c307cb5209203de6d4dbc4.jpg,0,clean,0.0322943516075611,Megalith-Flickr
data/corpus/images/OpenImagesV7/54/54a6803265982d57c7e3890abda5297c35612959e5dd8de8792b3eab9485be5f.jpg,0,clean,0.0317693427205085,OpenImagesV7
data/corpus/images/Megalith-Flickr/2e/2eec96b3bcbcbbe3d618172e7b5f5e4e9dbcea6806fdef6d0a986ce932fe8209.jpg,0,clean,0.0317559465765953,Megalith-Flickr
data/corpus/images/Megalith-Flickr/35/356f9af5dedffc27b46f692753c1666bee8e4d2b813ddfc0ea89816b8f4a87c4.jpg,0,clean,0.0316783264279365,Megalith-Flickr
data/corpus/images/OpenImagesV7/e5/e52431d442dbd2954ff31b443312e2f7fdd42089ec424202f805b28e772327b6.jpg,0,clean,0.0311507731676101,OpenImagesV7
data/corpus/images/Megalith-Flickr/d3/d3bdeabe587d0b212ae16c9735e42b220f1684d47cffa7bdbf886af3f91fd62c.jpg,0,clean,0.0308820493519306,Megalith-Flickr
data/corpus/images/Megalith-Flickr/94/946bb1e7d0f4bb4308e31a061aea9e45ee3b23539cdb9c7a9300994420782b1c.jpg,0,clean,0.0308494064956903,Megalith-Flickr
data/corpus/images/Megalith-Flickr/3e/3e4139da04093b1f6deb11d0d0200475be1bb8140396f50817a985c4544096ec.jpg,0,clean,0.0305239725857973,Megalith-Flickr
data/corpus/images/Unsplash/4b/4bc07163c1c933c3d018a05988523839a2f5b79b8696c8e42970f12283d303fd.jpg,0,clean,0.0305230319499969,Unsplash
data/corpus/images/OpenImagesV7/7f/7f267dd0c3981b21a4b32262e29da4c72f646a41d10ba7b91a77c89275966b48.jpg,0,clean,0.0299802254885435,OpenImagesV7
data/corpus/images/Unsplash/5c/5c252d7b31207e1584108d273f969888c03a02956cbd51ad56af6349ddc84407.jpg,0,clean,0.0299739930778741,Unsplash
data/corpus/images/OpenImagesV7/2b/2b2625d79df780c3ebb1805d2b8e312c25dfe8ea1623ed8b57bc76802738ebc9.jpg,0,clean,0.029687475413084,OpenImagesV7
data/corpus/images/Megalith-Flickr/f4/f40077b36c2c84f7106456cd3fb39fb5ff2a9ae76afd64016431d8bad13ec198.jpg,0,clean,0.0292300079017877,Megalith-Flickr
data/corpus/images/Unsplash/b4/b4a4d059c9b48f1e79866ae5e3ae90ae7f41959b5db21cf594aecdb000b4eb66.jpg,0,clean,0.0291839875280857,Unsplash
data/corpus/images/OpenImagesV7/f9/f9c6aec7cf8f85e47903a01b8d268ed3aa31bbc248a43f7af510af328160260a.jpg,0,clean,0.0289394836872816,OpenImagesV7
data/corpus/images/Megalith-Flickr/2d/2d51ce6179aacc5942cb6fa64871a1ca7825808da3f694b7bed3926b40e40328.jpg,0,clean,0.0287890862673521,Megalith-Flickr
data/corpus/images/Megalith-Flickr/4f/4f9b8727d4206874b7294b770e1b6585b9d3ab2fef78e9ca83350ccd3640b84d.jpg,0,clean,0.0287171453237533,Megalith-Flickr
data/corpus/images/OpenImagesV7/05/05488410d95482a6f7f61071c00de9d799f334a304260344251f05bc347f60bd.jpg,0,clean,0.0283897630870342,OpenImagesV7
data/corpus/images/Megalith-Flickr/cc/ccf1b96cedde08314647360a3454fdc74424f53a3485a86927e014ce3db14ce6.jpg,0,clean,0.0283007118850946,Megalith-Flickr
data/corpus/images/OpenImagesV7/e0/e09e25c9c971059efefdcb5e48269b920f82e00ebe1a18b01d04799e511f4e00.jpg,0,clean,0.0277029331773519,OpenImagesV7
data/corpus/images/Megalith-Flickr/78/787fbf938117a6c3a2b2802e7b1cb7c811757e39b4dfffe1046ed69cb396b795.jpg,0,clean,0.0276786480098962,Megalith-Flickr
data/corpus/images/Megalith-Flickr/6f/6f2f6073d278a031c3d14f4cd5ae5e2e8d7aef0b00746e3e6f40dc2cf451936c.jpg,0,clean,0.0271258223801851,Megalith-Flickr
data/corpus/images/OpenImagesV7/7a/7abcf03b9c49792d7f052a7003b3c0c6b38e1da80dd60e57962d49a5ca124a84.jpg,0,clean,0.0267064496874809,OpenImagesV7
data/corpus/images/Megalith-Flickr/51/51ff336ae5af2f1784c284222d3bcffcee802aec7b0fb9513d2a024e6eec7688.jpg,0,clean,0.0264332592487335,Megalith-Flickr
data/corpus/images/Megalith-Flickr/37/3794bf003f16426cbeb59e2ffbd865541ae849aa36d903119cf242345623cc93.jpg,0,clean,0.0263574682176113,Megalith-Flickr
data/corpus/images/Unsplash/71/71c70fa64651caf4653db181882d290b99497ad4c379b53f99a34816813b77fa.jpg,0,clean,0.0261143166571855,Unsplash
data/corpus/images/Megalith-Flickr/07/07fc7741f1da38cbc68f2a0f9ece578d489664341aa8e87b3a579b12d5cd5f92.jpg,0,clean,0.0260349698364734,Megalith-Flickr
data/corpus/images/Megalith-Flickr/0e/0eada2125eb381bf1f72b4e45ba782ab5b1bea1cc2f5c53988fd282460630616.jpg,0,clean,0.0260171554982662,Megalith-Flickr
data/corpus/images/OpenImagesV7/d9/d946a74049da0d4583d34a16eded9191e0d847df0822f844e7c3ea86582d9151.jpg,0,clean,0.026004871353507,OpenImagesV7
data/corpus/images/Megalith-Flickr/69/69477de3abd28f5b7880ccd1859d2d3bcbdea7c7d8fef3224ba70e298aa92cf9.jpg,0,clean,0.025843471288681,Megalith-Flickr
data/corpus/images/OpenImagesV7/e6/e65feef66f8becc5cdd4a4172305eb12d683d6cb88cbc6ac1d56ca2663a7a647.jpg,0,clean,0.025836456567049,OpenImagesV7
data/corpus/images/Megalith-Flickr/a5/a5a1c2cd3f8d31424b9db4a4a703623617a50d5d4c5bc681f5053093a9911b86.jpg,0,clean,0.0255212150514125,Megalith-Flickr
data/corpus/images/Megalith-Flickr/8e/8e0e59c471b285758a2d942f798d24f07146bab0a8c859adc05133a09d6e7095.jpg,0,clean,0.0253978949040174,Megalith-Flickr
data/corpus/images/OpenImagesV7/76/76fabf3a7aa349785b94d3387d64bf196054bad468d28d0726162015bddd135f.jpg,0,clean,0.0250863470137119,OpenImagesV7
data/corpus/images/OpenImagesV7/8f/8f048eacd940f53fb0207ae06d7543c8fac94db7cffa229106432184368354bf.jpg,0,clean,0.0249709319323301,OpenImagesV7
data/corpus/images/Megalith-Flickr/47/474e69147cd550339b1b02cbb8333b55ac31a68b865b1e2c5edc3da3abdd701d.jpg,0,clean,0.0249415338039398,Megalith-Flickr
data/corpus/images/OpenImagesV7/be/beeccce1f0a46c8aa1a54db9c7e5f919cf72f3822bf7d312d541d69e07e43961.jpg,0,clean,0.0249079782515764,OpenImagesV7
data/corpus/images/OpenImagesV7/21/21138565495857d47a9f771fa64a5147a9d20fd22ca5e1c962b3346e1397da79.jpg,0,clean,0.0248132366687059,OpenImagesV7
data/corpus/images/Megalith-Flickr/c9/c98ed5529f7bea687993b412c682b443892f51ca0f12b8e8620d93db797e04d4.jpg,0,clean,0.024038316681981,Megalith-Flickr
data/corpus/images/Megalith-Flickr/fa/faefa02dd852e5aeef48020d9d5f94b7b2b282e14e181ef0e49eca38f4259165.jpg,0,clean,0.0240328926593065,Megalith-Flickr
data/corpus/images/Megalith-Flickr/5a/5a383d98281861207cfbd26dbd036838d8ad181c73b3c6f068bf9cba8d9dc17c.jpg,0,clean,0.0239916611462831,Megalith-Flickr
data/corpus/images/Megalith-Flickr/b2/b2c365908e10b24b06189c271b00ecf396707129ad3d05c6e69241cef43cc02e.jpg,0,clean,0.02316072024405,Megalith-Flickr
data/corpus/images/Megalith-Flickr/1d/1dcda6bda0c570ca22c7499f1efcce0d2bd6508d0cc09c0a796f5461a1ba1cf8.jpg,0,clean,0.0230759624391794,Megalith-Flickr
data/corpus/images/OpenImagesV7/e5/e5ae67474f4efc97e95184ffe68ee1dc380ffbc9a53de073d450b90ee8aa4362.jpg,0,clean,0.0229598898440599,OpenImagesV7
data/corpus/images/OpenImagesV7/0d/0da62e46bed3cfbc93843f93d098beaa3d6cd9fd2ab3008f654b9825b7c11999.jpg,0,clean,0.0228513404726982,OpenImagesV7
data/corpus/images/Megalith-Flickr/d8/d8c0f500142ce73f54c24e3f34685e3e923834bc11ccad658b4f0cdfb052fa2a.jpg,0,clean,0.0226339884102344,Megalith-Flickr
data/corpus/images/Megalith-Flickr/ec/ece31d3c5f39d7afdb3190e06175774385782c606a55514b39df28d63cea39cd.jpg,0,clean,0.022470461204648,Megalith-Flickr
data/corpus/images/OpenImagesV7/a7/a721da5f524784de8dc18332383d49b987c2f5dbbf0135ef60be5b58495f2a04.jpg,0,clean,0.0224451329559087,OpenImagesV7
data/corpus/images/Megalith-Flickr/e2/e267c3e240427f968359b1a920a5a2431d5d450a89ef03dea1d8f84111bb1855.jpg,0,clean,0.0223857462406158,Megalith-Flickr
data/corpus/images/OpenImagesV7/2f/2f45651e09da26b69feefb6abfc6a2ac954fc4a2e77260a221b789f6c590c08f.jpg,0,clean,0.0222424026578664,OpenImagesV7
data/corpus/images/OpenImagesV7/28/286d8f34b02ed0dd6749c897f1a958b64dff371672611f62b4e0ef03d62c79ea.jpg,0,clean,0.0220661554485559,OpenImagesV7
data/corpus/images/OpenImagesV7/6f/6f02f21f7500914a6ce31a47a1c9210f9b85b72bbc9a9446a8a47608a0a8d4c8.jpg,0,clean,0.0215399861335754,OpenImagesV7
data/corpus/images/OpenImagesV7/f2/f246ea617bb6ce15d8f69070629a8d5c0638fc3aa5faaffa07509666a766978a.jpg,0,clean,0.0214723236858844,OpenImagesV7
data/corpus/images/Megalith-Flickr/5a/5a492fb57fa14c487c5447519c5181b0db582bc8160783e865e6f55e02092c01.jpg,0,clean,0.0214248485863208,Megalith-Flickr
data/corpus/images/Megalith-Flickr/f7/f7bd45abf02435cd6cd365b57dfa4034c42408c10e5f7610f26a2a4569a944ef.jpg,0,clean,0.0214208625257015,Megalith-Flickr
data/corpus/images/OpenImagesV7/75/758813f92a5225ddeacfc0857786a2c3cfed254ccfb450d9c9e02997d0251bf5.jpg,0,clean,0.0214184429496526,OpenImagesV7
data/corpus/images/Megalith-Flickr/58/580549c1b0c7bae53e3c4363e21a075ea780805047233bf8210ce7e151d1c75a.jpg,0,clean,0.0209962204098701,Megalith-Flickr
data/corpus/images/OpenImagesV7/0d/0df7ea5e0948eadc791130bdaa775ace8c1bb26738ae227bb5e25337a483c2b2.jpg,0,clean,0.0208352077752351,OpenImagesV7
data/corpus/images/Megalith-Flickr/69/6960ea3b8202d5e37340f9cd0f21222ab972d8c9ecaa73c715f8b2efc6aaef55.jpg,0,clean,0.0206361971795558,Megalith-Flickr
data/corpus/images/Unsplash/27/27f4edf10443d61e79f15a97baa195126a0d777e26ab78f72da6cc2b6d6e8c93.jpg,0,clean,0.019963888451457,Unsplash
data/corpus/images/OpenImagesV7/c9/c9716f61f952f535143e47f2c26dec40a9a1af581f2aa1d6505db59db2e74280.jpg,0,clean,0.0198514871299266,OpenImagesV7
data/corpus/images/Megalith-Flickr/7d/7dffd1bd82a7e412c7ca6b80e373c70b0ca51ec8f0b89768c0b13f822fdbdcc0.jpg,0,clean,0.019746134057641,Megalith-Flickr
data/corpus/images/Megalith-Flickr/1f/1fa26b27f5bd04752247e1725c925ff792804e3f7a1479bd906a831c083abde5.jpg,0,clean,0.0197091754525899,Megalith-Flickr
data/corpus/images/OpenImagesV7/74/7428ab6d2c65392bfc0885c076b7647d0b8f38c9a54d52414786d48a89854afd.jpg,0,clean,0.0191691946238279,OpenImagesV7
data/corpus/images/OpenImagesV7/b0/b029e39de6a65a0fe03347aa547c9288001ff7fa69958ff0e6069773728ec4f2.jpg,0,clean,0.019059183076024,OpenImagesV7
data/corpus/images/Megalith-Flickr/68/68d970ebdc05972eea6c9190419d4641c83b6b5f386ee5bf4b4f632833b920e9.jpg,0,clean,0.018769646063447,Megalith-Flickr
data/corpus/images/Unsplash/8c/8cf00bec67e88227b7d8b29ffc1d7db406a68f3d7cb529e12c20ef540b2ff688.jpg,0,clean,0.0183161124587059,Unsplash
data/corpus/images/Megalith-Flickr/45/45daa6430fa01d0d75126cf87af1c31baf6b183e83a64dd15b8fb6e35cadae34.jpg,0,clean,0.0175863709300756,Megalith-Flickr
data/corpus/images/Megalith-Flickr/e2/e2fbbab1cb31e654f059fb6659f0e9e144137752c1777003d51cb097de3f51c4.jpg,0,clean,0.0175247956067323,Megalith-Flickr
data/corpus/images/Megalith-Flickr/02/0237890c4e4395edb2a2255b69964d0315848628be6117616b2b456b8107e893.jpg,0,clean,0.0173342898488044,Megalith-Flickr
data/corpus/images/Megalith-Flickr/1d/1d965dc67bb9cb1c08f2d7c3890c8f9dd3c6bcf9f73e1675a43a75bc820913ff.jpg,0,clean,0.0171721205115318,Megalith-Flickr
data/corpus/images/Megalith-Flickr/e1/e1f93b34f473647ee4d7dfe935df46c896f6930815cd569014d2f0885a66e323.jpg,0,clean,0.01697195507586,Megalith-Flickr
data/corpus/images/OpenImagesV7/34/34f6ff669a623d12af65bdcd7d3b58f1f7ce5ea65e16d45498fee810fe34cda3.jpg,0,clean,0.0162533670663833,OpenImagesV7
data/corpus/images/OpenImagesV7/fb/fba9b52c043871b8f7efc109f0b904a4d4adf7343b6007012ade39cb0f54883e.jpg,0,clean,0.0162475127726793,OpenImagesV7
data/corpus/images/OpenImagesV7/dc/dce98e9ee79ccf3e3aa70ad7b7cd313f4eeef4f7c6ef82b97352d78622b643d3.jpg,0,clean,0.0161809045821428,OpenImagesV7
data/corpus/images/Megalith-Flickr/ad/ad0a5428583f8a72ef045f1af3fd2fab5acb114a72d4fcda8429845a06d45d2a.jpg,0,clean,0.0161761008203029,Megalith-Flickr
data/corpus/images/Unsplash/84/846f5d6dd30453c8acd09bcf9886e236d69f5a9678788341893ca3239968d06a.jpg,0,clean,0.0160876642912626,Unsplash
data/corpus/images/OpenImagesV7/af/afc4fdbc446f60c6ce0f3f3e0e668cd612dfd6df7c4ca6203ca314419fc80f67.jpg,0,clean,0.0160129554569721,OpenImagesV7
data/corpus/images/OpenImagesV7/43/43c85adc44a8ce262a971b40ff936a9f631f3bdaefc8d5cccba8c27b7ab2c6cb.jpg,0,clean,0.0158089455217123,OpenImagesV7
data/corpus/images/Megalith-Flickr/19/19351d30a51303ed2cc89f93a4922107e3fc82f72a351a421925047d6669bcbe.jpg,0,clean,0.015717202797532,Megalith-Flickr
data/corpus/images/Megalith-Flickr/1f/1f5327fe61edc9d2545eb5f9ccdb28af110c84c3c86ba9661eb2d243e161d6cd.jpg,0,clean,0.0156689584255218,Megalith-Flickr
data/corpus/images/OpenImagesV7/bc/bc7603212148283522012535cb88144889831633d94856c2a2f73bf3997bd555.jpg,0,clean,0.0154108293354511,OpenImagesV7
data/corpus/images/OpenImagesV7/12/124f4975d4d7432e82b361b55dd9fda55953499b04f5c346360dba6440a5caa7.jpg,0,clean,0.0153115447610616,OpenImagesV7
data/corpus/images/Unsplash/17/176762463d921dc3b1cbe8ea6a858d749d86fdd50b993e159ecf62759fe5f410.jpg,0,clean,0.015055626630783,Unsplash
data/corpus/images/OpenImagesV7/1a/1afaed5106806762f3f7bfe7c6e97e414d615280b1fa99ee40a6feefa4fb1e9e.jpg,0,clean,0.014425029978156,OpenImagesV7
data/corpus/images/Megalith-Flickr/1c/1c2be0960c60ef70157b8548b28dc124d723451c9b5db5cc463eea38e60f7361.jpg,0,clean,0.0142356744036078,Megalith-Flickr
data/corpus/images/Unsplash/7b/7b80bf2b161dd11a588c044dd89597f54c085e61d9cd128c915d861d2211974e.jpg,0,clean,0.0136460484936833,Unsplash
data/corpus/images/Megalith-Flickr/ef/ef93ceff2dacc5b29004a24cc9191f6f7fd7493ce4f1e60af7d54d58b675603c.jpg,0,clean,0.0133461412042379,Megalith-Flickr
data/corpus/images/Unsplash/b3/b3dffc2e6a29c381b4651c9abdfe03c29b1ed9f74e43ee441756c2cfaf444e26.jpg,0,clean,0.0132863959297537,Unsplash
data/corpus/images/OpenImagesV7/c7/c78f94538739b022052e19cedad147ff7449d2f3fbe5ef72dd2966b529f65442.jpg,0,clean,0.0132166389375925,OpenImagesV7
data/corpus/images/Megalith-Flickr/78/78c11d3b1648b32d172f016da20a6ec01954912d581a3ef1b448155943990b51.jpg,0,clean,0.0130674764513969,Megalith-Flickr
data/corpus/images/Megalith-Flickr/5f/5f31420b2da5b7d73a51a3a03b203e7032a2ad073da7a32a964f40720921f40c.jpg,0,clean,0.012722504325211,Megalith-Flickr
data/corpus/images/Megalith-Flickr/de/de26fe2e5dc1dba77a0f9c0a045df3c9acc21f169b2146a59da6b54b89adc3f9.jpg,0,clean,0.012269883416593,Megalith-Flickr
data/corpus/images/OpenImagesV7/a4/a41ce7ff8c21de1e95282b7f14b775f64ecc28ccb430c75e50b62d70edab7bea.jpg,0,clean,0.0121694011613726,OpenImagesV7
data/corpus/images/Megalith-Flickr/c1/c114864bf65ef2c196789b596ab37ba52d11502f953bcffe7783aa30af446243.jpg,0,clean,0.012163957580924,Megalith-Flickr
data/corpus/images/OpenImagesV7/fd/fdebb082f2122b324e028759dabba82f933291af4d71c396979715adcee3f1ff.jpg,0,clean,0.0119692822918295,OpenImagesV7
data/corpus/images/Megalith-Flickr/a0/a0c6b2a9b3891a5267a713e6e1cd750c658bd64f2d6742ff8b5361903058aaa4.jpg,0,clean,0.0119367325678467,Megalith-Flickr
data/corpus/images/Megalith-Flickr/9b/9b7fb3f27860373466c1ac75da1372c5201e16a0ae3c5deeb47055ebbf517207.jpg,0,clean,0.0117122791707515,Megalith-Flickr
data/corpus/images/OpenImagesV7/dc/dc7bcc988959621a13661b825fd47c823e743f80abdcf330829b92827444342c.jpg,0,clean,0.0116813657805323,OpenImagesV7
data/corpus/images/OpenImagesV7/d6/d680e762241527be69b2a2f5a64181138ec4bd70bd39c8246cf5a1fca7efa7a1.jpg,0,clean,0.0115577792748808,OpenImagesV7
data/corpus/images/Megalith-Flickr/e0/e017118882bd4b7ef84e8a616cdd9dbdf5d96c8ebb2b2ccc0ebcdc8728e92911.jpg,0,clean,0.0114313010126352,Megalith-Flickr
data/corpus/images/OpenImagesV7/a8/a88d3de204dd5e3646d906fbed195f9f170900291b593bc6f83d95a9cb42de31.jpg,0,clean,0.0114243580028414,OpenImagesV7
data/corpus/images/OpenImagesV7/19/1926ffab284fdbe79ffb00aa49cdaceeebd09f63704358f6b1e043a86cda0c22.jpg,0,clean,0.0111544635146856,OpenImagesV7
data/corpus/images/Megalith-Flickr/79/79f5871ce8df7ec47fe299a7cf4422135390bea31a3a25781064f64b0987cada.jpg,0,clean,0.0110458452254533,Megalith-Flickr
data/corpus/images/Megalith-Flickr/95/950cc66b935231b1a91e1b2c9560327dc8154773201c7a3941818503f9640d49.jpg,0,clean,0.0110314199700951,Megalith-Flickr
data/corpus/images/Megalith-Flickr/5f/5f7c9a9c5e055b79971623132e8fe85dde0b4aaa8ef665512477308fc4d14e1d.jpg,0,clean,0.010845941491425,Megalith-Flickr
data/corpus/images/Megalith-Flickr/f5/f58677a87d49ed6b7bbdd9695dcfed839263cc19dcab30f4211383a4ffe99b91.jpg,0,clean,0.010790042579174,Megalith-Flickr
data/corpus/images/Megalith-Flickr/32/32c2537088b905166059f398abceeff08bf1bc4862dbac2abc64e652c372a24b.jpg,0,clean,0.0105499159544706,Megalith-Flickr
data/corpus/images/Megalith-Flickr/9f/9f2f1d4fa2f9f4bc4b944821e4de8058b1420d083705ff63896cd3222f1b2a1e.jpg,0,clean,0.010528321377933,Megalith-Flickr
data/corpus/images/Megalith-Flickr/83/830ab01670290855acc22a8c0e8f90bbaa45384a900bc9e598a24555d7d92ddc.jpg,0,clean,0.0101524116471409,Megalith-Flickr
data/corpus/images/Megalith-Flickr/e1/e15e5468119ef3301d0337237e90a3f61960703c8ad4b17c6ffcfeba06cc29ac.jpg,0,clean,0.009848503395915,Megalith-Flickr
data/corpus/images/OpenImagesV7/7f/7f5d452c3dab61cf386d33125b74ba9ec91c6ffa3b07ea6b5c1f99152acb607b.jpg,0,clean,0.0097012864425778,OpenImagesV7
data/corpus/images/Megalith-Flickr/f6/f663ea50816c2a47af35a49be8bbf8b93e5c7c16cefbc15c0beda0b05397a644.jpg,0,clean,0.0096995681524276,Megalith-Flickr
data/corpus/images/OpenImagesV7/9d/9df9aeeddbf6ce3a7ae9a683e78d4decdaf1421ed7f84a08a94d75db188c7c9e.jpg,0,clean,0.0095257461071014,OpenImagesV7
data/corpus/images/OpenImagesV7/2e/2e99ecddf53ce3552519046218afd77538526e45d1b49effae0c4e7326faa005.jpg,0,clean,0.0095015009865164,OpenImagesV7
data/corpus/images/Megalith-Flickr/2b/2baa6841b4dc7c2a36731201324ddda31f9d5f0f1280eb33b153c4a1051b38d0.jpg,0,clean,0.0093437042087316,Megalith-Flickr
data/corpus/images/Megalith-Flickr/16/16e07247a96bcd4172848547e99e9d628924194068c2fed0ba4f9984ea235553.jpg,0,clean,0.0092807710170745,Megalith-Flickr
data/corpus/images/OpenImagesV7/04/048f7858c4b6ccd0ec7f332db9af4704b29c1465846ba6965ccc6b95ffdc0a0e.jpg,0,clean,0.0090333744883537,OpenImagesV7
data/corpus/images/Megalith-Flickr/ce/ce36e8e78f0a0563aae303bc7c214cc30f51bb7d88fe326880c8bbc8b672a5f3.jpg,0,clean,0.0089287888258695,Megalith-Flickr
data/corpus/images/Megalith-Flickr/bf/bf2defc2684660a257415962aa0b49f63f220fd93bd232335095708fb8215e6a.jpg,0,clean,0.0089145386591553,Megalith-Flickr
data/corpus/images/Megalith-Flickr/ea/eaeaaf6beba3b2d75a6b8405faca8de2ced8cdd1f650329ce771894e8a25557a.jpg,0,clean,0.0086498837918043,Megalith-Flickr
data/corpus/images/OpenImagesV7/86/86987c993dd5b128e98aad1d6970e522c346605987cce71c2dd1332f4b01e890.jpg,0,clean,0.0085660815238952,OpenImagesV7
data/corpus/images/Megalith-Flickr/15/157358be27a00a9b9cc2dc3ac36673fcb459bc085c9f2f844f455c19a8dc0bfc.jpg,0,clean,0.0085508599877357,Megalith-Flickr
data/corpus/images/Megalith-Flickr/50/500507d96fc9afe0ee6b48cab7252f092e843f58b3238f80973e442346456877.jpg,0,clean,0.0083881961181759,Megalith-Flickr
data/corpus/images/Megalith-Flickr/12/12b6bd54a3ba2934b2b60e5afabefaba47f494f0d0511c58e7e7b4eb59e92a6e.jpg,0,clean,0.0082594538107514,Megalith-Flickr
data/corpus/images/OpenImagesV7/32/322b2dd2b33f4a0bf3121d15803595fef1e2dd342afcb832ce8b05d033ee30ee.jpg,0,clean,0.0076601384207606,OpenImagesV7
data/corpus/images/Megalith-Flickr/dc/dc301698c67a15b8bae8fea40741da728935a66337e24c28ad97d3e376e2ebc1.jpg,0,clean,0.0075490521267056,Megalith-Flickr
data/corpus/images/OpenImagesV7/67/674a009137abb00bec7783de3a0d8e85e74bbf7c7afefe0211975a1e5ef4ee78.jpg,0,clean,0.0075471731834113,OpenImagesV7
data/corpus/images/OpenImagesV7/c2/c27ff1c8011e45c40af1a1808e66b5130f0d8a974fcdf4b16e7610181adaaa92.jpg,0,clean,0.0074046328663825,OpenImagesV7
data/corpus/images/Megalith-Flickr/30/30e458951faa3422d5146670e811fffc0f71f5533ba6a10e026f5fbca4e47899.jpg,0,clean,0.0071916496381163,Megalith-Flickr
data/corpus/images/OpenImagesV7/ae/ae8c90b995d8d6e2e27928333b24f60e41e4db794e497e7101b58af9936ec345.jpg,0,clean,0.0068559129722416,OpenImagesV7
data/corpus/images/OpenImagesV7/c4/c4237eaa97d0a246512655650ed18dc1bf0ad1a47f44146879f940effaaa4554.jpg,0,clean,0.006556280888617,OpenImagesV7
data/corpus/images/Megalith-Flickr/7a/7a21b7cc4f247a0022c92bca7b2b7c3b069fc4df80a049e28274c44065dfdf07.jpg,0,clean,0.0064606578089296,Megalith-Flickr
data/corpus/images/OpenImagesV7/14/1460ac174cdc0d8cea497ef0d90e60d33be303873d82f4eada20691db5df770f.jpg,0,clean,0.0062623280100524,OpenImagesV7
data/corpus/images/Megalith-Flickr/77/77f6113c7a4262498e8c0744adef76e41a55ce61dbed0034e594af101e014906.jpg,0,clean,0.0058276788331568,Megalith-Flickr
data/corpus/images/Megalith-Flickr/7f/7ffa6084f4ca0754206c229407f82ca162e5b774838b58fd0abbfe9d48a4eae6.jpg,0,clean,0.0055123209021985,Megalith-Flickr
data/corpus/images/Megalith-Flickr/df/dfcfcfe46184b032448afe752452efdfbb1a62ea1cbd0d6d846ee7bcdf265dcc.jpg,0,clean,0.0053060054779052,Megalith-Flickr
data/corpus/images/Megalith-Flickr/f0/f03abfb5cc8820bb0223436f7a1613ff5abf3c4527d10ae5f41f3fa1f24187ba.jpg,0,clean,0.0047658858820796,Megalith-Flickr
data/corpus/images/Megalith-Flickr/78/78055a9819757f63439bca454c8b1c8c253ee4d7dd710b4a29e3a113a983cf39.jpg,0,clean,0.0047347215004265,Megalith-Flickr
data/corpus/images/OpenImagesV7/ec/ec4fe0febfd1d7ec9d7342afbf7a314a82388802abe712c9eea331ac341d23a5.jpg,0,clean,0.0047124521806836,OpenImagesV7
data/corpus/images/Megalith-Flickr/d6/d66bc9b4f9d78c27f374150e059714dc6bda0220e26414acbc4ca05fcccff491.jpg,0,clean,0.0043800775893032,Megalith-Flickr
data/corpus/images/Megalith-Flickr/4c/4cefe7d258c6915872bfbe7d66709e52c829f9e746b6b54c14e5eef2bf8d9ae0.jpg,0,clean,0.0042608291842043,Megalith-Flickr
data/corpus/images/Megalith-Flickr/1d/1d21ba066c26fbda573d2772f957d82fe7146f109dea58901df3115f469cef9e.jpg,0,clean,0.0041754059493541,Megalith-Flickr
data/corpus/images/OpenImagesV7/7e/7e3102ad700b34a20b42361e8970a0547df771b5f98484c3fc04c295092d5d5e.jpg,0,clean,0.00349001144059,OpenImagesV7
data/corpus/images/OpenImagesV7/a2/a2827b2c98094cddb629f1fc5ed1082cb11c19cd8f8a99a80e0c5db893f62f68.jpg,0,clean,0.0033980379812419,OpenImagesV7
data/corpus/images/Megalith-Flickr/fc/fcc7d8adfcfa55293d0d42d76d8e92b240f1a3db74b8ce9ca85fc95b8644e758.jpg,0,clean,0.0032831919379532,Megalith-Flickr
data/corpus/images/Megalith-Flickr/3b/3b7516adadcc5057417d535fc6a6e77bf738ca22153a53b973806412cc51a934.jpg,0,clean,0.0032308087684214,Megalith-Flickr
data/corpus/images/Megalith-Flickr/5e/5eaea0fa8d650c11a54ec3975ae2955dc184ecf36fa744aa011c4a60c3973e3e.jpg,0,clean,0.0029829153791069,Megalith-Flickr
data/corpus/images/OpenImagesV7/9c/9c3d1ac30af9d3292c8070aad78badd58095e8de831f925b0333256e4b631460.jpg,0,clean,0.0027828773017972,OpenImagesV7
data/corpus/images/OpenImagesV7/8d/8da728120148a592d3048360f24a983d6cf8e4b035bec11062aee8f49f7fbc55.jpg,0,clean,0.0025053024291992,OpenImagesV7
data/corpus/images/Megalith-Flickr/6b/6bc9cb9378bb1c1d4b657262c72d0f0ad1e567b6da347ef90d0c59aecf109b92.jpg,0,clean,0.0022744927555322,Megalith-Flickr
data/corpus/images/Megalith-Flickr/86/868fe6b3c52bbc9af9d296aac5a1ce2b33ac276240e10ef344991f333ee2d67b.jpg,0,clean,0.0020432760939002,Megalith-Flickr
data/corpus/images/OpenImagesV7/9f/9f32f32262171ff7e6148c67b9cc51544c22070528ccbf908d306e5779381139.jpg,0,clean,0.0017663108883425,OpenImagesV7
data/corpus/images/OpenImagesV7/a0/a068fc014dc0765c5253aa3dd7bff09bdef4219acf8c5f39b6aedabddc12ca2b.jpg,0,clean,0.0013875755248591,OpenImagesV7
data/corpus/images/OpenImagesV7/11/11c2562b6921c5b1eeac91585f16e4b0d4c5fe448dc466c73c428389c5943563.jpg,0,clean,0.0011376386974006,OpenImagesV7
