image_path,label,cell,score
data/corpus_smoke/images/Megalith-Flickr/04/04a3ccf44869ae2e3e184e706b960a095b8557871ed437e96c4e6c96a1437051.jpg,0,clean,0.4062889814376831
data/corpus_smoke/images/Megalith-Flickr/04/04a3ccf44869ae2e3e184e706b960a095b8557871ed437e96c4e6c96a1437051.jpg,0,jpeg_90,0.4107966721057892
data/corpus_smoke/images/Megalith-Flickr/04/04a3ccf44869ae2e3e184e706b960a095b8557871ed437e96c4e6c96a1437051.jpg,0,jpeg_70,0.41721582412719727
data/corpus_smoke/images/Megalith-Flickr/04/04a3ccf44869ae2e3e184e706b960a095b8557871ed437e96c4e6c96a1437051.jpg,0,jpeg_50,0.4217144846916199
data/corpus_smoke/images/Megalith-Flickr/04/04a3ccf44869ae2e3e184e706b960a095b8557871ed437e96c4e6c96a1437051.jpg,0,jpeg_30,0.4212389588356018
data/corpus_smoke/images/Megalith-Flickr/04/04a3ccf44869ae2e3e184e706b960a095b8557871ed437e96c4e6c96a1437051.jpg,0,blur_0.5,0.40555769205093384
data/corpus_smoke/images/Megalith-Flickr/04/04a3ccf44869ae2e3e184e706b960a095b8557871ed437e96c4e6c96a1437051.jpg,0,blur_1.0,0.39559394121170044
data/corpus_smoke/images/Megalith-Flickr/04/04a3ccf44869ae2e3e184e706b960a095b8557871ed437e96c4e6c96a1437051.jpg,0,blur_2.0,0.38680824637413025
data/corpus_smoke/images/Megalith-Flickr/04/04a3ccf44869ae2e3e184e706b960a095b8557871ed437e96c4e6c96a1437051.jpg,0,resize_0.5,0.39684635400772095
data/corpus_smoke/images/Megalith-Flickr/04/04a3ccf44869ae2e3e184e706b960a095b8557871ed437e96c4e6c96a1437051.jpg,0,resize_0.25,0.38911765813827515
data/corpus_smoke/images/Megalith-Flickr/04/04a3ccf44869ae2e3e184e706b960a095b8557871ed437e96c4e6c96a1437051.jpg,0,noise_0.02,0.4132915437221527
data/corpus_smoke/images/Megalith-Flickr/04/04a3ccf44869ae2e3e184e706b960a095b8557871ed437e96c4e6c96a1437051.jpg,0,noise_0.05,0.40704452991485596
data/corpus_smoke/images/Megalith-Flickr/04/04a3ccf44869ae2e3e184e706b960a095b8557871ed437e96c4e6c96a1437051.jpg,0,noise_0.1,0.4075772762298584
data/corpus_smoke/images/Megalith-Flickr/04/04a3ccf44869ae2e3e184e706b960a095b8557871ed437e96c4e6c96a1437051.jpg,0,jitter_0.2,0.4072880744934082
data/corpus_smoke/images/Megalith-Flickr/04/04a3ccf44869ae2e3e184e706b960a095b8557871ed437e96c4e6c96a1437051.jpg,0,center_crop_0.8,0.41400983929634094
data/corpus_smoke/images/Megalith-Flickr/04/04a3ccf44869ae2e3e184e706b960a095b8557871ed437e96c4e6c96a1437051.jpg,0,composed_blur1.0+jpeg70,0.4164389669895172
data/corpus_smoke/images/Megalith-Flickr/04/04a3ccf44869ae2e3e184e706b960a095b8557871ed437e96c4e6c96a1437051.jpg,0,composed_resize0.5+jpeg50,0.411667138338089
data/corpus_smoke/images/Megalith-Flickr/04/04a3ccf44869ae2e3e184e706b960a095b8557871ed437e96c4e6c96a1437051.jpg,0,composed_jitter0.2+jpeg30,0.4182909429073334
data/corpus_smoke/images/Megalith-Flickr/04/04a3ccf44869ae2e3e184e706b960a095b8557871ed437e96c4e6c96a1437051.jpg,0,composed_resize0.25+blur0.5+jpeg30,0.39905092120170593
data/corpus_smoke/images/Megalith-Flickr/20/20cbd07bab75fb1af2c3d06e732a0d0c6c9f52b459d8f68da0b136eb23ef3217.jpg,0,clean,0.43614667654037476
data/corpus_smoke/images/Megalith-Flickr/20/20cbd07bab75fb1af2c3d06e732a0d0c6c9f52b459d8f68da0b136eb23ef3217.jpg,0,jpeg_90,0.43712833523750305
data/corpus_smoke/images/Megalith-Flickr/20/20cbd07bab75fb1af2c3d06e732a0d0c6c9f52b459d8f68da0b136eb23ef3217.jpg,0,jpeg_70,0.44495922327041626
data/corpus_smoke/images/Megalith-Flickr/20/20cbd07bab75fb1af2c3d06e732a0d0c6c9f52b459d8f68da0b136eb23ef3217.jpg,0,jpeg_50,0.45363354682922363
data/corpus_smoke/images/Megalith-Flickr/20/20cbd07bab75fb1af2c3d06e732a0d0c6c9f52b459d8f68da0b136eb23ef3217.jpg,0,jpeg_30,0.45524829626083374
data/corpus_smoke/images/Megalith-Flickr/20/20cbd07bab75fb1af2c3d06e732a0d0c6c9f52b459d8f68da0b136eb23ef3217.jpg,0,blur_0.5,0.43536582589149475
data/corpus_smoke/images/Megalith-Flickr/20/20cbd07bab75fb1af2c3d06e732a0d0c6c9f52b459d8f68da0b136eb23ef3217.jpg,0,blur_1.0,0.4322904050350189
data/corpus_smoke/images/Megalith-Flickr/20/20cbd07bab75fb1af2c3d06e732a0d0c6c9f52b459d8f68da0b136eb23ef3217.jpg,0,blur_2.0,0.4327842593193054
data/corpus_smoke/images/Megalith-Flickr/20/20cbd07bab75fb1af2c3d06e732a0d0c6c9f52b459d8f68da0b136eb23ef3217.jpg,0,resize_0.5,0.43231940269470215
data/corpus_smoke/images/Megalith-Flickr/20/20cbd07bab75fb1af2c3d06e732a0d0c6c9f52b459d8f68da0b136eb23ef3217.jpg,0,resize_0.25,0.43222886323928833
data/corpus_smoke/images/Megalith-Flickr/20/20cbd07bab75fb1af2c3d06e732a0d0c6c9f52b459d8f68da0b136eb23ef3217.jpg,0,noise_0.02,0.4392770230770111
data/corpus_smoke/images/Megalith-Flickr/20/20cbd07bab75fb1af2c3d06e732a0d0c6c9f52b459d8f68da0b136eb23ef3217.jpg,0,noise_0.05,0.44552430510520935
data/corpus_smoke/images/Megalith-Flickr/20/20cbd07bab75fb1af2c3d06e732a0d0c6c9f52b459d8f68da0b136eb23ef3217.jpg,0,noise_0.1,0.4422774910926819
data/corpus_smoke/images/Megalith-Flickr/20/20cbd07bab75fb1af2c3d06e732a0d0c6c9f52b459d8f68da0b136eb23ef3217.jpg,0,jitter_0.2,0.4382954239845276
data/corpus_smoke/images/Megalith-Flickr/20/20cbd07bab75fb1af2c3d06e732a0d0c6c9f52b459d8f68da0b136eb23ef3217.jpg,0,center_crop_0.8,0.432241827249527
data/corpus_smoke/images/Megalith-Flickr/20/20cbd07bab75fb1af2c3d06e732a0d0c6c9f52b459d8f68da0b136eb23ef3217.jpg,0,composed_blur1.0+jpeg70,0.4486980438232422
data/corpus_smoke/images/Megalith-Flickr/20/20cbd07bab75fb1af2c3d06e732a0d0c6c9f52b459d8f68da0b136eb23ef3217.jpg,0,composed_resize0.5+jpeg50,0.4514586925506592
data/corpus_smoke/images/Megalith-Flickr/20/20cbd07bab75fb1af2c3d06e732a0d0c6c9f52b459d8f68da0b136eb23ef3217.jpg,0,composed_jitter0.2+jpeg30,0.45973172783851624
data/corpus_smoke/images/Megalith-Flickr/20/20cbd07bab75fb1af2c3d06e732a0d0c6c9f52b459d8f68da0b136eb23ef3217.jpg,0,composed_resize0.25+blur0.5+jpeg30,0.45316606760025024
data/corpus_smoke/images/Megalith-Flickr/47/47aced3b9c6645e14d38a3ee932af4f2784512fa959f518af2605d265eaa6d27.jpg,0,clean,0.4017845094203949
data/corpus_smoke/images/Megalith-Flickr/47/47aced3b9c6645e14d38a3ee932af4f2784512fa959f518af2605d265eaa6d27.jpg,0,jpeg_90,0.40596136450767517
data/corpus_smoke/images/Megalith-Flickr/47/47aced3b9c6645e14d38a3ee932af4f2784512fa959f518af2605d265eaa6d27.jpg,0,jpeg_70,0.4306950569152832
data/corpus_smoke/images/Megalith-Flickr/47/47aced3b9c6645e14d38a3ee932af4f2784512fa959f518af2605d265eaa6d27.jpg,0,jpeg_50,0.4220951795578003
data/corpus_smoke/images/Megalith-Flickr/47/47aced3b9c6645e14d38a3ee932af4f2784512fa959f518af2605d265eaa6d27.jpg,0,jpeg_30,0.43173226714134216
data/corpus_smoke/images/Megalith-Flickr/47/47aced3b9c6645e14d38a3ee932af4f2784512fa959f518af2605d265eaa6d27.jpg,0,blur_0.5,0.39921021461486816
data/corpus_smoke/images/Megalith-Flickr/47/47aced3b9c6645e14d38a3ee932af4f2784512fa959f518af2605d265eaa6d27.jpg,0,blur_1.0,0.3936386704444885
data/corpus_smoke/images/Megalith-Flickr/47/47aced3b9c6645e14d38a3ee932af4f2784512fa959f518af2605d265eaa6d27.jpg,0,blur_2.0,0.3852115273475647
data/corpus_smoke/images/Megalith-Flickr/47/47aced3b9c6645e14d38a3ee932af4f2784512fa959f518af2605d265eaa6d27.jpg,0,resize_0.5,0.40035372972488403
data/corpus_smoke/images/Megalith-Flickr/47/47aced3b9c6645e14d38a3ee932af4f2784512fa959f518af2605d265eaa6d27.jpg,0,resize_0.25,0.3948644697666168
data/corpus_smoke/images/Megalith-Flickr/47/47aced3b9c6645e14d38a3ee932af4f2784512fa959f518af2605d265eaa6d27.jpg,0,noise_0.02,0.42064040899276733
data/corpus_smoke/images/Megalith-Flickr/47/47aced3b9c6645e14d38a3ee932af4f2784512fa959f518af2605d265eaa6d27.jpg,0,noise_0.05,0.41924798488616943
data/corpus_smoke/images/Megalith-Flickr/47/47aced3b9c6645e14d38a3ee932af4f2784512fa959f518af2605d265eaa6d27.jpg,0,noise_0.1,0.4127527177333832
data/corpus_smoke/images/Megalith-Flickr/47/47aced3b9c6645e14d38a3ee932af4f2784512fa959f518af2605d265eaa6d27.jpg,0,jitter_0.2,0.42850401997566223
data/corpus_smoke/images/Megalith-Flickr/47/47aced3b9c6645e14d38a3ee932af4f2784512fa959f518af2605d265eaa6d27.jpg,0,center_crop_0.8,0.40723153948783875
data/corpus_smoke/images/Megalith-Flickr/47/47aced3b9c6645e14d38a3ee932af4f2784512fa959f518af2605d265eaa6d27.jpg,0,composed_blur1.0+jpeg70,0.4218679666519165
data/corpus_smoke/images/Megalith-Flickr/47/47aced3b9c6645e14d38a3ee932af4f2784512fa959f518af2605d265eaa6d27.jpg,0,composed_resize0.5+jpeg50,0.4078465700149536
data/corpus_smoke/images/Megalith-Flickr/47/47aced3b9c6645e14d38a3ee932af4f2784512fa959f518af2605d265eaa6d27.jpg,0,composed_jitter0.2+jpeg30,0.43244704604148865
data/corpus_smoke/images/Megalith-Flickr/47/47aced3b9c6645e14d38a3ee932af4f2784512fa959f518af2605d265eaa6d27.jpg,0,composed_resize0.25+blur0.5+jpeg30,0.4132263958454132
data/corpus_smoke/images/Megalith-Flickr/12/1221fb31b3e2f550df232707d10be70bbb5c80312ca245eaacd71eebefb2a213.jpg,0,clean,0.40353506803512573
data/corpus_smoke/images/Megalith-Flickr/12/1221fb31b3e2f550df232707d10be70bbb5c80312ca245eaacd71eebefb2a213.jpg,0,jpeg_90,0.40435343980789185
data/corpus_smoke/images/Megalith-Flickr/12/1221fb31b3e2f550df232707d10be70bbb5c80312ca245eaacd71eebefb2a213.jpg,0,jpeg_70,0.42366915941238403
data/corpus_smoke/images/Megalith-Flickr/12/1221fb31b3e2f550df232707d10be70bbb5c80312ca245eaacd71eebefb2a213.jpg,0,jpeg_50,0.42370012402534485
data/corpus_smoke/images/Megalith-Flickr/12/1221fb31b3e2f550df232707d10be70bbb5c80312ca245eaacd71eebefb2a213.jpg,0,jpeg_30,0.4290696084499359
data/corpus_smoke/images/Megalith-Flickr/12/1221fb31b3e2f550df232707d10be70bbb5c80312ca245eaacd71eebefb2a213.jpg,0,blur_0.5,0.4014224410057068
data/corpus_smoke/images/Megalith-Flickr/12/1221fb31b3e2f550df232707d10be70bbb5c80312ca245eaacd71eebefb2a213.jpg,0,blur_1.0,0.3977319002151489
data/corpus_smoke/images/Megalith-Flickr/12/1221fb31b3e2f550df232707d10be70bbb5c80312ca245eaacd71eebefb2a213.jpg,0,blur_2.0,0.3930259048938751
data/corpus_smoke/images/Megalith-Flickr/12/1221fb31b3e2f550df232707d10be70bbb5c80312ca245eaacd71eebefb2a213.jpg,0,resize_0.5,0.4021521210670471
data/corpus_smoke/images/Megalith-Flickr/12/1221fb31b3e2f550df232707d10be70bbb5c80312ca245eaacd71eebefb2a213.jpg,0,resize_0.25,0.40105140209198
data/corpus_smoke/images/Megalith-Flickr/12/1221fb31b3e2f550df232707d10be70bbb5c80312ca245eaacd71eebefb2a213.jpg,0,noise_0.02,0.40996989607810974
data/corpus_smoke/images/Megalith-Flickr/12/1221fb31b3e2f550df232707d10be70bbb5c80312ca245eaacd71eebefb2a213.jpg,0,noise_0.05,0.4112330377101898
data/corpus_smoke/images/Megalith-Flickr/12/1221fb31b3e2f550df232707d10be70bbb5c80312ca245eaacd71eebefb2a213.jpg,0,noise_0.1,0.4149837791919708
data/corpus_smoke/images/Megalith-Flickr/12/1221fb31b3e2f550df232707d10be70bbb5c80312ca245eaacd71eebefb2a213.jpg,0,jitter_0.2,0.40605637431144714
data/corpus_smoke/images/Megalith-Flickr/12/1221fb31b3e2f550df232707d10be70bbb5c80312ca245eaacd71eebefb2a213.jpg,0,center_crop_0.8,0.4060470461845398
data/corpus_smoke/images/Megalith-Flickr/12/1221fb31b3e2f550df232707d10be70bbb5c80312ca245eaacd71eebefb2a213.jpg,0,composed_blur1.0+jpeg70,0.4150789678096771
data/corpus_smoke/images/Megalith-Flickr/12/1221fb31b3e2f550df232707d10be70bbb5c80312ca245eaacd71eebefb2a213.jpg,0,composed_resize0.5+jpeg50,0.4092824459075928
data/corpus_smoke/images/Megalith-Flickr/12/1221fb31b3e2f550df232707d10be70bbb5c80312ca245eaacd71eebefb2a213.jpg,0,composed_jitter0.2+jpeg30,0.43074876070022583
data/corpus_smoke/images/Megalith-Flickr/12/1221fb31b3e2f550df232707d10be70bbb5c80312ca245eaacd71eebefb2a213.jpg,0,composed_resize0.25+blur0.5+jpeg30,0.4161651134490967
data/corpus_smoke/images/Megalith-Flickr/f2/f2d6ea6fc0c396b49e81a6f6c162a52b84148166e7139fbc657a3defb0baff35.jpg,0,clean,0.4065689146518707
data/corpus_smoke/images/Megalith-Flickr/f2/f2d6ea6fc0c396b49e81a6f6c162a52b84148166e7139fbc657a3defb0baff35.jpg,0,jpeg_90,0.4071098268032074
data/corpus_smoke/images/Megalith-Flickr/f2/f2d6ea6fc0c396b49e81a6f6c162a52b84148166e7139fbc657a3defb0baff35.jpg,0,jpeg_70,0.41874992847442627
data/corpus_smoke/images/Megalith-Flickr/f2/f2d6ea6fc0c396b49e81a6f6c162a52b84148166e7139fbc657a3defb0baff35.jpg,0,jpeg_50,0.4274499714374542
data/corpus_smoke/images/Megalith-Flickr/f2/f2d6ea6fc0c396b49e81a6f6c162a52b84148166e7139fbc657a3defb0baff35.jpg,0,jpeg_30,0.4235146939754486
data/corpus_smoke/images/Megalith-Flickr/f2/f2d6ea6fc0c396b49e81a6f6c162a52b84148166e7139fbc657a3defb0baff35.jpg,0,blur_0.5,0.4047773778438568
data/corpus_smoke/images/Megalith-Flickr/f2/f2d6ea6fc0c396b49e81a6f6c162a52b84148166e7139fbc657a3defb0baff35.jpg,0,blur_1.0,0.4013400673866272
data/corpus_smoke/images/Megalith-Flickr/f2/f2d6ea6fc0c396b49e81a6f6c162a52b84148166e7139fbc657a3defb0baff35.jpg,0,blur_2.0,0.3998441994190216
data/corpus_smoke/images/Megalith-Flickr/f2/f2d6ea6fc0c396b49e81a6f6c162a52b84148166e7139fbc657a3defb0baff35.jpg,0,resize_0.5,0.4016716778278351
data/corpus_smoke/images/Megalith-Flickr/f2/f2d6ea6fc0c396b49e81a6f6c162a52b84148166e7139fbc657a3defb0baff35.jpg,0,resize_0.25,0.39334842562675476
data/corpus_smoke/images/Megalith-Flickr/f2/f2d6ea6fc0c396b49e81a6f6c162a52b84148166e7139fbc657a3defb0baff35.jpg,0,noise_0.02,0.41812852025032043
data/corpus_smoke/images/Megalith-Flickr/f2/f2d6ea6fc0c396b49e81a6f6c162a52b84148166e7139fbc657a3defb0baff35.jpg,0,noise_0.05,0.41173312067985535
data/corpus_smoke/images/Megalith-Flickr/f2/f2d6ea6fc0c396b49e81a6f6c162a52b84148166e7139fbc657a3defb0baff35.jpg,0,noise_0.1,0.40990230441093445
data/corpus_smoke/images/Megalith-Flickr/f2/f2d6ea6fc0c396b49e81a6f6c162a52b84148166e7139fbc657a3defb0baff35.jpg,0,jitter_0.2,0.40788060426712036
data/corpus_smoke/images/Megalith-Flickr/f2/f2d6ea6fc0c396b49e81a6f6c162a52b84148166e7139fbc657a3defb0baff35.jpg,0,center_crop_0.8,0.40448951721191406
data/corpus_smoke/images/Megalith-Flickr/f2/f2d6ea6fc0c396b49e81a6f6c162a52b84148166e7139fbc657a3defb0baff35.jpg,0,composed_blur1.0+jpeg70,0.41995787620544434
data/corpus_smoke/images/Megalith-Flickr/f2/f2d6ea6fc0c396b49e81a6f6c162a52b84148166e7139fbc657a3defb0baff35.jpg,0,composed_resize0.5+jpeg50,0.4209919571876526
data/corpus_smoke/images/Megalith-Flickr/f2/f2d6ea6fc0c396b49e81a6f6c162a52b84148166e7139fbc657a3defb0baff35.jpg,0,composed_jitter0.2+jpeg30,0.42663851380348206
data/corpus_smoke/images/Megalith-Flickr/f2/f2d6ea6fc0c396b49e81a6f6c162a52b84148166e7139fbc657a3defb0baff35.jpg,0,composed_resize0.25+blur0.5+jpeg30,0.415352463722229
data/corpus_smoke/images/Megalith-Flickr/13/13474dd340c00bf5d405d2e306d502849776c86b31c88d165d298baced93054b.jpg,0,clean,0.4335530400276184
data/corpus_smoke/images/Megalith-Flickr/13/13474dd340c00bf5d405d2e306d502849776c86b31c88d165d298baced93054b.jpg,0,jpeg_90,0.43288320302963257
data/corpus_smoke/images/Megalith-Flickr/13/13474dd340c00bf5d405d2e306d502849776c86b31c88d165d298baced93054b.jpg,0,jpeg_70,0.44481757283210754
data/corpus_smoke/images/Megalith-Flickr/13/13474dd340c00bf5d405d2e306d502849776c86b31c88d165d298baced93054b.jpg,0,jpeg_50,0.4459206163883209
data/corpus_smoke/images/Megalith-Flickr/13/13474dd340c00bf5d405d2e306d502849776c86b31c88d165d298baced93054b.jpg,0,jpeg_30,0.4435223937034607
data/corpus_smoke/images/Megalith-Flickr/13/13474dd340c00bf5d405d2e306d502849776c86b31c88d165d298baced93054b.jpg,0,blur_0.5,0.4291703402996063
data/corpus_smoke/images/Megalith-Flickr/13/13474dd340c00bf5d405d2e306d502849776c86b31c88d165d298baced93054b.jpg,0,blur_1.0,0.4196006655693054
data/corpus_smoke/images/Megalith-Flickr/13/13474dd340c00bf5d405d2e306d502849776c86b31c88d165d298baced93054b.jpg,0,blur_2.0,0.41016536951065063
data/corpus_smoke/images/Megalith-Flickr/13/13474dd340c00bf5d405d2e306d502849776c86b31c88d165d298baced93054b.jpg,0,resize_0.5,0.42214563488960266
data/corpus_smoke/images/Megalith-Flickr/13/13474dd340c00bf5d405d2e306d502849776c86b31c88d165d298baced93054b.jpg,0,resize_0.25,0.4147460162639618
data/corpus_smoke/images/Megalith-Flickr/13/13474dd340c00bf5d405d2e306d502849776c86b31c88d165d298baced93054b.jpg,0,noise_0.02,0.44053715467453003
data/corpus_smoke/images/Megalith-Flickr/13/13474dd340c00bf5d405d2e306d502849776c86b31c88d165d298baced93054b.jpg,0,noise_0.05,0.42922359704971313
data/corpus_smoke/images/Megalith-Flickr/13/13474dd340c00bf5d405d2e306d502849776c86b31c88d165d298baced93054b.jpg,0,noise_0.1,0.4334270656108856
data/corpus_smoke/images/Megalith-Flickr/13/13474dd340c00bf5d405d2e306d502849776c86b31c88d165d298baced93054b.jpg,0,jitter_0.2,0.4305271506309509
data/corpus_smoke/images/Megalith-Flickr/13/13474dd340c00bf5d405d2e306d502849776c86b31c88d165d298baced93054b.jpg,0,center_crop_0.8,0.4287063181400299
data/corpus_smoke/images/Megalith-Flickr/13/13474dd340c00bf5d405d2e306d502849776c86b31c88d165d298baced93054b.jpg,0,composed_blur1.0+jpeg70,0.4356992244720459
data/corpus_smoke/images/Megalith-Flickr/13/13474dd340c00bf5d405d2e306d502849776c86b31c88d165d298baced93054b.jpg,0,composed_resize0.5+jpeg50,0.4300763010978699
data/corpus_smoke/images/Megalith-Flickr/13/13474dd340c00bf5d405d2e306d502849776c86b31c88d165d298baced93054b.jpg,0,composed_jitter0.2+jpeg30,0.44579052925109863
data/corpus_smoke/images/Megalith-Flickr/13/13474dd340c00bf5d405d2e306d502849776c86b31c88d165d298baced93054b.jpg,0,composed_resize0.25+blur0.5+jpeg30,0.4234694838523865
data/corpus_smoke/images/Aura/a0/a08b0999d114ba5febe334c11aa9b9e6b9fa2bf002135b64343df10e7094b021.jpg,1,clean,0.45112159848213196
data/corpus_smoke/images/Aura/a0/a08b0999d114ba5febe334c11aa9b9e6b9fa2bf002135b64343df10e7094b021.jpg,1,jpeg_90,0.45040690898895264
data/corpus_smoke/images/Aura/a0/a08b0999d114ba5febe334c11aa9b9e6b9fa2bf002135b64343df10e7094b021.jpg,1,jpeg_70,0.46258291602134705
data/corpus_smoke/images/Aura/a0/a08b0999d114ba5febe334c11aa9b9e6b9fa2bf002135b64343df10e7094b021.jpg,1,jpeg_50,0.45934802293777466
data/corpus_smoke/images/Aura/a0/a08b0999d114ba5febe334c11aa9b9e6b9fa2bf002135b64343df10e7094b021.jpg,1,jpeg_30,0.4579046070575714
data/corpus_smoke/images/Aura/a0/a08b0999d114ba5febe334c11aa9b9e6b9fa2bf002135b64343df10e7094b021.jpg,1,blur_0.5,0.4476146399974823
data/corpus_smoke/images/Aura/a0/a08b0999d114ba5febe334c11aa9b9e6b9fa2bf002135b64343df10e7094b021.jpg,1,blur_1.0,0.43675336241722107
data/corpus_smoke/images/Aura/a0/a08b0999d114ba5febe334c11aa9b9e6b9fa2bf002135b64343df10e7094b021.jpg,1,blur_2.0,0.4321300685405731
data/corpus_smoke/images/Aura/a0/a08b0999d114ba5febe334c11aa9b9e6b9fa2bf002135b64343df10e7094b021.jpg,1,resize_0.5,0.4364047050476074
data/corpus_smoke/images/Aura/a0/a08b0999d114ba5febe334c11aa9b9e6b9fa2bf002135b64343df10e7094b021.jpg,1,resize_0.25,0.43279600143432617
data/corpus_smoke/images/Aura/a0/a08b0999d114ba5febe334c11aa9b9e6b9fa2bf002135b64343df10e7094b021.jpg,1,noise_0.02,0.46381837129592896
data/corpus_smoke/images/Aura/a0/a08b0999d114ba5febe334c11aa9b9e6b9fa2bf002135b64343df10e7094b021.jpg,1,noise_0.05,0.45042771100997925
data/corpus_smoke/images/Aura/a0/a08b0999d114ba5febe334c11aa9b9e6b9fa2bf002135b64343df10e7094b021.jpg,1,noise_0.1,0.44161054491996765
data/corpus_smoke/images/Aura/a0/a08b0999d114ba5febe334c11aa9b9e6b9fa2bf002135b64343df10e7094b021.jpg,1,jitter_0.2,0.4559051990509033
data/corpus_smoke/images/Aura/a0/a08b0999d114ba5febe334c11aa9b9e6b9fa2bf002135b64343df10e7094b021.jpg,1,center_crop_0.8,0.4506698548793793
data/corpus_smoke/images/Aura/a0/a08b0999d114ba5febe334c11aa9b9e6b9fa2bf002135b64343df10e7094b021.jpg,1,composed_blur1.0+jpeg70,0.45445042848587036
data/corpus_smoke/images/Aura/a0/a08b0999d114ba5febe334c11aa9b9e6b9fa2bf002135b64343df10e7094b021.jpg,1,composed_resize0.5+jpeg50,0.45372727513313293
data/corpus_smoke/images/Aura/a0/a08b0999d114ba5febe334c11aa9b9e6b9fa2bf002135b64343df10e7094b021.jpg,1,composed_jitter0.2+jpeg30,0.45511260628700256
data/corpus_smoke/images/Aura/a0/a08b0999d114ba5febe334c11aa9b9e6b9fa2bf002135b64343df10e7094b021.jpg,1,composed_resize0.25+blur0.5+jpeg30,0.44979631900787354
data/corpus_smoke/images/Aura/7e/7edabeb6a6aba448b498120e6aa12c6c285f573f9a4508215652ac225edb6e65.jpg,1,clean,0.49769869446754456
data/corpus_smoke/images/Aura/7e/7edabeb6a6aba448b498120e6aa12c6c285f573f9a4508215652ac225edb6e65.jpg,1,jpeg_90,0.5058958530426025
data/corpus_smoke/images/Aura/7e/7edabeb6a6aba448b498120e6aa12c6c285f573f9a4508215652ac225edb6e65.jpg,1,jpeg_70,0.512266993522644
data/corpus_smoke/images/Aura/7e/7edabeb6a6aba448b498120e6aa12c6c285f573f9a4508215652ac225edb6e65.jpg,1,jpeg_50,0.5009874105453491
data/corpus_smoke/images/Aura/7e/7edabeb6a6aba448b498120e6aa12c6c285f573f9a4508215652ac225edb6e65.jpg,1,jpeg_30,0.4832344651222229
data/corpus_smoke/images/Aura/7e/7edabeb6a6aba448b498120e6aa12c6c285f573f9a4508215652ac225edb6e65.jpg,1,blur_0.5,0.49224504828453064
data/corpus_smoke/images/Aura/7e/7edabeb6a6aba448b498120e6aa12c6c285f573f9a4508215652ac225edb6e65.jpg,1,blur_1.0,0.4740665853023529
data/corpus_smoke/images/Aura/7e/7edabeb6a6aba448b498120e6aa12c6c285f573f9a4508215652ac225edb6e65.jpg,1,blur_2.0,0.47603464126586914
data/corpus_smoke/images/Aura/7e/7edabeb6a6aba448b498120e6aa12c6c285f573f9a4508215652ac225edb6e65.jpg,1,resize_0.5,0.47231221199035645
data/corpus_smoke/images/Aura/7e/7edabeb6a6aba448b498120e6aa12c6c285f573f9a4508215652ac225edb6e65.jpg,1,resize_0.25,0.4708022177219391
data/corpus_smoke/images/Aura/7e/7edabeb6a6aba448b498120e6aa12c6c285f573f9a4508215652ac225edb6e65.jpg,1,noise_0.02,0.4988221228122711
data/corpus_smoke/images/Aura/7e/7edabeb6a6aba448b498120e6aa12c6c285f573f9a4508215652ac225edb6e65.jpg,1,noise_0.05,0.48907411098480225
data/corpus_smoke/images/Aura/7e/7edabeb6a6aba448b498120e6aa12c6c285f573f9a4508215652ac225edb6e65.jpg,1,noise_0.1,0.4916970729827881
data/corpus_smoke/images/Aura/7e/7edabeb6a6aba448b498120e6aa12c6c285f573f9a4508215652ac225edb6e65.jpg,1,jitter_0.2,0.5033922791481018
data/corpus_smoke/images/Aura/7e/7edabeb6a6aba448b498120e6aa12c6c285f573f9a4508215652ac225edb6e65.jpg,1,center_crop_0.8,0.4863514304161072
data/corpus_smoke/images/Aura/7e/7edabeb6a6aba448b498120e6aa12c6c285f573f9a4508215652ac225edb6e65.jpg,1,composed_blur1.0+jpeg70,0.4890316426753998
data/corpus_smoke/images/Aura/7e/7edabeb6a6aba448b498120e6aa12c6c285f573f9a4508215652ac225edb6e65.jpg,1,composed_resize0.5+jpeg50,0.49051183462142944
data/corpus_smoke/images/Aura/7e/7edabeb6a6aba448b498120e6aa12c6c285f573f9a4508215652ac225edb6e65.jpg,1,composed_jitter0.2+jpeg30,0.4924418032169342
data/corpus_smoke/images/Aura/7e/7edabeb6a6aba448b498120e6aa12c6c285f573f9a4508215652ac225edb6e65.jpg,1,composed_resize0.25+blur0.5+jpeg30,0.48107993602752686
data/corpus_smoke/images/Aura/25/257977a0a8ee897390ae3e6f975aa2bc06503ee8f5047de383353ab2b031a44f.jpg,1,clean,0.5063868165016174
data/corpus_smoke/images/Aura/25/257977a0a8ee897390ae3e6f975aa2bc06503ee8f5047de383353ab2b031a44f.jpg,1,jpeg_90,0.495905339717865
data/corpus_smoke/images/Aura/25/257977a0a8ee897390ae3e6f975aa2bc06503ee8f5047de383353ab2b031a44f.jpg,1,jpeg_70,0.5029839277267456
data/corpus_smoke/images/Aura/25/257977a0a8ee897390ae3e6f975aa2bc06503ee8f5047de383353ab2b031a44f.jpg,1,jpeg_50,0.49366962909698486
data/corpus_smoke/images/Aura/25/257977a0a8ee897390ae3e6f975aa2bc06503ee8f5047de383353ab2b031a44f.jpg,1,jpeg_30,0.49223119020462036
data/corpus_smoke/images/Aura/25/257977a0a8ee897390ae3e6f975aa2bc06503ee8f5047de383353ab2b031a44f.jpg,1,blur_0.5,0.4941643476486206
data/corpus_smoke/images/Aura/25/257977a0a8ee897390ae3e6f975aa2bc06503ee8f5047de383353ab2b031a44f.jpg,1,blur_1.0,0.46838048100471497
data/corpus_smoke/images/Aura/25/257977a0a8ee897390ae3e6f975aa2bc06503ee8f5047de383353ab2b031a44f.jpg,1,blur_2.0,0.46639958024024963
data/corpus_smoke/images/Aura/25/257977a0a8ee897390ae3e6f975aa2bc06503ee8f5047de383353ab2b031a44f.jpg,1,resize_0.5,0.4679747223854065
data/corpus_smoke/images/Aura/25/257977a0a8ee897390ae3e6f975aa2bc06503ee8f5047de383353ab2b031a44f.jpg,1,resize_0.25,0.4652405381202698
data/corpus_smoke/images/Aura/25/257977a0a8ee897390ae3e6f975aa2bc06503ee8f5047de383353ab2b031a44f.jpg,1,noise_0.02,0.4902571737766266
data/corpus_smoke/images/Aura/25/257977a0a8ee897390ae3e6f975aa2bc06503ee8f5047de383353ab2b031a44f.jpg,1,noise_0.05,0.4794202446937561
data/corpus_smoke/images/Aura/25/257977a0a8ee897390ae3e6f975aa2bc06503ee8f5047de383353ab2b031a44f.jpg,1,noise_0.1,0.47718483209609985
data/corpus_smoke/images/Aura/25/257977a0a8ee897390ae3e6f975aa2bc06503ee8f5047de383353ab2b031a44f.jpg,1,jitter_0.2,0.5070897340774536
data/corpus_smoke/images/Aura/25/257977a0a8ee897390ae3e6f975aa2bc06503ee8f5047de383353ab2b031a44f.jpg,1,center_crop_0.8,0.4919881224632263
data/corpus_smoke/images/Aura/25/257977a0a8ee897390ae3e6f975aa2bc06503ee8f5047de383353ab2b031a44f.jpg,1,composed_blur1.0+jpeg70,0.4904997944831848
data/corpus_smoke/images/Aura/25/257977a0a8ee897390ae3e6f975aa2bc06503ee8f5047de383353ab2b031a44f.jpg,1,composed_resize0.5+jpeg50,0.48963141441345215
data/corpus_smoke/images/Aura/25/257977a0a8ee897390ae3e6f975aa2bc06503ee8f5047de383353ab2b031a44f.jpg,1,composed_jitter0.2+jpeg30,0.4883766174316406
data/corpus_smoke/images/Aura/25/257977a0a8ee897390ae3e6f975aa2bc06503ee8f5047de383353ab2b031a44f.jpg,1,composed_resize0.25+blur0.5+jpeg30,0.48385748267173767
data/corpus_smoke/images/Aura/92/92e3d36a9cb90a2d15f5b47503801eb5880fe3b61a0928b3b3d45132e6617c2d.jpg,1,clean,0.4660356342792511
data/corpus_smoke/images/Aura/92/92e3d36a9cb90a2d15f5b47503801eb5880fe3b61a0928b3b3d45132e6617c2d.jpg,1,jpeg_90,0.4662143588066101
data/corpus_smoke/images/Aura/92/92e3d36a9cb90a2d15f5b47503801eb5880fe3b61a0928b3b3d45132e6617c2d.jpg,1,jpeg_70,0.4746575653553009
data/corpus_smoke/images/Aura/92/92e3d36a9cb90a2d15f5b47503801eb5880fe3b61a0928b3b3d45132e6617c2d.jpg,1,jpeg_50,0.46538034081459045
data/corpus_smoke/images/Aura/92/92e3d36a9cb90a2d15f5b47503801eb5880fe3b61a0928b3b3d45132e6617c2d.jpg,1,jpeg_30,0.46983811259269714
data/corpus_smoke/images/Aura/92/92e3d36a9cb90a2d15f5b47503801eb5880fe3b61a0928b3b3d45132e6617c2d.jpg,1,blur_0.5,0.4664701223373413
data/corpus_smoke/images/Aura/92/92e3d36a9cb90a2d15f5b47503801eb5880fe3b61a0928b3b3d45132e6617c2d.jpg,1,blur_1.0,0.46485811471939087
data/corpus_smoke/images/Aura/92/92e3d36a9cb90a2d15f5b47503801eb5880fe3b61a0928b3b3d45132e6617c2d.jpg,1,blur_2.0,0.46067753434181213
data/corpus_smoke/images/Aura/92/92e3d36a9cb90a2d15f5b47503801eb5880fe3b61a0928b3b3d45132e6617c2d.jpg,1,resize_0.5,0.46336427330970764
data/corpus_smoke/images/Aura/92/92e3d36a9cb90a2d15f5b47503801eb5880fe3b61a0928b3b3d45132e6617c2d.jpg,1,resize_0.25,0.4640950858592987
data/corpus_smoke/images/Aura/92/92e3d36a9cb90a2d15f5b47503801eb5880fe3b61a0928b3b3d45132e6617c2d.jpg,1,noise_0.02,0.4698627293109894
data/corpus_smoke/images/Aura/92/92e3d36a9cb90a2d15f5b47503801eb5880fe3b61a0928b3b3d45132e6617c2d.jpg,1,noise_0.05,0.4629582464694977
data/corpus_smoke/images/Aura/92/92e3d36a9cb90a2d15f5b47503801eb5880fe3b61a0928b3b3d45132e6617c2d.jpg,1,noise_0.1,0.4571913778781891
data/corpus_smoke/images/Aura/92/92e3d36a9cb90a2d15f5b47503801eb5880fe3b61a0928b3b3d45132e6617c2d.jpg,1,jitter_0.2,0.46580368280410767
data/corpus_smoke/images/Aura/92/92e3d36a9cb90a2d15f5b47503801eb5880fe3b61a0928b3b3d45132e6617c2d.jpg,1,center_crop_0.8,0.4685819149017334
data/corpus_smoke/images/Aura/92/92e3d36a9cb90a2d15f5b47503801eb5880fe3b61a0928b3b3d45132e6617c2d.jpg,1,composed_blur1.0+jpeg70,0.4718722105026245
data/corpus_smoke/images/Aura/92/92e3d36a9cb90a2d15f5b47503801eb5880fe3b61a0928b3b3d45132e6617c2d.jpg,1,composed_resize0.5+jpeg50,0.4621708393096924
data/corpus_smoke/images/Aura/92/92e3d36a9cb90a2d15f5b47503801eb5880fe3b61a0928b3b3d45132e6617c2d.jpg,1,composed_jitter0.2+jpeg30,0.47356557846069336
data/corpus_smoke/images/Aura/92/92e3d36a9cb90a2d15f5b47503801eb5880fe3b61a0928b3b3d45132e6617c2d.jpg,1,composed_resize0.25+blur0.5+jpeg30,0.4706679880619049
data/corpus_smoke/images/Aura/45/45168a723c9921de21a90c48b8d50687380f3a6495f26d4ae2070142c830f7f0.jpg,1,clean,0.46822720766067505
data/corpus_smoke/images/Aura/45/45168a723c9921de21a90c48b8d50687380f3a6495f26d4ae2070142c830f7f0.jpg,1,jpeg_90,0.4582121968269348
data/corpus_smoke/images/Aura/45/45168a723c9921de21a90c48b8d50687380f3a6495f26d4ae2070142c830f7f0.jpg,1,jpeg_70,0.46380534768104553
data/corpus_smoke/images/Aura/45/45168a723c9921de21a90c48b8d50687380f3a6495f26d4ae2070142c830f7f0.jpg,1,jpeg_50,0.4628017842769623
data/corpus_smoke/images/Aura/45/45168a723c9921de21a90c48b8d50687380f3a6495f26d4ae2070142c830f7f0.jpg,1,jpeg_30,0.4654630124568939
data/corpus_smoke/images/Aura/45/45168a723c9921de21a90c48b8d50687380f3a6495f26d4ae2070142c830f7f0.jpg,1,blur_0.5,0.45357391238212585
data/corpus_smoke/images/Aura/45/45168a723c9921de21a90c48b8d50687380f3a6495f26d4ae2070142c830f7f0.jpg,1,blur_1.0,0.43838196992874146
data/corpus_smoke/images/Aura/45/45168a723c9921de21a90c48b8d50687380f3a6495f26d4ae2070142c830f7f0.jpg,1,blur_2.0,0.4340691566467285
data/corpus_smoke/images/Aura/45/45168a723c9921de21a90c48b8d50687380f3a6495f26d4ae2070142c830f7f0.jpg,1,resize_0.5,0.4384545087814331
data/corpus_smoke/images/Aura/45/45168a723c9921de21a90c48b8d50687380f3a6495f26d4ae2070142c830f7f0.jpg,1,resize_0.25,0.43436554074287415
data/corpus_smoke/images/Aura/45/45168a723c9921de21a90c48b8d50687380f3a6495f26d4ae2070142c830f7f0.jpg,1,noise_0.02,0.45675113797187805
data/corpus_smoke/images/Aura/45/45168a723c9921de21a90c48b8d50687380f3a6495f26d4ae2070142c830f7f0.jpg,1,noise_0.05,0.444569855928421
data/corpus_smoke/images/Aura/45/45168a723c9921de21a90c48b8d50687380f3a6495f26d4ae2070142c830f7f0.jpg,1,noise_0.1,0.4387567937374115
data/corpus_smoke/images/Aura/45/45168a723c9921de21a90c48b8d50687380f3a6495f26d4ae2070142c830f7f0.jpg,1,jitter_0.2,0.4568042457103729
data/corpus_smoke/images/Aura/45/45168a723c9921de21a90c48b8d50687380f3a6495f26d4ae2070142c830f7f0.jpg,1,center_crop_0.8,0.4485971927642822
data/corpus_smoke/images/Aura/45/45168a723c9921de21a90c48b8d50687380f3a6495f26d4ae2070142c830f7f0.jpg,1,composed_blur1.0+jpeg70,0.45652639865875244
data/corpus_smoke/images/Aura/45/45168a723c9921de21a90c48b8d50687380f3a6495f26d4ae2070142c830f7f0.jpg,1,composed_resize0.5+jpeg50,0.4667093753814697
data/corpus_smoke/images/Aura/45/45168a723c9921de21a90c48b8d50687380f3a6495f26d4ae2070142c830f7f0.jpg,1,composed_jitter0.2+jpeg30,0.4645931124687195
data/corpus_smoke/images/Aura/45/45168a723c9921de21a90c48b8d50687380f3a6495f26d4ae2070142c830f7f0.jpg,1,composed_resize0.25+blur0.5+jpeg30,0.4557327926158905
data/corpus_smoke/images/Aura/ca/cab034d6af3865e34444b02b13f1be0374f8ec67d475a3e752c65524f24c3abf.jpg,1,clean,0.4635119140148163
data/corpus_smoke/images/Aura/ca/cab034d6af3865e34444b02b13f1be0374f8ec67d475a3e752c65524f24c3abf.jpg,1,jpeg_90,0.47567322850227356
data/corpus_smoke/images/Aura/ca/cab034d6af3865e34444b02b13f1be0374f8ec67d475a3e752c65524f24c3abf.jpg,1,jpeg_70,0.47628533840179443
data/corpus_smoke/images/Aura/ca/cab034d6af3865e34444b02b13f1be0374f8ec67d475a3e752c65524f24c3abf.jpg,1,jpeg_50,0.4846962094306946
data/corpus_smoke/images/Aura/ca/cab034d6af3865e34444b02b13f1be0374f8ec67d475a3e752c65524f24c3abf.jpg,1,jpeg_30,0.489463746547699
data/corpus_smoke/images/Aura/ca/cab034d6af3865e34444b02b13f1be0374f8ec67d475a3e752c65524f24c3abf.jpg,1,blur_0.5,0.46161362528800964
data/corpus_smoke/images/Aura/ca/cab034d6af3865e34444b02b13f1be0374f8ec67d475a3e752c65524f24c3abf.jpg,1,blur_1.0,0.4518769681453705
data/corpus_smoke/images/Aura/ca/cab034d6af3865e34444b02b13f1be0374f8ec67d475a3e752c65524f24c3abf.jpg,1,blur_2.0,0.44966405630111694
data/corpus_smoke/images/Aura/ca/cab034d6af3865e34444b02b13f1be0374f8ec67d475a3e752c65524f24c3abf.jpg,1,resize_0.5,0.45492687821388245
data/corpus_smoke/images/Aura/ca/cab034d6af3865e34444b02b13f1be0374f8ec67d475a3e752c65524f24c3abf.jpg,1,resize_0.25,0.45078715682029724
data/corpus_smoke/images/Aura/ca/cab034d6af3865e34444b02b13f1be0374f8ec67d475a3e752c65524f24c3abf.jpg,1,noise_0.02,0.47291597723960876
data/corpus_smoke/images/Aura/ca/cab034d6af3865e34444b02b13f1be0374f8ec67d475a3e752c65524f24c3abf.jpg,1,noise_0.05,0.46670883893966675
data/corpus_smoke/images/Aura/ca/cab034d6af3865e34444b02b13f1be0374f8ec67d475a3e752c65524f24c3abf.jpg,1,noise_0.1,0.45965489745140076
data/corpus_smoke/images/Aura/ca/cab034d6af3865e34444b02b13f1be0374f8ec67d475a3e752c65524f24c3abf.jpg,1,jitter_0.2,0.46405765414237976
data/corpus_smoke/images/Aura/ca/cab034d6af3865e34444b02b13f1be0374f8ec67d475a3e752c65524f24c3abf.jpg,1,center_crop_0.8,0.4575597643852234
data/corpus_smoke/images/Aura/ca/cab034d6af3865e34444b02b13f1be0374f8ec67d475a3e752c65524f24c3abf.jpg,1,composed_blur1.0+jpeg70,0.46537846326828003
data/corpus_smoke/images/Aura/ca/cab034d6af3865e34444b02b13f1be0374f8ec67d475a3e752c65524f24c3abf.jpg,1,composed_resize0.5+jpeg50,0.4715426564216614
data/corpus_smoke/images/Aura/ca/cab034d6af3865e34444b02b13f1be0374f8ec67d475a3e752c65524f24c3abf.jpg,1,composed_jitter0.2+jpeg30,0.4816525876522064
data/corpus_smoke/images/Aura/ca/cab034d6af3865e34444b02b13f1be0374f8ec67d475a3e752c65524f24c3abf.jpg,1,composed_resize0.25+blur0.5+jpeg30,0.4633258581161499
data/corpus_smoke/images/SDXL/f8/f87d9c45ceee7a5bfd8fd40132ea68992b3a58c0d523629b87f2c0d32bd258e6.jpg,1,clean,0.422247976064682
data/corpus_smoke/images/SDXL/f8/f87d9c45ceee7a5bfd8fd40132ea68992b3a58c0d523629b87f2c0d32bd258e6.jpg,1,jpeg_90,0.42892053723335266
data/corpus_smoke/images/SDXL/f8/f87d9c45ceee7a5bfd8fd40132ea68992b3a58c0d523629b87f2c0d32bd258e6.jpg,1,jpeg_70,0.43600794672966003
data/corpus_smoke/images/SDXL/f8/f87d9c45ceee7a5bfd8fd40132ea68992b3a58c0d523629b87f2c0d32bd258e6.jpg,1,jpeg_50,0.4324392080307007
data/corpus_smoke/images/SDXL/f8/f87d9c45ceee7a5bfd8fd40132ea68992b3a58c0d523629b87f2c0d32bd258e6.jpg,1,jpeg_30,0.43827494978904724
data/corpus_smoke/images/SDXL/f8/f87d9c45ceee7a5bfd8fd40132ea68992b3a58c0d523629b87f2c0d32bd258e6.jpg,1,blur_0.5,0.4197935163974762
data/corpus_smoke/images/SDXL/f8/f87d9c45ceee7a5bfd8fd40132ea68992b3a58c0d523629b87f2c0d32bd258e6.jpg,1,blur_1.0,0.4182697832584381
data/corpus_smoke/images/SDXL/f8/f87d9c45ceee7a5bfd8fd40132ea68992b3a58c0d523629b87f2c0d32bd258e6.jpg,1,blur_2.0,0.4329002797603607
data/corpus_smoke/images/SDXL/f8/f87d9c45ceee7a5bfd8fd40132ea68992b3a58c0d523629b87f2c0d32bd258e6.jpg,1,resize_0.5,0.4155237674713135
data/corpus_smoke/images/SDXL/f8/f87d9c45ceee7a5bfd8fd40132ea68992b3a58c0d523629b87f2c0d32bd258e6.jpg,1,resize_0.25,0.42663490772247314
data/corpus_smoke/images/SDXL/f8/f87d9c45ceee7a5bfd8fd40132ea68992b3a58c0d523629b87f2c0d32bd258e6.jpg,1,noise_0.02,0.44743233919143677
data/corpus_smoke/images/SDXL/f8/f87d9c45ceee7a5bfd8fd40132ea68992b3a58c0d523629b87f2c0d32bd258e6.jpg,1,noise_0.05,0.4447435438632965
data/corpus_smoke/images/SDXL/f8/f87d9c45ceee7a5bfd8fd40132ea68992b3a58c0d523629b87f2c0d32bd258e6.jpg,1,noise_0.1,0.4370429813861847
data/corpus_smoke/images/SDXL/f8/f87d9c45ceee7a5bfd8fd40132ea68992b3a58c0d523629b87f2c0d32bd258e6.jpg,1,jitter_0.2,0.42349424958229065
data/corpus_smoke/images/SDXL/f8/f87d9c45ceee7a5bfd8fd40132ea68992b3a58c0d523629b87f2c0d32bd258e6.jpg,1,center_crop_0.8,0.4329265058040619
data/corpus_smoke/images/SDXL/f8/f87d9c45ceee7a5bfd8fd40132ea68992b3a58c0d523629b87f2c0d32bd258e6.jpg,1,composed_blur1.0+jpeg70,0.43784818053245544
data/corpus_smoke/images/SDXL/f8/f87d9c45ceee7a5bfd8fd40132ea68992b3a58c0d523629b87f2c0d32bd258e6.jpg,1,composed_resize0.5+jpeg50,0.4338228106498718
data/corpus_smoke/images/SDXL/f8/f87d9c45ceee7a5bfd8fd40132ea68992b3a58c0d523629b87f2c0d32bd258e6.jpg,1,composed_jitter0.2+jpeg30,0.4355587065219879
data/corpus_smoke/images/SDXL/f8/f87d9c45ceee7a5bfd8fd40132ea68992b3a58c0d523629b87f2c0d32bd258e6.jpg,1,composed_resize0.25+blur0.5+jpeg30,0.4374202787876129
data/corpus_smoke/images/SDXL/c5/c5b8dc432e8efff6ae83e788961dabc2e35e2f644bf02ba7c1e2265d3370903e.jpg,1,clean,0.4551967680454254
data/corpus_smoke/images/SDXL/c5/c5b8dc432e8efff6ae83e788961dabc2e35e2f644bf02ba7c1e2265d3370903e.jpg,1,jpeg_90,0.45519354939460754
data/corpus_smoke/images/SDXL/c5/c5b8dc432e8efff6ae83e788961dabc2e35e2f644bf02ba7c1e2265d3370903e.jpg,1,jpeg_70,0.4715602397918701
data/corpus_smoke/images/SDXL/c5/c5b8dc432e8efff6ae83e788961dabc2e35e2f644bf02ba7c1e2265d3370903e.jpg,1,jpeg_50,0.47489485144615173
data/corpus_smoke/images/SDXL/c5/c5b8dc432e8efff6ae83e788961dabc2e35e2f644bf02ba7c1e2265d3370903e.jpg,1,jpeg_30,0.4688775837421417
data/corpus_smoke/images/SDXL/c5/c5b8dc432e8efff6ae83e788961dabc2e35e2f644bf02ba7c1e2265d3370903e.jpg,1,blur_0.5,0.4552941620349884
data/corpus_smoke/images/SDXL/c5/c5b8dc432e8efff6ae83e788961dabc2e35e2f644bf02ba7c1e2265d3370903e.jpg,1,blur_1.0,0.4543297290802002
data/corpus_smoke/images/SDXL/c5/c5b8dc432e8efff6ae83e788961dabc2e35e2f644bf02ba7c1e2265d3370903e.jpg,1,blur_2.0,0.45146986842155457
data/corpus_smoke/images/SDXL/c5/c5b8dc432e8efff6ae83e788961dabc2e35e2f644bf02ba7c1e2265d3370903e.jpg,1,resize_0.5,0.4523974061012268
data/corpus_smoke/images/SDXL/c5/c5b8dc432e8efff6ae83e788961dabc2e35e2f644bf02ba7c1e2265d3370903e.jpg,1,resize_0.25,0.4508121907711029
data/corpus_smoke/images/SDXL/c5/c5b8dc432e8efff6ae83e788961dabc2e35e2f644bf02ba7c1e2265d3370903e.jpg,1,noise_0.02,0.4603281617164612
data/corpus_smoke/images/SDXL/c5/c5b8dc432e8efff6ae83e788961dabc2e35e2f644bf02ba7c1e2265d3370903e.jpg,1,noise_0.05,0.4636494815349579
data/corpus_smoke/images/SDXL/c5/c5b8dc432e8efff6ae83e788961dabc2e35e2f644bf02ba7c1e2265d3370903e.jpg,1,noise_0.1,0.4594089090824127
data/corpus_smoke/images/SDXL/c5/c5b8dc432e8efff6ae83e788961dabc2e35e2f644bf02ba7c1e2265d3370903e.jpg,1,jitter_0.2,0.4557529091835022
data/corpus_smoke/images/SDXL/c5/c5b8dc432e8efff6ae83e788961dabc2e35e2f644bf02ba7c1e2265d3370903e.jpg,1,center_crop_0.8,0.45415198802948
data/corpus_smoke/images/SDXL/c5/c5b8dc432e8efff6ae83e788961dabc2e35e2f644bf02ba7c1e2265d3370903e.jpg,1,composed_blur1.0+jpeg70,0.4693567156791687
data/corpus_smoke/images/SDXL/c5/c5b8dc432e8efff6ae83e788961dabc2e35e2f644bf02ba7c1e2265d3370903e.jpg,1,composed_resize0.5+jpeg50,0.47463178634643555
data/corpus_smoke/images/SDXL/c5/c5b8dc432e8efff6ae83e788961dabc2e35e2f644bf02ba7c1e2265d3370903e.jpg,1,composed_jitter0.2+jpeg30,0.4707213342189789
data/corpus_smoke/images/SDXL/c5/c5b8dc432e8efff6ae83e788961dabc2e35e2f644bf02ba7c1e2265d3370903e.jpg,1,composed_resize0.25+blur0.5+jpeg30,0.46162834763526917
data/corpus_smoke/images/SDXL/d7/d77000baeef6e2315394405259040d4236d7806ca875166046173a0d02598c07.jpg,1,clean,0.45980143547058105
data/corpus_smoke/images/SDXL/d7/d77000baeef6e2315394405259040d4236d7806ca875166046173a0d02598c07.jpg,1,jpeg_90,0.46425196528434753
data/corpus_smoke/images/SDXL/d7/d77000baeef6e2315394405259040d4236d7806ca875166046173a0d02598c07.jpg,1,jpeg_70,0.47363802790641785
data/corpus_smoke/images/SDXL/d7/d77000baeef6e2315394405259040d4236d7806ca875166046173a0d02598c07.jpg,1,jpeg_50,0.4689246416091919
data/corpus_smoke/images/SDXL/d7/d77000baeef6e2315394405259040d4236d7806ca875166046173a0d02598c07.jpg,1,jpeg_30,0.4714215099811554
data/corpus_smoke/images/SDXL/d7/d77000baeef6e2315394405259040d4236d7806ca875166046173a0d02598c07.jpg,1,blur_0.5,0.4584082067012787
data/corpus_smoke/images/SDXL/d7/d77000baeef6e2315394405259040d4236d7806ca875166046173a0d02598c07.jpg,1,blur_1.0,0.45479366183280945
data/corpus_smoke/images/SDXL/d7/d77000baeef6e2315394405259040d4236d7806ca875166046173a0d02598c07.jpg,1,blur_2.0,0.4540754556655884
data/corpus_smoke/images/SDXL/d7/d77000baeef6e2315394405259040d4236d7806ca875166046173a0d02598c07.jpg,1,resize_0.5,0.4528469741344452
data/corpus_smoke/images/SDXL/d7/d77000baeef6e2315394405259040d4236d7806ca875166046173a0d02598c07.jpg,1,resize_0.25,0.45105403661727905
data/corpus_smoke/images/SDXL/d7/d77000baeef6e2315394405259040d4236d7806ca875166046173a0d02598c07.jpg,1,noise_0.02,0.4773993194103241
data/corpus_smoke/images/SDXL/d7/d77000baeef6e2315394405259040d4236d7806ca875166046173a0d02598c07.jpg,1,noise_0.05,0.4781026840209961
data/corpus_smoke/images/SDXL/d7/d77000baeef6e2315394405259040d4236d7806ca875166046173a0d02598c07.jpg,1,noise_0.1,0.470145046710968
data/corpus_smoke/images/SDXL/d7/d77000baeef6e2315394405259040d4236d7806ca875166046173a0d02598c07.jpg,1,jitter_0.2,0.46097514033317566
data/corpus_smoke/images/SDXL/d7/d77000baeef6e2315394405259040d4236d7806ca875166046173a0d02598c07.jpg,1,center_crop_0.8,0.47589462995529175
data/corpus_smoke/images/SDXL/d7/d77000baeef6e2315394405259040d4236d7806ca875166046173a0d02598c07.jpg,1,composed_blur1.0+jpeg70,0.4676208198070526
data/corpus_smoke/images/SDXL/d7/d77000baeef6e2315394405259040d4236d7806ca875166046173a0d02598c07.jpg,1,composed_resize0.5+jpeg50,0.4634536802768707
data/corpus_smoke/images/SDXL/d7/d77000baeef6e2315394405259040d4236d7806ca875166046173a0d02598c07.jpg,1,composed_jitter0.2+jpeg30,0.4688914120197296
data/corpus_smoke/images/SDXL/d7/d77000baeef6e2315394405259040d4236d7806ca875166046173a0d02598c07.jpg,1,composed_resize0.25+blur0.5+jpeg30,0.4651092290878296
data/corpus_smoke/images/SDXL/16/16cdae33b78c0493ea14e872c2be8725b1495a21cd8d1d32dbbc439f19d65923.jpg,1,clean,0.4746013879776001
data/corpus_smoke/images/SDXL/16/16cdae33b78c0493ea14e872c2be8725b1495a21cd8d1d32dbbc439f19d65923.jpg,1,jpeg_90,0.4789165258407593
data/corpus_smoke/images/SDXL/16/16cdae33b78c0493ea14e872c2be8725b1495a21cd8d1d32dbbc439f19d65923.jpg,1,jpeg_70,0.4809383749961853
data/corpus_smoke/images/SDXL/16/16cdae33b78c0493ea14e872c2be8725b1495a21cd8d1d32dbbc439f19d65923.jpg,1,jpeg_50,0.4806809723377228
data/corpus_smoke/images/SDXL/16/16cdae33b78c0493ea14e872c2be8725b1495a21cd8d1d32dbbc439f19d65923.jpg,1,jpeg_30,0.48131343722343445
data/corpus_smoke/images/SDXL/16/16cdae33b78c0493ea14e872c2be8725b1495a21cd8d1d32dbbc439f19d65923.jpg,1,blur_0.5,0.4717654585838318
data/corpus_smoke/images/SDXL/16/16cdae33b78c0493ea14e872c2be8725b1495a21cd8d1d32dbbc439f19d65923.jpg,1,blur_1.0,0.4659595489501953
data/corpus_smoke/images/SDXL/16/16cdae33b78c0493ea14e872c2be8725b1495a21cd8d1d32dbbc439f19d65923.jpg,1,blur_2.0,0.4614349603652954
data/corpus_smoke/images/SDXL/16/16cdae33b78c0493ea14e872c2be8725b1495a21cd8d1d32dbbc439f19d65923.jpg,1,resize_0.5,0.46413561701774597
data/corpus_smoke/images/SDXL/16/16cdae33b78c0493ea14e872c2be8725b1495a21cd8d1d32dbbc439f19d65923.jpg,1,resize_0.25,0.46092021465301514
data/corpus_smoke/images/SDXL/16/16cdae33b78c0493ea14e872c2be8725b1495a21cd8d1d32dbbc439f19d65923.jpg,1,noise_0.02,0.48081377148628235
data/corpus_smoke/images/SDXL/16/16cdae33b78c0493ea14e872c2be8725b1495a21cd8d1d32dbbc439f19d65923.jpg,1,noise_0.05,0.4745788872241974
data/corpus_smoke/images/SDXL/16/16cdae33b78c0493ea14e872c2be8725b1495a21cd8d1d32dbbc439f19d65923.jpg,1,noise_0.1,0.4486807882785797
data/corpus_smoke/images/SDXL/16/16cdae33b78c0493ea14e872c2be8725b1495a21cd8d1d32dbbc439f19d65923.jpg,1,jitter_0.2,0.4764196276664734
data/corpus_smoke/images/SDXL/16/16cdae33b78c0493ea14e872c2be8725b1495a21cd8d1d32dbbc439f19d65923.jpg,1,center_crop_0.8,0.46183574199676514
data/corpus_smoke/images/SDXL/16/16cdae33b78c0493ea14e872c2be8725b1495a21cd8d1d32dbbc439f19d65923.jpg,1,composed_blur1.0+jpeg70,0.4712119698524475
data/corpus_smoke/images/SDXL/16/16cdae33b78c0493ea14e872c2be8725b1495a21cd8d1d32dbbc439f19d65923.jpg,1,composed_resize0.5+jpeg50,0.47371992468833923
data/corpus_smoke/images/SDXL/16/16cdae33b78c0493ea14e872c2be8725b1495a21cd8d1d32dbbc439f19d65923.jpg,1,composed_jitter0.2+jpeg30,0.4815254211425781
data/corpus_smoke/images/SDXL/16/16cdae33b78c0493ea14e872c2be8725b1495a21cd8d1d32dbbc439f19d65923.jpg,1,composed_resize0.25+blur0.5+jpeg30,0.4656105935573578
data/corpus_smoke/images/SDXL/df/df709b29f8aec259af0f27c1e2386329fce09d3d0ada983456cdb1f0189339f0.jpg,1,clean,0.4614987373352051
data/corpus_smoke/images/SDXL/df/df709b29f8aec259af0f27c1e2386329fce09d3d0ada983456cdb1f0189339f0.jpg,1,jpeg_90,0.4633549153804779
data/corpus_smoke/images/SDXL/df/df709b29f8aec259af0f27c1e2386329fce09d3d0ada983456cdb1f0189339f0.jpg,1,jpeg_70,0.46684160828590393
data/corpus_smoke/images/SDXL/df/df709b29f8aec259af0f27c1e2386329fce09d3d0ada983456cdb1f0189339f0.jpg,1,jpeg_50,0.471687376499176
data/corpus_smoke/images/SDXL/df/df709b29f8aec259af0f27c1e2386329fce09d3d0ada983456cdb1f0189339f0.jpg,1,jpeg_30,0.4666568636894226
data/corpus_smoke/images/SDXL/df/df709b29f8aec259af0f27c1e2386329fce09d3d0ada983456cdb1f0189339f0.jpg,1,blur_0.5,0.46173837780952454
data/corpus_smoke/images/SDXL/df/df709b29f8aec259af0f27c1e2386329fce09d3d0ada983456cdb1f0189339f0.jpg,1,blur_1.0,0.4610616862773895
data/corpus_smoke/images/SDXL/df/df709b29f8aec259af0f27c1e2386329fce09d3d0ada983456cdb1f0189339f0.jpg,1,blur_2.0,0.45845985412597656
data/corpus_smoke/images/SDXL/df/df709b29f8aec259af0f27c1e2386329fce09d3d0ada983456cdb1f0189339f0.jpg,1,resize_0.5,0.4557315707206726
data/corpus_smoke/images/SDXL/df/df709b29f8aec259af0f27c1e2386329fce09d3d0ada983456cdb1f0189339f0.jpg,1,resize_0.25,0.45309895277023315
data/corpus_smoke/images/SDXL/df/df709b29f8aec259af0f27c1e2386329fce09d3d0ada983456cdb1f0189339f0.jpg,1,noise_0.02,0.46772247552871704
data/corpus_smoke/images/SDXL/df/df709b29f8aec259af0f27c1e2386329fce09d3d0ada983456cdb1f0189339f0.jpg,1,noise_0.05,0.46552717685699463
data/corpus_smoke/images/SDXL/df/df709b29f8aec259af0f27c1e2386329fce09d3d0ada983456cdb1f0189339f0.jpg,1,noise_0.1,0.4596308171749115
data/corpus_smoke/images/SDXL/df/df709b29f8aec259af0f27c1e2386329fce09d3d0ada983456cdb1f0189339f0.jpg,1,jitter_0.2,0.4635498821735382
data/corpus_smoke/images/SDXL/df/df709b29f8aec259af0f27c1e2386329fce09d3d0ada983456cdb1f0189339f0.jpg,1,center_crop_0.8,0.46496668457984924
data/corpus_smoke/images/SDXL/df/df709b29f8aec259af0f27c1e2386329fce09d3d0ada983456cdb1f0189339f0.jpg,1,composed_blur1.0+jpeg70,0.46624451875686646
data/corpus_smoke/images/SDXL/df/df709b29f8aec259af0f27c1e2386329fce09d3d0ada983456cdb1f0189339f0.jpg,1,composed_resize0.5+jpeg50,0.4617826044559479
data/corpus_smoke/images/SDXL/df/df709b29f8aec259af0f27c1e2386329fce09d3d0ada983456cdb1f0189339f0.jpg,1,composed_jitter0.2+jpeg30,0.4638636112213135
data/corpus_smoke/images/SDXL/df/df709b29f8aec259af0f27c1e2386329fce09d3d0ada983456cdb1f0189339f0.jpg,1,composed_resize0.25+blur0.5+jpeg30,0.45812150835990906
data/corpus_smoke/images/SDXL/a4/a4727b42583fbcf12424d95e4b6927f97a016f0f7184721451d0b214b17b03ec.jpg,1,clean,0.46890881657600403
data/corpus_smoke/images/SDXL/a4/a4727b42583fbcf12424d95e4b6927f97a016f0f7184721451d0b214b17b03ec.jpg,1,jpeg_90,0.46428218483924866
data/corpus_smoke/images/SDXL/a4/a4727b42583fbcf12424d95e4b6927f97a016f0f7184721451d0b214b17b03ec.jpg,1,jpeg_70,0.48338815569877625
data/corpus_smoke/images/SDXL/a4/a4727b42583fbcf12424d95e4b6927f97a016f0f7184721451d0b214b17b03ec.jpg,1,jpeg_50,0.47731560468673706
data/corpus_smoke/images/SDXL/a4/a4727b42583fbcf12424d95e4b6927f97a016f0f7184721451d0b214b17b03ec.jpg,1,jpeg_30,0.48326820135116577
data/corpus_smoke/images/SDXL/a4/a4727b42583fbcf12424d95e4b6927f97a016f0f7184721451d0b214b17b03ec.jpg,1,blur_0.5,0.46800491213798523
data/corpus_smoke/images/SDXL/a4/a4727b42583fbcf12424d95e4b6927f97a016f0f7184721451d0b214b17b03ec.jpg,1,blur_1.0,0.46357354521751404
data/corpus_smoke/images/SDXL/a4/a4727b42583fbcf12424d95e4b6927f97a016f0f7184721451d0b214b17b03ec.jpg,1,blur_2.0,0.4577523171901703
data/corpus_smoke/images/SDXL/a4/a4727b42583fbcf12424d95e4b6927f97a016f0f7184721451d0b214b17b03ec.jpg,1,resize_0.5,0.4634539783000946
data/corpus_smoke/images/SDXL/a4/a4727b42583fbcf12424d95e4b6927f97a016f0f7184721451d0b214b17b03ec.jpg,1,resize_0.25,0.45484036207199097
data/corpus_smoke/images/SDXL/a4/a4727b42583fbcf12424d95e4b6927f97a016f0f7184721451d0b214b17b03ec.jpg,1,noise_0.02,0.47324231266975403
data/corpus_smoke/images/SDXL/a4/a4727b42583fbcf12424d95e4b6927f97a016f0f7184721451d0b214b17b03ec.jpg,1,noise_0.05,0.4660220742225647
data/corpus_smoke/images/SDXL/a4/a4727b42583fbcf12424d95e4b6927f97a016f0f7184721451d0b214b17b03ec.jpg,1,noise_0.1,0.45943939685821533
data/corpus_smoke/images/SDXL/a4/a4727b42583fbcf12424d95e4b6927f97a016f0f7184721451d0b214b17b03ec.jpg,1,jitter_0.2,0.47172030806541443
data/corpus_smoke/images/SDXL/a4/a4727b42583fbcf12424d95e4b6927f97a016f0f7184721451d0b214b17b03ec.jpg,1,center_crop_0.8,0.4775761663913727
data/corpus_smoke/images/SDXL/a4/a4727b42583fbcf12424d95e4b6927f97a016f0f7184721451d0b214b17b03ec.jpg,1,composed_blur1.0+jpeg70,0.4802836775779724
data/corpus_smoke/images/SDXL/a4/a4727b42583fbcf12424d95e4b6927f97a016f0f7184721451d0b214b17b03ec.jpg,1,composed_resize0.5+jpeg50,0.467990905046463
data/corpus_smoke/images/SDXL/a4/a4727b42583fbcf12424d95e4b6927f97a016f0f7184721451d0b214b17b03ec.jpg,1,composed_jitter0.2+jpeg30,0.48742514848709106
data/corpus_smoke/images/SDXL/a4/a4727b42583fbcf12424d95e4b6927f97a016f0f7184721451d0b214b17b03ec.jpg,1,composed_resize0.25+blur0.5+jpeg30,0.46443724632263184
data/corpus_smoke/images/Gemini-nano-banana/c0/c0b3b3fb47bc3f743da56a81c54271b8b04698e34f4c35bbae9536566c049dd3.jpg,1,clean,0.43786531686782837
data/corpus_smoke/images/Gemini-nano-banana/c0/c0b3b3fb47bc3f743da56a81c54271b8b04698e34f4c35bbae9536566c049dd3.jpg,1,jpeg_90,0.4481703042984009
data/corpus_smoke/images/Gemini-nano-banana/c0/c0b3b3fb47bc3f743da56a81c54271b8b04698e34f4c35bbae9536566c049dd3.jpg,1,jpeg_70,0.4500555098056793
data/corpus_smoke/images/Gemini-nano-banana/c0/c0b3b3fb47bc3f743da56a81c54271b8b04698e34f4c35bbae9536566c049dd3.jpg,1,jpeg_50,0.4386855959892273
data/corpus_smoke/images/Gemini-nano-banana/c0/c0b3b3fb47bc3f743da56a81c54271b8b04698e34f4c35bbae9536566c049dd3.jpg,1,jpeg_30,0.446622371673584
data/corpus_smoke/images/Gemini-nano-banana/c0/c0b3b3fb47bc3f743da56a81c54271b8b04698e34f4c35bbae9536566c049dd3.jpg,1,blur_0.5,0.4344121813774109
data/corpus_smoke/images/Gemini-nano-banana/c0/c0b3b3fb47bc3f743da56a81c54271b8b04698e34f4c35bbae9536566c049dd3.jpg,1,blur_1.0,0.425319105386734
data/corpus_smoke/images/Gemini-nano-banana/c0/c0b3b3fb47bc3f743da56a81c54271b8b04698e34f4c35bbae9536566c049dd3.jpg,1,blur_2.0,0.42158663272857666
data/corpus_smoke/images/Gemini-nano-banana/c0/c0b3b3fb47bc3f743da56a81c54271b8b04698e34f4c35bbae9536566c049dd3.jpg,1,resize_0.5,0.428613543510437
data/corpus_smoke/images/Gemini-nano-banana/c0/c0b3b3fb47bc3f743da56a81c54271b8b04698e34f4c35bbae9536566c049dd3.jpg,1,resize_0.25,0.42729610204696655
data/corpus_smoke/images/Gemini-nano-banana/c0/c0b3b3fb47bc3f743da56a81c54271b8b04698e34f4c35bbae9536566c049dd3.jpg,1,noise_0.02,0.44118720293045044
data/corpus_smoke/images/Gemini-nano-banana/c0/c0b3b3fb47bc3f743da56a81c54271b8b04698e34f4c35bbae9536566c049dd3.jpg,1,noise_0.05,0.4334162771701813
data/corpus_smoke/images/Gemini-nano-banana/c0/c0b3b3fb47bc3f743da56a81c54271b8b04698e34f4c35bbae9536566c049dd3.jpg,1,noise_0.1,0.43059495091438293
data/corpus_smoke/images/Gemini-nano-banana/c0/c0b3b3fb47bc3f743da56a81c54271b8b04698e34f4c35bbae9536566c049dd3.jpg,1,jitter_0.2,0.43679532408714294
data/corpus_smoke/images/Gemini-nano-banana/c0/c0b3b3fb47bc3f743da56a81c54271b8b04698e34f4c35bbae9536566c049dd3.jpg,1,center_crop_0.8,0.44504514336586
data/corpus_smoke/images/Gemini-nano-banana/c0/c0b3b3fb47bc3f743da56a81c54271b8b04698e34f4c35bbae9536566c049dd3.jpg,1,composed_blur1.0+jpeg70,0.43902459740638733
data/corpus_smoke/images/Gemini-nano-banana/c0/c0b3b3fb47bc3f743da56a81c54271b8b04698e34f4c35bbae9536566c049dd3.jpg,1,composed_resize0.5+jpeg50,0.4288046360015869
data/corpus_smoke/images/Gemini-nano-banana/c0/c0b3b3fb47bc3f743da56a81c54271b8b04698e34f4c35bbae9536566c049dd3.jpg,1,composed_jitter0.2+jpeg30,0.4441976547241211
data/corpus_smoke/images/Gemini-nano-banana/c0/c0b3b3fb47bc3f743da56a81c54271b8b04698e34f4c35bbae9536566c049dd3.jpg,1,composed_resize0.25+blur0.5+jpeg30,0.4382222592830658
data/corpus_smoke/images/Gemini-nano-banana/79/793a086f6692ee27f124c139e0f5e9b88bdbdcf5d41c7d8ddecd80ad7c0d03b2.jpg,1,clean,0.47490963339805603
data/corpus_smoke/images/Gemini-nano-banana/79/793a086f6692ee27f124c139e0f5e9b88bdbdcf5d41c7d8ddecd80ad7c0d03b2.jpg,1,jpeg_90,0.48174452781677246
data/corpus_smoke/images/Gemini-nano-banana/79/793a086f6692ee27f124c139e0f5e9b88bdbdcf5d41c7d8ddecd80ad7c0d03b2.jpg,1,jpeg_70,0.47261732816696167
data/corpus_smoke/images/Gemini-nano-banana/79/793a086f6692ee27f124c139e0f5e9b88bdbdcf5d41c7d8ddecd80ad7c0d03b2.jpg,1,jpeg_50,0.47073110938072205
data/corpus_smoke/images/Gemini-nano-banana/79/793a086f6692ee27f124c139e0f5e9b88bdbdcf5d41c7d8ddecd80ad7c0d03b2.jpg,1,jpeg_30,0.46699807047843933
data/corpus_smoke/images/Gemini-nano-banana/79/793a086f6692ee27f124c139e0f5e9b88bdbdcf5d41c7d8ddecd80ad7c0d03b2.jpg,1,blur_0.5,0.47156471014022827
data/corpus_smoke/images/Gemini-nano-banana/79/793a086f6692ee27f124c139e0f5e9b88bdbdcf5d41c7d8ddecd80ad7c0d03b2.jpg,1,blur_1.0,0.4627172350883484
data/corpus_smoke/images/Gemini-nano-banana/79/793a086f6692ee27f124c139e0f5e9b88bdbdcf5d41c7d8ddecd80ad7c0d03b2.jpg,1,blur_2.0,0.4588698446750641
data/corpus_smoke/images/Gemini-nano-banana/79/793a086f6692ee27f124c139e0f5e9b88bdbdcf5d41c7d8ddecd80ad7c0d03b2.jpg,1,resize_0.5,0.4663030803203583
data/corpus_smoke/images/Gemini-nano-banana/79/793a086f6692ee27f124c139e0f5e9b88bdbdcf5d41c7d8ddecd80ad7c0d03b2.jpg,1,resize_0.25,0.45864900946617126
data/corpus_smoke/images/Gemini-nano-banana/79/793a086f6692ee27f124c139e0f5e9b88bdbdcf5d41c7d8ddecd80ad7c0d03b2.jpg,1,noise_0.02,0.47494760155677795
data/corpus_smoke/images/Gemini-nano-banana/79/793a086f6692ee27f124c139e0f5e9b88bdbdcf5d41c7d8ddecd80ad7c0d03b2.jpg,1,noise_0.05,0.46629786491394043
data/corpus_smoke/images/Gemini-nano-banana/79/793a086f6692ee27f124c139e0f5e9b88bdbdcf5d41c7d8ddecd80ad7c0d03b2.jpg,1,noise_0.1,0.45782431960105896
data/corpus_smoke/images/Gemini-nano-banana/79/793a086f6692ee27f124c139e0f5e9b88bdbdcf5d41c7d8ddecd80ad7c0d03b2.jpg,1,jitter_0.2,0.47587379813194275
data/corpus_smoke/images/Gemini-nano-banana/79/793a086f6692ee27f124c139e0f5e9b88bdbdcf5d41c7d8ddecd80ad7c0d03b2.jpg,1,center_crop_0.8,0.4741089642047882
data/corpus_smoke/images/Gemini-nano-banana/79/793a086f6692ee27f124c139e0f5e9b88bdbdcf5d41c7d8ddecd80ad7c0d03b2.jpg,1,composed_blur1.0+jpeg70,0.46965375542640686
data/corpus_smoke/images/Gemini-nano-banana/79/793a086f6692ee27f124c139e0f5e9b88bdbdcf5d41c7d8ddecd80ad7c0d03b2.jpg,1,composed_resize0.5+jpeg50,0.4663352370262146
data/corpus_smoke/images/Gemini-nano-banana/79/793a086f6692ee27f124c139e0f5e9b88bdbdcf5d41c7d8ddecd80ad7c0d03b2.jpg,1,composed_jitter0.2+jpeg30,0.46715158224105835
data/corpus_smoke/images/Gemini-nano-banana/79/793a086f6692ee27f124c139e0f5e9b88bdbdcf5d41c7d8ddecd80ad7c0d03b2.jpg,1,composed_resize0.25+blur0.5+jpeg30,0.4576854407787323
data/corpus_smoke/images/Gemini-nano-banana/a8/a846fc52a1657649f5c69d74c708d12ab4c78261b043fd476878f0eaded0c6be.jpg,1,clean,0.4072686731815338
data/corpus_smoke/images/Gemini-nano-banana/a8/a846fc52a1657649f5c69d74c708d12ab4c78261b043fd476878f0eaded0c6be.jpg,1,jpeg_90,0.4103836417198181
data/corpus_smoke/images/Gemini-nano-banana/a8/a846fc52a1657649f5c69d74c708d12ab4c78261b043fd476878f0eaded0c6be.jpg,1,jpeg_70,0.415913850069046
data/corpus_smoke/images/Gemini-nano-banana/a8/a846fc52a1657649f5c69d74c708d12ab4c78261b043fd476878f0eaded0c6be.jpg,1,jpeg_50,0.413337379693985
data/corpus_smoke/images/Gemini-nano-banana/a8/a846fc52a1657649f5c69d74c708d12ab4c78261b043fd476878f0eaded0c6be.jpg,1,jpeg_30,0.4083433747291565
data/corpus_smoke/images/Gemini-nano-banana/a8/a846fc52a1657649f5c69d74c708d12ab4c78261b043fd476878f0eaded0c6be.jpg,1,blur_0.5,0.40584224462509155
data/corpus_smoke/images/Gemini-nano-banana/a8/a846fc52a1657649f5c69d74c708d12ab4c78261b043fd476878f0eaded0c6be.jpg,1,blur_1.0,0.3995593190193176
data/corpus_smoke/images/Gemini-nano-banana/a8/a846fc52a1657649f5c69d74c708d12ab4c78261b043fd476878f0eaded0c6be.jpg,1,blur_2.0,0.3992263674736023
data/corpus_smoke/images/Gemini-nano-banana/a8/a846fc52a1657649f5c69d74c708d12ab4c78261b043fd476878f0eaded0c6be.jpg,1,resize_0.5,0.40307584404945374
data/corpus_smoke/images/Gemini-nano-banana/a8/a846fc52a1657649f5c69d74c708d12ab4c78261b043fd476878f0eaded0c6be.jpg,1,resize_0.25,0.3928511142730713
data/corpus_smoke/images/Gemini-nano-banana/a8/a846fc52a1657649f5c69d74c708d12ab4c78261b043fd476878f0eaded0c6be.jpg,1,noise_0.02,0.4124414026737213
data/corpus_smoke/images/Gemini-nano-banana/a8/a846fc52a1657649f5c69d74c708d12ab4c78261b043fd476878f0eaded0c6be.jpg,1,noise_0.05,0.41409021615982056
data/corpus_smoke/images/Gemini-nano-banana/a8/a846fc52a1657649f5c69d74c708d12ab4c78261b043fd476878f0eaded0c6be.jpg,1,noise_0.1,0.4191446304321289
data/corpus_smoke/images/Gemini-nano-banana/a8/a846fc52a1657649f5c69d74c708d12ab4c78261b043fd476878f0eaded0c6be.jpg,1,jitter_0.2,0.406991571187973
data/corpus_smoke/images/Gemini-nano-banana/a8/a846fc52a1657649f5c69d74c708d12ab4c78261b043fd476878f0eaded0c6be.jpg,1,center_crop_0.8,0.4052462875843048
data/corpus_smoke/images/Gemini-nano-banana/a8/a846fc52a1657649f5c69d74c708d12ab4c78261b043fd476878f0eaded0c6be.jpg,1,composed_blur1.0+jpeg70,0.41517797112464905
data/corpus_smoke/images/Gemini-nano-banana/a8/a846fc52a1657649f5c69d74c708d12ab4c78261b043fd476878f0eaded0c6be.jpg,1,composed_resize0.5+jpeg50,0.407655268907547
data/corpus_smoke/images/Gemini-nano-banana/a8/a846fc52a1657649f5c69d74c708d12ab4c78261b043fd476878f0eaded0c6be.jpg,1,composed_jitter0.2+jpeg30,0.4066101312637329
data/corpus_smoke/images/Gemini-nano-banana/a8/a846fc52a1657649f5c69d74c708d12ab4c78261b043fd476878f0eaded0c6be.jpg,1,composed_resize0.25+blur0.5+jpeg30,0.40305283665657043
data/corpus_smoke/images/Gemini-nano-banana/5b/5bdabec8c54b1b61a2a086d6352a86d33b0bbf171eb82b2b364b432a5d60a3cf.jpg,1,clean,0.4404844045639038
data/corpus_smoke/images/Gemini-nano-banana/5b/5bdabec8c54b1b61a2a086d6352a86d33b0bbf171eb82b2b364b432a5d60a3cf.jpg,1,jpeg_90,0.44326984882354736
data/corpus_smoke/images/Gemini-nano-banana/5b/5bdabec8c54b1b61a2a086d6352a86d33b0bbf171eb82b2b364b432a5d60a3cf.jpg,1,jpeg_70,0.454144686460495
data/corpus_smoke/images/Gemini-nano-banana/5b/5bdabec8c54b1b61a2a086d6352a86d33b0bbf171eb82b2b364b432a5d60a3cf.jpg,1,jpeg_50,0.45643019676208496
data/corpus_smoke/images/Gemini-nano-banana/5b/5bdabec8c54b1b61a2a086d6352a86d33b0bbf171eb82b2b364b432a5d60a3cf.jpg,1,jpeg_30,0.4741728603839874
data/corpus_smoke/images/Gemini-nano-banana/5b/5bdabec8c54b1b61a2a086d6352a86d33b0bbf171eb82b2b364b432a5d60a3cf.jpg,1,blur_0.5,0.4386232793331146
data/corpus_smoke/images/Gemini-nano-banana/5b/5bdabec8c54b1b61a2a086d6352a86d33b0bbf171eb82b2b364b432a5d60a3cf.jpg,1,blur_1.0,0.4372444450855255
data/corpus_smoke/images/Gemini-nano-banana/5b/5bdabec8c54b1b61a2a086d6352a86d33b0bbf171eb82b2b364b432a5d60a3cf.jpg,1,blur_2.0,0.4298669695854187
data/corpus_smoke/images/Gemini-nano-banana/5b/5bdabec8c54b1b61a2a086d6352a86d33b0bbf171eb82b2b364b432a5d60a3cf.jpg,1,resize_0.5,0.43931880593299866
data/corpus_smoke/images/Gemini-nano-banana/5b/5bdabec8c54b1b61a2a086d6352a86d33b0bbf171eb82b2b364b432a5d60a3cf.jpg,1,resize_0.25,0.42827168107032776
data/corpus_smoke/images/Gemini-nano-banana/5b/5bdabec8c54b1b61a2a086d6352a86d33b0bbf171eb82b2b364b432a5d60a3cf.jpg,1,noise_0.02,0.4596829414367676
data/corpus_smoke/images/Gemini-nano-banana/5b/5bdabec8c54b1b61a2a086d6352a86d33b0bbf171eb82b2b364b432a5d60a3cf.jpg,1,noise_0.05,0.4505240023136139
data/corpus_smoke/images/Gemini-nano-banana/5b/5bdabec8c54b1b61a2a086d6352a86d33b0bbf171eb82b2b364b432a5d60a3cf.jpg,1,noise_0.1,0.4422697424888611
data/corpus_smoke/images/Gemini-nano-banana/5b/5bdabec8c54b1b61a2a086d6352a86d33b0bbf171eb82b2b364b432a5d60a3cf.jpg,1,jitter_0.2,0.4425165355205536
data/corpus_smoke/images/Gemini-nano-banana/5b/5bdabec8c54b1b61a2a086d6352a86d33b0bbf171eb82b2b364b432a5d60a3cf.jpg,1,center_crop_0.8,0.4477854371070862
data/corpus_smoke/images/Gemini-nano-banana/5b/5bdabec8c54b1b61a2a086d6352a86d33b0bbf171eb82b2b364b432a5d60a3cf.jpg,1,composed_blur1.0+jpeg70,0.45505502820014954
data/corpus_smoke/images/Gemini-nano-banana/5b/5bdabec8c54b1b61a2a086d6352a86d33b0bbf171eb82b2b364b432a5d60a3cf.jpg,1,composed_resize0.5+jpeg50,0.447451651096344
data/corpus_smoke/images/Gemini-nano-banana/5b/5bdabec8c54b1b61a2a086d6352a86d33b0bbf171eb82b2b364b432a5d60a3cf.jpg,1,composed_jitter0.2+jpeg30,0.4682558476924896
data/corpus_smoke/images/Gemini-nano-banana/5b/5bdabec8c54b1b61a2a086d6352a86d33b0bbf171eb82b2b364b432a5d60a3cf.jpg,1,composed_resize0.25+blur0.5+jpeg30,0.4531027674674988
data/corpus_smoke/images/Gemini-nano-banana/fb/fbb187bf17b1a03a249d1380e7a4b3aad5a0827e21864a0da3065fecbee2eacf.jpg,1,clean,0.4573554992675781
data/corpus_smoke/images/Gemini-nano-banana/fb/fbb187bf17b1a03a249d1380e7a4b3aad5a0827e21864a0da3065fecbee2eacf.jpg,1,jpeg_90,0.46011146903038025
data/corpus_smoke/images/Gemini-nano-banana/fb/fbb187bf17b1a03a249d1380e7a4b3aad5a0827e21864a0da3065fecbee2eacf.jpg,1,jpeg_70,0.4705541431903839
data/corpus_smoke/images/Gemini-nano-banana/fb/fbb187bf17b1a03a249d1380e7a4b3aad5a0827e21864a0da3065fecbee2eacf.jpg,1,jpeg_50,0.47372308373451233
data/corpus_smoke/images/Gemini-nano-banana/fb/fbb187bf17b1a03a249d1380e7a4b3aad5a0827e21864a0da3065fecbee2eacf.jpg,1,jpeg_30,0.4820408523082733
data/corpus_smoke/images/Gemini-nano-banana/fb/fbb187bf17b1a03a249d1380e7a4b3aad5a0827e21864a0da3065fecbee2eacf.jpg,1,blur_0.5,0.45551058650016785
data/corpus_smoke/images/Gemini-nano-banana/fb/fbb187bf17b1a03a249d1380e7a4b3aad5a0827e21864a0da3065fecbee2eacf.jpg,1,blur_1.0,0.45279252529144287
data/corpus_smoke/images/Gemini-nano-banana/fb/fbb187bf17b1a03a249d1380e7a4b3aad5a0827e21864a0da3065fecbee2eacf.jpg,1,blur_2.0,0.4561762511730194
data/corpus_smoke/images/Gemini-nano-banana/fb/fbb187bf17b1a03a249d1380e7a4b3aad5a0827e21864a0da3065fecbee2eacf.jpg,1,resize_0.5,0.4510510265827179
data/corpus_smoke/images/Gemini-nano-banana/fb/fbb187bf17b1a03a249d1380e7a4b3aad5a0827e21864a0da3065fecbee2eacf.jpg,1,resize_0.25,0.44594404101371765
data/corpus_smoke/images/Gemini-nano-banana/fb/fbb187bf17b1a03a249d1380e7a4b3aad5a0827e21864a0da3065fecbee2eacf.jpg,1,noise_0.02,0.4711858332157135
data/corpus_smoke/images/Gemini-nano-banana/fb/fbb187bf17b1a03a249d1380e7a4b3aad5a0827e21864a0da3065fecbee2eacf.jpg,1,noise_0.05,0.4708550274372101
data/corpus_smoke/images/Gemini-nano-banana/fb/fbb187bf17b1a03a249d1380e7a4b3aad5a0827e21864a0da3065fecbee2eacf.jpg,1,noise_0.1,0.46691766381263733
data/corpus_smoke/images/Gemini-nano-banana/fb/fbb187bf17b1a03a249d1380e7a4b3aad5a0827e21864a0da3065fecbee2eacf.jpg,1,jitter_0.2,0.4564448893070221
data/corpus_smoke/images/Gemini-nano-banana/fb/fbb187bf17b1a03a249d1380e7a4b3aad5a0827e21864a0da3065fecbee2eacf.jpg,1,center_crop_0.8,0.4585561454296112
data/corpus_smoke/images/Gemini-nano-banana/fb/fbb187bf17b1a03a249d1380e7a4b3aad5a0827e21864a0da3065fecbee2eacf.jpg,1,composed_blur1.0+jpeg70,0.4666089415550232
data/corpus_smoke/images/Gemini-nano-banana/fb/fbb187bf17b1a03a249d1380e7a4b3aad5a0827e21864a0da3065fecbee2eacf.jpg,1,composed_resize0.5+jpeg50,0.45929303765296936
data/corpus_smoke/images/Gemini-nano-banana/fb/fbb187bf17b1a03a249d1380e7a4b3aad5a0827e21864a0da3065fecbee2eacf.jpg,1,composed_jitter0.2+jpeg30,0.47420668601989746
data/corpus_smoke/images/Gemini-nano-banana/fb/fbb187bf17b1a03a249d1380e7a4b3aad5a0827e21864a0da3065fecbee2eacf.jpg,1,composed_resize0.25+blur0.5+jpeg30,0.46510377526283264
data/corpus_smoke/images/Gemini-nano-banana/86/860926f672f4b91aa14faf51cc537d6887d6229f73ec907a5f96b15063d3b910.jpg,1,clean,0.4344916045665741
data/corpus_smoke/images/Gemini-nano-banana/86/860926f672f4b91aa14faf51cc537d6887d6229f73ec907a5f96b15063d3b910.jpg,1,jpeg_90,0.44004878401756287
data/corpus_smoke/images/Gemini-nano-banana/86/860926f672f4b91aa14faf51cc537d6887d6229f73ec907a5f96b15063d3b910.jpg,1,jpeg_70,0.44562214612960815
data/corpus_smoke/images/Gemini-nano-banana/86/860926f672f4b91aa14faf51cc537d6887d6229f73ec907a5f96b15063d3b910.jpg,1,jpeg_50,0.4469369649887085
data/corpus_smoke/images/Gemini-nano-banana/86/860926f672f4b91aa14faf51cc537d6887d6229f73ec907a5f96b15063d3b910.jpg,1,jpeg_30,0.4437278211116791
data/corpus_smoke/images/Gemini-nano-banana/86/860926f672f4b91aa14faf51cc537d6887d6229f73ec907a5f96b15063d3b910.jpg,1,blur_0.5,0.4344998896121979
data/corpus_smoke/images/Gemini-nano-banana/86/860926f672f4b91aa14faf51cc537d6887d6229f73ec907a5f96b15063d3b910.jpg,1,blur_1.0,0.43273571133613586
data/corpus_smoke/images/Gemini-nano-banana/86/860926f672f4b91aa14faf51cc537d6887d6229f73ec907a5f96b15063d3b910.jpg,1,blur_2.0,0.4262516498565674
data/corpus_smoke/images/Gemini-nano-banana/86/860926f672f4b91aa14faf51cc537d6887d6229f73ec907a5f96b15063d3b910.jpg,1,resize_0.5,0.43490827083587646
data/corpus_smoke/images/Gemini-nano-banana/86/860926f672f4b91aa14faf51cc537d6887d6229f73ec907a5f96b15063d3b910.jpg,1,resize_0.25,0.4292433261871338
data/corpus_smoke/images/Gemini-nano-banana/86/860926f672f4b91aa14faf51cc537d6887d6229f73ec907a5f96b15063d3b910.jpg,1,noise_0.02,0.45950064063072205
data/corpus_smoke/images/Gemini-nano-banana/86/860926f672f4b91aa14faf51cc537d6887d6229f73ec907a5f96b15063d3b910.jpg,1,noise_0.05,0.44563451409339905
data/corpus_smoke/images/Gemini-nano-banana/86/860926f672f4b91aa14faf51cc537d6887d6229f73ec907a5f96b15063d3b910.jpg,1,noise_0.1,0.44365260004997253
data/corpus_smoke/images/Gemini-nano-banana/86/860926f672f4b91aa14faf51cc537d6887d6229f73ec907a5f96b15063d3b910.jpg,1,jitter_0.2,0.4363599121570587
data/corpus_smoke/images/Gemini-nano-banana/86/860926f672f4b91aa14faf51cc537d6887d6229f73ec907a5f96b15063d3b910.jpg,1,center_crop_0.8,0.43500128388404846
data/corpus_smoke/images/Gemini-nano-banana/86/860926f672f4b91aa14faf51cc537d6887d6229f73ec907a5f96b15063d3b910.jpg,1,composed_blur1.0+jpeg70,0.4390294551849365
data/corpus_smoke/images/Gemini-nano-banana/86/860926f672f4b91aa14faf51cc537d6887d6229f73ec907a5f96b15063d3b910.jpg,1,composed_resize0.5+jpeg50,0.4425842761993408
data/corpus_smoke/images/Gemini-nano-banana/86/860926f672f4b91aa14faf51cc537d6887d6229f73ec907a5f96b15063d3b910.jpg,1,composed_jitter0.2+jpeg30,0.4518774747848511
data/corpus_smoke/images/Gemini-nano-banana/86/860926f672f4b91aa14faf51cc537d6887d6229f73ec907a5f96b15063d3b910.jpg,1,composed_resize0.25+blur0.5+jpeg30,0.43184295296669006
data/corpus_smoke/images/Gemini-nano-banana/61/616382e78aaedc0f70c17f3ea488a67652ed0406ed16ae75e1f9c5d3414ff9f9.jpg,1,clean,0.4511446952819824
data/corpus_smoke/images/Gemini-nano-banana/61/616382e78aaedc0f70c17f3ea488a67652ed0406ed16ae75e1f9c5d3414ff9f9.jpg,1,jpeg_90,0.45731067657470703
data/corpus_smoke/images/Gemini-nano-banana/61/616382e78aaedc0f70c17f3ea488a67652ed0406ed16ae75e1f9c5d3414ff9f9.jpg,1,jpeg_70,0.45724985003471375
data/corpus_smoke/images/Gemini-nano-banana/61/616382e78aaedc0f70c17f3ea488a67652ed0406ed16ae75e1f9c5d3414ff9f9.jpg,1,jpeg_50,0.4547199010848999
data/corpus_smoke/images/Gemini-nano-banana/61/616382e78aaedc0f70c17f3ea488a67652ed0406ed16ae75e1f9c5d3414ff9f9.jpg,1,jpeg_30,0.459875226020813
data/corpus_smoke/images/Gemini-nano-banana/61/616382e78aaedc0f70c17f3ea488a67652ed0406ed16ae75e1f9c5d3414ff9f9.jpg,1,blur_0.5,0.4493553936481476
data/corpus_smoke/images/Gemini-nano-banana/61/616382e78aaedc0f70c17f3ea488a67652ed0406ed16ae75e1f9c5d3414ff9f9.jpg,1,blur_1.0,0.4406641125679016
data/corpus_smoke/images/Gemini-nano-banana/61/616382e78aaedc0f70c17f3ea488a67652ed0406ed16ae75e1f9c5d3414ff9f9.jpg,1,blur_2.0,0.4371391832828522
data/corpus_smoke/images/Gemini-nano-banana/61/616382e78aaedc0f70c17f3ea488a67652ed0406ed16ae75e1f9c5d3414ff9f9.jpg,1,resize_0.5,0.4415547251701355
data/corpus_smoke/images/Gemini-nano-banana/61/616382e78aaedc0f70c17f3ea488a67652ed0406ed16ae75e1f9c5d3414ff9f9.jpg,1,resize_0.25,0.43848440051078796
data/corpus_smoke/images/Gemini-nano-banana/61/616382e78aaedc0f70c17f3ea488a67652ed0406ed16ae75e1f9c5d3414ff9f9.jpg,1,noise_0.02,0.45361873507499695
data/corpus_smoke/images/Gemini-nano-banana/61/616382e78aaedc0f70c17f3ea488a67652ed0406ed16ae75e1f9c5d3414ff9f9.jpg,1,noise_0.05,0.44535186886787415
data/corpus_smoke/images/Gemini-nano-banana/61/616382e78aaedc0f70c17f3ea488a67652ed0406ed16ae75e1f9c5d3414ff9f9.jpg,1,noise_0.1,0.43892407417297363
data/corpus_smoke/images/Gemini-nano-banana/61/616382e78aaedc0f70c17f3ea488a67652ed0406ed16ae75e1f9c5d3414ff9f9.jpg,1,jitter_0.2,0.4469214677810669
data/corpus_smoke/images/Gemini-nano-banana/61/616382e78aaedc0f70c17f3ea488a67652ed0406ed16ae75e1f9c5d3414ff9f9.jpg,1,center_crop_0.8,0.4501572251319885
data/corpus_smoke/images/Gemini-nano-banana/61/616382e78aaedc0f70c17f3ea488a67652ed0406ed16ae75e1f9c5d3414ff9f9.jpg,1,composed_blur1.0+jpeg70,0.4562098979949951
data/corpus_smoke/images/Gemini-nano-banana/61/616382e78aaedc0f70c17f3ea488a67652ed0406ed16ae75e1f9c5d3414ff9f9.jpg,1,composed_resize0.5+jpeg50,0.4461246132850647
data/corpus_smoke/images/Gemini-nano-banana/61/616382e78aaedc0f70c17f3ea488a67652ed0406ed16ae75e1f9c5d3414ff9f9.jpg,1,composed_jitter0.2+jpeg30,0.4583265483379364
data/corpus_smoke/images/Gemini-nano-banana/61/616382e78aaedc0f70c17f3ea488a67652ed0406ed16ae75e1f9c5d3414ff9f9.jpg,1,composed_resize0.25+blur0.5+jpeg30,0.4462123215198517
data/corpus_smoke/images/Gemini-nano-banana/ba/babec363516e059ae6fcd0ce3af25801ff71ccfbec0a6efc1ce145ff3378eb6a.jpg,1,clean,0.43322622776031494
data/corpus_smoke/images/Gemini-nano-banana/ba/babec363516e059ae6fcd0ce3af25801ff71ccfbec0a6efc1ce145ff3378eb6a.jpg,1,jpeg_90,0.4387969672679901
data/corpus_smoke/images/Gemini-nano-banana/ba/babec363516e059ae6fcd0ce3af25801ff71ccfbec0a6efc1ce145ff3378eb6a.jpg,1,jpeg_70,0.44786685705184937
data/corpus_smoke/images/Gemini-nano-banana/ba/babec363516e059ae6fcd0ce3af25801ff71ccfbec0a6efc1ce145ff3378eb6a.jpg,1,jpeg_50,0.44871699810028076
data/corpus_smoke/images/Gemini-nano-banana/ba/babec363516e059ae6fcd0ce3af25801ff71ccfbec0a6efc1ce145ff3378eb6a.jpg,1,jpeg_30,0.45355311036109924
data/corpus_smoke/images/Gemini-nano-banana/ba/babec363516e059ae6fcd0ce3af25801ff71ccfbec0a6efc1ce145ff3378eb6a.jpg,1,blur_0.5,0.4319395422935486
data/corpus_smoke/images/Gemini-nano-banana/ba/babec363516e059ae6fcd0ce3af25801ff71ccfbec0a6efc1ce145ff3378eb6a.jpg,1,blur_1.0,0.43186232447624207
data/corpus_smoke/images/Gemini-nano-banana/ba/babec363516e059ae6fcd0ce3af25801ff71ccfbec0a6efc1ce145ff3378eb6a.jpg,1,blur_2.0,0.43275734782218933
data/corpus_smoke/images/Gemini-nano-banana/ba/babec363516e059ae6fcd0ce3af25801ff71ccfbec0a6efc1ce145ff3378eb6a.jpg,1,resize_0.5,0.43421435356140137
data/corpus_smoke/images/Gemini-nano-banana/ba/babec363516e059ae6fcd0ce3af25801ff71ccfbec0a6efc1ce145ff3378eb6a.jpg,1,resize_0.25,0.4287872314453125
data/corpus_smoke/images/Gemini-nano-banana/ba/babec363516e059ae6fcd0ce3af25801ff71ccfbec0a6efc1ce145ff3378eb6a.jpg,1,noise_0.02,0.4441514313220978
data/corpus_smoke/images/Gemini-nano-banana/ba/babec363516e059ae6fcd0ce3af25801ff71ccfbec0a6efc1ce145ff3378eb6a.jpg,1,noise_0.05,0.43506523966789246
data/corpus_smoke/images/Gemini-nano-banana/ba/babec363516e059ae6fcd0ce3af25801ff71ccfbec0a6efc1ce145ff3378eb6a.jpg,1,noise_0.1,0.42186659574508667
data/corpus_smoke/images/Gemini-nano-banana/ba/babec363516e059ae6fcd0ce3af25801ff71ccfbec0a6efc1ce145ff3378eb6a.jpg,1,jitter_0.2,0.43334466218948364
data/corpus_smoke/images/Gemini-nano-banana/ba/babec363516e059ae6fcd0ce3af25801ff71ccfbec0a6efc1ce145ff3378eb6a.jpg,1,center_crop_0.8,0.44511711597442627
data/corpus_smoke/images/Gemini-nano-banana/ba/babec363516e059ae6fcd0ce3af25801ff71ccfbec0a6efc1ce145ff3378eb6a.jpg,1,composed_blur1.0+jpeg70,0.44619202613830566
data/corpus_smoke/images/Gemini-nano-banana/ba/babec363516e059ae6fcd0ce3af25801ff71ccfbec0a6efc1ce145ff3378eb6a.jpg,1,composed_resize0.5+jpeg50,0.4416559338569641
data/corpus_smoke/images/Gemini-nano-banana/ba/babec363516e059ae6fcd0ce3af25801ff71ccfbec0a6efc1ce145ff3378eb6a.jpg,1,composed_jitter0.2+jpeg30,0.4505622684955597
data/corpus_smoke/images/Gemini-nano-banana/ba/babec363516e059ae6fcd0ce3af25801ff71ccfbec0a6efc1ce145ff3378eb6a.jpg,1,composed_resize0.25+blur0.5+jpeg30,0.44236159324645996
data/corpus_smoke/images/Gemini-nano-banana/4a/4adee75787169b2c84bc08b1b801815c53f6feb6b13d564d46b5371eeaa9895d.jpg,1,clean,0.40594854950904846
data/corpus_smoke/images/Gemini-nano-banana/4a/4adee75787169b2c84bc08b1b801815c53f6feb6b13d564d46b5371eeaa9895d.jpg,1,jpeg_90,0.41054022312164307
data/corpus_smoke/images/Gemini-nano-banana/4a/4adee75787169b2c84bc08b1b801815c53f6feb6b13d564d46b5371eeaa9895d.jpg,1,jpeg_70,0.42078059911727905
data/corpus_smoke/images/Gemini-nano-banana/4a/4adee75787169b2c84bc08b1b801815c53f6feb6b13d564d46b5371eeaa9895d.jpg,1,jpeg_50,0.4102625846862793
data/corpus_smoke/images/Gemini-nano-banana/4a/4adee75787169b2c84bc08b1b801815c53f6feb6b13d564d46b5371eeaa9895d.jpg,1,jpeg_30,0.41576245427131653
data/corpus_smoke/images/Gemini-nano-banana/4a/4adee75787169b2c84bc08b1b801815c53f6feb6b13d564d46b5371eeaa9895d.jpg,1,blur_0.5,0.40339505672454834
data/corpus_smoke/images/Gemini-nano-banana/4a/4adee75787169b2c84bc08b1b801815c53f6feb6b13d564d46b5371eeaa9895d.jpg,1,blur_1.0,0.3940611481666565
data/corpus_smoke/images/Gemini-nano-banana/4a/4adee75787169b2c84bc08b1b801815c53f6feb6b13d564d46b5371eeaa9895d.jpg,1,blur_2.0,0.3892683684825897
data/corpus_smoke/images/Gemini-nano-banana/4a/4adee75787169b2c84bc08b1b801815c53f6feb6b13d564d46b5371eeaa9895d.jpg,1,resize_0.5,0.4021923243999481
data/corpus_smoke/images/Gemini-nano-banana/4a/4adee75787169b2c84bc08b1b801815c53f6feb6b13d564d46b5371eeaa9895d.jpg,1,resize_0.25,0.38910040259361267
data/corpus_smoke/images/Gemini-nano-banana/4a/4adee75787169b2c84bc08b1b801815c53f6feb6b13d564d46b5371eeaa9895d.jpg,1,noise_0.02,0.42015719413757324
data/corpus_smoke/images/Gemini-nano-banana/4a/4adee75787169b2c84bc08b1b801815c53f6feb6b13d564d46b5371eeaa9895d.jpg,1,noise_0.05,0.41727346181869507
data/corpus_smoke/images/Gemini-nano-banana/4a/4adee75787169b2c84bc08b1b801815c53f6feb6b13d564d46b5371eeaa9895d.jpg,1,noise_0.1,0.41844236850738525
data/corpus_smoke/images/Gemini-nano-banana/4a/4adee75787169b2c84bc08b1b801815c53f6feb6b13d564d46b5371eeaa9895d.jpg,1,jitter_0.2,0.4067869782447815
data/corpus_smoke/images/Gemini-nano-banana/4a/4adee75787169b2c84bc08b1b801815c53f6feb6b13d564d46b5371eeaa9895d.jpg,1,center_crop_0.8,0.40959519147872925
data/corpus_smoke/images/Gemini-nano-banana/4a/4adee75787169b2c84bc08b1b801815c53f6feb6b13d564d46b5371eeaa9895d.jpg,1,composed_blur1.0+jpeg70,0.42140308022499084
data/corpus_smoke/images/Gemini-nano-banana/4a/4adee75787169b2c84bc08b1b801815c53f6feb6b13d564d46b5371eeaa9895d.jpg,1,composed_resize0.5+jpeg50,0.407759428024292
data/corpus_smoke/images/Gemini-nano-banana/4a/4adee75787169b2c84bc08b1b801815c53f6feb6b13d564d46b5371eeaa9895d.jpg,1,composed_jitter0.2+jpeg30,0.41549772024154663
data/corpus_smoke/images/Gemini-nano-banana/4a/4adee75787169b2c84bc08b1b801815c53f6feb6b13d564d46b5371eeaa9895d.jpg,1,composed_resize0.25+blur0.5+jpeg30,0.4069465100765228
data/corpus_smoke/images/Gemini-nano-banana/da/dac471cbf05764dd32e47c046272933d905781b22298aeb9aa9a8fd2304f30e8.jpg,1,clean,0.4208037257194519
data/corpus_smoke/images/Gemini-nano-banana/da/dac471cbf05764dd32e47c046272933d905781b22298aeb9aa9a8fd2304f30e8.jpg,1,jpeg_90,0.43443283438682556
data/corpus_smoke/images/Gemini-nano-banana/da/dac471cbf05764dd32e47c046272933d905781b22298aeb9aa9a8fd2304f30e8.jpg,1,jpeg_70,0.4317195415496826
data/corpus_smoke/images/Gemini-nano-banana/da/dac471cbf05764dd32e47c046272933d905781b22298aeb9aa9a8fd2304f30e8.jpg,1,jpeg_50,0.43415898084640503
data/corpus_smoke/images/Gemini-nano-banana/da/dac471cbf05764dd32e47c046272933d905781b22298aeb9aa9a8fd2304f30e8.jpg,1,jpeg_30,0.4362700879573822
data/corpus_smoke/images/Gemini-nano-banana/da/dac471cbf05764dd32e47c046272933d905781b22298aeb9aa9a8fd2304f30e8.jpg,1,blur_0.5,0.4170200526714325
data/corpus_smoke/images/Gemini-nano-banana/da/dac471cbf05764dd32e47c046272933d905781b22298aeb9aa9a8fd2304f30e8.jpg,1,blur_1.0,0.41031894087791443
data/corpus_smoke/images/Gemini-nano-banana/da/dac471cbf05764dd32e47c046272933d905781b22298aeb9aa9a8fd2304f30e8.jpg,1,blur_2.0,0.42850300669670105
data/corpus_smoke/images/Gemini-nano-banana/da/dac471cbf05764dd32e47c046272933d905781b22298aeb9aa9a8fd2304f30e8.jpg,1,resize_0.5,0.4092375338077545
data/corpus_smoke/images/Gemini-nano-banana/da/dac471cbf05764dd32e47c046272933d905781b22298aeb9aa9a8fd2304f30e8.jpg,1,resize_0.25,0.4130583107471466
data/corpus_smoke/images/Gemini-nano-banana/da/dac471cbf05764dd32e47c046272933d905781b22298aeb9aa9a8fd2304f30e8.jpg,1,noise_0.02,0.4287799894809723
data/corpus_smoke/images/Gemini-nano-banana/da/dac471cbf05764dd32e47c046272933d905781b22298aeb9aa9a8fd2304f30e8.jpg,1,noise_0.05,0.431203693151474
data/corpus_smoke/images/Gemini-nano-banana/da/dac471cbf05764dd32e47c046272933d905781b22298aeb9aa9a8fd2304f30e8.jpg,1,noise_0.1,0.4312862753868103
data/corpus_smoke/images/Gemini-nano-banana/da/dac471cbf05764dd32e47c046272933d905781b22298aeb9aa9a8fd2304f30e8.jpg,1,jitter_0.2,0.42372047901153564
data/corpus_smoke/images/Gemini-nano-banana/da/dac471cbf05764dd32e47c046272933d905781b22298aeb9aa9a8fd2304f30e8.jpg,1,center_crop_0.8,0.4178919792175293
data/corpus_smoke/images/Gemini-nano-banana/da/dac471cbf05764dd32e47c046272933d905781b22298aeb9aa9a8fd2304f30e8.jpg,1,composed_blur1.0+jpeg70,0.431705117225647
data/corpus_smoke/images/Gemini-nano-banana/da/dac471cbf05764dd32e47c046272933d905781b22298aeb9aa9a8fd2304f30e8.jpg,1,composed_resize0.5+jpeg50,0.4259862005710602
data/corpus_smoke/images/Gemini-nano-banana/da/dac471cbf05764dd32e47c046272933d905781b22298aeb9aa9a8fd2304f30e8.jpg,1,composed_jitter0.2+jpeg30,0.4286024570465088
data/corpus_smoke/images/Gemini-nano-banana/da/dac471cbf05764dd32e47c046272933d905781b22298aeb9aa9a8fd2304f30e8.jpg,1,composed_resize0.25+blur0.5+jpeg30,0.4395318031311035
data/corpus_smoke/images/Gemini-nano-banana/1f/1f0f3c78e538280f76e574a897e9f4e97e8d3a5a69e69360d36e74b2840f8ef5.jpg,1,clean,0.4326663613319397
data/corpus_smoke/images/Gemini-nano-banana/1f/1f0f3c78e538280f76e574a897e9f4e97e8d3a5a69e69360d36e74b2840f8ef5.jpg,1,jpeg_90,0.43285977840423584
data/corpus_smoke/images/Gemini-nano-banana/1f/1f0f3c78e538280f76e574a897e9f4e97e8d3a5a69e69360d36e74b2840f8ef5.jpg,1,jpeg_70,0.44498202204704285
data/corpus_smoke/images/Gemini-nano-banana/1f/1f0f3c78e538280f76e574a897e9f4e97e8d3a5a69e69360d36e74b2840f8ef5.jpg,1,jpeg_50,0.43236708641052246
data/corpus_smoke/images/Gemini-nano-banana/1f/1f0f3c78e538280f76e574a897e9f4e97e8d3a5a69e69360d36e74b2840f8ef5.jpg,1,jpeg_30,0.43600836396217346
data/corpus_smoke/images/Gemini-nano-banana/1f/1f0f3c78e538280f76e574a897e9f4e97e8d3a5a69e69360d36e74b2840f8ef5.jpg,1,blur_0.5,0.4310877025127411
data/corpus_smoke/images/Gemini-nano-banana/1f/1f0f3c78e538280f76e574a897e9f4e97e8d3a5a69e69360d36e74b2840f8ef5.jpg,1,blur_1.0,0.4231824278831482
data/corpus_smoke/images/Gemini-nano-banana/1f/1f0f3c78e538280f76e574a897e9f4e97e8d3a5a69e69360d36e74b2840f8ef5.jpg,1,blur_2.0,0.42728927731513977
data/corpus_smoke/images/Gemini-nano-banana/1f/1f0f3c78e538280f76e574a897e9f4e97e8d3a5a69e69360d36e74b2840f8ef5.jpg,1,resize_0.5,0.4228689968585968
data/corpus_smoke/images/Gemini-nano-banana/1f/1f0f3c78e538280f76e574a897e9f4e97e8d3a5a69e69360d36e74b2840f8ef5.jpg,1,resize_0.25,0.4260176420211792
data/corpus_smoke/images/Gemini-nano-banana/1f/1f0f3c78e538280f76e574a897e9f4e97e8d3a5a69e69360d36e74b2840f8ef5.jpg,1,noise_0.02,0.43158286809921265
data/corpus_smoke/images/Gemini-nano-banana/1f/1f0f3c78e538280f76e574a897e9f4e97e8d3a5a69e69360d36e74b2840f8ef5.jpg,1,noise_0.05,0.42618343234062195
data/corpus_smoke/images/Gemini-nano-banana/1f/1f0f3c78e538280f76e574a897e9f4e97e8d3a5a69e69360d36e74b2840f8ef5.jpg,1,noise_0.1,0.4315667152404785
data/corpus_smoke/images/Gemini-nano-banana/1f/1f0f3c78e538280f76e574a897e9f4e97e8d3a5a69e69360d36e74b2840f8ef5.jpg,1,jitter_0.2,0.42214733362197876
data/corpus_smoke/images/Gemini-nano-banana/1f/1f0f3c78e538280f76e574a897e9f4e97e8d3a5a69e69360d36e74b2840f8ef5.jpg,1,center_crop_0.8,0.42586278915405273
data/corpus_smoke/images/Gemini-nano-banana/1f/1f0f3c78e538280f76e574a897e9f4e97e8d3a5a69e69360d36e74b2840f8ef5.jpg,1,composed_blur1.0+jpeg70,0.4407247304916382
data/corpus_smoke/images/Gemini-nano-banana/1f/1f0f3c78e538280f76e574a897e9f4e97e8d3a5a69e69360d36e74b2840f8ef5.jpg,1,composed_resize0.5+jpeg50,0.43145766854286194
data/corpus_smoke/images/Gemini-nano-banana/1f/1f0f3c78e538280f76e574a897e9f4e97e8d3a5a69e69360d36e74b2840f8ef5.jpg,1,composed_jitter0.2+jpeg30,0.4348154664039612
data/corpus_smoke/images/Gemini-nano-banana/1f/1f0f3c78e538280f76e574a897e9f4e97e8d3a5a69e69360d36e74b2840f8ef5.jpg,1,composed_resize0.25+blur0.5+jpeg30,0.43235331773757935
data/corpus_smoke/images/Gemini-nano-banana/ba/bace917a76917d0a55f0e965ececa927732d281ecda360f20db3e8435a96a5ce.jpg,1,clean,0.4442210793495178
data/corpus_smoke/images/Gemini-nano-banana/ba/bace917a76917d0a55f0e965ececa927732d281ecda360f20db3e8435a96a5ce.jpg,1,jpeg_90,0.44568219780921936
data/corpus_smoke/images/Gemini-nano-banana/ba/bace917a76917d0a55f0e965ececa927732d281ecda360f20db3e8435a96a5ce.jpg,1,jpeg_70,0.45507505536079407
data/corpus_smoke/images/Gemini-nano-banana/ba/bace917a76917d0a55f0e965ececa927732d281ecda360f20db3e8435a96a5ce.jpg,1,jpeg_50,0.4589352309703827
data/corpus_smoke/images/Gemini-nano-banana/ba/bace917a76917d0a55f0e965ececa927732d281ecda360f20db3e8435a96a5ce.jpg,1,jpeg_30,0.4588715434074402
data/corpus_smoke/images/Gemini-nano-banana/ba/bace917a76917d0a55f0e965ececa927732d281ecda360f20db3e8435a96a5ce.jpg,1,blur_0.5,0.44241243600845337
data/corpus_smoke/images/Gemini-nano-banana/ba/bace917a76917d0a55f0e965ececa927732d281ecda360f20db3e8435a96a5ce.jpg,1,blur_1.0,0.43891510367393494
data/corpus_smoke/images/Gemini-nano-banana/ba/bace917a76917d0a55f0e965ececa927732d281ecda360f20db3e8435a96a5ce.jpg,1,blur_2.0,0.4356570541858673
data/corpus_smoke/images/Gemini-nano-banana/ba/bace917a76917d0a55f0e965ececa927732d281ecda360f20db3e8435a96a5ce.jpg,1,resize_0.5,0.43867364525794983
data/corpus_smoke/images/Gemini-nano-banana/ba/bace917a76917d0a55f0e965ececa927732d281ecda360f20db3e8435a96a5ce.jpg,1,resize_0.25,0.43627411127090454
data/corpus_smoke/images/Gemini-nano-banana/ba/bace917a76917d0a55f0e965ececa927732d281ecda360f20db3e8435a96a5ce.jpg,1,noise_0.02,0.4491773545742035
data/corpus_smoke/images/Gemini-nano-banana/ba/bace917a76917d0a55f0e965ececa927732d281ecda360f20db3e8435a96a5ce.jpg,1,noise_0.05,0.4418197572231293
data/corpus_smoke/images/Gemini-nano-banana/ba/bace917a76917d0a55f0e965ececa927732d281ecda360f20db3e8435a96a5ce.jpg,1,noise_0.1,0.41733023524284363
data/corpus_smoke/images/Gemini-nano-banana/ba/bace917a76917d0a55f0e965ececa927732d281ecda360f20db3e8435a96a5ce.jpg,1,jitter_0.2,0.44131922721862793
data/corpus_smoke/images/Gemini-nano-banana/ba/bace917a76917d0a55f0e965ececa927732d281ecda360f20db3e8435a96a5ce.jpg,1,center_crop_0.8,0.45087432861328125
data/corpus_smoke/images/Gemini-nano-banana/ba/bace917a76917d0a55f0e965ececa927732d281ecda360f20db3e8435a96a5ce.jpg,1,composed_blur1.0+jpeg70,0.4452565312385559
data/corpus_smoke/images/Gemini-nano-banana/ba/bace917a76917d0a55f0e965ececa927732d281ecda360f20db3e8435a96a5ce.jpg,1,composed_resize0.5+jpeg50,0.4444228708744049
data/corpus_smoke/images/Gemini-nano-banana/ba/bace917a76917d0a55f0e965ececa927732d281ecda360f20db3e8435a96a5ce.jpg,1,composed_jitter0.2+jpeg30,0.4512629806995392
data/corpus_smoke/images/Gemini-nano-banana/ba/bace917a76917d0a55f0e965ececa927732d281ecda360f20db3e8435a96a5ce.jpg,1,composed_resize0.25+blur0.5+jpeg30,0.4430409371852875
data/corpus_smoke/images/Gemini-nano-banana/b6/b63a0e8f382438cf9de416709e6b21bbc9a65558c3373903cc902de7c78b17a3.jpg,1,clean,0.43498480319976807
data/corpus_smoke/images/Gemini-nano-banana/b6/b63a0e8f382438cf9de416709e6b21bbc9a65558c3373903cc902de7c78b17a3.jpg,1,jpeg_90,0.4456939995288849
data/corpus_smoke/images/Gemini-nano-banana/b6/b63a0e8f382438cf9de416709e6b21bbc9a65558c3373903cc902de7c78b17a3.jpg,1,jpeg_70,0.4510011672973633
data/corpus_smoke/images/Gemini-nano-banana/b6/b63a0e8f382438cf9de416709e6b21bbc9a65558c3373903cc902de7c78b17a3.jpg,1,jpeg_50,0.4505680203437805
data/corpus_smoke/images/Gemini-nano-banana/b6/b63a0e8f382438cf9de416709e6b21bbc9a65558c3373903cc902de7c78b17a3.jpg,1,jpeg_30,0.44998347759246826
data/corpus_smoke/images/Gemini-nano-banana/b6/b63a0e8f382438cf9de416709e6b21bbc9a65558c3373903cc902de7c78b17a3.jpg,1,blur_0.5,0.43369045853614807
data/corpus_smoke/images/Gemini-nano-banana/b6/b63a0e8f382438cf9de416709e6b21bbc9a65558c3373903cc902de7c78b17a3.jpg,1,blur_1.0,0.431831955909729
data/corpus_smoke/images/Gemini-nano-banana/b6/b63a0e8f382438cf9de416709e6b21bbc9a65558c3373903cc902de7c78b17a3.jpg,1,blur_2.0,0.43908190727233887
data/corpus_smoke/images/Gemini-nano-banana/b6/b63a0e8f382438cf9de416709e6b21bbc9a65558c3373903cc902de7c78b17a3.jpg,1,resize_0.5,0.4309847056865692
data/corpus_smoke/images/Gemini-nano-banana/b6/b63a0e8f382438cf9de416709e6b21bbc9a65558c3373903cc902de7c78b17a3.jpg,1,resize_0.25,0.43945789337158203
data/corpus_smoke/images/Gemini-nano-banana/b6/b63a0e8f382438cf9de416709e6b21bbc9a65558c3373903cc902de7c78b17a3.jpg,1,noise_0.02,0.4481619894504547
data/corpus_smoke/images/Gemini-nano-banana/b6/b63a0e8f382438cf9de416709e6b21bbc9a65558c3373903cc902de7c78b17a3.jpg,1,noise_0.05,0.44917115569114685
data/corpus_smoke/images/Gemini-nano-banana/b6/b63a0e8f382438cf9de416709e6b21bbc9a65558c3373903cc902de7c78b17a3.jpg,1,noise_0.1,0.4391244351863861
data/corpus_smoke/images/Gemini-nano-banana/b6/b63a0e8f382438cf9de416709e6b21bbc9a65558c3373903cc902de7c78b17a3.jpg,1,jitter_0.2,0.4361153542995453
data/corpus_smoke/images/Gemini-nano-banana/b6/b63a0e8f382438cf9de416709e6b21bbc9a65558c3373903cc902de7c78b17a3.jpg,1,center_crop_0.8,0.43522435426712036
data/corpus_smoke/images/Gemini-nano-banana/b6/b63a0e8f382438cf9de416709e6b21bbc9a65558c3373903cc902de7c78b17a3.jpg,1,composed_blur1.0+jpeg70,0.4494480490684509
data/corpus_smoke/images/Gemini-nano-banana/b6/b63a0e8f382438cf9de416709e6b21bbc9a65558c3373903cc902de7c78b17a3.jpg,1,composed_resize0.5+jpeg50,0.4482145607471466
data/corpus_smoke/images/Gemini-nano-banana/b6/b63a0e8f382438cf9de416709e6b21bbc9a65558c3373903cc902de7c78b17a3.jpg,1,composed_jitter0.2+jpeg30,0.44743695855140686
data/corpus_smoke/images/Gemini-nano-banana/b6/b63a0e8f382438cf9de416709e6b21bbc9a65558c3373903cc902de7c78b17a3.jpg,1,composed_resize0.25+blur0.5+jpeg30,0.4515397548675537
data/corpus_smoke/images/Gemini-nano-banana/df/df109b29480dd4d21af236a6cd8bfd07e06f84773663c6454ac57f61aa855e29.jpg,1,clean,0.40297096967697144
data/corpus_smoke/images/Gemini-nano-banana/df/df109b29480dd4d21af236a6cd8bfd07e06f84773663c6454ac57f61aa855e29.jpg,1,jpeg_90,0.40906718373298645
data/corpus_smoke/images/Gemini-nano-banana/df/df109b29480dd4d21af236a6cd8bfd07e06f84773663c6454ac57f61aa855e29.jpg,1,jpeg_70,0.4089186489582062
data/corpus_smoke/images/Gemini-nano-banana/df/df109b29480dd4d21af236a6cd8bfd07e06f84773663c6454ac57f61aa855e29.jpg,1,jpeg_50,0.41498276591300964
data/corpus_smoke/images/Gemini-nano-banana/df/df109b29480dd4d21af236a6cd8bfd07e06f84773663c6454ac57f61aa855e29.jpg,1,jpeg_30,0.4201989769935608
data/corpus_smoke/images/Gemini-nano-banana/df/df109b29480dd4d21af236a6cd8bfd07e06f84773663c6454ac57f61aa855e29.jpg,1,blur_0.5,0.40078943967819214
data/corpus_smoke/images/Gemini-nano-banana/df/df109b29480dd4d21af236a6cd8bfd07e06f84773663c6454ac57f61aa855e29.jpg,1,blur_1.0,0.3910670280456543
data/corpus_smoke/images/Gemini-nano-banana/df/df109b29480dd4d21af236a6cd8bfd07e06f84773663c6454ac57f61aa855e29.jpg,1,blur_2.0,0.3991478681564331
data/corpus_smoke/images/Gemini-nano-banana/df/df109b29480dd4d21af236a6cd8bfd07e06f84773663c6454ac57f61aa855e29.jpg,1,resize_0.5,0.392347514629364
data/corpus_smoke/images/Gemini-nano-banana/df/df109b29480dd4d21af236a6cd8bfd07e06f84773663c6454ac57f61aa855e29.jpg,1,resize_0.25,0.395854115486145
data/corpus_smoke/images/Gemini-nano-banana/df/df109b29480dd4d21af236a6cd8bfd07e06f84773663c6454ac57f61aa855e29.jpg,1,noise_0.02,0.40577515959739685
data/corpus_smoke/images/Gemini-nano-banana/df/df109b29480dd4d21af236a6cd8bfd07e06f84773663c6454ac57f61aa855e29.jpg,1,noise_0.05,0.4095180928707123
data/corpus_smoke/images/Gemini-nano-banana/df/df109b29480dd4d21af236a6cd8bfd07e06f84773663c6454ac57f61aa855e29.jpg,1,noise_0.1,0.4028044044971466
data/corpus_smoke/images/Gemini-nano-banana/df/df109b29480dd4d21af236a6cd8bfd07e06f84773663c6454ac57f61aa855e29.jpg,1,jitter_0.2,0.40534165501594543
data/corpus_smoke/images/Gemini-nano-banana/df/df109b29480dd4d21af236a6cd8bfd07e06f84773663c6454ac57f61aa855e29.jpg,1,center_crop_0.8,0.4134429097175598
data/corpus_smoke/images/Gemini-nano-banana/df/df109b29480dd4d21af236a6cd8bfd07e06f84773663c6454ac57f61aa855e29.jpg,1,composed_blur1.0+jpeg70,0.39641037583351135
data/corpus_smoke/images/Gemini-nano-banana/df/df109b29480dd4d21af236a6cd8bfd07e06f84773663c6454ac57f61aa855e29.jpg,1,composed_resize0.5+jpeg50,0.40813255310058594
data/corpus_smoke/images/Gemini-nano-banana/df/df109b29480dd4d21af236a6cd8bfd07e06f84773663c6454ac57f61aa855e29.jpg,1,composed_jitter0.2+jpeg30,0.41171130537986755
data/corpus_smoke/images/Gemini-nano-banana/df/df109b29480dd4d21af236a6cd8bfd07e06f84773663c6454ac57f61aa855e29.jpg,1,composed_resize0.25+blur0.5+jpeg30,0.4245365560054779
data/corpus_smoke/images/Gemini-nano-banana/0d/0d334eabbb42fa4e51637b516e60949140f6768ae9c9fc5ca0fd2de76dbb67ad.jpg,1,clean,0.423319011926651
data/corpus_smoke/images/Gemini-nano-banana/0d/0d334eabbb42fa4e51637b516e60949140f6768ae9c9fc5ca0fd2de76dbb67ad.jpg,1,jpeg_90,0.4292234182357788
data/corpus_smoke/images/Gemini-nano-banana/0d/0d334eabbb42fa4e51637b516e60949140f6768ae9c9fc5ca0fd2de76dbb67ad.jpg,1,jpeg_70,0.4314376413822174
data/corpus_smoke/images/Gemini-nano-banana/0d/0d334eabbb42fa4e51637b516e60949140f6768ae9c9fc5ca0fd2de76dbb67ad.jpg,1,jpeg_50,0.43161845207214355
data/corpus_smoke/images/Gemini-nano-banana/0d/0d334eabbb42fa4e51637b516e60949140f6768ae9c9fc5ca0fd2de76dbb67ad.jpg,1,jpeg_30,0.42761337757110596
data/corpus_smoke/images/Gemini-nano-banana/0d/0d334eabbb42fa4e51637b516e60949140f6768ae9c9fc5ca0fd2de76dbb67ad.jpg,1,blur_0.5,0.42262715101242065
data/corpus_smoke/images/Gemini-nano-banana/0d/0d334eabbb42fa4e51637b516e60949140f6768ae9c9fc5ca0fd2de76dbb67ad.jpg,1,blur_1.0,0.4157847464084625
data/corpus_smoke/images/Gemini-nano-banana/0d/0d334eabbb42fa4e51637b516e60949140f6768ae9c9fc5ca0fd2de76dbb67ad.jpg,1,blur_2.0,0.4168652594089508
data/corpus_smoke/images/Gemini-nano-banana/0d/0d334eabbb42fa4e51637b516e60949140f6768ae9c9fc5ca0fd2de76dbb67ad.jpg,1,resize_0.5,0.41917285323143005
data/corpus_smoke/images/Gemini-nano-banana/0d/0d334eabbb42fa4e51637b516e60949140f6768ae9c9fc5ca0fd2de76dbb67ad.jpg,1,resize_0.25,0.4142812192440033
data/corpus_smoke/images/Gemini-nano-banana/0d/0d334eabbb42fa4e51637b516e60949140f6768ae9c9fc5ca0fd2de76dbb67ad.jpg,1,noise_0.02,0.4271765649318695
data/corpus_smoke/images/Gemini-nano-banana/0d/0d334eabbb42fa4e51637b516e60949140f6768ae9c9fc5ca0fd2de76dbb67ad.jpg,1,noise_0.05,0.4227065443992615
data/corpus_smoke/images/Gemini-nano-banana/0d/0d334eabbb42fa4e51637b516e60949140f6768ae9c9fc5ca0fd2de76dbb67ad.jpg,1,noise_0.1,0.4221612811088562
data/corpus_smoke/images/Gemini-nano-banana/0d/0d334eabbb42fa4e51637b516e60949140f6768ae9c9fc5ca0fd2de76dbb67ad.jpg,1,jitter_0.2,0.4214504659175873
data/corpus_smoke/images/Gemini-nano-banana/0d/0d334eabbb42fa4e51637b516e60949140f6768ae9c9fc5ca0fd2de76dbb67ad.jpg,1,center_crop_0.8,0.41821232438087463
data/corpus_smoke/images/Gemini-nano-banana/0d/0d334eabbb42fa4e51637b516e60949140f6768ae9c9fc5ca0fd2de76dbb67ad.jpg,1,composed_blur1.0+jpeg70,0.428316205739975
data/corpus_smoke/images/Gemini-nano-banana/0d/0d334eabbb42fa4e51637b516e60949140f6768ae9c9fc5ca0fd2de76dbb67ad.jpg,1,composed_resize0.5+jpeg50,0.4211883544921875
data/corpus_smoke/images/Gemini-nano-banana/0d/0d334eabbb42fa4e51637b516e60949140f6768ae9c9fc5ca0fd2de76dbb67ad.jpg,1,composed_jitter0.2+jpeg30,0.4306389093399048
data/corpus_smoke/images/Gemini-nano-banana/0d/0d334eabbb42fa4e51637b516e60949140f6768ae9c9fc5ca0fd2de76dbb67ad.jpg,1,composed_resize0.25+blur0.5+jpeg30,0.4236510992050171
data/corpus_smoke/images/Gemini-nano-banana/93/93e194500f102db17a97ae41fd0187449f51a9f35a2d74e0ec77172c8378d12f.jpg,1,clean,0.44858500361442566
data/corpus_smoke/images/Gemini-nano-banana/93/93e194500f102db17a97ae41fd0187449f51a9f35a2d74e0ec77172c8378d12f.jpg,1,jpeg_90,0.45623844861984253
data/corpus_smoke/images/Gemini-nano-banana/93/93e194500f102db17a97ae41fd0187449f51a9f35a2d74e0ec77172c8378d12f.jpg,1,jpeg_70,0.4596901535987854
data/corpus_smoke/images/Gemini-nano-banana/93/93e194500f102db17a97ae41fd0187449f51a9f35a2d74e0ec77172c8378d12f.jpg,1,jpeg_50,0.46533241868019104
data/corpus_smoke/images/Gemini-nano-banana/93/93e194500f102db17a97ae41fd0187449f51a9f35a2d74e0ec77172c8378d12f.jpg,1,jpeg_30,0.4700244963169098
data/corpus_smoke/images/Gemini-nano-banana/93/93e194500f102db17a97ae41fd0187449f51a9f35a2d74e0ec77172c8378d12f.jpg,1,blur_0.5,0.44747185707092285
data/corpus_smoke/images/Gemini-nano-banana/93/93e194500f102db17a97ae41fd0187449f51a9f35a2d74e0ec77172c8378d12f.jpg,1,blur_1.0,0.43988126516342163
data/corpus_smoke/images/Gemini-nano-banana/93/93e194500f102db17a97ae41fd0187449f51a9f35a2d74e0ec77172c8378d12f.jpg,1,blur_2.0,0.4443921744823456
data/corpus_smoke/images/Gemini-nano-banana/93/93e194500f102db17a97ae41fd0187449f51a9f35a2d74e0ec77172c8378d12f.jpg,1,resize_0.5,0.4471847414970398
data/corpus_smoke/images/Gemini-nano-banana/93/93e194500f102db17a97ae41fd0187449f51a9f35a2d74e0ec77172c8378d12f.jpg,1,resize_0.25,0.4368164837360382
data/corpus_smoke/images/Gemini-nano-banana/93/93e194500f102db17a97ae41fd0187449f51a9f35a2d74e0ec77172c8378d12f.jpg,1,noise_0.02,0.4532972276210785
data/corpus_smoke/images/Gemini-nano-banana/93/93e194500f102db17a97ae41fd0187449f51a9f35a2d74e0ec77172c8378d12f.jpg,1,noise_0.05,0.44485875964164734
data/corpus_smoke/images/Gemini-nano-banana/93/93e194500f102db17a97ae41fd0187449f51a9f35a2d74e0ec77172c8378d12f.jpg,1,noise_0.1,0.4394043982028961
data/corpus_smoke/images/Gemini-nano-banana/93/93e194500f102db17a97ae41fd0187449f51a9f35a2d74e0ec77172c8378d12f.jpg,1,jitter_0.2,0.4459149241447449
data/corpus_smoke/images/Gemini-nano-banana/93/93e194500f102db17a97ae41fd0187449f51a9f35a2d74e0ec77172c8378d12f.jpg,1,center_crop_0.8,0.4393942654132843
data/corpus_smoke/images/Gemini-nano-banana/93/93e194500f102db17a97ae41fd0187449f51a9f35a2d74e0ec77172c8378d12f.jpg,1,composed_blur1.0+jpeg70,0.4583524167537689
data/corpus_smoke/images/Gemini-nano-banana/93/93e194500f102db17a97ae41fd0187449f51a9f35a2d74e0ec77172c8378d12f.jpg,1,composed_resize0.5+jpeg50,0.469343900680542
data/corpus_smoke/images/Gemini-nano-banana/93/93e194500f102db17a97ae41fd0187449f51a9f35a2d74e0ec77172c8378d12f.jpg,1,composed_jitter0.2+jpeg30,0.4635840952396393
data/corpus_smoke/images/Gemini-nano-banana/93/93e194500f102db17a97ae41fd0187449f51a9f35a2d74e0ec77172c8378d12f.jpg,1,composed_resize0.25+blur0.5+jpeg30,0.4533691704273224
data/corpus_smoke/images/Gemini-nano-banana/99/99a069caa870c4cea963f1575567acbbf71be7f3deeabb33d82d06a16f4fec71.jpg,1,clean,0.41412684321403503
data/corpus_smoke/images/Gemini-nano-banana/99/99a069caa870c4cea963f1575567acbbf71be7f3deeabb33d82d06a16f4fec71.jpg,1,jpeg_90,0.42186108231544495
data/corpus_smoke/images/Gemini-nano-banana/99/99a069caa870c4cea963f1575567acbbf71be7f3deeabb33d82d06a16f4fec71.jpg,1,jpeg_70,0.4212276041507721
data/corpus_smoke/images/Gemini-nano-banana/99/99a069caa870c4cea963f1575567acbbf71be7f3deeabb33d82d06a16f4fec71.jpg,1,jpeg_50,0.4153473973274231
data/corpus_smoke/images/Gemini-nano-banana/99/99a069caa870c4cea963f1575567acbbf71be7f3deeabb33d82d06a16f4fec71.jpg,1,jpeg_30,0.4270688593387604
data/corpus_smoke/images/Gemini-nano-banana/99/99a069caa870c4cea963f1575567acbbf71be7f3deeabb33d82d06a16f4fec71.jpg,1,blur_0.5,0.41318002343177795
data/corpus_smoke/images/Gemini-nano-banana/99/99a069caa870c4cea963f1575567acbbf71be7f3deeabb33d82d06a16f4fec71.jpg,1,blur_1.0,0.4115842878818512
data/corpus_smoke/images/Gemini-nano-banana/99/99a069caa870c4cea963f1575567acbbf71be7f3deeabb33d82d06a16f4fec71.jpg,1,blur_2.0,0.4125860035419464
data/corpus_smoke/images/Gemini-nano-banana/99/99a069caa870c4cea963f1575567acbbf71be7f3deeabb33d82d06a16f4fec71.jpg,1,resize_0.5,0.41232267022132874
data/corpus_smoke/images/Gemini-nano-banana/99/99a069caa870c4cea963f1575567acbbf71be7f3deeabb33d82d06a16f4fec71.jpg,1,resize_0.25,0.40391379594802856
data/corpus_smoke/images/Gemini-nano-banana/99/99a069caa870c4cea963f1575567acbbf71be7f3deeabb33d82d06a16f4fec71.jpg,1,noise_0.02,0.4297887682914734
data/corpus_smoke/images/Gemini-nano-banana/99/99a069caa870c4cea963f1575567acbbf71be7f3deeabb33d82d06a16f4fec71.jpg,1,noise_0.05,0.4233253300189972
data/corpus_smoke/images/Gemini-nano-banana/99/99a069caa870c4cea963f1575567acbbf71be7f3deeabb33d82d06a16f4fec71.jpg,1,noise_0.1,0.42303746938705444
data/corpus_smoke/images/Gemini-nano-banana/99/99a069caa870c4cea963f1575567acbbf71be7f3deeabb33d82d06a16f4fec71.jpg,1,jitter_0.2,0.41543617844581604
data/corpus_smoke/images/Gemini-nano-banana/99/99a069caa870c4cea963f1575567acbbf71be7f3deeabb33d82d06a16f4fec71.jpg,1,center_crop_0.8,0.4126085638999939
data/corpus_smoke/images/Gemini-nano-banana/99/99a069caa870c4cea963f1575567acbbf71be7f3deeabb33d82d06a16f4fec71.jpg,1,composed_blur1.0+jpeg70,0.412274032831192
data/corpus_smoke/images/Gemini-nano-banana/99/99a069caa870c4cea963f1575567acbbf71be7f3deeabb33d82d06a16f4fec71.jpg,1,composed_resize0.5+jpeg50,0.4098447561264038
data/corpus_smoke/images/Gemini-nano-banana/99/99a069caa870c4cea963f1575567acbbf71be7f3deeabb33d82d06a16f4fec71.jpg,1,composed_jitter0.2+jpeg30,0.4285992383956909
data/corpus_smoke/images/Gemini-nano-banana/99/99a069caa870c4cea963f1575567acbbf71be7f3deeabb33d82d06a16f4fec71.jpg,1,composed_resize0.25+blur0.5+jpeg30,0.41590726375579834
data/corpus_smoke/images/Gemini-nano-banana/02/0221ccef6c81f36e557fbc85b4ef8cea97a9cd749509ba1a99ddcdaef3fac2d4.jpg,1,clean,0.44287440180778503
data/corpus_smoke/images/Gemini-nano-banana/02/0221ccef6c81f36e557fbc85b4ef8cea97a9cd749509ba1a99ddcdaef3fac2d4.jpg,1,jpeg_90,0.44560331106185913
data/corpus_smoke/images/Gemini-nano-banana/02/0221ccef6c81f36e557fbc85b4ef8cea97a9cd749509ba1a99ddcdaef3fac2d4.jpg,1,jpeg_70,0.4528953731060028
data/corpus_smoke/images/Gemini-nano-banana/02/0221ccef6c81f36e557fbc85b4ef8cea97a9cd749509ba1a99ddcdaef3fac2d4.jpg,1,jpeg_50,0.4574943482875824
data/corpus_smoke/images/Gemini-nano-banana/02/0221ccef6c81f36e557fbc85b4ef8cea97a9cd749509ba1a99ddcdaef3fac2d4.jpg,1,jpeg_30,0.46211814880371094
data/corpus_smoke/images/Gemini-nano-banana/02/0221ccef6c81f36e557fbc85b4ef8cea97a9cd749509ba1a99ddcdaef3fac2d4.jpg,1,blur_0.5,0.442613810300827
data/corpus_smoke/images/Gemini-nano-banana/02/0221ccef6c81f36e557fbc85b4ef8cea97a9cd749509ba1a99ddcdaef3fac2d4.jpg,1,blur_1.0,0.44178506731987
data/corpus_smoke/images/Gemini-nano-banana/02/0221ccef6c81f36e557fbc85b4ef8cea97a9cd749509ba1a99ddcdaef3fac2d4.jpg,1,blur_2.0,0.44741401076316833
data/corpus_smoke/images/Gemini-nano-banana/02/0221ccef6c81f36e557fbc85b4ef8cea97a9cd749509ba1a99ddcdaef3fac2d4.jpg,1,resize_0.5,0.4414641261100769
data/corpus_smoke/images/Gemini-nano-banana/02/0221ccef6c81f36e557fbc85b4ef8cea97a9cd749509ba1a99ddcdaef3fac2d4.jpg,1,resize_0.25,0.43872037529945374
data/corpus_smoke/images/Gemini-nano-banana/02/0221ccef6c81f36e557fbc85b4ef8cea97a9cd749509ba1a99ddcdaef3fac2d4.jpg,1,noise_0.02,0.4533833861351013
data/corpus_smoke/images/Gemini-nano-banana/02/0221ccef6c81f36e557fbc85b4ef8cea97a9cd749509ba1a99ddcdaef3fac2d4.jpg,1,noise_0.05,0.4529392123222351
data/corpus_smoke/images/Gemini-nano-banana/02/0221ccef6c81f36e557fbc85b4ef8cea97a9cd749509ba1a99ddcdaef3fac2d4.jpg,1,noise_0.1,0.4455361068248749
data/corpus_smoke/images/Gemini-nano-banana/02/0221ccef6c81f36e557fbc85b4ef8cea97a9cd749509ba1a99ddcdaef3fac2d4.jpg,1,jitter_0.2,0.45023754239082336
data/corpus_smoke/images/Gemini-nano-banana/02/0221ccef6c81f36e557fbc85b4ef8cea97a9cd749509ba1a99ddcdaef3fac2d4.jpg,1,center_crop_0.8,0.4525855481624603
data/corpus_smoke/images/Gemini-nano-banana/02/0221ccef6c81f36e557fbc85b4ef8cea97a9cd749509ba1a99ddcdaef3fac2d4.jpg,1,composed_blur1.0+jpeg70,0.45385316014289856
data/corpus_smoke/images/Gemini-nano-banana/02/0221ccef6c81f36e557fbc85b4ef8cea97a9cd749509ba1a99ddcdaef3fac2d4.jpg,1,composed_resize0.5+jpeg50,0.4513769745826721
data/corpus_smoke/images/Gemini-nano-banana/02/0221ccef6c81f36e557fbc85b4ef8cea97a9cd749509ba1a99ddcdaef3fac2d4.jpg,1,composed_jitter0.2+jpeg30,0.46015918254852295
data/corpus_smoke/images/Gemini-nano-banana/02/0221ccef6c81f36e557fbc85b4ef8cea97a9cd749509ba1a99ddcdaef3fac2d4.jpg,1,composed_resize0.25+blur0.5+jpeg30,0.4497877359390259
data/corpus_smoke/images/Gemini-nano-banana/c1/c11ddb39aa52e37cc34a1c30648a429b0b411795851d866f10a15255061625ed.jpg,1,clean,0.45050570368766785
data/corpus_smoke/images/Gemini-nano-banana/c1/c11ddb39aa52e37cc34a1c30648a429b0b411795851d866f10a15255061625ed.jpg,1,jpeg_90,0.45345374941825867
data/corpus_smoke/images/Gemini-nano-banana/c1/c11ddb39aa52e37cc34a1c30648a429b0b411795851d866f10a15255061625ed.jpg,1,jpeg_70,0.46065518260002136
data/corpus_smoke/images/Gemini-nano-banana/c1/c11ddb39aa52e37cc34a1c30648a429b0b411795851d866f10a15255061625ed.jpg,1,jpeg_50,0.4508371651172638
data/corpus_smoke/images/Gemini-nano-banana/c1/c11ddb39aa52e37cc34a1c30648a429b0b411795851d866f10a15255061625ed.jpg,1,jpeg_30,0.4480992555618286
data/corpus_smoke/images/Gemini-nano-banana/c1/c11ddb39aa52e37cc34a1c30648a429b0b411795851d866f10a15255061625ed.jpg,1,blur_0.5,0.44721588492393494
data/corpus_smoke/images/Gemini-nano-banana/c1/c11ddb39aa52e37cc34a1c30648a429b0b411795851d866f10a15255061625ed.jpg,1,blur_1.0,0.44151771068573
data/corpus_smoke/images/Gemini-nano-banana/c1/c11ddb39aa52e37cc34a1c30648a429b0b411795851d866f10a15255061625ed.jpg,1,blur_2.0,0.44653478264808655
data/corpus_smoke/images/Gemini-nano-banana/c1/c11ddb39aa52e37cc34a1c30648a429b0b411795851d866f10a15255061625ed.jpg,1,resize_0.5,0.44154900312423706
data/corpus_smoke/images/Gemini-nano-banana/c1/c11ddb39aa52e37cc34a1c30648a429b0b411795851d866f10a15255061625ed.jpg,1,resize_0.25,0.44393855333328247
data/corpus_smoke/images/Gemini-nano-banana/c1/c11ddb39aa52e37cc34a1c30648a429b0b411795851d866f10a15255061625ed.jpg,1,noise_0.02,0.45638757944107056
data/corpus_smoke/images/Gemini-nano-banana/c1/c11ddb39aa52e37cc34a1c30648a429b0b411795851d866f10a15255061625ed.jpg,1,noise_0.05,0.44876760244369507
data/corpus_smoke/images/Gemini-nano-banana/c1/c11ddb39aa52e37cc34a1c30648a429b0b411795851d866f10a15255061625ed.jpg,1,noise_0.1,0.44211143255233765
data/corpus_smoke/images/Gemini-nano-banana/c1/c11ddb39aa52e37cc34a1c30648a429b0b411795851d866f10a15255061625ed.jpg,1,jitter_0.2,0.44375312328338623
data/corpus_smoke/images/Gemini-nano-banana/c1/c11ddb39aa52e37cc34a1c30648a429b0b411795851d866f10a15255061625ed.jpg,1,center_crop_0.8,0.4596545994281769
data/corpus_smoke/images/Gemini-nano-banana/c1/c11ddb39aa52e37cc34a1c30648a429b0b411795851d866f10a15255061625ed.jpg,1,composed_blur1.0+jpeg70,0.45702290534973145
data/corpus_smoke/images/Gemini-nano-banana/c1/c11ddb39aa52e37cc34a1c30648a429b0b411795851d866f10a15255061625ed.jpg,1,composed_resize0.5+jpeg50,0.44436073303222656
data/corpus_smoke/images/Gemini-nano-banana/c1/c11ddb39aa52e37cc34a1c30648a429b0b411795851d866f10a15255061625ed.jpg,1,composed_jitter0.2+jpeg30,0.4527939260005951
data/corpus_smoke/images/Gemini-nano-banana/c1/c11ddb39aa52e37cc34a1c30648a429b0b411795851d866f10a15255061625ed.jpg,1,composed_resize0.25+blur0.5+jpeg30,0.4458138346672058
data/corpus_smoke/images/Gemini-nano-banana/11/11aca1c8472d0af85d0ea6021b2cb913bd6bb8dcbf07a56bcd6b88c3deb1261e.jpg,1,clean,0.4034270644187927
data/corpus_smoke/images/Gemini-nano-banana/11/11aca1c8472d0af85d0ea6021b2cb913bd6bb8dcbf07a56bcd6b88c3deb1261e.jpg,1,jpeg_90,0.41063952445983887
data/corpus_smoke/images/Gemini-nano-banana/11/11aca1c8472d0af85d0ea6021b2cb913bd6bb8dcbf07a56bcd6b88c3deb1261e.jpg,1,jpeg_70,0.41329798102378845
data/corpus_smoke/images/Gemini-nano-banana/11/11aca1c8472d0af85d0ea6021b2cb913bd6bb8dcbf07a56bcd6b88c3deb1261e.jpg,1,jpeg_50,0.4164573848247528
data/corpus_smoke/images/Gemini-nano-banana/11/11aca1c8472d0af85d0ea6021b2cb913bd6bb8dcbf07a56bcd6b88c3deb1261e.jpg,1,jpeg_30,0.42867428064346313
data/corpus_smoke/images/Gemini-nano-banana/11/11aca1c8472d0af85d0ea6021b2cb913bd6bb8dcbf07a56bcd6b88c3deb1261e.jpg,1,blur_0.5,0.40149736404418945
data/corpus_smoke/images/Gemini-nano-banana/11/11aca1c8472d0af85d0ea6021b2cb913bd6bb8dcbf07a56bcd6b88c3deb1261e.jpg,1,blur_1.0,0.3981623947620392
data/corpus_smoke/images/Gemini-nano-banana/11/11aca1c8472d0af85d0ea6021b2cb913bd6bb8dcbf07a56bcd6b88c3deb1261e.jpg,1,blur_2.0,0.4038139581680298
data/corpus_smoke/images/Gemini-nano-banana/11/11aca1c8472d0af85d0ea6021b2cb913bd6bb8dcbf07a56bcd6b88c3deb1261e.jpg,1,resize_0.5,0.3951016962528229
data/corpus_smoke/images/Gemini-nano-banana/11/11aca1c8472d0af85d0ea6021b2cb913bd6bb8dcbf07a56bcd6b88c3deb1261e.jpg,1,resize_0.25,0.4007776081562042
data/corpus_smoke/images/Gemini-nano-banana/11/11aca1c8472d0af85d0ea6021b2cb913bd6bb8dcbf07a56bcd6b88c3deb1261e.jpg,1,noise_0.02,0.4187256991863251
data/corpus_smoke/images/Gemini-nano-banana/11/11aca1c8472d0af85d0ea6021b2cb913bd6bb8dcbf07a56bcd6b88c3deb1261e.jpg,1,noise_0.05,0.416863352060318
data/corpus_smoke/images/Gemini-nano-banana/11/11aca1c8472d0af85d0ea6021b2cb913bd6bb8dcbf07a56bcd6b88c3deb1261e.jpg,1,noise_0.1,0.41717100143432617
data/corpus_smoke/images/Gemini-nano-banana/11/11aca1c8472d0af85d0ea6021b2cb913bd6bb8dcbf07a56bcd6b88c3deb1261e.jpg,1,jitter_0.2,0.40588387846946716
data/corpus_smoke/images/Gemini-nano-banana/11/11aca1c8472d0af85d0ea6021b2cb913bd6bb8dcbf07a56bcd6b88c3deb1261e.jpg,1,center_crop_0.8,0.41943687200546265
data/corpus_smoke/images/Gemini-nano-banana/11/11aca1c8472d0af85d0ea6021b2cb913bd6bb8dcbf07a56bcd6b88c3deb1261e.jpg,1,composed_blur1.0+jpeg70,0.41136083006858826
data/corpus_smoke/images/Gemini-nano-banana/11/11aca1c8472d0af85d0ea6021b2cb913bd6bb8dcbf07a56bcd6b88c3deb1261e.jpg,1,composed_resize0.5+jpeg50,0.40990057587623596
data/corpus_smoke/images/Gemini-nano-banana/11/11aca1c8472d0af85d0ea6021b2cb913bd6bb8dcbf07a56bcd6b88c3deb1261e.jpg,1,composed_jitter0.2+jpeg30,0.4283771514892578
data/corpus_smoke/images/Gemini-nano-banana/11/11aca1c8472d0af85d0ea6021b2cb913bd6bb8dcbf07a56bcd6b88c3deb1261e.jpg,1,composed_resize0.25+blur0.5+jpeg30,0.4243957996368408
data/corpus_smoke/images/Gemini-nano-banana/68/687bc86558729cfefcc2a4b2f9d45be1c9a7f70c469f0a6c215a1a3e9da39283.jpg,1,clean,0.45992282032966614
data/corpus_smoke/images/Gemini-nano-banana/68/687bc86558729cfefcc2a4b2f9d45be1c9a7f70c469f0a6c215a1a3e9da39283.jpg,1,jpeg_90,0.4528055191040039
data/corpus_smoke/images/Gemini-nano-banana/68/687bc86558729cfefcc2a4b2f9d45be1c9a7f70c469f0a6c215a1a3e9da39283.jpg,1,jpeg_70,0.46073421835899353
data/corpus_smoke/images/Gemini-nano-banana/68/687bc86558729cfefcc2a4b2f9d45be1c9a7f70c469f0a6c215a1a3e9da39283.jpg,1,jpeg_50,0.46882107853889465
data/corpus_smoke/images/Gemini-nano-banana/68/687bc86558729cfefcc2a4b2f9d45be1c9a7f70c469f0a6c215a1a3e9da39283.jpg,1,jpeg_30,0.46280983090400696
data/corpus_smoke/images/Gemini-nano-banana/68/687bc86558729cfefcc2a4b2f9d45be1c9a7f70c469f0a6c215a1a3e9da39283.jpg,1,blur_0.5,0.45020776987075806
data/corpus_smoke/images/Gemini-nano-banana/68/687bc86558729cfefcc2a4b2f9d45be1c9a7f70c469f0a6c215a1a3e9da39283.jpg,1,blur_1.0,0.4298950731754303
data/corpus_smoke/images/Gemini-nano-banana/68/687bc86558729cfefcc2a4b2f9d45be1c9a7f70c469f0a6c215a1a3e9da39283.jpg,1,blur_2.0,0.4238688051700592
data/corpus_smoke/images/Gemini-nano-banana/68/687bc86558729cfefcc2a4b2f9d45be1c9a7f70c469f0a6c215a1a3e9da39283.jpg,1,resize_0.5,0.4315805435180664
data/corpus_smoke/images/Gemini-nano-banana/68/687bc86558729cfefcc2a4b2f9d45be1c9a7f70c469f0a6c215a1a3e9da39283.jpg,1,resize_0.25,0.4222092926502228
data/corpus_smoke/images/Gemini-nano-banana/68/687bc86558729cfefcc2a4b2f9d45be1c9a7f70c469f0a6c215a1a3e9da39283.jpg,1,noise_0.02,0.45705777406692505
data/corpus_smoke/images/Gemini-nano-banana/68/687bc86558729cfefcc2a4b2f9d45be1c9a7f70c469f0a6c215a1a3e9da39283.jpg,1,noise_0.05,0.45808517932891846
data/corpus_smoke/images/Gemini-nano-banana/68/687bc86558729cfefcc2a4b2f9d45be1c9a7f70c469f0a6c215a1a3e9da39283.jpg,1,noise_0.1,0.4590591490268707
data/corpus_smoke/images/Gemini-nano-banana/68/687bc86558729cfefcc2a4b2f9d45be1c9a7f70c469f0a6c215a1a3e9da39283.jpg,1,jitter_0.2,0.44597482681274414
data/corpus_smoke/images/Gemini-nano-banana/68/687bc86558729cfefcc2a4b2f9d45be1c9a7f70c469f0a6c215a1a3e9da39283.jpg,1,center_crop_0.8,0.4582847058773041
data/corpus_smoke/images/Gemini-nano-banana/68/687bc86558729cfefcc2a4b2f9d45be1c9a7f70c469f0a6c215a1a3e9da39283.jpg,1,composed_blur1.0+jpeg70,0.45604270696640015
data/corpus_smoke/images/Gemini-nano-banana/68/687bc86558729cfefcc2a4b2f9d45be1c9a7f70c469f0a6c215a1a3e9da39283.jpg,1,composed_resize0.5+jpeg50,0.4598757326602936
data/corpus_smoke/images/Gemini-nano-banana/68/687bc86558729cfefcc2a4b2f9d45be1c9a7f70c469f0a6c215a1a3e9da39283.jpg,1,composed_jitter0.2+jpeg30,0.45356521010398865
data/corpus_smoke/images/Gemini-nano-banana/68/687bc86558729cfefcc2a4b2f9d45be1c9a7f70c469f0a6c215a1a3e9da39283.jpg,1,composed_resize0.25+blur0.5+jpeg30,0.44784361124038696
data/corpus_smoke/images/Gemini-nano-banana/ac/ac7b2ab6f8b1fcf45dfe6732925588160006ea59cdcfbc269bb8d5a747bad407.jpg,1,clean,0.4320971667766571
data/corpus_smoke/images/Gemini-nano-banana/ac/ac7b2ab6f8b1fcf45dfe6732925588160006ea59cdcfbc269bb8d5a747bad407.jpg,1,jpeg_90,0.4447452127933502
data/corpus_smoke/images/Gemini-nano-banana/ac/ac7b2ab6f8b1fcf45dfe6732925588160006ea59cdcfbc269bb8d5a747bad407.jpg,1,jpeg_70,0.4487321972846985
data/corpus_smoke/images/Gemini-nano-banana/ac/ac7b2ab6f8b1fcf45dfe6732925588160006ea59cdcfbc269bb8d5a747bad407.jpg,1,jpeg_50,0.4489326775074005
data/corpus_smoke/images/Gemini-nano-banana/ac/ac7b2ab6f8b1fcf45dfe6732925588160006ea59cdcfbc269bb8d5a747bad407.jpg,1,jpeg_30,0.4449536204338074
data/corpus_smoke/images/Gemini-nano-banana/ac/ac7b2ab6f8b1fcf45dfe6732925588160006ea59cdcfbc269bb8d5a747bad407.jpg,1,blur_0.5,0.43086397647857666
data/corpus_smoke/images/Gemini-nano-banana/ac/ac7b2ab6f8b1fcf45dfe6732925588160006ea59cdcfbc269bb8d5a747bad407.jpg,1,blur_1.0,0.42393574118614197
data/corpus_smoke/images/Gemini-nano-banana/ac/ac7b2ab6f8b1fcf45dfe6732925588160006ea59cdcfbc269bb8d5a747bad407.jpg,1,blur_2.0,0.4213366210460663
data/corpus_smoke/images/Gemini-nano-banana/ac/ac7b2ab6f8b1fcf45dfe6732925588160006ea59cdcfbc269bb8d5a747bad407.jpg,1,resize_0.5,0.4272349178791046
data/corpus_smoke/images/Gemini-nano-banana/ac/ac7b2ab6f8b1fcf45dfe6732925588160006ea59cdcfbc269bb8d5a747bad407.jpg,1,resize_0.25,0.42279329895973206
data/corpus_smoke/images/Gemini-nano-banana/ac/ac7b2ab6f8b1fcf45dfe6732925588160006ea59cdcfbc269bb8d5a747bad407.jpg,1,noise_0.02,0.44065073132514954
data/corpus_smoke/images/Gemini-nano-banana/ac/ac7b2ab6f8b1fcf45dfe6732925588160006ea59cdcfbc269bb8d5a747bad407.jpg,1,noise_0.05,0.4441928267478943
data/corpus_smoke/images/Gemini-nano-banana/ac/ac7b2ab6f8b1fcf45dfe6732925588160006ea59cdcfbc269bb8d5a747bad407.jpg,1,noise_0.1,0.4377678334712982
data/corpus_smoke/images/Gemini-nano-banana/ac/ac7b2ab6f8b1fcf45dfe6732925588160006ea59cdcfbc269bb8d5a747bad407.jpg,1,jitter_0.2,0.43612998723983765
data/corpus_smoke/images/Gemini-nano-banana/ac/ac7b2ab6f8b1fcf45dfe6732925588160006ea59cdcfbc269bb8d5a747bad407.jpg,1,center_crop_0.8,0.43035000562667847
data/corpus_smoke/images/Gemini-nano-banana/ac/ac7b2ab6f8b1fcf45dfe6732925588160006ea59cdcfbc269bb8d5a747bad407.jpg,1,composed_blur1.0+jpeg70,0.43321892619132996
data/corpus_smoke/images/Gemini-nano-banana/ac/ac7b2ab6f8b1fcf45dfe6732925588160006ea59cdcfbc269bb8d5a747bad407.jpg,1,composed_resize0.5+jpeg50,0.43726956844329834
data/corpus_smoke/images/Gemini-nano-banana/ac/ac7b2ab6f8b1fcf45dfe6732925588160006ea59cdcfbc269bb8d5a747bad407.jpg,1,composed_jitter0.2+jpeg30,0.44246092438697815
data/corpus_smoke/images/Gemini-nano-banana/ac/ac7b2ab6f8b1fcf45dfe6732925588160006ea59cdcfbc269bb8d5a747bad407.jpg,1,composed_resize0.25+blur0.5+jpeg30,0.4434104859828949
data/corpus_smoke/images/Gemini-nano-banana/78/780065bc82466db6722044c63bd86fc3f8c6ac2a21bc7e34b0e49f3d0898f033.jpg,1,clean,0.43406417965888977
data/corpus_smoke/images/Gemini-nano-banana/78/780065bc82466db6722044c63bd86fc3f8c6ac2a21bc7e34b0e49f3d0898f033.jpg,1,jpeg_90,0.43757086992263794
data/corpus_smoke/images/Gemini-nano-banana/78/780065bc82466db6722044c63bd86fc3f8c6ac2a21bc7e34b0e49f3d0898f033.jpg,1,jpeg_70,0.4445236623287201
data/corpus_smoke/images/Gemini-nano-banana/78/780065bc82466db6722044c63bd86fc3f8c6ac2a21bc7e34b0e49f3d0898f033.jpg,1,jpeg_50,0.44334176182746887
data/corpus_smoke/images/Gemini-nano-banana/78/780065bc82466db6722044c63bd86fc3f8c6ac2a21bc7e34b0e49f3d0898f033.jpg,1,jpeg_30,0.4528706967830658
data/corpus_smoke/images/Gemini-nano-banana/78/780065bc82466db6722044c63bd86fc3f8c6ac2a21bc7e34b0e49f3d0898f033.jpg,1,blur_0.5,0.43319952487945557
data/corpus_smoke/images/Gemini-nano-banana/78/780065bc82466db6722044c63bd86fc3f8c6ac2a21bc7e34b0e49f3d0898f033.jpg,1,blur_1.0,0.4312306344509125
data/corpus_smoke/images/Gemini-nano-banana/78/780065bc82466db6722044c63bd86fc3f8c6ac2a21bc7e34b0e49f3d0898f033.jpg,1,blur_2.0,0.42940714955329895
data/corpus_smoke/images/Gemini-nano-banana/78/780065bc82466db6722044c63bd86fc3f8c6ac2a21bc7e34b0e49f3d0898f033.jpg,1,resize_0.5,0.4296485185623169
data/corpus_smoke/images/Gemini-nano-banana/78/780065bc82466db6722044c63bd86fc3f8c6ac2a21bc7e34b0e49f3d0898f033.jpg,1,resize_0.25,0.4289349913597107
data/corpus_smoke/images/Gemini-nano-banana/78/780065bc82466db6722044c63bd86fc3f8c6ac2a21bc7e34b0e49f3d0898f033.jpg,1,noise_0.02,0.4447730481624603
data/corpus_smoke/images/Gemini-nano-banana/78/780065bc82466db6722044c63bd86fc3f8c6ac2a21bc7e34b0e49f3d0898f033.jpg,1,noise_0.05,0.44251173734664917
data/corpus_smoke/images/Gemini-nano-banana/78/780065bc82466db6722044c63bd86fc3f8c6ac2a21bc7e34b0e49f3d0898f033.jpg,1,noise_0.1,0.43467453122138977
data/corpus_smoke/images/Gemini-nano-banana/78/780065bc82466db6722044c63bd86fc3f8c6ac2a21bc7e34b0e49f3d0898f033.jpg,1,jitter_0.2,0.4335669279098511
data/corpus_smoke/images/Gemini-nano-banana/78/780065bc82466db6722044c63bd86fc3f8c6ac2a21bc7e34b0e49f3d0898f033.jpg,1,center_crop_0.8,0.4439460337162018
data/corpus_smoke/images/Gemini-nano-banana/78/780065bc82466db6722044c63bd86fc3f8c6ac2a21bc7e34b0e49f3d0898f033.jpg,1,composed_blur1.0+jpeg70,0.4432300329208374
data/corpus_smoke/images/Gemini-nano-banana/78/780065bc82466db6722044c63bd86fc3f8c6ac2a21bc7e34b0e49f3d0898f033.jpg,1,composed_resize0.5+jpeg50,0.4361867904663086
data/corpus_smoke/images/Gemini-nano-banana/78/780065bc82466db6722044c63bd86fc3f8c6ac2a21bc7e34b0e49f3d0898f033.jpg,1,composed_jitter0.2+jpeg30,0.4511514902114868
data/corpus_smoke/images/Gemini-nano-banana/78/780065bc82466db6722044c63bd86fc3f8c6ac2a21bc7e34b0e49f3d0898f033.jpg,1,composed_resize0.25+blur0.5+jpeg30,0.442298948764801
data/corpus_smoke/images/Gemini-nano-banana/03/038d8d82216cdddd38dc004f5caf4e9ee284285172f4d31256166c9a701a9f9f.jpg,1,clean,0.45380547642707825
data/corpus_smoke/images/Gemini-nano-banana/03/038d8d82216cdddd38dc004f5caf4e9ee284285172f4d31256166c9a701a9f9f.jpg,1,jpeg_90,0.45879191160202026
data/corpus_smoke/images/Gemini-nano-banana/03/038d8d82216cdddd38dc004f5caf4e9ee284285172f4d31256166c9a701a9f9f.jpg,1,jpeg_70,0.48377755284309387
data/corpus_smoke/images/Gemini-nano-banana/03/038d8d82216cdddd38dc004f5caf4e9ee284285172f4d31256166c9a701a9f9f.jpg,1,jpeg_50,0.48331886529922485
data/corpus_smoke/images/Gemini-nano-banana/03/038d8d82216cdddd38dc004f5caf4e9ee284285172f4d31256166c9a701a9f9f.jpg,1,jpeg_30,0.4723736643791199
data/corpus_smoke/images/Gemini-nano-banana/03/038d8d82216cdddd38dc004f5caf4e9ee284285172f4d31256166c9a701a9f9f.jpg,1,blur_0.5,0.4503127634525299
data/corpus_smoke/images/Gemini-nano-banana/03/038d8d82216cdddd38dc004f5caf4e9ee284285172f4d31256166c9a701a9f9f.jpg,1,blur_1.0,0.4426196813583374
data/corpus_smoke/images/Gemini-nano-banana/03/038d8d82216cdddd38dc004f5caf4e9ee284285172f4d31256166c9a701a9f9f.jpg,1,blur_2.0,0.44191211462020874
data/corpus_smoke/images/Gemini-nano-banana/03/038d8d82216cdddd38dc004f5caf4e9ee284285172f4d31256166c9a701a9f9f.jpg,1,resize_0.5,0.44800978899002075
data/corpus_smoke/images/Gemini-nano-banana/03/038d8d82216cdddd38dc004f5caf4e9ee284285172f4d31256166c9a701a9f9f.jpg,1,resize_0.25,0.4398512542247772
data/corpus_smoke/images/Gemini-nano-banana/03/038d8d82216cdddd38dc004f5caf4e9ee284285172f4d31256166c9a701a9f9f.jpg,1,noise_0.02,0.4642139673233032
data/corpus_smoke/images/Gemini-nano-banana/03/038d8d82216cdddd38dc004f5caf4e9ee284285172f4d31256166c9a701a9f9f.jpg,1,noise_0.05,0.4584518074989319
data/corpus_smoke/images/Gemini-nano-banana/03/038d8d82216cdddd38dc004f5caf4e9ee284285172f4d31256166c9a701a9f9f.jpg,1,noise_0.1,0.45555421710014343
data/corpus_smoke/images/Gemini-nano-banana/03/038d8d82216cdddd38dc004f5caf4e9ee284285172f4d31256166c9a701a9f9f.jpg,1,jitter_0.2,0.4530490040779114
data/corpus_smoke/images/Gemini-nano-banana/03/038d8d82216cdddd38dc004f5caf4e9ee284285172f4d31256166c9a701a9f9f.jpg,1,center_crop_0.8,0.4616403877735138
data/corpus_smoke/images/Gemini-nano-banana/03/038d8d82216cdddd38dc004f5caf4e9ee284285172f4d31256166c9a701a9f9f.jpg,1,composed_blur1.0+jpeg70,0.47320839762687683
data/corpus_smoke/images/Gemini-nano-banana/03/038d8d82216cdddd38dc004f5caf4e9ee284285172f4d31256166c9a701a9f9f.jpg,1,composed_resize0.5+jpeg50,0.47006136178970337
data/corpus_smoke/images/Gemini-nano-banana/03/038d8d82216cdddd38dc004f5caf4e9ee284285172f4d31256166c9a701a9f9f.jpg,1,composed_jitter0.2+jpeg30,0.4653230607509613
data/corpus_smoke/images/Gemini-nano-banana/03/038d8d82216cdddd38dc004f5caf4e9ee284285172f4d31256166c9a701a9f9f.jpg,1,composed_resize0.25+blur0.5+jpeg30,0.45683127641677856
data/corpus_smoke/images/Gemini-nano-banana/17/17a98333339251db056dc9d3af3c8cd64ac591fa5472eee25d9adacae0d904d3.jpg,1,clean,0.42651358246803284
data/corpus_smoke/images/Gemini-nano-banana/17/17a98333339251db056dc9d3af3c8cd64ac591fa5472eee25d9adacae0d904d3.jpg,1,jpeg_90,0.4270392954349518
data/corpus_smoke/images/Gemini-nano-banana/17/17a98333339251db056dc9d3af3c8cd64ac591fa5472eee25d9adacae0d904d3.jpg,1,jpeg_70,0.4385741651058197
data/corpus_smoke/images/Gemini-nano-banana/17/17a98333339251db056dc9d3af3c8cd64ac591fa5472eee25d9adacae0d904d3.jpg,1,jpeg_50,0.4468702971935272
data/corpus_smoke/images/Gemini-nano-banana/17/17a98333339251db056dc9d3af3c8cd64ac591fa5472eee25d9adacae0d904d3.jpg,1,jpeg_30,0.45099538564682007
data/corpus_smoke/images/Gemini-nano-banana/17/17a98333339251db056dc9d3af3c8cd64ac591fa5472eee25d9adacae0d904d3.jpg,1,blur_0.5,0.4279575049877167
data/corpus_smoke/images/Gemini-nano-banana/17/17a98333339251db056dc9d3af3c8cd64ac591fa5472eee25d9adacae0d904d3.jpg,1,blur_1.0,0.42743027210235596
data/corpus_smoke/images/Gemini-nano-banana/17/17a98333339251db056dc9d3af3c8cd64ac591fa5472eee25d9adacae0d904d3.jpg,1,blur_2.0,0.43735194206237793
data/corpus_smoke/images/Gemini-nano-banana/17/17a98333339251db056dc9d3af3c8cd64ac591fa5472eee25d9adacae0d904d3.jpg,1,resize_0.5,0.4269142150878906
data/corpus_smoke/images/Gemini-nano-banana/17/17a98333339251db056dc9d3af3c8cd64ac591fa5472eee25d9adacae0d904d3.jpg,1,resize_0.25,0.43197116255760193
data/corpus_smoke/images/Gemini-nano-banana/17/17a98333339251db056dc9d3af3c8cd64ac591fa5472eee25d9adacae0d904d3.jpg,1,noise_0.02,0.4515379071235657
data/corpus_smoke/images/Gemini-nano-banana/17/17a98333339251db056dc9d3af3c8cd64ac591fa5472eee25d9adacae0d904d3.jpg,1,noise_0.05,0.4490242302417755
data/corpus_smoke/images/Gemini-nano-banana/17/17a98333339251db056dc9d3af3c8cd64ac591fa5472eee25d9adacae0d904d3.jpg,1,noise_0.1,0.44558876752853394
data/corpus_smoke/images/Gemini-nano-banana/17/17a98333339251db056dc9d3af3c8cd64ac591fa5472eee25d9adacae0d904d3.jpg,1,jitter_0.2,0.43085673451423645
data/corpus_smoke/images/Gemini-nano-banana/17/17a98333339251db056dc9d3af3c8cd64ac591fa5472eee25d9adacae0d904d3.jpg,1,center_crop_0.8,0.4263444244861603
data/corpus_smoke/images/Gemini-nano-banana/17/17a98333339251db056dc9d3af3c8cd64ac591fa5472eee25d9adacae0d904d3.jpg,1,composed_blur1.0+jpeg70,0.43592384457588196
data/corpus_smoke/images/Gemini-nano-banana/17/17a98333339251db056dc9d3af3c8cd64ac591fa5472eee25d9adacae0d904d3.jpg,1,composed_resize0.5+jpeg50,0.4428061842918396
data/corpus_smoke/images/Gemini-nano-banana/17/17a98333339251db056dc9d3af3c8cd64ac591fa5472eee25d9adacae0d904d3.jpg,1,composed_jitter0.2+jpeg30,0.4347793161869049
data/corpus_smoke/images/Gemini-nano-banana/17/17a98333339251db056dc9d3af3c8cd64ac591fa5472eee25d9adacae0d904d3.jpg,1,composed_resize0.25+blur0.5+jpeg30,0.44894763827323914
data/corpus_smoke/images/Gemini-nano-banana/f1/f11c034bc08085e7d065662069ae4941582ef091dd3b580d171941e5fc01def7.jpg,1,clean,0.42553451657295227
data/corpus_smoke/images/Gemini-nano-banana/f1/f11c034bc08085e7d065662069ae4941582ef091dd3b580d171941e5fc01def7.jpg,1,jpeg_90,0.43773379921913147
data/corpus_smoke/images/Gemini-nano-banana/f1/f11c034bc08085e7d065662069ae4941582ef091dd3b580d171941e5fc01def7.jpg,1,jpeg_70,0.4415700137615204
data/corpus_smoke/images/Gemini-nano-banana/f1/f11c034bc08085e7d065662069ae4941582ef091dd3b580d171941e5fc01def7.jpg,1,jpeg_50,0.4413578510284424
data/corpus_smoke/images/Gemini-nano-banana/f1/f11c034bc08085e7d065662069ae4941582ef091dd3b580d171941e5fc01def7.jpg,1,jpeg_30,0.44581103324890137
data/corpus_smoke/images/Gemini-nano-banana/f1/f11c034bc08085e7d065662069ae4941582ef091dd3b580d171941e5fc01def7.jpg,1,blur_0.5,0.4256802499294281
data/corpus_smoke/images/Gemini-nano-banana/f1/f11c034bc08085e7d065662069ae4941582ef091dd3b580d171941e5fc01def7.jpg,1,blur_1.0,0.4203086793422699
data/corpus_smoke/images/Gemini-nano-banana/f1/f11c034bc08085e7d065662069ae4941582ef091dd3b580d171941e5fc01def7.jpg,1,blur_2.0,0.413886159658432
data/corpus_smoke/images/Gemini-nano-banana/f1/f11c034bc08085e7d065662069ae4941582ef091dd3b580d171941e5fc01def7.jpg,1,resize_0.5,0.4198627769947052
data/corpus_smoke/images/Gemini-nano-banana/f1/f11c034bc08085e7d065662069ae4941582ef091dd3b580d171941e5fc01def7.jpg,1,resize_0.25,0.4146728217601776
data/corpus_smoke/images/Gemini-nano-banana/f1/f11c034bc08085e7d065662069ae4941582ef091dd3b580d171941e5fc01def7.jpg,1,noise_0.02,0.4412645995616913
data/corpus_smoke/images/Gemini-nano-banana/f1/f11c034bc08085e7d065662069ae4941582ef091dd3b580d171941e5fc01def7.jpg,1,noise_0.05,0.4524312913417816
data/corpus_smoke/images/Gemini-nano-banana/f1/f11c034bc08085e7d065662069ae4941582ef091dd3b580d171941e5fc01def7.jpg,1,noise_0.1,0.4343388080596924
data/corpus_smoke/images/Gemini-nano-banana/f1/f11c034bc08085e7d065662069ae4941582ef091dd3b580d171941e5fc01def7.jpg,1,jitter_0.2,0.4255019724369049
data/corpus_smoke/images/Gemini-nano-banana/f1/f11c034bc08085e7d065662069ae4941582ef091dd3b580d171941e5fc01def7.jpg,1,center_crop_0.8,0.42002686858177185
data/corpus_smoke/images/Gemini-nano-banana/f1/f11c034bc08085e7d065662069ae4941582ef091dd3b580d171941e5fc01def7.jpg,1,composed_blur1.0+jpeg70,0.43786686658859253
data/corpus_smoke/images/Gemini-nano-banana/f1/f11c034bc08085e7d065662069ae4941582ef091dd3b580d171941e5fc01def7.jpg,1,composed_resize0.5+jpeg50,0.434594988822937
data/corpus_smoke/images/Gemini-nano-banana/f1/f11c034bc08085e7d065662069ae4941582ef091dd3b580d171941e5fc01def7.jpg,1,composed_jitter0.2+jpeg30,0.44777223467826843
data/corpus_smoke/images/Gemini-nano-banana/f1/f11c034bc08085e7d065662069ae4941582ef091dd3b580d171941e5fc01def7.jpg,1,composed_resize0.25+blur0.5+jpeg30,0.4330527186393738
data/corpus_smoke/images/Gemini-nano-banana/a1/a19a47194493b235fcf7cf813338b7829e6ee00fb5ed97645452bbf9444bd9ef.jpg,1,clean,0.40067818760871887
data/corpus_smoke/images/Gemini-nano-banana/a1/a19a47194493b235fcf7cf813338b7829e6ee00fb5ed97645452bbf9444bd9ef.jpg,1,jpeg_90,0.40297383069992065
data/corpus_smoke/images/Gemini-nano-banana/a1/a19a47194493b235fcf7cf813338b7829e6ee00fb5ed97645452bbf9444bd9ef.jpg,1,jpeg_70,0.4027538597583771
data/corpus_smoke/images/Gemini-nano-banana/a1/a19a47194493b235fcf7cf813338b7829e6ee00fb5ed97645452bbf9444bd9ef.jpg,1,jpeg_50,0.4049879312515259
data/corpus_smoke/images/Gemini-nano-banana/a1/a19a47194493b235fcf7cf813338b7829e6ee00fb5ed97645452bbf9444bd9ef.jpg,1,jpeg_30,0.40379518270492554
data/corpus_smoke/images/Gemini-nano-banana/a1/a19a47194493b235fcf7cf813338b7829e6ee00fb5ed97645452bbf9444bd9ef.jpg,1,blur_0.5,0.39857399463653564
data/corpus_smoke/images/Gemini-nano-banana/a1/a19a47194493b235fcf7cf813338b7829e6ee00fb5ed97645452bbf9444bd9ef.jpg,1,blur_1.0,0.3899395763874054
data/corpus_smoke/images/Gemini-nano-banana/a1/a19a47194493b235fcf7cf813338b7829e6ee00fb5ed97645452bbf9444bd9ef.jpg,1,blur_2.0,0.3840208351612091
data/corpus_smoke/images/Gemini-nano-banana/a1/a19a47194493b235fcf7cf813338b7829e6ee00fb5ed97645452bbf9444bd9ef.jpg,1,resize_0.5,0.39099541306495667
data/corpus_smoke/images/Gemini-nano-banana/a1/a19a47194493b235fcf7cf813338b7829e6ee00fb5ed97645452bbf9444bd9ef.jpg,1,resize_0.25,0.3840426504611969
data/corpus_smoke/images/Gemini-nano-banana/a1/a19a47194493b235fcf7cf813338b7829e6ee00fb5ed97645452bbf9444bd9ef.jpg,1,noise_0.02,0.4069097936153412
data/corpus_smoke/images/Gemini-nano-banana/a1/a19a47194493b235fcf7cf813338b7829e6ee00fb5ed97645452bbf9444bd9ef.jpg,1,noise_0.05,0.39941462874412537
data/corpus_smoke/images/Gemini-nano-banana/a1/a19a47194493b235fcf7cf813338b7829e6ee00fb5ed97645452bbf9444bd9ef.jpg,1,noise_0.1,0.41169166564941406
data/corpus_smoke/images/Gemini-nano-banana/a1/a19a47194493b235fcf7cf813338b7829e6ee00fb5ed97645452bbf9444bd9ef.jpg,1,jitter_0.2,0.406307190656662
data/corpus_smoke/images/Gemini-nano-banana/a1/a19a47194493b235fcf7cf813338b7829e6ee00fb5ed97645452bbf9444bd9ef.jpg,1,center_crop_0.8,0.4192773699760437
data/corpus_smoke/images/Gemini-nano-banana/a1/a19a47194493b235fcf7cf813338b7829e6ee00fb5ed97645452bbf9444bd9ef.jpg,1,composed_blur1.0+jpeg70,0.3893151581287384
data/corpus_smoke/images/Gemini-nano-banana/a1/a19a47194493b235fcf7cf813338b7829e6ee00fb5ed97645452bbf9444bd9ef.jpg,1,composed_resize0.5+jpeg50,0.39461636543273926
data/corpus_smoke/images/Gemini-nano-banana/a1/a19a47194493b235fcf7cf813338b7829e6ee00fb5ed97645452bbf9444bd9ef.jpg,1,composed_jitter0.2+jpeg30,0.40921568870544434
data/corpus_smoke/images/Gemini-nano-banana/a1/a19a47194493b235fcf7cf813338b7829e6ee00fb5ed97645452bbf9444bd9ef.jpg,1,composed_resize0.25+blur0.5+jpeg30,0.4080893397331238
data/corpus_smoke/images/Gemini-nano-banana/6f/6f880612b8dce145128a24e4a2d746c4ca4a6bcb791010ebcd53dcbcb7ea9467.jpg,1,clean,0.44385212659835815
data/corpus_smoke/images/Gemini-nano-banana/6f/6f880612b8dce145128a24e4a2d746c4ca4a6bcb791010ebcd53dcbcb7ea9467.jpg,1,jpeg_90,0.45300784707069397
data/corpus_smoke/images/Gemini-nano-banana/6f/6f880612b8dce145128a24e4a2d746c4ca4a6bcb791010ebcd53dcbcb7ea9467.jpg,1,jpeg_70,0.46686655282974243
data/corpus_smoke/images/Gemini-nano-banana/6f/6f880612b8dce145128a24e4a2d746c4ca4a6bcb791010ebcd53dcbcb7ea9467.jpg,1,jpeg_50,0.47199389338493347
data/corpus_smoke/images/Gemini-nano-banana/6f/6f880612b8dce145128a24e4a2d746c4ca4a6bcb791010ebcd53dcbcb7ea9467.jpg,1,jpeg_30,0.4667567312717438
data/corpus_smoke/images/Gemini-nano-banana/6f/6f880612b8dce145128a24e4a2d746c4ca4a6bcb791010ebcd53dcbcb7ea9467.jpg,1,blur_0.5,0.44327130913734436
data/corpus_smoke/images/Gemini-nano-banana/6f/6f880612b8dce145128a24e4a2d746c4ca4a6bcb791010ebcd53dcbcb7ea9467.jpg,1,blur_1.0,0.43655234575271606
data/corpus_smoke/images/Gemini-nano-banana/6f/6f880612b8dce145128a24e4a2d746c4ca4a6bcb791010ebcd53dcbcb7ea9467.jpg,1,blur_2.0,0.43428903818130493
data/corpus_smoke/images/Gemini-nano-banana/6f/6f880612b8dce145128a24e4a2d746c4ca4a6bcb791010ebcd53dcbcb7ea9467.jpg,1,resize_0.5,0.4407814145088196
data/corpus_smoke/images/Gemini-nano-banana/6f/6f880612b8dce145128a24e4a2d746c4ca4a6bcb791010ebcd53dcbcb7ea9467.jpg,1,resize_0.25,0.4297621250152588
data/corpus_smoke/images/Gemini-nano-banana/6f/6f880612b8dce145128a24e4a2d746c4ca4a6bcb791010ebcd53dcbcb7ea9467.jpg,1,noise_0.02,0.46806246042251587
data/corpus_smoke/images/Gemini-nano-banana/6f/6f880612b8dce145128a24e4a2d746c4ca4a6bcb791010ebcd53dcbcb7ea9467.jpg,1,noise_0.05,0.45998579263687134
data/corpus_smoke/images/Gemini-nano-banana/6f/6f880612b8dce145128a24e4a2d746c4ca4a6bcb791010ebcd53dcbcb7ea9467.jpg,1,noise_0.1,0.4382442235946655
data/corpus_smoke/images/Gemini-nano-banana/6f/6f880612b8dce145128a24e4a2d746c4ca4a6bcb791010ebcd53dcbcb7ea9467.jpg,1,jitter_0.2,0.45252230763435364
data/corpus_smoke/images/Gemini-nano-banana/6f/6f880612b8dce145128a24e4a2d746c4ca4a6bcb791010ebcd53dcbcb7ea9467.jpg,1,center_crop_0.8,0.4574242830276489
data/corpus_smoke/images/Gemini-nano-banana/6f/6f880612b8dce145128a24e4a2d746c4ca4a6bcb791010ebcd53dcbcb7ea9467.jpg,1,composed_blur1.0+jpeg70,0.46090108156204224
data/corpus_smoke/images/Gemini-nano-banana/6f/6f880612b8dce145128a24e4a2d746c4ca4a6bcb791010ebcd53dcbcb7ea9467.jpg,1,composed_resize0.5+jpeg50,0.46846961975097656
data/corpus_smoke/images/Gemini-nano-banana/6f/6f880612b8dce145128a24e4a2d746c4ca4a6bcb791010ebcd53dcbcb7ea9467.jpg,1,composed_jitter0.2+jpeg30,0.4709120988845825
data/corpus_smoke/images/Gemini-nano-banana/6f/6f880612b8dce145128a24e4a2d746c4ca4a6bcb791010ebcd53dcbcb7ea9467.jpg,1,composed_resize0.25+blur0.5+jpeg30,0.45751330256462097
data/corpus_smoke/images/Gemini-nano-banana/13/136b74bafb954270b92157aaf667dc289d70bd02456a45364b300afaf9ee8967.jpg,1,clean,0.4762648046016693
data/corpus_smoke/images/Gemini-nano-banana/13/136b74bafb954270b92157aaf667dc289d70bd02456a45364b300afaf9ee8967.jpg,1,jpeg_90,0.4856460988521576
data/corpus_smoke/images/Gemini-nano-banana/13/136b74bafb954270b92157aaf667dc289d70bd02456a45364b300afaf9ee8967.jpg,1,jpeg_70,0.48625585436820984
data/corpus_smoke/images/Gemini-nano-banana/13/136b74bafb954270b92157aaf667dc289d70bd02456a45364b300afaf9ee8967.jpg,1,jpeg_50,0.48358669877052307
data/corpus_smoke/images/Gemini-nano-banana/13/136b74bafb954270b92157aaf667dc289d70bd02456a45364b300afaf9ee8967.jpg,1,jpeg_30,0.4797776937484741
data/corpus_smoke/images/Gemini-nano-banana/13/136b74bafb954270b92157aaf667dc289d70bd02456a45364b300afaf9ee8967.jpg,1,blur_0.5,0.47593924403190613
data/corpus_smoke/images/Gemini-nano-banana/13/136b74bafb954270b92157aaf667dc289d70bd02456a45364b300afaf9ee8967.jpg,1,blur_1.0,0.4752006530761719
data/corpus_smoke/images/Gemini-nano-banana/13/136b74bafb954270b92157aaf667dc289d70bd02456a45364b300afaf9ee8967.jpg,1,blur_2.0,0.46675288677215576
data/corpus_smoke/images/Gemini-nano-banana/13/136b74bafb954270b92157aaf667dc289d70bd02456a45364b300afaf9ee8967.jpg,1,resize_0.5,0.4702657461166382
data/corpus_smoke/images/Gemini-nano-banana/13/136b74bafb954270b92157aaf667dc289d70bd02456a45364b300afaf9ee8967.jpg,1,resize_0.25,0.4661910831928253
data/corpus_smoke/images/Gemini-nano-banana/13/136b74bafb954270b92157aaf667dc289d70bd02456a45364b300afaf9ee8967.jpg,1,noise_0.02,0.4871489703655243
data/corpus_smoke/images/Gemini-nano-banana/13/136b74bafb954270b92157aaf667dc289d70bd02456a45364b300afaf9ee8967.jpg,1,noise_0.05,0.4854762852191925
data/corpus_smoke/images/Gemini-nano-banana/13/136b74bafb954270b92157aaf667dc289d70bd02456a45364b300afaf9ee8967.jpg,1,noise_0.1,0.47762179374694824
data/corpus_smoke/images/Gemini-nano-banana/13/136b74bafb954270b92157aaf667dc289d70bd02456a45364b300afaf9ee8967.jpg,1,jitter_0.2,0.48646003007888794
data/corpus_smoke/images/Gemini-nano-banana/13/136b74bafb954270b92157aaf667dc289d70bd02456a45364b300afaf9ee8967.jpg,1,center_crop_0.8,0.45510631799697876
data/corpus_smoke/images/Gemini-nano-banana/13/136b74bafb954270b92157aaf667dc289d70bd02456a45364b300afaf9ee8967.jpg,1,composed_blur1.0+jpeg70,0.4854220747947693
data/corpus_smoke/images/Gemini-nano-banana/13/136b74bafb954270b92157aaf667dc289d70bd02456a45364b300afaf9ee8967.jpg,1,composed_resize0.5+jpeg50,0.4811022877693176
data/corpus_smoke/images/Gemini-nano-banana/13/136b74bafb954270b92157aaf667dc289d70bd02456a45364b300afaf9ee8967.jpg,1,composed_jitter0.2+jpeg30,0.47572189569473267
data/corpus_smoke/images/Gemini-nano-banana/13/136b74bafb954270b92157aaf667dc289d70bd02456a45364b300afaf9ee8967.jpg,1,composed_resize0.25+blur0.5+jpeg30,0.4761190414428711
data/corpus_smoke/images/Gemini-nano-banana/e1/e182f288d305b27307992476e1ad9921c14c770a81329b0d3443827f7f77c028.jpg,1,clean,0.42016956210136414
data/corpus_smoke/images/Gemini-nano-banana/e1/e182f288d305b27307992476e1ad9921c14c770a81329b0d3443827f7f77c028.jpg,1,jpeg_90,0.42711421847343445
data/corpus_smoke/images/Gemini-nano-banana/e1/e182f288d305b27307992476e1ad9921c14c770a81329b0d3443827f7f77c028.jpg,1,jpeg_70,0.42719748616218567
data/corpus_smoke/images/Gemini-nano-banana/e1/e182f288d305b27307992476e1ad9921c14c770a81329b0d3443827f7f77c028.jpg,1,jpeg_50,0.4355233311653137
data/corpus_smoke/images/Gemini-nano-banana/e1/e182f288d305b27307992476e1ad9921c14c770a81329b0d3443827f7f77c028.jpg,1,jpeg_30,0.43956267833709717
data/corpus_smoke/images/Gemini-nano-banana/e1/e182f288d305b27307992476e1ad9921c14c770a81329b0d3443827f7f77c028.jpg,1,blur_0.5,0.41868895292282104
data/corpus_smoke/images/Gemini-nano-banana/e1/e182f288d305b27307992476e1ad9921c14c770a81329b0d3443827f7f77c028.jpg,1,blur_1.0,0.4099193811416626
data/corpus_smoke/images/Gemini-nano-banana/e1/e182f288d305b27307992476e1ad9921c14c770a81329b0d3443827f7f77c028.jpg,1,blur_2.0,0.4058358073234558
data/corpus_smoke/images/Gemini-nano-banana/e1/e182f288d305b27307992476e1ad9921c14c770a81329b0d3443827f7f77c028.jpg,1,resize_0.5,0.41149938106536865
data/corpus_smoke/images/Gemini-nano-banana/e1/e182f288d305b27307992476e1ad9921c14c770a81329b0d3443827f7f77c028.jpg,1,resize_0.25,0.40198829770088196
data/corpus_smoke/images/Gemini-nano-banana/e1/e182f288d305b27307992476e1ad9921c14c770a81329b0d3443827f7f77c028.jpg,1,noise_0.02,0.43561285734176636
data/corpus_smoke/images/Gemini-nano-banana/e1/e182f288d305b27307992476e1ad9921c14c770a81329b0d3443827f7f77c028.jpg,1,noise_0.05,0.4320184290409088
data/corpus_smoke/images/Gemini-nano-banana/e1/e182f288d305b27307992476e1ad9921c14c770a81329b0d3443827f7f77c028.jpg,1,noise_0.1,0.42486006021499634
data/corpus_smoke/images/Gemini-nano-banana/e1/e182f288d305b27307992476e1ad9921c14c770a81329b0d3443827f7f77c028.jpg,1,jitter_0.2,0.42339614033699036
data/corpus_smoke/images/Gemini-nano-banana/e1/e182f288d305b27307992476e1ad9921c14c770a81329b0d3443827f7f77c028.jpg,1,center_crop_0.8,0.4320259392261505
data/corpus_smoke/images/Gemini-nano-banana/e1/e182f288d305b27307992476e1ad9921c14c770a81329b0d3443827f7f77c028.jpg,1,composed_blur1.0+jpeg70,0.42258167266845703
data/corpus_smoke/images/Gemini-nano-banana/e1/e182f288d305b27307992476e1ad9921c14c770a81329b0d3443827f7f77c028.jpg,1,composed_resize0.5+jpeg50,0.4302387833595276
data/corpus_smoke/images/Gemini-nano-banana/e1/e182f288d305b27307992476e1ad9921c14c770a81329b0d3443827f7f77c028.jpg,1,composed_jitter0.2+jpeg30,0.4349691569805145
data/corpus_smoke/images/Gemini-nano-banana/e1/e182f288d305b27307992476e1ad9921c14c770a81329b0d3443827f7f77c028.jpg,1,composed_resize0.25+blur0.5+jpeg30,0.42116737365722656
data/corpus_smoke/images/Gemini-nano-banana/88/88fef7f87a172175daeffe0353178cee99941ceaa47ba259525add8c111b1a78.jpg,1,clean,0.41366544365882874
data/corpus_smoke/images/Gemini-nano-banana/88/88fef7f87a172175daeffe0353178cee99941ceaa47ba259525add8c111b1a78.jpg,1,jpeg_90,0.4203696846961975
data/corpus_smoke/images/Gemini-nano-banana/88/88fef7f87a172175daeffe0353178cee99941ceaa47ba259525add8c111b1a78.jpg,1,jpeg_70,0.4185870289802551
data/corpus_smoke/images/Gemini-nano-banana/88/88fef7f87a172175daeffe0353178cee99941ceaa47ba259525add8c111b1a78.jpg,1,jpeg_50,0.4231360852718353
data/corpus_smoke/images/Gemini-nano-banana/88/88fef7f87a172175daeffe0353178cee99941ceaa47ba259525add8c111b1a78.jpg,1,jpeg_30,0.4276191294193268
data/corpus_smoke/images/Gemini-nano-banana/88/88fef7f87a172175daeffe0353178cee99941ceaa47ba259525add8c111b1a78.jpg,1,blur_0.5,0.4123920202255249
data/corpus_smoke/images/Gemini-nano-banana/88/88fef7f87a172175daeffe0353178cee99941ceaa47ba259525add8c111b1a78.jpg,1,blur_1.0,0.4050546884536743
data/corpus_smoke/images/Gemini-nano-banana/88/88fef7f87a172175daeffe0353178cee99941ceaa47ba259525add8c111b1a78.jpg,1,blur_2.0,0.4009171724319458
data/corpus_smoke/images/Gemini-nano-banana/88/88fef7f87a172175daeffe0353178cee99941ceaa47ba259525add8c111b1a78.jpg,1,resize_0.5,0.4065132737159729
data/corpus_smoke/images/Gemini-nano-banana/88/88fef7f87a172175daeffe0353178cee99941ceaa47ba259525add8c111b1a78.jpg,1,resize_0.25,0.4021407663822174
data/corpus_smoke/images/Gemini-nano-banana/88/88fef7f87a172175daeffe0353178cee99941ceaa47ba259525add8c111b1a78.jpg,1,noise_0.02,0.4228897988796234
data/corpus_smoke/images/Gemini-nano-banana/88/88fef7f87a172175daeffe0353178cee99941ceaa47ba259525add8c111b1a78.jpg,1,noise_0.05,0.4225478768348694
data/corpus_smoke/images/Gemini-nano-banana/88/88fef7f87a172175daeffe0353178cee99941ceaa47ba259525add8c111b1a78.jpg,1,noise_0.1,0.41986194252967834
data/corpus_smoke/images/Gemini-nano-banana/88/88fef7f87a172175daeffe0353178cee99941ceaa47ba259525add8c111b1a78.jpg,1,jitter_0.2,0.4114610254764557
data/corpus_smoke/images/Gemini-nano-banana/88/88fef7f87a172175daeffe0353178cee99941ceaa47ba259525add8c111b1a78.jpg,1,center_crop_0.8,0.4137944281101227
data/corpus_smoke/images/Gemini-nano-banana/88/88fef7f87a172175daeffe0353178cee99941ceaa47ba259525add8c111b1a78.jpg,1,composed_blur1.0+jpeg70,0.41493794322013855
data/corpus_smoke/images/Gemini-nano-banana/88/88fef7f87a172175daeffe0353178cee99941ceaa47ba259525add8c111b1a78.jpg,1,composed_resize0.5+jpeg50,0.4192190170288086
data/corpus_smoke/images/Gemini-nano-banana/88/88fef7f87a172175daeffe0353178cee99941ceaa47ba259525add8c111b1a78.jpg,1,composed_jitter0.2+jpeg30,0.42713454365730286
data/corpus_smoke/images/Gemini-nano-banana/88/88fef7f87a172175daeffe0353178cee99941ceaa47ba259525add8c111b1a78.jpg,1,composed_resize0.25+blur0.5+jpeg30,0.4220127761363983
data/corpus_smoke/images/Gemini-nano-banana/51/510baf3935811565730249a3d6bb0a112ad360f0d468cfd903e010a375d24c59.jpg,1,clean,0.4197442829608917
data/corpus_smoke/images/Gemini-nano-banana/51/510baf3935811565730249a3d6bb0a112ad360f0d468cfd903e010a375d24c59.jpg,1,jpeg_90,0.4267847537994385
data/corpus_smoke/images/Gemini-nano-banana/51/510baf3935811565730249a3d6bb0a112ad360f0d468cfd903e010a375d24c59.jpg,1,jpeg_70,0.43268993496894836
data/corpus_smoke/images/Gemini-nano-banana/51/510baf3935811565730249a3d6bb0a112ad360f0d468cfd903e010a375d24c59.jpg,1,jpeg_50,0.43265417218208313
data/corpus_smoke/images/Gemini-nano-banana/51/510baf3935811565730249a3d6bb0a112ad360f0d468cfd903e010a375d24c59.jpg,1,jpeg_30,0.4196312427520752
data/corpus_smoke/images/Gemini-nano-banana/51/510baf3935811565730249a3d6bb0a112ad360f0d468cfd903e010a375d24c59.jpg,1,blur_0.5,0.4192422032356262
data/corpus_smoke/images/Gemini-nano-banana/51/510baf3935811565730249a3d6bb0a112ad360f0d468cfd903e010a375d24c59.jpg,1,blur_1.0,0.4168163239955902
data/corpus_smoke/images/Gemini-nano-banana/51/510baf3935811565730249a3d6bb0a112ad360f0d468cfd903e010a375d24c59.jpg,1,blur_2.0,0.4143797755241394
data/corpus_smoke/images/Gemini-nano-banana/51/510baf3935811565730249a3d6bb0a112ad360f0d468cfd903e010a375d24c59.jpg,1,resize_0.5,0.40724512934684753
data/corpus_smoke/images/Gemini-nano-banana/51/510baf3935811565730249a3d6bb0a112ad360f0d468cfd903e010a375d24c59.jpg,1,resize_0.25,0.4097038805484772
data/corpus_smoke/images/Gemini-nano-banana/51/510baf3935811565730249a3d6bb0a112ad360f0d468cfd903e010a375d24c59.jpg,1,noise_0.02,0.4231523275375366
data/corpus_smoke/images/Gemini-nano-banana/51/510baf3935811565730249a3d6bb0a112ad360f0d468cfd903e010a375d24c59.jpg,1,noise_0.05,0.4154239594936371
data/corpus_smoke/images/Gemini-nano-banana/51/510baf3935811565730249a3d6bb0a112ad360f0d468cfd903e010a375d24c59.jpg,1,noise_0.1,0.4119888246059418
data/corpus_smoke/images/Gemini-nano-banana/51/510baf3935811565730249a3d6bb0a112ad360f0d468cfd903e010a375d24c59.jpg,1,jitter_0.2,0.4154590368270874
data/corpus_smoke/images/Gemini-nano-banana/51/510baf3935811565730249a3d6bb0a112ad360f0d468cfd903e010a375d24c59.jpg,1,center_crop_0.8,0.4209975600242615
data/corpus_smoke/images/Gemini-nano-banana/51/510baf3935811565730249a3d6bb0a112ad360f0d468cfd903e010a375d24c59.jpg,1,composed_blur1.0+jpeg70,0.43409696221351624
data/corpus_smoke/images/Gemini-nano-banana/51/510baf3935811565730249a3d6bb0a112ad360f0d468cfd903e010a375d24c59.jpg,1,composed_resize0.5+jpeg50,0.4256565570831299
data/corpus_smoke/images/Gemini-nano-banana/51/510baf3935811565730249a3d6bb0a112ad360f0d468cfd903e010a375d24c59.jpg,1,composed_jitter0.2+jpeg30,0.4237142503261566
data/corpus_smoke/images/Gemini-nano-banana/51/510baf3935811565730249a3d6bb0a112ad360f0d468cfd903e010a375d24c59.jpg,1,composed_resize0.25+blur0.5+jpeg30,0.4206618368625641
data/corpus_smoke/images/Gemini-nano-banana/b2/b26af3fde57636cfb350db7a80f0784e79bcb228e4ff03776879cf36168ab38b.jpg,1,clean,0.4244708716869354
data/corpus_smoke/images/Gemini-nano-banana/b2/b26af3fde57636cfb350db7a80f0784e79bcb228e4ff03776879cf36168ab38b.jpg,1,jpeg_90,0.4321627914905548
data/corpus_smoke/images/Gemini-nano-banana/b2/b26af3fde57636cfb350db7a80f0784e79bcb228e4ff03776879cf36168ab38b.jpg,1,jpeg_70,0.43057283759117126
data/corpus_smoke/images/Gemini-nano-banana/b2/b26af3fde57636cfb350db7a80f0784e79bcb228e4ff03776879cf36168ab38b.jpg,1,jpeg_50,0.4315033555030823
data/corpus_smoke/images/Gemini-nano-banana/b2/b26af3fde57636cfb350db7a80f0784e79bcb228e4ff03776879cf36168ab38b.jpg,1,jpeg_30,0.439117431640625
data/corpus_smoke/images/Gemini-nano-banana/b2/b26af3fde57636cfb350db7a80f0784e79bcb228e4ff03776879cf36168ab38b.jpg,1,blur_0.5,0.42421597242355347
data/corpus_smoke/images/Gemini-nano-banana/b2/b26af3fde57636cfb350db7a80f0784e79bcb228e4ff03776879cf36168ab38b.jpg,1,blur_1.0,0.42052963376045227
data/corpus_smoke/images/Gemini-nano-banana/b2/b26af3fde57636cfb350db7a80f0784e79bcb228e4ff03776879cf36168ab38b.jpg,1,blur_2.0,0.41922077536582947
data/corpus_smoke/images/Gemini-nano-banana/b2/b26af3fde57636cfb350db7a80f0784e79bcb228e4ff03776879cf36168ab38b.jpg,1,resize_0.5,0.42121508717536926
data/corpus_smoke/images/Gemini-nano-banana/b2/b26af3fde57636cfb350db7a80f0784e79bcb228e4ff03776879cf36168ab38b.jpg,1,resize_0.25,0.41826245188713074
data/corpus_smoke/images/Gemini-nano-banana/b2/b26af3fde57636cfb350db7a80f0784e79bcb228e4ff03776879cf36168ab38b.jpg,1,noise_0.02,0.4410301744937897
data/corpus_smoke/images/Gemini-nano-banana/b2/b26af3fde57636cfb350db7a80f0784e79bcb228e4ff03776879cf36168ab38b.jpg,1,noise_0.05,0.43044915795326233
data/corpus_smoke/images/Gemini-nano-banana/b2/b26af3fde57636cfb350db7a80f0784e79bcb228e4ff03776879cf36168ab38b.jpg,1,noise_0.1,0.41883864998817444
data/corpus_smoke/images/Gemini-nano-banana/b2/b26af3fde57636cfb350db7a80f0784e79bcb228e4ff03776879cf36168ab38b.jpg,1,jitter_0.2,0.4243488013744354
data/corpus_smoke/images/Gemini-nano-banana/b2/b26af3fde57636cfb350db7a80f0784e79bcb228e4ff03776879cf36168ab38b.jpg,1,center_crop_0.8,0.42932993173599243
data/corpus_smoke/images/Gemini-nano-banana/b2/b26af3fde57636cfb350db7a80f0784e79bcb228e4ff03776879cf36168ab38b.jpg,1,composed_blur1.0+jpeg70,0.42903003096580505
data/corpus_smoke/images/Gemini-nano-banana/b2/b26af3fde57636cfb350db7a80f0784e79bcb228e4ff03776879cf36168ab38b.jpg,1,composed_resize0.5+jpeg50,0.4258776903152466
data/corpus_smoke/images/Gemini-nano-banana/b2/b26af3fde57636cfb350db7a80f0784e79bcb228e4ff03776879cf36168ab38b.jpg,1,composed_jitter0.2+jpeg30,0.4380888342857361
data/corpus_smoke/images/Gemini-nano-banana/b2/b26af3fde57636cfb350db7a80f0784e79bcb228e4ff03776879cf36168ab38b.jpg,1,composed_resize0.25+blur0.5+jpeg30,0.437207967042923
data/corpus_smoke/images/Gemini-nano-banana/5e/5e41a28b1f5d4c72c5d9e9968efe3b84740b8a5056a5214e24e36734ced27ace.jpg,1,clean,0.41984033584594727
data/corpus_smoke/images/Gemini-nano-banana/5e/5e41a28b1f5d4c72c5d9e9968efe3b84740b8a5056a5214e24e36734ced27ace.jpg,1,jpeg_90,0.43201738595962524
data/corpus_smoke/images/Gemini-nano-banana/5e/5e41a28b1f5d4c72c5d9e9968efe3b84740b8a5056a5214e24e36734ced27ace.jpg,1,jpeg_70,0.4179840385913849
data/corpus_smoke/images/Gemini-nano-banana/5e/5e41a28b1f5d4c72c5d9e9968efe3b84740b8a5056a5214e24e36734ced27ace.jpg,1,jpeg_50,0.4205136001110077
data/corpus_smoke/images/Gemini-nano-banana/5e/5e41a28b1f5d4c72c5d9e9968efe3b84740b8a5056a5214e24e36734ced27ace.jpg,1,jpeg_30,0.425111323595047
data/corpus_smoke/images/Gemini-nano-banana/5e/5e41a28b1f5d4c72c5d9e9968efe3b84740b8a5056a5214e24e36734ced27ace.jpg,1,blur_0.5,0.420317143201828
data/corpus_smoke/images/Gemini-nano-banana/5e/5e41a28b1f5d4c72c5d9e9968efe3b84740b8a5056a5214e24e36734ced27ace.jpg,1,blur_1.0,0.40856796503067017
data/corpus_smoke/images/Gemini-nano-banana/5e/5e41a28b1f5d4c72c5d9e9968efe3b84740b8a5056a5214e24e36734ced27ace.jpg,1,blur_2.0,0.407130628824234
data/corpus_smoke/images/Gemini-nano-banana/5e/5e41a28b1f5d4c72c5d9e9968efe3b84740b8a5056a5214e24e36734ced27ace.jpg,1,resize_0.5,0.40759119391441345
data/corpus_smoke/images/Gemini-nano-banana/5e/5e41a28b1f5d4c72c5d9e9968efe3b84740b8a5056a5214e24e36734ced27ace.jpg,1,resize_0.25,0.4048365354537964
data/corpus_smoke/images/Gemini-nano-banana/5e/5e41a28b1f5d4c72c5d9e9968efe3b84740b8a5056a5214e24e36734ced27ace.jpg,1,noise_0.02,0.41380971670150757
data/corpus_smoke/images/Gemini-nano-banana/5e/5e41a28b1f5d4c72c5d9e9968efe3b84740b8a5056a5214e24e36734ced27ace.jpg,1,noise_0.05,0.41622403264045715
data/corpus_smoke/images/Gemini-nano-banana/5e/5e41a28b1f5d4c72c5d9e9968efe3b84740b8a5056a5214e24e36734ced27ace.jpg,1,noise_0.1,0.42579734325408936
data/corpus_smoke/images/Gemini-nano-banana/5e/5e41a28b1f5d4c72c5d9e9968efe3b84740b8a5056a5214e24e36734ced27ace.jpg,1,jitter_0.2,0.44003647565841675
data/corpus_smoke/images/Gemini-nano-banana/5e/5e41a28b1f5d4c72c5d9e9968efe3b84740b8a5056a5214e24e36734ced27ace.jpg,1,center_crop_0.8,0.4155448079109192
data/corpus_smoke/images/Gemini-nano-banana/5e/5e41a28b1f5d4c72c5d9e9968efe3b84740b8a5056a5214e24e36734ced27ace.jpg,1,composed_blur1.0+jpeg70,0.40776076912879944
data/corpus_smoke/images/Gemini-nano-banana/5e/5e41a28b1f5d4c72c5d9e9968efe3b84740b8a5056a5214e24e36734ced27ace.jpg,1,composed_resize0.5+jpeg50,0.4130305349826813
data/corpus_smoke/images/Gemini-nano-banana/5e/5e41a28b1f5d4c72c5d9e9968efe3b84740b8a5056a5214e24e36734ced27ace.jpg,1,composed_jitter0.2+jpeg30,0.4179331958293915
data/corpus_smoke/images/Gemini-nano-banana/5e/5e41a28b1f5d4c72c5d9e9968efe3b84740b8a5056a5214e24e36734ced27ace.jpg,1,composed_resize0.25+blur0.5+jpeg30,0.42710334062576294
data/corpus_smoke/images/Gemini-nano-banana/5e/5e59028885f3780275fc11c93c7d374b0923becd9ff5984806e1250f86bba765.jpg,1,clean,0.4268607795238495
data/corpus_smoke/images/Gemini-nano-banana/5e/5e59028885f3780275fc11c93c7d374b0923becd9ff5984806e1250f86bba765.jpg,1,jpeg_90,0.4231165945529938
data/corpus_smoke/images/Gemini-nano-banana/5e/5e59028885f3780275fc11c93c7d374b0923becd9ff5984806e1250f86bba765.jpg,1,jpeg_70,0.427000492811203
data/corpus_smoke/images/Gemini-nano-banana/5e/5e59028885f3780275fc11c93c7d374b0923becd9ff5984806e1250f86bba765.jpg,1,jpeg_50,0.4288508892059326
data/corpus_smoke/images/Gemini-nano-banana/5e/5e59028885f3780275fc11c93c7d374b0923becd9ff5984806e1250f86bba765.jpg,1,jpeg_30,0.4431552588939667
data/corpus_smoke/images/Gemini-nano-banana/5e/5e59028885f3780275fc11c93c7d374b0923becd9ff5984806e1250f86bba765.jpg,1,blur_0.5,0.42429447174072266
data/corpus_smoke/images/Gemini-nano-banana/5e/5e59028885f3780275fc11c93c7d374b0923becd9ff5984806e1250f86bba765.jpg,1,blur_1.0,0.41322004795074463
data/corpus_smoke/images/Gemini-nano-banana/5e/5e59028885f3780275fc11c93c7d374b0923becd9ff5984806e1250f86bba765.jpg,1,blur_2.0,0.4187026023864746
data/corpus_smoke/images/Gemini-nano-banana/5e/5e59028885f3780275fc11c93c7d374b0923becd9ff5984806e1250f86bba765.jpg,1,resize_0.5,0.41270098090171814
data/corpus_smoke/images/Gemini-nano-banana/5e/5e59028885f3780275fc11c93c7d374b0923becd9ff5984806e1250f86bba765.jpg,1,resize_0.25,0.412094384431839
data/corpus_smoke/images/Gemini-nano-banana/5e/5e59028885f3780275fc11c93c7d374b0923becd9ff5984806e1250f86bba765.jpg,1,noise_0.02,0.43866047263145447
data/corpus_smoke/images/Gemini-nano-banana/5e/5e59028885f3780275fc11c93c7d374b0923becd9ff5984806e1250f86bba765.jpg,1,noise_0.05,0.43669959902763367
data/corpus_smoke/images/Gemini-nano-banana/5e/5e59028885f3780275fc11c93c7d374b0923becd9ff5984806e1250f86bba765.jpg,1,noise_0.1,0.43090373277664185
data/corpus_smoke/images/Gemini-nano-banana/5e/5e59028885f3780275fc11c93c7d374b0923becd9ff5984806e1250f86bba765.jpg,1,jitter_0.2,0.4261757731437683
data/corpus_smoke/images/Gemini-nano-banana/5e/5e59028885f3780275fc11c93c7d374b0923becd9ff5984806e1250f86bba765.jpg,1,center_crop_0.8,0.42120492458343506
data/corpus_smoke/images/Gemini-nano-banana/5e/5e59028885f3780275fc11c93c7d374b0923becd9ff5984806e1250f86bba765.jpg,1,composed_blur1.0+jpeg70,0.4335153102874756
data/corpus_smoke/images/Gemini-nano-banana/5e/5e59028885f3780275fc11c93c7d374b0923becd9ff5984806e1250f86bba765.jpg,1,composed_resize0.5+jpeg50,0.43073582649230957
data/corpus_smoke/images/Gemini-nano-banana/5e/5e59028885f3780275fc11c93c7d374b0923becd9ff5984806e1250f86bba765.jpg,1,composed_jitter0.2+jpeg30,0.44026893377304077
data/corpus_smoke/images/Gemini-nano-banana/5e/5e59028885f3780275fc11c93c7d374b0923becd9ff5984806e1250f86bba765.jpg,1,composed_resize0.25+blur0.5+jpeg30,0.44539856910705566
data/corpus_smoke/images/Gemini-nano-banana/bf/bf7f4ba934c939b4591dfed163eab4d32c469b577c0c422971516561cd78ba12.jpg,1,clean,0.46467629075050354
data/corpus_smoke/images/Gemini-nano-banana/bf/bf7f4ba934c939b4591dfed163eab4d32c469b577c0c422971516561cd78ba12.jpg,1,jpeg_90,0.4655725359916687
data/corpus_smoke/images/Gemini-nano-banana/bf/bf7f4ba934c939b4591dfed163eab4d32c469b577c0c422971516561cd78ba12.jpg,1,jpeg_70,0.4600272476673126
data/corpus_smoke/images/Gemini-nano-banana/bf/bf7f4ba934c939b4591dfed163eab4d32c469b577c0c422971516561cd78ba12.jpg,1,jpeg_50,0.4537993371486664
data/corpus_smoke/images/Gemini-nano-banana/bf/bf7f4ba934c939b4591dfed163eab4d32c469b577c0c422971516561cd78ba12.jpg,1,jpeg_30,0.4615578055381775
data/corpus_smoke/images/Gemini-nano-banana/bf/bf7f4ba934c939b4591dfed163eab4d32c469b577c0c422971516561cd78ba12.jpg,1,blur_0.5,0.4559459686279297
data/corpus_smoke/images/Gemini-nano-banana/bf/bf7f4ba934c939b4591dfed163eab4d32c469b577c0c422971516561cd78ba12.jpg,1,blur_1.0,0.44029727578163147
data/corpus_smoke/images/Gemini-nano-banana/bf/bf7f4ba934c939b4591dfed163eab4d32c469b577c0c422971516561cd78ba12.jpg,1,blur_2.0,0.4497097134590149
data/corpus_smoke/images/Gemini-nano-banana/bf/bf7f4ba934c939b4591dfed163eab4d32c469b577c0c422971516561cd78ba12.jpg,1,resize_0.5,0.4419764578342438
data/corpus_smoke/images/Gemini-nano-banana/bf/bf7f4ba934c939b4591dfed163eab4d32c469b577c0c422971516561cd78ba12.jpg,1,resize_0.25,0.43978455662727356
data/corpus_smoke/images/Gemini-nano-banana/bf/bf7f4ba934c939b4591dfed163eab4d32c469b577c0c422971516561cd78ba12.jpg,1,noise_0.02,0.44863051176071167
data/corpus_smoke/images/Gemini-nano-banana/bf/bf7f4ba934c939b4591dfed163eab4d32c469b577c0c422971516561cd78ba12.jpg,1,noise_0.05,0.4412364363670349
data/corpus_smoke/images/Gemini-nano-banana/bf/bf7f4ba934c939b4591dfed163eab4d32c469b577c0c422971516561cd78ba12.jpg,1,noise_0.1,0.4362146258354187
data/corpus_smoke/images/Gemini-nano-banana/bf/bf7f4ba934c939b4591dfed163eab4d32c469b577c0c422971516561cd78ba12.jpg,1,jitter_0.2,0.4455358684062958
data/corpus_smoke/images/Gemini-nano-banana/bf/bf7f4ba934c939b4591dfed163eab4d32c469b577c0c422971516561cd78ba12.jpg,1,center_crop_0.8,0.4516856372356415
data/corpus_smoke/images/Gemini-nano-banana/bf/bf7f4ba934c939b4591dfed163eab4d32c469b577c0c422971516561cd78ba12.jpg,1,composed_blur1.0+jpeg70,0.4594871997833252
data/corpus_smoke/images/Gemini-nano-banana/bf/bf7f4ba934c939b4591dfed163eab4d32c469b577c0c422971516561cd78ba12.jpg,1,composed_resize0.5+jpeg50,0.45496055483818054
data/corpus_smoke/images/Gemini-nano-banana/bf/bf7f4ba934c939b4591dfed163eab4d32c469b577c0c422971516561cd78ba12.jpg,1,composed_jitter0.2+jpeg30,0.46221500635147095
data/corpus_smoke/images/Gemini-nano-banana/bf/bf7f4ba934c939b4591dfed163eab4d32c469b577c0c422971516561cd78ba12.jpg,1,composed_resize0.25+blur0.5+jpeg30,0.4409983158111572
data/corpus_smoke/images/Gemini-nano-banana/58/588a0399636517eca2e0106fb09ca37489a239d13fa2fae78cab093a3793a002.jpg,1,clean,0.45151886343955994
data/corpus_smoke/images/Gemini-nano-banana/58/588a0399636517eca2e0106fb09ca37489a239d13fa2fae78cab093a3793a002.jpg,1,jpeg_90,0.4632607400417328
data/corpus_smoke/images/Gemini-nano-banana/58/588a0399636517eca2e0106fb09ca37489a239d13fa2fae78cab093a3793a002.jpg,1,jpeg_70,0.47247764468193054
data/corpus_smoke/images/Gemini-nano-banana/58/588a0399636517eca2e0106fb09ca37489a239d13fa2fae78cab093a3793a002.jpg,1,jpeg_50,0.4830552041530609
data/corpus_smoke/images/Gemini-nano-banana/58/588a0399636517eca2e0106fb09ca37489a239d13fa2fae78cab093a3793a002.jpg,1,jpeg_30,0.4854256808757782
data/corpus_smoke/images/Gemini-nano-banana/58/588a0399636517eca2e0106fb09ca37489a239d13fa2fae78cab093a3793a002.jpg,1,blur_0.5,0.4501250684261322
data/corpus_smoke/images/Gemini-nano-banana/58/588a0399636517eca2e0106fb09ca37489a239d13fa2fae78cab093a3793a002.jpg,1,blur_1.0,0.4439939260482788
data/corpus_smoke/images/Gemini-nano-banana/58/588a0399636517eca2e0106fb09ca37489a239d13fa2fae78cab093a3793a002.jpg,1,blur_2.0,0.4479062259197235
data/corpus_smoke/images/Gemini-nano-banana/58/588a0399636517eca2e0106fb09ca37489a239d13fa2fae78cab093a3793a002.jpg,1,resize_0.5,0.4411209225654602
data/corpus_smoke/images/Gemini-nano-banana/58/588a0399636517eca2e0106fb09ca37489a239d13fa2fae78cab093a3793a002.jpg,1,resize_0.25,0.4420947730541229
data/corpus_smoke/images/Gemini-nano-banana/58/588a0399636517eca2e0106fb09ca37489a239d13fa2fae78cab093a3793a002.jpg,1,noise_0.02,0.4817262291908264
data/corpus_smoke/images/Gemini-nano-banana/58/588a0399636517eca2e0106fb09ca37489a239d13fa2fae78cab093a3793a002.jpg,1,noise_0.05,0.4706020653247833
data/corpus_smoke/images/Gemini-nano-banana/58/588a0399636517eca2e0106fb09ca37489a239d13fa2fae78cab093a3793a002.jpg,1,noise_0.1,0.4654213786125183
data/corpus_smoke/images/Gemini-nano-banana/58/588a0399636517eca2e0106fb09ca37489a239d13fa2fae78cab093a3793a002.jpg,1,jitter_0.2,0.4557265639305115
data/corpus_smoke/images/Gemini-nano-banana/58/588a0399636517eca2e0106fb09ca37489a239d13fa2fae78cab093a3793a002.jpg,1,center_crop_0.8,0.454789400100708
data/corpus_smoke/images/Gemini-nano-banana/58/588a0399636517eca2e0106fb09ca37489a239d13fa2fae78cab093a3793a002.jpg,1,composed_blur1.0+jpeg70,0.4753979444503784
data/corpus_smoke/images/Gemini-nano-banana/58/588a0399636517eca2e0106fb09ca37489a239d13fa2fae78cab093a3793a002.jpg,1,composed_resize0.5+jpeg50,0.4793510138988495
data/corpus_smoke/images/Gemini-nano-banana/58/588a0399636517eca2e0106fb09ca37489a239d13fa2fae78cab093a3793a002.jpg,1,composed_jitter0.2+jpeg30,0.48892319202423096
data/corpus_smoke/images/Gemini-nano-banana/58/588a0399636517eca2e0106fb09ca37489a239d13fa2fae78cab093a3793a002.jpg,1,composed_resize0.25+blur0.5+jpeg30,0.46961599588394165
data/corpus_smoke/images/Gemini-nano-banana/f2/f213b2ada320861cf80044dd8043adb670dd7f503ec6687a34ad33bb4844a5d8.jpg,1,clean,0.4256628751754761
data/corpus_smoke/images/Gemini-nano-banana/f2/f213b2ada320861cf80044dd8043adb670dd7f503ec6687a34ad33bb4844a5d8.jpg,1,jpeg_90,0.4435632526874542
data/corpus_smoke/images/Gemini-nano-banana/f2/f213b2ada320861cf80044dd8043adb670dd7f503ec6687a34ad33bb4844a5d8.jpg,1,jpeg_70,0.4474326968193054
data/corpus_smoke/images/Gemini-nano-banana/f2/f213b2ada320861cf80044dd8043adb670dd7f503ec6687a34ad33bb4844a5d8.jpg,1,jpeg_50,0.44763103127479553
data/corpus_smoke/images/Gemini-nano-banana/f2/f213b2ada320861cf80044dd8043adb670dd7f503ec6687a34ad33bb4844a5d8.jpg,1,jpeg_30,0.45956656336784363
data/corpus_smoke/images/Gemini-nano-banana/f2/f213b2ada320861cf80044dd8043adb670dd7f503ec6687a34ad33bb4844a5d8.jpg,1,blur_0.5,0.42348983883857727
data/corpus_smoke/images/Gemini-nano-banana/f2/f213b2ada320861cf80044dd8043adb670dd7f503ec6687a34ad33bb4844a5d8.jpg,1,blur_1.0,0.4248870611190796
data/corpus_smoke/images/Gemini-nano-banana/f2/f213b2ada320861cf80044dd8043adb670dd7f503ec6687a34ad33bb4844a5d8.jpg,1,blur_2.0,0.4257086217403412
data/corpus_smoke/images/Gemini-nano-banana/f2/f213b2ada320861cf80044dd8043adb670dd7f503ec6687a34ad33bb4844a5d8.jpg,1,resize_0.5,0.42426326870918274
data/corpus_smoke/images/Gemini-nano-banana/f2/f213b2ada320861cf80044dd8043adb670dd7f503ec6687a34ad33bb4844a5d8.jpg,1,resize_0.25,0.4222870171070099
data/corpus_smoke/images/Gemini-nano-banana/f2/f213b2ada320861cf80044dd8043adb670dd7f503ec6687a34ad33bb4844a5d8.jpg,1,noise_0.02,0.4432995021343231
data/corpus_smoke/images/Gemini-nano-banana/f2/f213b2ada320861cf80044dd8043adb670dd7f503ec6687a34ad33bb4844a5d8.jpg,1,noise_0.05,0.4378781318664551
data/corpus_smoke/images/Gemini-nano-banana/f2/f213b2ada320861cf80044dd8043adb670dd7f503ec6687a34ad33bb4844a5d8.jpg,1,noise_0.1,0.4324750602245331
data/corpus_smoke/images/Gemini-nano-banana/f2/f213b2ada320861cf80044dd8043adb670dd7f503ec6687a34ad33bb4844a5d8.jpg,1,jitter_0.2,0.4396204948425293
data/corpus_smoke/images/Gemini-nano-banana/f2/f213b2ada320861cf80044dd8043adb670dd7f503ec6687a34ad33bb4844a5d8.jpg,1,center_crop_0.8,0.4367637634277344
data/corpus_smoke/images/Gemini-nano-banana/f2/f213b2ada320861cf80044dd8043adb670dd7f503ec6687a34ad33bb4844a5d8.jpg,1,composed_blur1.0+jpeg70,0.4415733516216278
data/corpus_smoke/images/Gemini-nano-banana/f2/f213b2ada320861cf80044dd8043adb670dd7f503ec6687a34ad33bb4844a5d8.jpg,1,composed_resize0.5+jpeg50,0.44100669026374817
data/corpus_smoke/images/Gemini-nano-banana/f2/f213b2ada320861cf80044dd8043adb670dd7f503ec6687a34ad33bb4844a5d8.jpg,1,composed_jitter0.2+jpeg30,0.4665399193763733
data/corpus_smoke/images/Gemini-nano-banana/f2/f213b2ada320861cf80044dd8043adb670dd7f503ec6687a34ad33bb4844a5d8.jpg,1,composed_resize0.25+blur0.5+jpeg30,0.4431261122226715
data/corpus_smoke/images/Gemini-nano-banana/1d/1ddbfc4bff7ae4ca02fb500711b06a25ff6141d32629269bdec054ddd3b2360a.jpg,1,clean,0.3891561031341553
data/corpus_smoke/images/Gemini-nano-banana/1d/1ddbfc4bff7ae4ca02fb500711b06a25ff6141d32629269bdec054ddd3b2360a.jpg,1,jpeg_90,0.395734041929245
data/corpus_smoke/images/Gemini-nano-banana/1d/1ddbfc4bff7ae4ca02fb500711b06a25ff6141d32629269bdec054ddd3b2360a.jpg,1,jpeg_70,0.4067462980747223
data/corpus_smoke/images/Gemini-nano-banana/1d/1ddbfc4bff7ae4ca02fb500711b06a25ff6141d32629269bdec054ddd3b2360a.jpg,1,jpeg_50,0.4149199426174164
data/corpus_smoke/images/Gemini-nano-banana/1d/1ddbfc4bff7ae4ca02fb500711b06a25ff6141d32629269bdec054ddd3b2360a.jpg,1,jpeg_30,0.4183111786842346
data/corpus_smoke/images/Gemini-nano-banana/1d/1ddbfc4bff7ae4ca02fb500711b06a25ff6141d32629269bdec054ddd3b2360a.jpg,1,blur_0.5,0.38831180334091187
data/corpus_smoke/images/Gemini-nano-banana/1d/1ddbfc4bff7ae4ca02fb500711b06a25ff6141d32629269bdec054ddd3b2360a.jpg,1,blur_1.0,0.38448452949523926
data/corpus_smoke/images/Gemini-nano-banana/1d/1ddbfc4bff7ae4ca02fb500711b06a25ff6141d32629269bdec054ddd3b2360a.jpg,1,blur_2.0,0.3836107552051544
data/corpus_smoke/images/Gemini-nano-banana/1d/1ddbfc4bff7ae4ca02fb500711b06a25ff6141d32629269bdec054ddd3b2360a.jpg,1,resize_0.5,0.3866756558418274
data/corpus_smoke/images/Gemini-nano-banana/1d/1ddbfc4bff7ae4ca02fb500711b06a25ff6141d32629269bdec054ddd3b2360a.jpg,1,resize_0.25,0.3805454671382904
data/corpus_smoke/images/Gemini-nano-banana/1d/1ddbfc4bff7ae4ca02fb500711b06a25ff6141d32629269bdec054ddd3b2360a.jpg,1,noise_0.02,0.4057258665561676
data/corpus_smoke/images/Gemini-nano-banana/1d/1ddbfc4bff7ae4ca02fb500711b06a25ff6141d32629269bdec054ddd3b2360a.jpg,1,noise_0.05,0.3955681025981903
data/corpus_smoke/images/Gemini-nano-banana/1d/1ddbfc4bff7ae4ca02fb500711b06a25ff6141d32629269bdec054ddd3b2360a.jpg,1,noise_0.1,0.4000278413295746
data/corpus_smoke/images/Gemini-nano-banana/1d/1ddbfc4bff7ae4ca02fb500711b06a25ff6141d32629269bdec054ddd3b2360a.jpg,1,jitter_0.2,0.3969786763191223
data/corpus_smoke/images/Gemini-nano-banana/1d/1ddbfc4bff7ae4ca02fb500711b06a25ff6141d32629269bdec054ddd3b2360a.jpg,1,center_crop_0.8,0.38612914085388184
data/corpus_smoke/images/Gemini-nano-banana/1d/1ddbfc4bff7ae4ca02fb500711b06a25ff6141d32629269bdec054ddd3b2360a.jpg,1,composed_blur1.0+jpeg70,0.40287524461746216
data/corpus_smoke/images/Gemini-nano-banana/1d/1ddbfc4bff7ae4ca02fb500711b06a25ff6141d32629269bdec054ddd3b2360a.jpg,1,composed_resize0.5+jpeg50,0.40461528301239014
data/corpus_smoke/images/Gemini-nano-banana/1d/1ddbfc4bff7ae4ca02fb500711b06a25ff6141d32629269bdec054ddd3b2360a.jpg,1,composed_jitter0.2+jpeg30,0.4263407588005066
data/corpus_smoke/images/Gemini-nano-banana/1d/1ddbfc4bff7ae4ca02fb500711b06a25ff6141d32629269bdec054ddd3b2360a.jpg,1,composed_resize0.25+blur0.5+jpeg30,0.40973493456840515
data/corpus_smoke/images/Gemini-nano-banana/67/67823e4a9fc6ba48ed8fa0a0bf50a150b647de82ff978e2de467e5f741ef8932.jpg,1,clean,0.4633510708808899
data/corpus_smoke/images/Gemini-nano-banana/67/67823e4a9fc6ba48ed8fa0a0bf50a150b647de82ff978e2de467e5f741ef8932.jpg,1,jpeg_90,0.47028690576553345
data/corpus_smoke/images/Gemini-nano-banana/67/67823e4a9fc6ba48ed8fa0a0bf50a150b647de82ff978e2de467e5f741ef8932.jpg,1,jpeg_70,0.47347620129585266
data/corpus_smoke/images/Gemini-nano-banana/67/67823e4a9fc6ba48ed8fa0a0bf50a150b647de82ff978e2de467e5f741ef8932.jpg,1,jpeg_50,0.48347002267837524
data/corpus_smoke/images/Gemini-nano-banana/67/67823e4a9fc6ba48ed8fa0a0bf50a150b647de82ff978e2de467e5f741ef8932.jpg,1,jpeg_30,0.46690231561660767
data/corpus_smoke/images/Gemini-nano-banana/67/67823e4a9fc6ba48ed8fa0a0bf50a150b647de82ff978e2de467e5f741ef8932.jpg,1,blur_0.5,0.4643145203590393
data/corpus_smoke/images/Gemini-nano-banana/67/67823e4a9fc6ba48ed8fa0a0bf50a150b647de82ff978e2de467e5f741ef8932.jpg,1,blur_1.0,0.4607056677341461
data/corpus_smoke/images/Gemini-nano-banana/67/67823e4a9fc6ba48ed8fa0a0bf50a150b647de82ff978e2de467e5f741ef8932.jpg,1,blur_2.0,0.45421597361564636
data/corpus_smoke/images/Gemini-nano-banana/67/67823e4a9fc6ba48ed8fa0a0bf50a150b647de82ff978e2de467e5f741ef8932.jpg,1,resize_0.5,0.4547313153743744
data/corpus_smoke/images/Gemini-nano-banana/67/67823e4a9fc6ba48ed8fa0a0bf50a150b647de82ff978e2de467e5f741ef8932.jpg,1,resize_0.25,0.4568887948989868
data/corpus_smoke/images/Gemini-nano-banana/67/67823e4a9fc6ba48ed8fa0a0bf50a150b647de82ff978e2de467e5f741ef8932.jpg,1,noise_0.02,0.4697068929672241
data/corpus_smoke/images/Gemini-nano-banana/67/67823e4a9fc6ba48ed8fa0a0bf50a150b647de82ff978e2de467e5f741ef8932.jpg,1,noise_0.05,0.44565969705581665
data/corpus_smoke/images/Gemini-nano-banana/67/67823e4a9fc6ba48ed8fa0a0bf50a150b647de82ff978e2de467e5f741ef8932.jpg,1,noise_0.1,0.43769752979278564
data/corpus_smoke/images/Gemini-nano-banana/67/67823e4a9fc6ba48ed8fa0a0bf50a150b647de82ff978e2de467e5f741ef8932.jpg,1,jitter_0.2,0.4661252498626709
data/corpus_smoke/images/Gemini-nano-banana/67/67823e4a9fc6ba48ed8fa0a0bf50a150b647de82ff978e2de467e5f741ef8932.jpg,1,center_crop_0.8,0.4672713577747345
data/corpus_smoke/images/Gemini-nano-banana/67/67823e4a9fc6ba48ed8fa0a0bf50a150b647de82ff978e2de467e5f741ef8932.jpg,1,composed_blur1.0+jpeg70,0.46991971135139465
data/corpus_smoke/images/Gemini-nano-banana/67/67823e4a9fc6ba48ed8fa0a0bf50a150b647de82ff978e2de467e5f741ef8932.jpg,1,composed_resize0.5+jpeg50,0.46577781438827515
data/corpus_smoke/images/Gemini-nano-banana/67/67823e4a9fc6ba48ed8fa0a0bf50a150b647de82ff978e2de467e5f741ef8932.jpg,1,composed_jitter0.2+jpeg30,0.4699917435646057
data/corpus_smoke/images/Gemini-nano-banana/67/67823e4a9fc6ba48ed8fa0a0bf50a150b647de82ff978e2de467e5f741ef8932.jpg,1,composed_resize0.25+blur0.5+jpeg30,0.4588319957256317
data/corpus_smoke/images/Unsplash/a2/a29f3a930c50d80d78aab52cfd7b4f9a5aaa0171fd471a1144464a09654a295c.jpg,0,clean,0.4101850390434265
data/corpus_smoke/images/Unsplash/a2/a29f3a930c50d80d78aab52cfd7b4f9a5aaa0171fd471a1144464a09654a295c.jpg,0,jpeg_90,0.41203799843788147
data/corpus_smoke/images/Unsplash/a2/a29f3a930c50d80d78aab52cfd7b4f9a5aaa0171fd471a1144464a09654a295c.jpg,0,jpeg_70,0.4251747131347656
data/corpus_smoke/images/Unsplash/a2/a29f3a930c50d80d78aab52cfd7b4f9a5aaa0171fd471a1144464a09654a295c.jpg,0,jpeg_50,0.4309917986392975
data/corpus_smoke/images/Unsplash/a2/a29f3a930c50d80d78aab52cfd7b4f9a5aaa0171fd471a1144464a09654a295c.jpg,0,jpeg_30,0.42396804690361023
data/corpus_smoke/images/Unsplash/a2/a29f3a930c50d80d78aab52cfd7b4f9a5aaa0171fd471a1144464a09654a295c.jpg,0,blur_0.5,0.4095097780227661
data/corpus_smoke/images/Unsplash/a2/a29f3a930c50d80d78aab52cfd7b4f9a5aaa0171fd471a1144464a09654a295c.jpg,0,blur_1.0,0.4053729474544525
data/corpus_smoke/images/Unsplash/a2/a29f3a930c50d80d78aab52cfd7b4f9a5aaa0171fd471a1144464a09654a295c.jpg,0,blur_2.0,0.4100346565246582
data/corpus_smoke/images/Unsplash/a2/a29f3a930c50d80d78aab52cfd7b4f9a5aaa0171fd471a1144464a09654a295c.jpg,0,resize_0.5,0.402435302734375
data/corpus_smoke/images/Unsplash/a2/a29f3a930c50d80d78aab52cfd7b4f9a5aaa0171fd471a1144464a09654a295c.jpg,0,resize_0.25,0.4093703031539917
data/corpus_smoke/images/Unsplash/a2/a29f3a930c50d80d78aab52cfd7b4f9a5aaa0171fd471a1144464a09654a295c.jpg,0,noise_0.02,0.43280506134033203
data/corpus_smoke/images/Unsplash/a2/a29f3a930c50d80d78aab52cfd7b4f9a5aaa0171fd471a1144464a09654a295c.jpg,0,noise_0.05,0.44721972942352295
data/corpus_smoke/images/Unsplash/a2/a29f3a930c50d80d78aab52cfd7b4f9a5aaa0171fd471a1144464a09654a295c.jpg,0,noise_0.1,0.4474303722381592
data/corpus_smoke/images/Unsplash/a2/a29f3a930c50d80d78aab52cfd7b4f9a5aaa0171fd471a1144464a09654a295c.jpg,0,jitter_0.2,0.4112261235713959
data/corpus_smoke/images/Unsplash/a2/a29f3a930c50d80d78aab52cfd7b4f9a5aaa0171fd471a1144464a09654a295c.jpg,0,center_crop_0.8,0.41643571853637695
data/corpus_smoke/images/Unsplash/a2/a29f3a930c50d80d78aab52cfd7b4f9a5aaa0171fd471a1144464a09654a295c.jpg,0,composed_blur1.0+jpeg70,0.42031216621398926
data/corpus_smoke/images/Unsplash/a2/a29f3a930c50d80d78aab52cfd7b4f9a5aaa0171fd471a1144464a09654a295c.jpg,0,composed_resize0.5+jpeg50,0.42766448855400085
data/corpus_smoke/images/Unsplash/a2/a29f3a930c50d80d78aab52cfd7b4f9a5aaa0171fd471a1144464a09654a295c.jpg,0,composed_jitter0.2+jpeg30,0.42739298939704895
data/corpus_smoke/images/Unsplash/a2/a29f3a930c50d80d78aab52cfd7b4f9a5aaa0171fd471a1144464a09654a295c.jpg,0,composed_resize0.25+blur0.5+jpeg30,0.42208564281463623
data/corpus_smoke/images/Unsplash/38/3894f03176d3f32c879b5da73b0c6f1961358ac22f79808633d7be5e001ee60d.jpg,0,clean,0.406472384929657
data/corpus_smoke/images/Unsplash/38/3894f03176d3f32c879b5da73b0c6f1961358ac22f79808633d7be5e001ee60d.jpg,0,jpeg_90,0.4273194968700409
data/corpus_smoke/images/Unsplash/38/3894f03176d3f32c879b5da73b0c6f1961358ac22f79808633d7be5e001ee60d.jpg,0,jpeg_70,0.4321715831756592
data/corpus_smoke/images/Unsplash/38/3894f03176d3f32c879b5da73b0c6f1961358ac22f79808633d7be5e001ee60d.jpg,0,jpeg_50,0.41723039746284485
data/corpus_smoke/images/Unsplash/38/3894f03176d3f32c879b5da73b0c6f1961358ac22f79808633d7be5e001ee60d.jpg,0,jpeg_30,0.4079258441925049
data/corpus_smoke/images/Unsplash/38/3894f03176d3f32c879b5da73b0c6f1961358ac22f79808633d7be5e001ee60d.jpg,0,blur_0.5,0.40631574392318726
data/corpus_smoke/images/Unsplash/38/3894f03176d3f32c879b5da73b0c6f1961358ac22f79808633d7be5e001ee60d.jpg,0,blur_1.0,0.3970220386981964
data/corpus_smoke/images/Unsplash/38/3894f03176d3f32c879b5da73b0c6f1961358ac22f79808633d7be5e001ee60d.jpg,0,blur_2.0,0.39377298951148987
data/corpus_smoke/images/Unsplash/38/3894f03176d3f32c879b5da73b0c6f1961358ac22f79808633d7be5e001ee60d.jpg,0,resize_0.5,0.39517778158187866
data/corpus_smoke/images/Unsplash/38/3894f03176d3f32c879b5da73b0c6f1961358ac22f79808633d7be5e001ee60d.jpg,0,resize_0.25,0.39605963230133057
data/corpus_smoke/images/Unsplash/38/3894f03176d3f32c879b5da73b0c6f1961358ac22f79808633d7be5e001ee60d.jpg,0,noise_0.02,0.425502747297287
data/corpus_smoke/images/Unsplash/38/3894f03176d3f32c879b5da73b0c6f1961358ac22f79808633d7be5e001ee60d.jpg,0,noise_0.05,0.41589412093162537
data/corpus_smoke/images/Unsplash/38/3894f03176d3f32c879b5da73b0c6f1961358ac22f79808633d7be5e001ee60d.jpg,0,noise_0.1,0.4136819541454315
data/corpus_smoke/images/Unsplash/38/3894f03176d3f32c879b5da73b0c6f1961358ac22f79808633d7be5e001ee60d.jpg,0,jitter_0.2,0.4023006856441498
data/corpus_smoke/images/Unsplash/38/3894f03176d3f32c879b5da73b0c6f1961358ac22f79808633d7be5e001ee60d.jpg,0,center_crop_0.8,0.40547382831573486
data/corpus_smoke/images/Unsplash/38/3894f03176d3f32c879b5da73b0c6f1961358ac22f79808633d7be5e001ee60d.jpg,0,composed_blur1.0+jpeg70,0.42688626050949097
data/corpus_smoke/images/Unsplash/38/3894f03176d3f32c879b5da73b0c6f1961358ac22f79808633d7be5e001ee60d.jpg,0,composed_resize0.5+jpeg50,0.4098883271217346
data/corpus_smoke/images/Unsplash/38/3894f03176d3f32c879b5da73b0c6f1961358ac22f79808633d7be5e001ee60d.jpg,0,composed_jitter0.2+jpeg30,0.4118598401546478
data/corpus_smoke/images/Unsplash/38/3894f03176d3f32c879b5da73b0c6f1961358ac22f79808633d7be5e001ee60d.jpg,0,composed_resize0.25+blur0.5+jpeg30,0.41462013125419617
data/corpus_smoke/images/Unsplash/fc/fc279086d1e22eddc580f8d0657719d57942169a0e47dac061f725cbd984d1ce.jpg,0,clean,0.4135498106479645
data/corpus_smoke/images/Unsplash/fc/fc279086d1e22eddc580f8d0657719d57942169a0e47dac061f725cbd984d1ce.jpg,0,jpeg_90,0.41349929571151733
data/corpus_smoke/images/Unsplash/fc/fc279086d1e22eddc580f8d0657719d57942169a0e47dac061f725cbd984d1ce.jpg,0,jpeg_70,0.41964349150657654
data/corpus_smoke/images/Unsplash/fc/fc279086d1e22eddc580f8d0657719d57942169a0e47dac061f725cbd984d1ce.jpg,0,jpeg_50,0.42374172806739807
data/corpus_smoke/images/Unsplash/fc/fc279086d1e22eddc580f8d0657719d57942169a0e47dac061f725cbd984d1ce.jpg,0,jpeg_30,0.43201661109924316
data/corpus_smoke/images/Unsplash/fc/fc279086d1e22eddc580f8d0657719d57942169a0e47dac061f725cbd984d1ce.jpg,0,blur_0.5,0.41375023126602173
data/corpus_smoke/images/Unsplash/fc/fc279086d1e22eddc580f8d0657719d57942169a0e47dac061f725cbd984d1ce.jpg,0,blur_1.0,0.41527071595191956
data/corpus_smoke/images/Unsplash/fc/fc279086d1e22eddc580f8d0657719d57942169a0e47dac061f725cbd984d1ce.jpg,0,blur_2.0,0.4118208587169647
data/corpus_smoke/images/Unsplash/fc/fc279086d1e22eddc580f8d0657719d57942169a0e47dac061f725cbd984d1ce.jpg,0,resize_0.5,0.418271541595459
data/corpus_smoke/images/Unsplash/fc/fc279086d1e22eddc580f8d0657719d57942169a0e47dac061f725cbd984d1ce.jpg,0,resize_0.25,0.4122766852378845
data/corpus_smoke/images/Unsplash/fc/fc279086d1e22eddc580f8d0657719d57942169a0e47dac061f725cbd984d1ce.jpg,0,noise_0.02,0.4270332157611847
data/corpus_smoke/images/Unsplash/fc/fc279086d1e22eddc580f8d0657719d57942169a0e47dac061f725cbd984d1ce.jpg,0,noise_0.05,0.4322666823863983
data/corpus_smoke/images/Unsplash/fc/fc279086d1e22eddc580f8d0657719d57942169a0e47dac061f725cbd984d1ce.jpg,0,noise_0.1,0.4258778393268585
data/corpus_smoke/images/Unsplash/fc/fc279086d1e22eddc580f8d0657719d57942169a0e47dac061f725cbd984d1ce.jpg,0,jitter_0.2,0.421028196811676
data/corpus_smoke/images/Unsplash/fc/fc279086d1e22eddc580f8d0657719d57942169a0e47dac061f725cbd984d1ce.jpg,0,center_crop_0.8,0.41645434498786926
data/corpus_smoke/images/Unsplash/fc/fc279086d1e22eddc580f8d0657719d57942169a0e47dac061f725cbd984d1ce.jpg,0,composed_blur1.0+jpeg70,0.41976428031921387
data/corpus_smoke/images/Unsplash/fc/fc279086d1e22eddc580f8d0657719d57942169a0e47dac061f725cbd984d1ce.jpg,0,composed_resize0.5+jpeg50,0.42238712310791016
data/corpus_smoke/images/Unsplash/fc/fc279086d1e22eddc580f8d0657719d57942169a0e47dac061f725cbd984d1ce.jpg,0,composed_jitter0.2+jpeg30,0.4418751001358032
data/corpus_smoke/images/Unsplash/fc/fc279086d1e22eddc580f8d0657719d57942169a0e47dac061f725cbd984d1ce.jpg,0,composed_resize0.25+blur0.5+jpeg30,0.42219701409339905
data/corpus_smoke/images/Unsplash/f3/f3a458f20cd3430462645858186539e3084d5da18259311d783283ed3d951583.jpg,0,clean,0.39621788263320923
data/corpus_smoke/images/Unsplash/f3/f3a458f20cd3430462645858186539e3084d5da18259311d783283ed3d951583.jpg,0,jpeg_90,0.3964209258556366
data/corpus_smoke/images/Unsplash/f3/f3a458f20cd3430462645858186539e3084d5da18259311d783283ed3d951583.jpg,0,jpeg_70,0.4095895290374756
data/corpus_smoke/images/Unsplash/f3/f3a458f20cd3430462645858186539e3084d5da18259311d783283ed3d951583.jpg,0,jpeg_50,0.40536361932754517
data/corpus_smoke/images/Unsplash/f3/f3a458f20cd3430462645858186539e3084d5da18259311d783283ed3d951583.jpg,0,jpeg_30,0.40941283106803894
data/corpus_smoke/images/Unsplash/f3/f3a458f20cd3430462645858186539e3084d5da18259311d783283ed3d951583.jpg,0,blur_0.5,0.39320802688598633
data/corpus_smoke/images/Unsplash/f3/f3a458f20cd3430462645858186539e3084d5da18259311d783283ed3d951583.jpg,0,blur_1.0,0.38634106516838074
data/corpus_smoke/images/Unsplash/f3/f3a458f20cd3430462645858186539e3084d5da18259311d783283ed3d951583.jpg,0,blur_2.0,0.39128923416137695
data/corpus_smoke/images/Unsplash/f3/f3a458f20cd3430462645858186539e3084d5da18259311d783283ed3d951583.jpg,0,resize_0.5,0.3902098834514618
data/corpus_smoke/images/Unsplash/f3/f3a458f20cd3430462645858186539e3084d5da18259311d783283ed3d951583.jpg,0,resize_0.25,0.39265817403793335
data/corpus_smoke/images/Unsplash/f3/f3a458f20cd3430462645858186539e3084d5da18259311d783283ed3d951583.jpg,0,noise_0.02,0.4024830162525177
data/corpus_smoke/images/Unsplash/f3/f3a458f20cd3430462645858186539e3084d5da18259311d783283ed3d951583.jpg,0,noise_0.05,0.40102463960647583
data/corpus_smoke/images/Unsplash/f3/f3a458f20cd3430462645858186539e3084d5da18259311d783283ed3d951583.jpg,0,noise_0.1,0.4048232138156891
data/corpus_smoke/images/Unsplash/f3/f3a458f20cd3430462645858186539e3084d5da18259311d783283ed3d951583.jpg,0,jitter_0.2,0.3994913101196289
data/corpus_smoke/images/Unsplash/f3/f3a458f20cd3430462645858186539e3084d5da18259311d783283ed3d951583.jpg,0,center_crop_0.8,0.39316338300704956
data/corpus_smoke/images/Unsplash/f3/f3a458f20cd3430462645858186539e3084d5da18259311d783283ed3d951583.jpg,0,composed_blur1.0+jpeg70,0.40430039167404175
data/corpus_smoke/images/Unsplash/f3/f3a458f20cd3430462645858186539e3084d5da18259311d783283ed3d951583.jpg,0,composed_resize0.5+jpeg50,0.402081698179245
data/corpus_smoke/images/Unsplash/f3/f3a458f20cd3430462645858186539e3084d5da18259311d783283ed3d951583.jpg,0,composed_jitter0.2+jpeg30,0.4120028614997864
data/corpus_smoke/images/Unsplash/f3/f3a458f20cd3430462645858186539e3084d5da18259311d783283ed3d951583.jpg,0,composed_resize0.25+blur0.5+jpeg30,0.4112268090248108
data/corpus_smoke/images/Unsplash/08/0885809cb1a73f5ef50c719488c91bae48ec321b9a3dbc337b66e1e643aed6b0.jpg,0,clean,0.38516873121261597
data/corpus_smoke/images/Unsplash/08/0885809cb1a73f5ef50c719488c91bae48ec321b9a3dbc337b66e1e643aed6b0.jpg,0,jpeg_90,0.3909454941749573
data/corpus_smoke/images/Unsplash/08/0885809cb1a73f5ef50c719488c91bae48ec321b9a3dbc337b66e1e643aed6b0.jpg,0,jpeg_70,0.3960272967815399
data/corpus_smoke/images/Unsplash/08/0885809cb1a73f5ef50c719488c91bae48ec321b9a3dbc337b66e1e643aed6b0.jpg,0,jpeg_50,0.40148743987083435
data/corpus_smoke/images/Unsplash/08/0885809cb1a73f5ef50c719488c91bae48ec321b9a3dbc337b66e1e643aed6b0.jpg,0,jpeg_30,0.4155915379524231
data/corpus_smoke/images/Unsplash/08/0885809cb1a73f5ef50c719488c91bae48ec321b9a3dbc337b66e1e643aed6b0.jpg,0,blur_0.5,0.38546156883239746
data/corpus_smoke/images/Unsplash/08/0885809cb1a73f5ef50c719488c91bae48ec321b9a3dbc337b66e1e643aed6b0.jpg,0,blur_1.0,0.38265755772590637
data/corpus_smoke/images/Unsplash/08/0885809cb1a73f5ef50c719488c91bae48ec321b9a3dbc337b66e1e643aed6b0.jpg,0,blur_2.0,0.38250821828842163
data/corpus_smoke/images/Unsplash/08/0885809cb1a73f5ef50c719488c91bae48ec321b9a3dbc337b66e1e643aed6b0.jpg,0,resize_0.5,0.3844680190086365
data/corpus_smoke/images/Unsplash/08/0885809cb1a73f5ef50c719488c91bae48ec321b9a3dbc337b66e1e643aed6b0.jpg,0,resize_0.25,0.38288819789886475
data/corpus_smoke/images/Unsplash/08/0885809cb1a73f5ef50c719488c91bae48ec321b9a3dbc337b66e1e643aed6b0.jpg,0,noise_0.02,0.4097677171230316
data/corpus_smoke/images/Unsplash/08/0885809cb1a73f5ef50c719488c91bae48ec321b9a3dbc337b66e1e643aed6b0.jpg,0,noise_0.05,0.41044750809669495
data/corpus_smoke/images/Unsplash/08/0885809cb1a73f5ef50c719488c91bae48ec321b9a3dbc337b66e1e643aed6b0.jpg,0,noise_0.1,0.4074465334415436
data/corpus_smoke/images/Unsplash/08/0885809cb1a73f5ef50c719488c91bae48ec321b9a3dbc337b66e1e643aed6b0.jpg,0,jitter_0.2,0.3972187936306
data/corpus_smoke/images/Unsplash/08/0885809cb1a73f5ef50c719488c91bae48ec321b9a3dbc337b66e1e643aed6b0.jpg,0,center_crop_0.8,0.37896156311035156
data/corpus_smoke/images/Unsplash/08/0885809cb1a73f5ef50c719488c91bae48ec321b9a3dbc337b66e1e643aed6b0.jpg,0,composed_blur1.0+jpeg70,0.39004045724868774
data/corpus_smoke/images/Unsplash/08/0885809cb1a73f5ef50c719488c91bae48ec321b9a3dbc337b66e1e643aed6b0.jpg,0,composed_resize0.5+jpeg50,0.39389878511428833
data/corpus_smoke/images/Unsplash/08/0885809cb1a73f5ef50c719488c91bae48ec321b9a3dbc337b66e1e643aed6b0.jpg,0,composed_jitter0.2+jpeg30,0.41708123683929443
data/corpus_smoke/images/Unsplash/08/0885809cb1a73f5ef50c719488c91bae48ec321b9a3dbc337b66e1e643aed6b0.jpg,0,composed_resize0.25+blur0.5+jpeg30,0.41542017459869385
data/corpus_smoke/images/Unsplash/f9/f99d3c9cdc35ba2f8b5e58d4e4a09b6a2e6a324cca3371b4ae3e956abf53041b.jpg,0,clean,0.4147759974002838
data/corpus_smoke/images/Unsplash/f9/f99d3c9cdc35ba2f8b5e58d4e4a09b6a2e6a324cca3371b4ae3e956abf53041b.jpg,0,jpeg_90,0.4162995219230652
data/corpus_smoke/images/Unsplash/f9/f99d3c9cdc35ba2f8b5e58d4e4a09b6a2e6a324cca3371b4ae3e956abf53041b.jpg,0,jpeg_70,0.43140900135040283
data/corpus_smoke/images/Unsplash/f9/f99d3c9cdc35ba2f8b5e58d4e4a09b6a2e6a324cca3371b4ae3e956abf53041b.jpg,0,jpeg_50,0.4261392056941986
data/corpus_smoke/images/Unsplash/f9/f99d3c9cdc35ba2f8b5e58d4e4a09b6a2e6a324cca3371b4ae3e956abf53041b.jpg,0,jpeg_30,0.4332663416862488
data/corpus_smoke/images/Unsplash/f9/f99d3c9cdc35ba2f8b5e58d4e4a09b6a2e6a324cca3371b4ae3e956abf53041b.jpg,0,blur_0.5,0.4143385887145996
data/corpus_smoke/images/Unsplash/f9/f99d3c9cdc35ba2f8b5e58d4e4a09b6a2e6a324cca3371b4ae3e956abf53041b.jpg,0,blur_1.0,0.4089326858520508
data/corpus_smoke/images/Unsplash/f9/f99d3c9cdc35ba2f8b5e58d4e4a09b6a2e6a324cca3371b4ae3e956abf53041b.jpg,0,blur_2.0,0.4115191102027893
data/corpus_smoke/images/Unsplash/f9/f99d3c9cdc35ba2f8b5e58d4e4a09b6a2e6a324cca3371b4ae3e956abf53041b.jpg,0,resize_0.5,0.4149673879146576
data/corpus_smoke/images/Unsplash/f9/f99d3c9cdc35ba2f8b5e58d4e4a09b6a2e6a324cca3371b4ae3e956abf53041b.jpg,0,resize_0.25,0.4163166880607605
data/corpus_smoke/images/Unsplash/f9/f99d3c9cdc35ba2f8b5e58d4e4a09b6a2e6a324cca3371b4ae3e956abf53041b.jpg,0,noise_0.02,0.4234161078929901
data/corpus_smoke/images/Unsplash/f9/f99d3c9cdc35ba2f8b5e58d4e4a09b6a2e6a324cca3371b4ae3e956abf53041b.jpg,0,noise_0.05,0.4237506091594696
data/corpus_smoke/images/Unsplash/f9/f99d3c9cdc35ba2f8b5e58d4e4a09b6a2e6a324cca3371b4ae3e956abf53041b.jpg,0,noise_0.1,0.4237697124481201
data/corpus_smoke/images/Unsplash/f9/f99d3c9cdc35ba2f8b5e58d4e4a09b6a2e6a324cca3371b4ae3e956abf53041b.jpg,0,jitter_0.2,0.42381423711776733
data/corpus_smoke/images/Unsplash/f9/f99d3c9cdc35ba2f8b5e58d4e4a09b6a2e6a324cca3371b4ae3e956abf53041b.jpg,0,center_crop_0.8,0.41802549362182617
data/corpus_smoke/images/Unsplash/f9/f99d3c9cdc35ba2f8b5e58d4e4a09b6a2e6a324cca3371b4ae3e956abf53041b.jpg,0,composed_blur1.0+jpeg70,0.4261980354785919
data/corpus_smoke/images/Unsplash/f9/f99d3c9cdc35ba2f8b5e58d4e4a09b6a2e6a324cca3371b4ae3e956abf53041b.jpg,0,composed_resize0.5+jpeg50,0.42361703515052795
data/corpus_smoke/images/Unsplash/f9/f99d3c9cdc35ba2f8b5e58d4e4a09b6a2e6a324cca3371b4ae3e956abf53041b.jpg,0,composed_jitter0.2+jpeg30,0.43405038118362427
data/corpus_smoke/images/Unsplash/f9/f99d3c9cdc35ba2f8b5e58d4e4a09b6a2e6a324cca3371b4ae3e956abf53041b.jpg,0,composed_resize0.25+blur0.5+jpeg30,0.42766231298446655
data/corpus_smoke/images/Unsplash/3b/3bffc7a507dfafa685c46c6bae1381d543ff23be4339b8effde1b335359b0f77.jpg,0,clean,0.4098913371562958
data/corpus_smoke/images/Unsplash/3b/3bffc7a507dfafa685c46c6bae1381d543ff23be4339b8effde1b335359b0f77.jpg,0,jpeg_90,0.4123384356498718
data/corpus_smoke/images/Unsplash/3b/3bffc7a507dfafa685c46c6bae1381d543ff23be4339b8effde1b335359b0f77.jpg,0,jpeg_70,0.442452996969223
data/corpus_smoke/images/Unsplash/3b/3bffc7a507dfafa685c46c6bae1381d543ff23be4339b8effde1b335359b0f77.jpg,0,jpeg_50,0.44447797536849976
data/corpus_smoke/images/Unsplash/3b/3bffc7a507dfafa685c46c6bae1381d543ff23be4339b8effde1b335359b0f77.jpg,0,jpeg_30,0.44977858662605286
data/corpus_smoke/images/Unsplash/3b/3bffc7a507dfafa685c46c6bae1381d543ff23be4339b8effde1b335359b0f77.jpg,0,blur_0.5,0.4087598919868469
data/corpus_smoke/images/Unsplash/3b/3bffc7a507dfafa685c46c6bae1381d543ff23be4339b8effde1b335359b0f77.jpg,0,blur_1.0,0.4073027968406677
data/corpus_smoke/images/Unsplash/3b/3bffc7a507dfafa685c46c6bae1381d543ff23be4339b8effde1b335359b0f77.jpg,0,blur_2.0,0.41792336106300354
data/corpus_smoke/images/Unsplash/3b/3bffc7a507dfafa685c46c6bae1381d543ff23be4339b8effde1b335359b0f77.jpg,0,resize_0.5,0.40669968724250793
data/corpus_smoke/images/Unsplash/3b/3bffc7a507dfafa685c46c6bae1381d543ff23be4339b8effde1b335359b0f77.jpg,0,resize_0.25,0.41763830184936523
data/corpus_smoke/images/Unsplash/3b/3bffc7a507dfafa685c46c6bae1381d543ff23be4339b8effde1b335359b0f77.jpg,0,noise_0.02,0.428935170173645
data/corpus_smoke/images/Unsplash/3b/3bffc7a507dfafa685c46c6bae1381d543ff23be4339b8effde1b335359b0f77.jpg,0,noise_0.05,0.43630802631378174
data/corpus_smoke/images/Unsplash/3b/3bffc7a507dfafa685c46c6bae1381d543ff23be4339b8effde1b335359b0f77.jpg,0,noise_0.1,0.43221810460090637
data/corpus_smoke/images/Unsplash/3b/3bffc7a507dfafa685c46c6bae1381d543ff23be4339b8effde1b335359b0f77.jpg,0,jitter_0.2,0.4191901981830597
data/corpus_smoke/images/Unsplash/3b/3bffc7a507dfafa685c46c6bae1381d543ff23be4339b8effde1b335359b0f77.jpg,0,center_crop_0.8,0.4124149680137634
data/corpus_smoke/images/Unsplash/3b/3bffc7a507dfafa685c46c6bae1381d543ff23be4339b8effde1b335359b0f77.jpg,0,composed_blur1.0+jpeg70,0.4465436339378357
data/corpus_smoke/images/Unsplash/3b/3bffc7a507dfafa685c46c6bae1381d543ff23be4339b8effde1b335359b0f77.jpg,0,composed_resize0.5+jpeg50,0.44704470038414
data/corpus_smoke/images/Unsplash/3b/3bffc7a507dfafa685c46c6bae1381d543ff23be4339b8effde1b335359b0f77.jpg,0,composed_jitter0.2+jpeg30,0.4633582532405853
data/corpus_smoke/images/Unsplash/3b/3bffc7a507dfafa685c46c6bae1381d543ff23be4339b8effde1b335359b0f77.jpg,0,composed_resize0.25+blur0.5+jpeg30,0.4542739987373352
data/corpus_smoke/images/Unsplash/56/56a78aa250d9e92d586a8289a55e810ffa89a5f350ed69450c180c1c4633063c.jpg,0,clean,0.3855634331703186
data/corpus_smoke/images/Unsplash/56/56a78aa250d9e92d586a8289a55e810ffa89a5f350ed69450c180c1c4633063c.jpg,0,jpeg_90,0.39151647686958313
data/corpus_smoke/images/Unsplash/56/56a78aa250d9e92d586a8289a55e810ffa89a5f350ed69450c180c1c4633063c.jpg,0,jpeg_70,0.40329283475875854
data/corpus_smoke/images/Unsplash/56/56a78aa250d9e92d586a8289a55e810ffa89a5f350ed69450c180c1c4633063c.jpg,0,jpeg_50,0.4011843800544739
data/corpus_smoke/images/Unsplash/56/56a78aa250d9e92d586a8289a55e810ffa89a5f350ed69450c180c1c4633063c.jpg,0,jpeg_30,0.3937690258026123
data/corpus_smoke/images/Unsplash/56/56a78aa250d9e92d586a8289a55e810ffa89a5f350ed69450c180c1c4633063c.jpg,0,blur_0.5,0.384140282869339
data/corpus_smoke/images/Unsplash/56/56a78aa250d9e92d586a8289a55e810ffa89a5f350ed69450c180c1c4633063c.jpg,0,blur_1.0,0.3810148239135742
data/corpus_smoke/images/Unsplash/56/56a78aa250d9e92d586a8289a55e810ffa89a5f350ed69450c180c1c4633063c.jpg,0,blur_2.0,0.37983420491218567
data/corpus_smoke/images/Unsplash/56/56a78aa250d9e92d586a8289a55e810ffa89a5f350ed69450c180c1c4633063c.jpg,0,resize_0.5,0.38048288226127625
data/corpus_smoke/images/Unsplash/56/56a78aa250d9e92d586a8289a55e810ffa89a5f350ed69450c180c1c4633063c.jpg,0,resize_0.25,0.377445787191391
data/corpus_smoke/images/Unsplash/56/56a78aa250d9e92d586a8289a55e810ffa89a5f350ed69450c180c1c4633063c.jpg,0,noise_0.02,0.39208468794822693
data/corpus_smoke/images/Unsplash/56/56a78aa250d9e92d586a8289a55e810ffa89a5f350ed69450c180c1c4633063c.jpg,0,noise_0.05,0.398613303899765
data/corpus_smoke/images/Unsplash/56/56a78aa250d9e92d586a8289a55e810ffa89a5f350ed69450c180c1c4633063c.jpg,0,noise_0.1,0.41101840138435364
data/corpus_smoke/images/Unsplash/56/56a78aa250d9e92d586a8289a55e810ffa89a5f350ed69450c180c1c4633063c.jpg,0,jitter_0.2,0.3868810832500458
data/corpus_smoke/images/Unsplash/56/56a78aa250d9e92d586a8289a55e810ffa89a5f350ed69450c180c1c4633063c.jpg,0,center_crop_0.8,0.3810340464115143
data/corpus_smoke/images/Unsplash/56/56a78aa250d9e92d586a8289a55e810ffa89a5f350ed69450c180c1c4633063c.jpg,0,composed_blur1.0+jpeg70,0.4020993113517761
data/corpus_smoke/images/Unsplash/56/56a78aa250d9e92d586a8289a55e810ffa89a5f350ed69450c180c1c4633063c.jpg,0,composed_resize0.5+jpeg50,0.39931780099868774
data/corpus_smoke/images/Unsplash/56/56a78aa250d9e92d586a8289a55e810ffa89a5f350ed69450c180c1c4633063c.jpg,0,composed_jitter0.2+jpeg30,0.40052106976509094
data/corpus_smoke/images/Unsplash/56/56a78aa250d9e92d586a8289a55e810ffa89a5f350ed69450c180c1c4633063c.jpg,0,composed_resize0.25+blur0.5+jpeg30,0.39059463143348694
data/corpus_smoke/images/Unsplash/68/68739eab56187e46aaf946d6554564f9a47a4b0af4ddf1d8a34ea050ca43dae6.jpg,0,clean,0.37970057129859924
data/corpus_smoke/images/Unsplash/68/68739eab56187e46aaf946d6554564f9a47a4b0af4ddf1d8a34ea050ca43dae6.jpg,0,jpeg_90,0.385965496301651
data/corpus_smoke/images/Unsplash/68/68739eab56187e46aaf946d6554564f9a47a4b0af4ddf1d8a34ea050ca43dae6.jpg,0,jpeg_70,0.38816070556640625
data/corpus_smoke/images/Unsplash/68/68739eab56187e46aaf946d6554564f9a47a4b0af4ddf1d8a34ea050ca43dae6.jpg,0,jpeg_50,0.38857659697532654
data/corpus_smoke/images/Unsplash/68/68739eab56187e46aaf946d6554564f9a47a4b0af4ddf1d8a34ea050ca43dae6.jpg,0,jpeg_30,0.40276217460632324
data/corpus_smoke/images/Unsplash/68/68739eab56187e46aaf946d6554564f9a47a4b0af4ddf1d8a34ea050ca43dae6.jpg,0,blur_0.5,0.3795689642429352
data/corpus_smoke/images/Unsplash/68/68739eab56187e46aaf946d6554564f9a47a4b0af4ddf1d8a34ea050ca43dae6.jpg,0,blur_1.0,0.37818658351898193
data/corpus_smoke/images/Unsplash/68/68739eab56187e46aaf946d6554564f9a47a4b0af4ddf1d8a34ea050ca43dae6.jpg,0,blur_2.0,0.3779312074184418
data/corpus_smoke/images/Unsplash/68/68739eab56187e46aaf946d6554564f9a47a4b0af4ddf1d8a34ea050ca43dae6.jpg,0,resize_0.5,0.37832123041152954
data/corpus_smoke/images/Unsplash/68/68739eab56187e46aaf946d6554564f9a47a4b0af4ddf1d8a34ea050ca43dae6.jpg,0,resize_0.25,0.3829149305820465
data/corpus_smoke/images/Unsplash/68/68739eab56187e46aaf946d6554564f9a47a4b0af4ddf1d8a34ea050ca43dae6.jpg,0,noise_0.02,0.38948875665664673
data/corpus_smoke/images/Unsplash/68/68739eab56187e46aaf946d6554564f9a47a4b0af4ddf1d8a34ea050ca43dae6.jpg,0,noise_0.05,0.3900873363018036
data/corpus_smoke/images/Unsplash/68/68739eab56187e46aaf946d6554564f9a47a4b0af4ddf1d8a34ea050ca43dae6.jpg,0,noise_0.1,0.39646169543266296
data/corpus_smoke/images/Unsplash/68/68739eab56187e46aaf946d6554564f9a47a4b0af4ddf1d8a34ea050ca43dae6.jpg,0,jitter_0.2,0.3803357481956482
data/corpus_smoke/images/Unsplash/68/68739eab56187e46aaf946d6554564f9a47a4b0af4ddf1d8a34ea050ca43dae6.jpg,0,center_crop_0.8,0.38670700788497925
data/corpus_smoke/images/Unsplash/68/68739eab56187e46aaf946d6554564f9a47a4b0af4ddf1d8a34ea050ca43dae6.jpg,0,composed_blur1.0+jpeg70,0.3884369432926178
data/corpus_smoke/images/Unsplash/68/68739eab56187e46aaf946d6554564f9a47a4b0af4ddf1d8a34ea050ca43dae6.jpg,0,composed_resize0.5+jpeg50,0.38967910408973694
data/corpus_smoke/images/Unsplash/68/68739eab56187e46aaf946d6554564f9a47a4b0af4ddf1d8a34ea050ca43dae6.jpg,0,composed_jitter0.2+jpeg30,0.4036380648612976
data/corpus_smoke/images/Unsplash/68/68739eab56187e46aaf946d6554564f9a47a4b0af4ddf1d8a34ea050ca43dae6.jpg,0,composed_resize0.25+blur0.5+jpeg30,0.4062316119670868
data/corpus_smoke/images/OpenImagesV7/cf/cf760869698821ec94aad2781309e4f38a1b331de6d7115c0048843878d20322.jpg,0,clean,0.4010300636291504
data/corpus_smoke/images/OpenImagesV7/cf/cf760869698821ec94aad2781309e4f38a1b331de6d7115c0048843878d20322.jpg,0,jpeg_90,0.40642818808555603
data/corpus_smoke/images/OpenImagesV7/cf/cf760869698821ec94aad2781309e4f38a1b331de6d7115c0048843878d20322.jpg,0,jpeg_70,0.40892496705055237
data/corpus_smoke/images/OpenImagesV7/cf/cf760869698821ec94aad2781309e4f38a1b331de6d7115c0048843878d20322.jpg,0,jpeg_50,0.40734654664993286
data/corpus_smoke/images/OpenImagesV7/cf/cf760869698821ec94aad2781309e4f38a1b331de6d7115c0048843878d20322.jpg,0,jpeg_30,0.42155665159225464
data/corpus_smoke/images/OpenImagesV7/cf/cf760869698821ec94aad2781309e4f38a1b331de6d7115c0048843878d20322.jpg,0,blur_0.5,0.40040552616119385
data/corpus_smoke/images/OpenImagesV7/cf/cf760869698821ec94aad2781309e4f38a1b331de6d7115c0048843878d20322.jpg,0,blur_1.0,0.39834392070770264
data/corpus_smoke/images/OpenImagesV7/cf/cf760869698821ec94aad2781309e4f38a1b331de6d7115c0048843878d20322.jpg,0,blur_2.0,0.39644747972488403
data/corpus_smoke/images/OpenImagesV7/cf/cf760869698821ec94aad2781309e4f38a1b331de6d7115c0048843878d20322.jpg,0,resize_0.5,0.4040601849555969
data/corpus_smoke/images/OpenImagesV7/cf/cf760869698821ec94aad2781309e4f38a1b331de6d7115c0048843878d20322.jpg,0,resize_0.25,0.4007400572299957
data/corpus_smoke/images/OpenImagesV7/cf/cf760869698821ec94aad2781309e4f38a1b331de6d7115c0048843878d20322.jpg,0,noise_0.02,0.41452163457870483
data/corpus_smoke/images/OpenImagesV7/cf/cf760869698821ec94aad2781309e4f38a1b331de6d7115c0048843878d20322.jpg,0,noise_0.05,0.4171433746814728
data/corpus_smoke/images/OpenImagesV7/cf/cf760869698821ec94aad2781309e4f38a1b331de6d7115c0048843878d20322.jpg,0,noise_0.1,0.41342613101005554
data/corpus_smoke/images/OpenImagesV7/cf/cf760869698821ec94aad2781309e4f38a1b331de6d7115c0048843878d20322.jpg,0,jitter_0.2,0.4008372724056244
data/corpus_smoke/images/OpenImagesV7/cf/cf760869698821ec94aad2781309e4f38a1b331de6d7115c0048843878d20322.jpg,0,center_crop_0.8,0.4104471206665039
data/corpus_smoke/images/OpenImagesV7/cf/cf760869698821ec94aad2781309e4f38a1b331de6d7115c0048843878d20322.jpg,0,composed_blur1.0+jpeg70,0.4113527536392212
data/corpus_smoke/images/OpenImagesV7/cf/cf760869698821ec94aad2781309e4f38a1b331de6d7115c0048843878d20322.jpg,0,composed_resize0.5+jpeg50,0.4087996184825897
data/corpus_smoke/images/OpenImagesV7/cf/cf760869698821ec94aad2781309e4f38a1b331de6d7115c0048843878d20322.jpg,0,composed_jitter0.2+jpeg30,0.42241671681404114
data/corpus_smoke/images/OpenImagesV7/cf/cf760869698821ec94aad2781309e4f38a1b331de6d7115c0048843878d20322.jpg,0,composed_resize0.25+blur0.5+jpeg30,0.42459508776664734
data/corpus_smoke/images/OpenImagesV7/25/25815bac019f772f5a2644cd7a390acfea63520f6e2042186e9e9d3d6fcc95c3.jpg,0,clean,0.4336060583591461
data/corpus_smoke/images/OpenImagesV7/25/25815bac019f772f5a2644cd7a390acfea63520f6e2042186e9e9d3d6fcc95c3.jpg,0,jpeg_90,0.43395838141441345
data/corpus_smoke/images/OpenImagesV7/25/25815bac019f772f5a2644cd7a390acfea63520f6e2042186e9e9d3d6fcc95c3.jpg,0,jpeg_70,0.43677446246147156
data/corpus_smoke/images/OpenImagesV7/25/25815bac019f772f5a2644cd7a390acfea63520f6e2042186e9e9d3d6fcc95c3.jpg,0,jpeg_50,0.444396048784256
data/corpus_smoke/images/OpenImagesV7/25/25815bac019f772f5a2644cd7a390acfea63520f6e2042186e9e9d3d6fcc95c3.jpg,0,jpeg_30,0.4287012815475464
data/corpus_smoke/images/OpenImagesV7/25/25815bac019f772f5a2644cd7a390acfea63520f6e2042186e9e9d3d6fcc95c3.jpg,0,blur_0.5,0.43143731355667114
data/corpus_smoke/images/OpenImagesV7/25/25815bac019f772f5a2644cd7a390acfea63520f6e2042186e9e9d3d6fcc95c3.jpg,0,blur_1.0,0.4077305793762207
data/corpus_smoke/images/OpenImagesV7/25/25815bac019f772f5a2644cd7a390acfea63520f6e2042186e9e9d3d6fcc95c3.jpg,0,blur_2.0,0.4013717472553253
data/corpus_smoke/images/OpenImagesV7/25/25815bac019f772f5a2644cd7a390acfea63520f6e2042186e9e9d3d6fcc95c3.jpg,0,resize_0.5,0.40805527567863464
data/corpus_smoke/images/OpenImagesV7/25/25815bac019f772f5a2644cd7a390acfea63520f6e2042186e9e9d3d6fcc95c3.jpg,0,resize_0.25,0.4032905399799347
data/corpus_smoke/images/OpenImagesV7/25/25815bac019f772f5a2644cd7a390acfea63520f6e2042186e9e9d3d6fcc95c3.jpg,0,noise_0.02,0.43649381399154663
data/corpus_smoke/images/OpenImagesV7/25/25815bac019f772f5a2644cd7a390acfea63520f6e2042186e9e9d3d6fcc95c3.jpg,0,noise_0.05,0.43102943897247314
data/corpus_smoke/images/OpenImagesV7/25/25815bac019f772f5a2644cd7a390acfea63520f6e2042186e9e9d3d6fcc95c3.jpg,0,noise_0.1,0.4353860020637512
data/corpus_smoke/images/OpenImagesV7/25/25815bac019f772f5a2644cd7a390acfea63520f6e2042186e9e9d3d6fcc95c3.jpg,0,jitter_0.2,0.4312637746334076
data/corpus_smoke/images/OpenImagesV7/25/25815bac019f772f5a2644cd7a390acfea63520f6e2042186e9e9d3d6fcc95c3.jpg,0,center_crop_0.8,0.42271894216537476
data/corpus_smoke/images/OpenImagesV7/25/25815bac019f772f5a2644cd7a390acfea63520f6e2042186e9e9d3d6fcc95c3.jpg,0,composed_blur1.0+jpeg70,0.4344119727611542
data/corpus_smoke/images/OpenImagesV7/25/25815bac019f772f5a2644cd7a390acfea63520f6e2042186e9e9d3d6fcc95c3.jpg,0,composed_resize0.5+jpeg50,0.43611326813697815
data/corpus_smoke/images/OpenImagesV7/25/25815bac019f772f5a2644cd7a390acfea63520f6e2042186e9e9d3d6fcc95c3.jpg,0,composed_jitter0.2+jpeg30,0.43542757630348206
data/corpus_smoke/images/OpenImagesV7/25/25815bac019f772f5a2644cd7a390acfea63520f6e2042186e9e9d3d6fcc95c3.jpg,0,composed_resize0.25+blur0.5+jpeg30,0.4124056398868561
data/corpus_smoke/images/OpenImagesV7/0c/0c40b78e0b96c6a05cf3eec32d874e66e7409117cb30219ad1b6c1de806c0fb7.jpg,0,clean,0.3989240527153015
data/corpus_smoke/images/OpenImagesV7/0c/0c40b78e0b96c6a05cf3eec32d874e66e7409117cb30219ad1b6c1de806c0fb7.jpg,0,jpeg_90,0.40588080883026123
data/corpus_smoke/images/OpenImagesV7/0c/0c40b78e0b96c6a05cf3eec32d874e66e7409117cb30219ad1b6c1de806c0fb7.jpg,0,jpeg_70,0.4181196689605713
data/corpus_smoke/images/OpenImagesV7/0c/0c40b78e0b96c6a05cf3eec32d874e66e7409117cb30219ad1b6c1de806c0fb7.jpg,0,jpeg_50,0.4126482903957367
data/corpus_smoke/images/OpenImagesV7/0c/0c40b78e0b96c6a05cf3eec32d874e66e7409117cb30219ad1b6c1de806c0fb7.jpg,0,jpeg_30,0.4199853539466858
data/corpus_smoke/images/OpenImagesV7/0c/0c40b78e0b96c6a05cf3eec32d874e66e7409117cb30219ad1b6c1de806c0fb7.jpg,0,blur_0.5,0.3975181579589844
data/corpus_smoke/images/OpenImagesV7/0c/0c40b78e0b96c6a05cf3eec32d874e66e7409117cb30219ad1b6c1de806c0fb7.jpg,0,blur_1.0,0.39465874433517456
data/corpus_smoke/images/OpenImagesV7/0c/0c40b78e0b96c6a05cf3eec32d874e66e7409117cb30219ad1b6c1de806c0fb7.jpg,0,blur_2.0,0.39659321308135986
data/corpus_smoke/images/OpenImagesV7/0c/0c40b78e0b96c6a05cf3eec32d874e66e7409117cb30219ad1b6c1de806c0fb7.jpg,0,resize_0.5,0.39600086212158203
data/corpus_smoke/images/OpenImagesV7/0c/0c40b78e0b96c6a05cf3eec32d874e66e7409117cb30219ad1b6c1de806c0fb7.jpg,0,resize_0.25,0.3957095742225647
data/corpus_smoke/images/OpenImagesV7/0c/0c40b78e0b96c6a05cf3eec32d874e66e7409117cb30219ad1b6c1de806c0fb7.jpg,0,noise_0.02,0.4066847264766693
data/corpus_smoke/images/OpenImagesV7/0c/0c40b78e0b96c6a05cf3eec32d874e66e7409117cb30219ad1b6c1de806c0fb7.jpg,0,noise_0.05,0.4061889350414276
data/corpus_smoke/images/OpenImagesV7/0c/0c40b78e0b96c6a05cf3eec32d874e66e7409117cb30219ad1b6c1de806c0fb7.jpg,0,noise_0.1,0.4035719335079193
data/corpus_smoke/images/OpenImagesV7/0c/0c40b78e0b96c6a05cf3eec32d874e66e7409117cb30219ad1b6c1de806c0fb7.jpg,0,jitter_0.2,0.3997476398944855
data/corpus_smoke/images/OpenImagesV7/0c/0c40b78e0b96c6a05cf3eec32d874e66e7409117cb30219ad1b6c1de806c0fb7.jpg,0,center_crop_0.8,0.4063672721385956
data/corpus_smoke/images/OpenImagesV7/0c/0c40b78e0b96c6a05cf3eec32d874e66e7409117cb30219ad1b6c1de806c0fb7.jpg,0,composed_blur1.0+jpeg70,0.41339385509490967
data/corpus_smoke/images/OpenImagesV7/0c/0c40b78e0b96c6a05cf3eec32d874e66e7409117cb30219ad1b6c1de806c0fb7.jpg,0,composed_resize0.5+jpeg50,0.40406233072280884
data/corpus_smoke/images/OpenImagesV7/0c/0c40b78e0b96c6a05cf3eec32d874e66e7409117cb30219ad1b6c1de806c0fb7.jpg,0,composed_jitter0.2+jpeg30,0.41337352991104126
data/corpus_smoke/images/OpenImagesV7/0c/0c40b78e0b96c6a05cf3eec32d874e66e7409117cb30219ad1b6c1de806c0fb7.jpg,0,composed_resize0.25+blur0.5+jpeg30,0.4135197699069977
data/corpus_smoke/images/OpenImagesV7/a2/a2d984b6b50bfda72a73f36c69f97615ebf78e6c2494bde57d12b612267231b0.jpg,0,clean,0.39563119411468506
data/corpus_smoke/images/OpenImagesV7/a2/a2d984b6b50bfda72a73f36c69f97615ebf78e6c2494bde57d12b612267231b0.jpg,0,jpeg_90,0.4025741517543793
data/corpus_smoke/images/OpenImagesV7/a2/a2d984b6b50bfda72a73f36c69f97615ebf78e6c2494bde57d12b612267231b0.jpg,0,jpeg_70,0.41282665729522705
data/corpus_smoke/images/OpenImagesV7/a2/a2d984b6b50bfda72a73f36c69f97615ebf78e6c2494bde57d12b612267231b0.jpg,0,jpeg_50,0.4189760684967041
data/corpus_smoke/images/OpenImagesV7/a2/a2d984b6b50bfda72a73f36c69f97615ebf78e6c2494bde57d12b612267231b0.jpg,0,jpeg_30,0.42478346824645996
data/corpus_smoke/images/OpenImagesV7/a2/a2d984b6b50bfda72a73f36c69f97615ebf78e6c2494bde57d12b612267231b0.jpg,0,blur_0.5,0.3925762176513672
data/corpus_smoke/images/OpenImagesV7/a2/a2d984b6b50bfda72a73f36c69f97615ebf78e6c2494bde57d12b612267231b0.jpg,0,blur_1.0,0.38679271936416626
data/corpus_smoke/images/OpenImagesV7/a2/a2d984b6b50bfda72a73f36c69f97615ebf78e6c2494bde57d12b612267231b0.jpg,0,blur_2.0,0.38795435428619385
data/corpus_smoke/images/OpenImagesV7/a2/a2d984b6b50bfda72a73f36c69f97615ebf78e6c2494bde57d12b612267231b0.jpg,0,resize_0.5,0.3932987153530121
data/corpus_smoke/images/OpenImagesV7/a2/a2d984b6b50bfda72a73f36c69f97615ebf78e6c2494bde57d12b612267231b0.jpg,0,resize_0.25,0.38953065872192383
data/corpus_smoke/images/OpenImagesV7/a2/a2d984b6b50bfda72a73f36c69f97615ebf78e6c2494bde57d12b612267231b0.jpg,0,noise_0.02,0.41157928109169006
data/corpus_smoke/images/OpenImagesV7/a2/a2d984b6b50bfda72a73f36c69f97615ebf78e6c2494bde57d12b612267231b0.jpg,0,noise_0.05,0.41436222195625305
data/corpus_smoke/images/OpenImagesV7/a2/a2d984b6b50bfda72a73f36c69f97615ebf78e6c2494bde57d12b612267231b0.jpg,0,noise_0.1,0.41699254512786865
data/corpus_smoke/images/OpenImagesV7/a2/a2d984b6b50bfda72a73f36c69f97615ebf78e6c2494bde57d12b612267231b0.jpg,0,jitter_0.2,0.4108939468860626
data/corpus_smoke/images/OpenImagesV7/a2/a2d984b6b50bfda72a73f36c69f97615ebf78e6c2494bde57d12b612267231b0.jpg,0,center_crop_0.8,0.40780913829803467
data/corpus_smoke/images/OpenImagesV7/a2/a2d984b6b50bfda72a73f36c69f97615ebf78e6c2494bde57d12b612267231b0.jpg,0,composed_blur1.0+jpeg70,0.4030303657054901
data/corpus_smoke/images/OpenImagesV7/a2/a2d984b6b50bfda72a73f36c69f97615ebf78e6c2494bde57d12b612267231b0.jpg,0,composed_resize0.5+jpeg50,0.4060940146446228
data/corpus_smoke/images/OpenImagesV7/a2/a2d984b6b50bfda72a73f36c69f97615ebf78e6c2494bde57d12b612267231b0.jpg,0,composed_jitter0.2+jpeg30,0.4349296987056732
data/corpus_smoke/images/OpenImagesV7/a2/a2d984b6b50bfda72a73f36c69f97615ebf78e6c2494bde57d12b612267231b0.jpg,0,composed_resize0.25+blur0.5+jpeg30,0.41272222995758057
data/corpus_smoke/images/OpenImagesV7/cd/cd0233a3675802dec09ab577ceb6a957ec0b4e24a12e8967a5a50f8791e9507c.jpg,0,clean,0.440413236618042
data/corpus_smoke/images/OpenImagesV7/cd/cd0233a3675802dec09ab577ceb6a957ec0b4e24a12e8967a5a50f8791e9507c.jpg,0,jpeg_90,0.43963712453842163
data/corpus_smoke/images/OpenImagesV7/cd/cd0233a3675802dec09ab577ceb6a957ec0b4e24a12e8967a5a50f8791e9507c.jpg,0,jpeg_70,0.44512516260147095
data/corpus_smoke/images/OpenImagesV7/cd/cd0233a3675802dec09ab577ceb6a957ec0b4e24a12e8967a5a50f8791e9507c.jpg,0,jpeg_50,0.4456818103790283
data/corpus_smoke/images/OpenImagesV7/cd/cd0233a3675802dec09ab577ceb6a957ec0b4e24a12e8967a5a50f8791e9507c.jpg,0,jpeg_30,0.45550185441970825
data/corpus_smoke/images/OpenImagesV7/cd/cd0233a3675802dec09ab577ceb6a957ec0b4e24a12e8967a5a50f8791e9507c.jpg,0,blur_0.5,0.4404025375843048
data/corpus_smoke/images/OpenImagesV7/cd/cd0233a3675802dec09ab577ceb6a957ec0b4e24a12e8967a5a50f8791e9507c.jpg,0,blur_1.0,0.4393279552459717
data/corpus_smoke/images/OpenImagesV7/cd/cd0233a3675802dec09ab577ceb6a957ec0b4e24a12e8967a5a50f8791e9507c.jpg,0,blur_2.0,0.43691566586494446
data/corpus_smoke/images/OpenImagesV7/cd/cd0233a3675802dec09ab577ceb6a957ec0b4e24a12e8967a5a50f8791e9507c.jpg,0,resize_0.5,0.43569207191467285
data/corpus_smoke/images/OpenImagesV7/cd/cd0233a3675802dec09ab577ceb6a957ec0b4e24a12e8967a5a50f8791e9507c.jpg,0,resize_0.25,0.44030681252479553
data/corpus_smoke/images/OpenImagesV7/cd/cd0233a3675802dec09ab577ceb6a957ec0b4e24a12e8967a5a50f8791e9507c.jpg,0,noise_0.02,0.4476880133152008
data/corpus_smoke/images/OpenImagesV7/cd/cd0233a3675802dec09ab577ceb6a957ec0b4e24a12e8967a5a50f8791e9507c.jpg,0,noise_0.05,0.4507359564304352
data/corpus_smoke/images/OpenImagesV7/cd/cd0233a3675802dec09ab577ceb6a957ec0b4e24a12e8967a5a50f8791e9507c.jpg,0,noise_0.1,0.4496613144874573
data/corpus_smoke/images/OpenImagesV7/cd/cd0233a3675802dec09ab577ceb6a957ec0b4e24a12e8967a5a50f8791e9507c.jpg,0,jitter_0.2,0.44162097573280334
data/corpus_smoke/images/OpenImagesV7/cd/cd0233a3675802dec09ab577ceb6a957ec0b4e24a12e8967a5a50f8791e9507c.jpg,0,center_crop_0.8,0.44297683238983154
data/corpus_smoke/images/OpenImagesV7/cd/cd0233a3675802dec09ab577ceb6a957ec0b4e24a12e8967a5a50f8791e9507c.jpg,0,composed_blur1.0+jpeg70,0.4428286552429199
data/corpus_smoke/images/OpenImagesV7/cd/cd0233a3675802dec09ab577ceb6a957ec0b4e24a12e8967a5a50f8791e9507c.jpg,0,composed_resize0.5+jpeg50,0.4421788156032562
data/corpus_smoke/images/OpenImagesV7/cd/cd0233a3675802dec09ab577ceb6a957ec0b4e24a12e8967a5a50f8791e9507c.jpg,0,composed_jitter0.2+jpeg30,0.45162686705589294
data/corpus_smoke/images/OpenImagesV7/cd/cd0233a3675802dec09ab577ceb6a957ec0b4e24a12e8967a5a50f8791e9507c.jpg,0,composed_resize0.25+blur0.5+jpeg30,0.4582352340221405
data/corpus_smoke/images/OpenImagesV7/b9/b99ff67be8022b6220f22afcdc0d048c21a78bfafec263e896f38c1202e38b01.jpg,0,clean,0.4223673641681671
data/corpus_smoke/images/OpenImagesV7/b9/b99ff67be8022b6220f22afcdc0d048c21a78bfafec263e896f38c1202e38b01.jpg,0,jpeg_90,0.42690473794937134
data/corpus_smoke/images/OpenImagesV7/b9/b99ff67be8022b6220f22afcdc0d048c21a78bfafec263e896f38c1202e38b01.jpg,0,jpeg_70,0.43490880727767944
data/corpus_smoke/images/OpenImagesV7/b9/b99ff67be8022b6220f22afcdc0d048c21a78bfafec263e896f38c1202e38b01.jpg,0,jpeg_50,0.43407464027404785
data/corpus_smoke/images/OpenImagesV7/b9/b99ff67be8022b6220f22afcdc0d048c21a78bfafec263e896f38c1202e38b01.jpg,0,jpeg_30,0.43711936473846436
data/corpus_smoke/images/OpenImagesV7/b9/b99ff67be8022b6220f22afcdc0d048c21a78bfafec263e896f38c1202e38b01.jpg,0,blur_0.5,0.42086073756217957
data/corpus_smoke/images/OpenImagesV7/b9/b99ff67be8022b6220f22afcdc0d048c21a78bfafec263e896f38c1202e38b01.jpg,0,blur_1.0,0.4155799150466919
data/corpus_smoke/images/OpenImagesV7/b9/b99ff67be8022b6220f22afcdc0d048c21a78bfafec263e896f38c1202e38b01.jpg,0,blur_2.0,0.4081691801548004
data/corpus_smoke/images/OpenImagesV7/b9/b99ff67be8022b6220f22afcdc0d048c21a78bfafec263e896f38c1202e38b01.jpg,0,resize_0.5,0.4174036681652069
data/corpus_smoke/images/OpenImagesV7/b9/b99ff67be8022b6220f22afcdc0d048c21a78bfafec263e896f38c1202e38b01.jpg,0,resize_0.25,0.41269630193710327
data/corpus_smoke/images/OpenImagesV7/b9/b99ff67be8022b6220f22afcdc0d048c21a78bfafec263e896f38c1202e38b01.jpg,0,noise_0.02,0.431778222322464
data/corpus_smoke/images/OpenImagesV7/b9/b99ff67be8022b6220f22afcdc0d048c21a78bfafec263e896f38c1202e38b01.jpg,0,noise_0.05,0.43007054924964905
data/corpus_smoke/images/OpenImagesV7/b9/b99ff67be8022b6220f22afcdc0d048c21a78bfafec263e896f38c1202e38b01.jpg,0,noise_0.1,0.4307694435119629
data/corpus_smoke/images/OpenImagesV7/b9/b99ff67be8022b6220f22afcdc0d048c21a78bfafec263e896f38c1202e38b01.jpg,0,jitter_0.2,0.4217524528503418
data/corpus_smoke/images/OpenImagesV7/b9/b99ff67be8022b6220f22afcdc0d048c21a78bfafec263e896f38c1202e38b01.jpg,0,center_crop_0.8,0.42459335923194885
data/corpus_smoke/images/OpenImagesV7/b9/b99ff67be8022b6220f22afcdc0d048c21a78bfafec263e896f38c1202e38b01.jpg,0,composed_blur1.0+jpeg70,0.430275022983551
data/corpus_smoke/images/OpenImagesV7/b9/b99ff67be8022b6220f22afcdc0d048c21a78bfafec263e896f38c1202e38b01.jpg,0,composed_resize0.5+jpeg50,0.4234893023967743
data/corpus_smoke/images/OpenImagesV7/b9/b99ff67be8022b6220f22afcdc0d048c21a78bfafec263e896f38c1202e38b01.jpg,0,composed_jitter0.2+jpeg30,0.4438917636871338
data/corpus_smoke/images/OpenImagesV7/b9/b99ff67be8022b6220f22afcdc0d048c21a78bfafec263e896f38c1202e38b01.jpg,0,composed_resize0.25+blur0.5+jpeg30,0.432329386472702
data/corpus_smoke/images/FLUX.1-dev/62/629499f1e7d461ced069d14e4bff3d24cd29dd77fed75e72c492a8a85af89c4d.jpg,1,clean,0.5082785487174988
data/corpus_smoke/images/FLUX.1-dev/62/629499f1e7d461ced069d14e4bff3d24cd29dd77fed75e72c492a8a85af89c4d.jpg,1,jpeg_90,0.5056365132331848
data/corpus_smoke/images/FLUX.1-dev/62/629499f1e7d461ced069d14e4bff3d24cd29dd77fed75e72c492a8a85af89c4d.jpg,1,jpeg_70,0.5157047510147095
data/corpus_smoke/images/FLUX.1-dev/62/629499f1e7d461ced069d14e4bff3d24cd29dd77fed75e72c492a8a85af89c4d.jpg,1,jpeg_50,0.522257924079895
data/corpus_smoke/images/FLUX.1-dev/62/629499f1e7d461ced069d14e4bff3d24cd29dd77fed75e72c492a8a85af89c4d.jpg,1,jpeg_30,0.5138868093490601
data/corpus_smoke/images/FLUX.1-dev/62/629499f1e7d461ced069d14e4bff3d24cd29dd77fed75e72c492a8a85af89c4d.jpg,1,blur_0.5,0.508259117603302
data/corpus_smoke/images/FLUX.1-dev/62/629499f1e7d461ced069d14e4bff3d24cd29dd77fed75e72c492a8a85af89c4d.jpg,1,blur_1.0,0.5035625100135803
data/corpus_smoke/images/FLUX.1-dev/62/629499f1e7d461ced069d14e4bff3d24cd29dd77fed75e72c492a8a85af89c4d.jpg,1,blur_2.0,0.4987851679325104
data/corpus_smoke/images/FLUX.1-dev/62/629499f1e7d461ced069d14e4bff3d24cd29dd77fed75e72c492a8a85af89c4d.jpg,1,resize_0.5,0.5026397705078125
data/corpus_smoke/images/FLUX.1-dev/62/629499f1e7d461ced069d14e4bff3d24cd29dd77fed75e72c492a8a85af89c4d.jpg,1,resize_0.25,0.4983537793159485
data/corpus_smoke/images/FLUX.1-dev/62/629499f1e7d461ced069d14e4bff3d24cd29dd77fed75e72c492a8a85af89c4d.jpg,1,noise_0.02,0.5125951170921326
data/corpus_smoke/images/FLUX.1-dev/62/629499f1e7d461ced069d14e4bff3d24cd29dd77fed75e72c492a8a85af89c4d.jpg,1,noise_0.05,0.4999026358127594
data/corpus_smoke/images/FLUX.1-dev/62/629499f1e7d461ced069d14e4bff3d24cd29dd77fed75e72c492a8a85af89c4d.jpg,1,noise_0.1,0.4882960617542267
data/corpus_smoke/images/FLUX.1-dev/62/629499f1e7d461ced069d14e4bff3d24cd29dd77fed75e72c492a8a85af89c4d.jpg,1,jitter_0.2,0.49938562512397766
data/corpus_smoke/images/FLUX.1-dev/62/629499f1e7d461ced069d14e4bff3d24cd29dd77fed75e72c492a8a85af89c4d.jpg,1,center_crop_0.8,0.4983707368373871
data/corpus_smoke/images/FLUX.1-dev/62/629499f1e7d461ced069d14e4bff3d24cd29dd77fed75e72c492a8a85af89c4d.jpg,1,composed_blur1.0+jpeg70,0.5136171579360962
data/corpus_smoke/images/FLUX.1-dev/62/629499f1e7d461ced069d14e4bff3d24cd29dd77fed75e72c492a8a85af89c4d.jpg,1,composed_resize0.5+jpeg50,0.5168143510818481
data/corpus_smoke/images/FLUX.1-dev/62/629499f1e7d461ced069d14e4bff3d24cd29dd77fed75e72c492a8a85af89c4d.jpg,1,composed_jitter0.2+jpeg30,0.5160114765167236
data/corpus_smoke/images/FLUX.1-dev/62/629499f1e7d461ced069d14e4bff3d24cd29dd77fed75e72c492a8a85af89c4d.jpg,1,composed_resize0.25+blur0.5+jpeg30,0.5040263533592224
data/corpus_smoke/images/FLUX.1-dev/95/95f92af5bd2c8c9de02df980c6efc3fb47108d90e0ae795243f1db08880b27bb.jpg,1,clean,0.41808757185935974
data/corpus_smoke/images/FLUX.1-dev/95/95f92af5bd2c8c9de02df980c6efc3fb47108d90e0ae795243f1db08880b27bb.jpg,1,jpeg_90,0.41657114028930664
data/corpus_smoke/images/FLUX.1-dev/95/95f92af5bd2c8c9de02df980c6efc3fb47108d90e0ae795243f1db08880b27bb.jpg,1,jpeg_70,0.42748913168907166
data/corpus_smoke/images/FLUX.1-dev/95/95f92af5bd2c8c9de02df980c6efc3fb47108d90e0ae795243f1db08880b27bb.jpg,1,jpeg_50,0.4202634394168854
data/corpus_smoke/images/FLUX.1-dev/95/95f92af5bd2c8c9de02df980c6efc3fb47108d90e0ae795243f1db08880b27bb.jpg,1,jpeg_30,0.43120792508125305
data/corpus_smoke/images/FLUX.1-dev/95/95f92af5bd2c8c9de02df980c6efc3fb47108d90e0ae795243f1db08880b27bb.jpg,1,blur_0.5,0.4169687032699585
data/corpus_smoke/images/FLUX.1-dev/95/95f92af5bd2c8c9de02df980c6efc3fb47108d90e0ae795243f1db08880b27bb.jpg,1,blur_1.0,0.415211021900177
data/corpus_smoke/images/FLUX.1-dev/95/95f92af5bd2c8c9de02df980c6efc3fb47108d90e0ae795243f1db08880b27bb.jpg,1,blur_2.0,0.4137481451034546
data/corpus_smoke/images/FLUX.1-dev/95/95f92af5bd2c8c9de02df980c6efc3fb47108d90e0ae795243f1db08880b27bb.jpg,1,resize_0.5,0.4179641008377075
data/corpus_smoke/images/FLUX.1-dev/95/95f92af5bd2c8c9de02df980c6efc3fb47108d90e0ae795243f1db08880b27bb.jpg,1,resize_0.25,0.41101402044296265
data/corpus_smoke/images/FLUX.1-dev/95/95f92af5bd2c8c9de02df980c6efc3fb47108d90e0ae795243f1db08880b27bb.jpg,1,noise_0.02,0.43493813276290894
data/corpus_smoke/images/FLUX.1-dev/95/95f92af5bd2c8c9de02df980c6efc3fb47108d90e0ae795243f1db08880b27bb.jpg,1,noise_0.05,0.43459704518318176
data/corpus_smoke/images/FLUX.1-dev/95/95f92af5bd2c8c9de02df980c6efc3fb47108d90e0ae795243f1db08880b27bb.jpg,1,noise_0.1,0.44288164377212524
data/corpus_smoke/images/FLUX.1-dev/95/95f92af5bd2c8c9de02df980c6efc3fb47108d90e0ae795243f1db08880b27bb.jpg,1,jitter_0.2,0.4198695719242096
data/corpus_smoke/images/FLUX.1-dev/95/95f92af5bd2c8c9de02df980c6efc3fb47108d90e0ae795243f1db08880b27bb.jpg,1,center_crop_0.8,0.42600899934768677
data/corpus_smoke/images/FLUX.1-dev/95/95f92af5bd2c8c9de02df980c6efc3fb47108d90e0ae795243f1db08880b27bb.jpg,1,composed_blur1.0+jpeg70,0.4250543713569641
data/corpus_smoke/images/FLUX.1-dev/95/95f92af5bd2c8c9de02df980c6efc3fb47108d90e0ae795243f1db08880b27bb.jpg,1,composed_resize0.5+jpeg50,0.4229954183101654
data/corpus_smoke/images/FLUX.1-dev/95/95f92af5bd2c8c9de02df980c6efc3fb47108d90e0ae795243f1db08880b27bb.jpg,1,composed_jitter0.2+jpeg30,0.43191829323768616
data/corpus_smoke/images/FLUX.1-dev/95/95f92af5bd2c8c9de02df980c6efc3fb47108d90e0ae795243f1db08880b27bb.jpg,1,composed_resize0.25+blur0.5+jpeg30,0.4319540560245514
data/corpus_smoke/images/FLUX.1-dev/78/789498d6c15641a8d0ea7b7493aa4ef4e23715b59ea3bd9ad2d20807112e3543.jpg,1,clean,0.44373998045921326
data/corpus_smoke/images/FLUX.1-dev/78/789498d6c15641a8d0ea7b7493aa4ef4e23715b59ea3bd9ad2d20807112e3543.jpg,1,jpeg_90,0.44209590554237366
data/corpus_smoke/images/FLUX.1-dev/78/789498d6c15641a8d0ea7b7493aa4ef4e23715b59ea3bd9ad2d20807112e3543.jpg,1,jpeg_70,0.4511573016643524
data/corpus_smoke/images/FLUX.1-dev/78/789498d6c15641a8d0ea7b7493aa4ef4e23715b59ea3bd9ad2d20807112e3543.jpg,1,jpeg_50,0.4629429280757904
data/corpus_smoke/images/FLUX.1-dev/78/789498d6c15641a8d0ea7b7493aa4ef4e23715b59ea3bd9ad2d20807112e3543.jpg,1,jpeg_30,0.46143126487731934
data/corpus_smoke/images/FLUX.1-dev/78/789498d6c15641a8d0ea7b7493aa4ef4e23715b59ea3bd9ad2d20807112e3543.jpg,1,blur_0.5,0.44243618845939636
data/corpus_smoke/images/FLUX.1-dev/78/789498d6c15641a8d0ea7b7493aa4ef4e23715b59ea3bd9ad2d20807112e3543.jpg,1,blur_1.0,0.4373830556869507
data/corpus_smoke/images/FLUX.1-dev/78/789498d6c15641a8d0ea7b7493aa4ef4e23715b59ea3bd9ad2d20807112e3543.jpg,1,blur_2.0,0.44987916946411133
data/corpus_smoke/images/FLUX.1-dev/78/789498d6c15641a8d0ea7b7493aa4ef4e23715b59ea3bd9ad2d20807112e3543.jpg,1,resize_0.5,0.44283363223075867
data/corpus_smoke/images/FLUX.1-dev/78/789498d6c15641a8d0ea7b7493aa4ef4e23715b59ea3bd9ad2d20807112e3543.jpg,1,resize_0.25,0.44383707642555237
data/corpus_smoke/images/FLUX.1-dev/78/789498d6c15641a8d0ea7b7493aa4ef4e23715b59ea3bd9ad2d20807112e3543.jpg,1,noise_0.02,0.44710347056388855
data/corpus_smoke/images/FLUX.1-dev/78/789498d6c15641a8d0ea7b7493aa4ef4e23715b59ea3bd9ad2d20807112e3543.jpg,1,noise_0.05,0.4412330389022827
data/corpus_smoke/images/FLUX.1-dev/78/789498d6c15641a8d0ea7b7493aa4ef4e23715b59ea3bd9ad2d20807112e3543.jpg,1,noise_0.1,0.4335154592990875
data/corpus_smoke/images/FLUX.1-dev/78/789498d6c15641a8d0ea7b7493aa4ef4e23715b59ea3bd9ad2d20807112e3543.jpg,1,jitter_0.2,0.44340190291404724
data/corpus_smoke/images/FLUX.1-dev/78/789498d6c15641a8d0ea7b7493aa4ef4e23715b59ea3bd9ad2d20807112e3543.jpg,1,center_crop_0.8,0.4473579227924347
data/corpus_smoke/images/FLUX.1-dev/78/789498d6c15641a8d0ea7b7493aa4ef4e23715b59ea3bd9ad2d20807112e3543.jpg,1,composed_blur1.0+jpeg70,0.450941801071167
data/corpus_smoke/images/FLUX.1-dev/78/789498d6c15641a8d0ea7b7493aa4ef4e23715b59ea3bd9ad2d20807112e3543.jpg,1,composed_resize0.5+jpeg50,0.44697895646095276
data/corpus_smoke/images/FLUX.1-dev/78/789498d6c15641a8d0ea7b7493aa4ef4e23715b59ea3bd9ad2d20807112e3543.jpg,1,composed_jitter0.2+jpeg30,0.46163409948349
data/corpus_smoke/images/FLUX.1-dev/78/789498d6c15641a8d0ea7b7493aa4ef4e23715b59ea3bd9ad2d20807112e3543.jpg,1,composed_resize0.25+blur0.5+jpeg30,0.44759926199913025
data/corpus_smoke/images/FLUX.1-dev/5f/5f7497299cc309c18f0b9e916f358d05c00a76c6623db21e663e8d66d0c0408e.jpg,1,clean,0.45096880197525024
data/corpus_smoke/images/FLUX.1-dev/5f/5f7497299cc309c18f0b9e916f358d05c00a76c6623db21e663e8d66d0c0408e.jpg,1,jpeg_90,0.4465107321739197
data/corpus_smoke/images/FLUX.1-dev/5f/5f7497299cc309c18f0b9e916f358d05c00a76c6623db21e663e8d66d0c0408e.jpg,1,jpeg_70,0.45791590213775635
data/corpus_smoke/images/FLUX.1-dev/5f/5f7497299cc309c18f0b9e916f358d05c00a76c6623db21e663e8d66d0c0408e.jpg,1,jpeg_50,0.45821690559387207
data/corpus_smoke/images/FLUX.1-dev/5f/5f7497299cc309c18f0b9e916f358d05c00a76c6623db21e663e8d66d0c0408e.jpg,1,jpeg_30,0.4580087959766388
data/corpus_smoke/images/FLUX.1-dev/5f/5f7497299cc309c18f0b9e916f358d05c00a76c6623db21e663e8d66d0c0408e.jpg,1,blur_0.5,0.4500530958175659
data/corpus_smoke/images/FLUX.1-dev/5f/5f7497299cc309c18f0b9e916f358d05c00a76c6623db21e663e8d66d0c0408e.jpg,1,blur_1.0,0.4482506811618805
data/corpus_smoke/images/FLUX.1-dev/5f/5f7497299cc309c18f0b9e916f358d05c00a76c6623db21e663e8d66d0c0408e.jpg,1,blur_2.0,0.44409292936325073
data/corpus_smoke/images/FLUX.1-dev/5f/5f7497299cc309c18f0b9e916f358d05c00a76c6623db21e663e8d66d0c0408e.jpg,1,resize_0.5,0.4464116096496582
data/corpus_smoke/images/FLUX.1-dev/5f/5f7497299cc309c18f0b9e916f358d05c00a76c6623db21e663e8d66d0c0408e.jpg,1,resize_0.25,0.43819478154182434
data/corpus_smoke/images/FLUX.1-dev/5f/5f7497299cc309c18f0b9e916f358d05c00a76c6623db21e663e8d66d0c0408e.jpg,1,noise_0.02,0.45584601163864136
data/corpus_smoke/images/FLUX.1-dev/5f/5f7497299cc309c18f0b9e916f358d05c00a76c6623db21e663e8d66d0c0408e.jpg,1,noise_0.05,0.451924592256546
data/corpus_smoke/images/FLUX.1-dev/5f/5f7497299cc309c18f0b9e916f358d05c00a76c6623db21e663e8d66d0c0408e.jpg,1,noise_0.1,0.4507894814014435
data/corpus_smoke/images/FLUX.1-dev/5f/5f7497299cc309c18f0b9e916f358d05c00a76c6623db21e663e8d66d0c0408e.jpg,1,jitter_0.2,0.4561138153076172
data/corpus_smoke/images/FLUX.1-dev/5f/5f7497299cc309c18f0b9e916f358d05c00a76c6623db21e663e8d66d0c0408e.jpg,1,center_crop_0.8,0.4455288052558899
data/corpus_smoke/images/FLUX.1-dev/5f/5f7497299cc309c18f0b9e916f358d05c00a76c6623db21e663e8d66d0c0408e.jpg,1,composed_blur1.0+jpeg70,0.4547067880630493
data/corpus_smoke/images/FLUX.1-dev/5f/5f7497299cc309c18f0b9e916f358d05c00a76c6623db21e663e8d66d0c0408e.jpg,1,composed_resize0.5+jpeg50,0.4528379738330841
data/corpus_smoke/images/FLUX.1-dev/5f/5f7497299cc309c18f0b9e916f358d05c00a76c6623db21e663e8d66d0c0408e.jpg,1,composed_jitter0.2+jpeg30,0.4534103274345398
data/corpus_smoke/images/FLUX.1-dev/5f/5f7497299cc309c18f0b9e916f358d05c00a76c6623db21e663e8d66d0c0408e.jpg,1,composed_resize0.25+blur0.5+jpeg30,0.44257789850234985
data/corpus_smoke/images/FLUX.1-dev/7c/7ccfea589218d8210c8a74130237584c4b30f8f2dd243ccb9ea14f73ce1e35fc.jpg,1,clean,0.43541857600212097
data/corpus_smoke/images/FLUX.1-dev/7c/7ccfea589218d8210c8a74130237584c4b30f8f2dd243ccb9ea14f73ce1e35fc.jpg,1,jpeg_90,0.4334949851036072
data/corpus_smoke/images/FLUX.1-dev/7c/7ccfea589218d8210c8a74130237584c4b30f8f2dd243ccb9ea14f73ce1e35fc.jpg,1,jpeg_70,0.44898664951324463
data/corpus_smoke/images/FLUX.1-dev/7c/7ccfea589218d8210c8a74130237584c4b30f8f2dd243ccb9ea14f73ce1e35fc.jpg,1,jpeg_50,0.4583110213279724
data/corpus_smoke/images/FLUX.1-dev/7c/7ccfea589218d8210c8a74130237584c4b30f8f2dd243ccb9ea14f73ce1e35fc.jpg,1,jpeg_30,0.4566609561443329
data/corpus_smoke/images/FLUX.1-dev/7c/7ccfea589218d8210c8a74130237584c4b30f8f2dd243ccb9ea14f73ce1e35fc.jpg,1,blur_0.5,0.4358087480068207
data/corpus_smoke/images/FLUX.1-dev/7c/7ccfea589218d8210c8a74130237584c4b30f8f2dd243ccb9ea14f73ce1e35fc.jpg,1,blur_1.0,0.43360650539398193
data/corpus_smoke/images/FLUX.1-dev/7c/7ccfea589218d8210c8a74130237584c4b30f8f2dd243ccb9ea14f73ce1e35fc.jpg,1,blur_2.0,0.4304596781730652
data/corpus_smoke/images/FLUX.1-dev/7c/7ccfea589218d8210c8a74130237584c4b30f8f2dd243ccb9ea14f73ce1e35fc.jpg,1,resize_0.5,0.4309474229812622
data/corpus_smoke/images/FLUX.1-dev/7c/7ccfea589218d8210c8a74130237584c4b30f8f2dd243ccb9ea14f73ce1e35fc.jpg,1,resize_0.25,0.4289901852607727
data/corpus_smoke/images/FLUX.1-dev/7c/7ccfea589218d8210c8a74130237584c4b30f8f2dd243ccb9ea14f73ce1e35fc.jpg,1,noise_0.02,0.45568719506263733
data/corpus_smoke/images/FLUX.1-dev/7c/7ccfea589218d8210c8a74130237584c4b30f8f2dd243ccb9ea14f73ce1e35fc.jpg,1,noise_0.05,0.4493018686771393
data/corpus_smoke/images/FLUX.1-dev/7c/7ccfea589218d8210c8a74130237584c4b30f8f2dd243ccb9ea14f73ce1e35fc.jpg,1,noise_0.1,0.4417193830013275
data/corpus_smoke/images/FLUX.1-dev/7c/7ccfea589218d8210c8a74130237584c4b30f8f2dd243ccb9ea14f73ce1e35fc.jpg,1,jitter_0.2,0.42914018034935
data/corpus_smoke/images/FLUX.1-dev/7c/7ccfea589218d8210c8a74130237584c4b30f8f2dd243ccb9ea14f73ce1e35fc.jpg,1,center_crop_0.8,0.4456340968608856
data/corpus_smoke/images/FLUX.1-dev/7c/7ccfea589218d8210c8a74130237584c4b30f8f2dd243ccb9ea14f73ce1e35fc.jpg,1,composed_blur1.0+jpeg70,0.4466749429702759
data/corpus_smoke/images/FLUX.1-dev/7c/7ccfea589218d8210c8a74130237584c4b30f8f2dd243ccb9ea14f73ce1e35fc.jpg,1,composed_resize0.5+jpeg50,0.4553202986717224
data/corpus_smoke/images/FLUX.1-dev/7c/7ccfea589218d8210c8a74130237584c4b30f8f2dd243ccb9ea14f73ce1e35fc.jpg,1,composed_jitter0.2+jpeg30,0.4499267041683197
data/corpus_smoke/images/FLUX.1-dev/7c/7ccfea589218d8210c8a74130237584c4b30f8f2dd243ccb9ea14f73ce1e35fc.jpg,1,composed_resize0.25+blur0.5+jpeg30,0.44618889689445496
data/corpus_smoke/images/FLUX.1-dev/96/960fe0001e1e88ede5aa596d206192afe893443c5784a79ea4a93a8f416e2848.jpg,1,clean,0.431030809879303
data/corpus_smoke/images/FLUX.1-dev/96/960fe0001e1e88ede5aa596d206192afe893443c5784a79ea4a93a8f416e2848.jpg,1,jpeg_90,0.4275329113006592
data/corpus_smoke/images/FLUX.1-dev/96/960fe0001e1e88ede5aa596d206192afe893443c5784a79ea4a93a8f416e2848.jpg,1,jpeg_70,0.43338674306869507
data/corpus_smoke/images/FLUX.1-dev/96/960fe0001e1e88ede5aa596d206192afe893443c5784a79ea4a93a8f416e2848.jpg,1,jpeg_50,0.437701016664505
data/corpus_smoke/images/FLUX.1-dev/96/960fe0001e1e88ede5aa596d206192afe893443c5784a79ea4a93a8f416e2848.jpg,1,jpeg_30,0.4358523488044739
data/corpus_smoke/images/FLUX.1-dev/96/960fe0001e1e88ede5aa596d206192afe893443c5784a79ea4a93a8f416e2848.jpg,1,blur_0.5,0.42909324169158936
data/corpus_smoke/images/FLUX.1-dev/96/960fe0001e1e88ede5aa596d206192afe893443c5784a79ea4a93a8f416e2848.jpg,1,blur_1.0,0.42711034417152405
data/corpus_smoke/images/FLUX.1-dev/96/960fe0001e1e88ede5aa596d206192afe893443c5784a79ea4a93a8f416e2848.jpg,1,blur_2.0,0.4318879544734955
data/corpus_smoke/images/FLUX.1-dev/96/960fe0001e1e88ede5aa596d206192afe893443c5784a79ea4a93a8f416e2848.jpg,1,resize_0.5,0.4231196641921997
data/corpus_smoke/images/FLUX.1-dev/96/960fe0001e1e88ede5aa596d206192afe893443c5784a79ea4a93a8f416e2848.jpg,1,resize_0.25,0.4241909384727478
data/corpus_smoke/images/FLUX.1-dev/96/960fe0001e1e88ede5aa596d206192afe893443c5784a79ea4a93a8f416e2848.jpg,1,noise_0.02,0.4313391149044037
data/corpus_smoke/images/FLUX.1-dev/96/960fe0001e1e88ede5aa596d206192afe893443c5784a79ea4a93a8f416e2848.jpg,1,noise_0.05,0.4282476305961609
data/corpus_smoke/images/FLUX.1-dev/96/960fe0001e1e88ede5aa596d206192afe893443c5784a79ea4a93a8f416e2848.jpg,1,noise_0.1,0.4284313917160034
data/corpus_smoke/images/FLUX.1-dev/96/960fe0001e1e88ede5aa596d206192afe893443c5784a79ea4a93a8f416e2848.jpg,1,jitter_0.2,0.44475841522216797
data/corpus_smoke/images/FLUX.1-dev/96/960fe0001e1e88ede5aa596d206192afe893443c5784a79ea4a93a8f416e2848.jpg,1,center_crop_0.8,0.42754554748535156
data/corpus_smoke/images/FLUX.1-dev/96/960fe0001e1e88ede5aa596d206192afe893443c5784a79ea4a93a8f416e2848.jpg,1,composed_blur1.0+jpeg70,0.4304433763027191
data/corpus_smoke/images/FLUX.1-dev/96/960fe0001e1e88ede5aa596d206192afe893443c5784a79ea4a93a8f416e2848.jpg,1,composed_resize0.5+jpeg50,0.43197107315063477
data/corpus_smoke/images/FLUX.1-dev/96/960fe0001e1e88ede5aa596d206192afe893443c5784a79ea4a93a8f416e2848.jpg,1,composed_jitter0.2+jpeg30,0.43976467847824097
data/corpus_smoke/images/FLUX.1-dev/96/960fe0001e1e88ede5aa596d206192afe893443c5784a79ea4a93a8f416e2848.jpg,1,composed_resize0.25+blur0.5+jpeg30,0.4295155107975006
data/corpus_smoke/images/FLUX.1-dev/4b/4b33cb7626d5d1e68348eef19c2888eb6df20954f981a0c618e88b1707a69362.jpg,1,clean,0.44753119349479675
data/corpus_smoke/images/FLUX.1-dev/4b/4b33cb7626d5d1e68348eef19c2888eb6df20954f981a0c618e88b1707a69362.jpg,1,jpeg_90,0.44442084431648254
data/corpus_smoke/images/FLUX.1-dev/4b/4b33cb7626d5d1e68348eef19c2888eb6df20954f981a0c618e88b1707a69362.jpg,1,jpeg_70,0.4578617513179779
data/corpus_smoke/images/FLUX.1-dev/4b/4b33cb7626d5d1e68348eef19c2888eb6df20954f981a0c618e88b1707a69362.jpg,1,jpeg_50,0.4800456762313843
data/corpus_smoke/images/FLUX.1-dev/4b/4b33cb7626d5d1e68348eef19c2888eb6df20954f981a0c618e88b1707a69362.jpg,1,jpeg_30,0.47051769495010376
data/corpus_smoke/images/FLUX.1-dev/4b/4b33cb7626d5d1e68348eef19c2888eb6df20954f981a0c618e88b1707a69362.jpg,1,blur_0.5,0.4461229145526886
data/corpus_smoke/images/FLUX.1-dev/4b/4b33cb7626d5d1e68348eef19c2888eb6df20954f981a0c618e88b1707a69362.jpg,1,blur_1.0,0.44524437189102173
data/corpus_smoke/images/FLUX.1-dev/4b/4b33cb7626d5d1e68348eef19c2888eb6df20954f981a0c618e88b1707a69362.jpg,1,blur_2.0,0.4529794156551361
data/corpus_smoke/images/FLUX.1-dev/4b/4b33cb7626d5d1e68348eef19c2888eb6df20954f981a0c618e88b1707a69362.jpg,1,resize_0.5,0.44580039381980896
data/corpus_smoke/images/FLUX.1-dev/4b/4b33cb7626d5d1e68348eef19c2888eb6df20954f981a0c618e88b1707a69362.jpg,1,resize_0.25,0.44562920928001404
data/corpus_smoke/images/FLUX.1-dev/4b/4b33cb7626d5d1e68348eef19c2888eb6df20954f981a0c618e88b1707a69362.jpg,1,noise_0.02,0.46081027388572693
data/corpus_smoke/images/FLUX.1-dev/4b/4b33cb7626d5d1e68348eef19c2888eb6df20954f981a0c618e88b1707a69362.jpg,1,noise_0.05,0.45917391777038574
data/corpus_smoke/images/FLUX.1-dev/4b/4b33cb7626d5d1e68348eef19c2888eb6df20954f981a0c618e88b1707a69362.jpg,1,noise_0.1,0.4580983817577362
data/corpus_smoke/images/FLUX.1-dev/4b/4b33cb7626d5d1e68348eef19c2888eb6df20954f981a0c618e88b1707a69362.jpg,1,jitter_0.2,0.44951847195625305
data/corpus_smoke/images/FLUX.1-dev/4b/4b33cb7626d5d1e68348eef19c2888eb6df20954f981a0c618e88b1707a69362.jpg,1,center_crop_0.8,0.44365569949150085
data/corpus_smoke/images/FLUX.1-dev/4b/4b33cb7626d5d1e68348eef19c2888eb6df20954f981a0c618e88b1707a69362.jpg,1,composed_blur1.0+jpeg70,0.45677125453948975
data/corpus_smoke/images/FLUX.1-dev/4b/4b33cb7626d5d1e68348eef19c2888eb6df20954f981a0c618e88b1707a69362.jpg,1,composed_resize0.5+jpeg50,0.46747657656669617
data/corpus_smoke/images/FLUX.1-dev/4b/4b33cb7626d5d1e68348eef19c2888eb6df20954f981a0c618e88b1707a69362.jpg,1,composed_jitter0.2+jpeg30,0.46656909584999084
data/corpus_smoke/images/FLUX.1-dev/4b/4b33cb7626d5d1e68348eef19c2888eb6df20954f981a0c618e88b1707a69362.jpg,1,composed_resize0.25+blur0.5+jpeg30,0.4683360755443573
data/corpus_smoke/images/FLUX.1-dev/63/63ebff3cb98dc0fd77edb3d7699593d5321fe5cf059d6462a4da44f906eafafa.jpg,1,clean,0.42946845293045044
data/corpus_smoke/images/FLUX.1-dev/63/63ebff3cb98dc0fd77edb3d7699593d5321fe5cf059d6462a4da44f906eafafa.jpg,1,jpeg_90,0.4299195408821106
data/corpus_smoke/images/FLUX.1-dev/63/63ebff3cb98dc0fd77edb3d7699593d5321fe5cf059d6462a4da44f906eafafa.jpg,1,jpeg_70,0.44903913140296936
data/corpus_smoke/images/FLUX.1-dev/63/63ebff3cb98dc0fd77edb3d7699593d5321fe5cf059d6462a4da44f906eafafa.jpg,1,jpeg_50,0.4499090313911438
data/corpus_smoke/images/FLUX.1-dev/63/63ebff3cb98dc0fd77edb3d7699593d5321fe5cf059d6462a4da44f906eafafa.jpg,1,jpeg_30,0.4471561312675476
data/corpus_smoke/images/FLUX.1-dev/63/63ebff3cb98dc0fd77edb3d7699593d5321fe5cf059d6462a4da44f906eafafa.jpg,1,blur_0.5,0.42775145173072815
data/corpus_smoke/images/FLUX.1-dev/63/63ebff3cb98dc0fd77edb3d7699593d5321fe5cf059d6462a4da44f906eafafa.jpg,1,blur_1.0,0.42360302805900574
data/corpus_smoke/images/FLUX.1-dev/63/63ebff3cb98dc0fd77edb3d7699593d5321fe5cf059d6462a4da44f906eafafa.jpg,1,blur_2.0,0.4208616614341736
data/corpus_smoke/images/FLUX.1-dev/63/63ebff3cb98dc0fd77edb3d7699593d5321fe5cf059d6462a4da44f906eafafa.jpg,1,resize_0.5,0.42567506432533264
data/corpus_smoke/images/FLUX.1-dev/63/63ebff3cb98dc0fd77edb3d7699593d5321fe5cf059d6462a4da44f906eafafa.jpg,1,resize_0.25,0.42171645164489746
data/corpus_smoke/images/FLUX.1-dev/63/63ebff3cb98dc0fd77edb3d7699593d5321fe5cf059d6462a4da44f906eafafa.jpg,1,noise_0.02,0.44225800037384033
data/corpus_smoke/images/FLUX.1-dev/63/63ebff3cb98dc0fd77edb3d7699593d5321fe5cf059d6462a4da44f906eafafa.jpg,1,noise_0.05,0.44037312269210815
data/corpus_smoke/images/FLUX.1-dev/63/63ebff3cb98dc0fd77edb3d7699593d5321fe5cf059d6462a4da44f906eafafa.jpg,1,noise_0.1,0.4397392272949219
data/corpus_smoke/images/FLUX.1-dev/63/63ebff3cb98dc0fd77edb3d7699593d5321fe5cf059d6462a4da44f906eafafa.jpg,1,jitter_0.2,0.43076738715171814
data/corpus_smoke/images/FLUX.1-dev/63/63ebff3cb98dc0fd77edb3d7699593d5321fe5cf059d6462a4da44f906eafafa.jpg,1,center_crop_0.8,0.42707687616348267
data/corpus_smoke/images/FLUX.1-dev/63/63ebff3cb98dc0fd77edb3d7699593d5321fe5cf059d6462a4da44f906eafafa.jpg,1,composed_blur1.0+jpeg70,0.43936413526535034
data/corpus_smoke/images/FLUX.1-dev/63/63ebff3cb98dc0fd77edb3d7699593d5321fe5cf059d6462a4da44f906eafafa.jpg,1,composed_resize0.5+jpeg50,0.433768093585968
data/corpus_smoke/images/FLUX.1-dev/63/63ebff3cb98dc0fd77edb3d7699593d5321fe5cf059d6462a4da44f906eafafa.jpg,1,composed_jitter0.2+jpeg30,0.44437509775161743
data/corpus_smoke/images/FLUX.1-dev/63/63ebff3cb98dc0fd77edb3d7699593d5321fe5cf059d6462a4da44f906eafafa.jpg,1,composed_resize0.25+blur0.5+jpeg30,0.4469257593154907
data/corpus_smoke/images/FLUX.1-dev/4c/4c3da2ecb8a80dda9248a24fdcbd5dfa369d9c9a275d3c2519e7259b3850ed54.jpg,1,clean,0.43202969431877136
data/corpus_smoke/images/FLUX.1-dev/4c/4c3da2ecb8a80dda9248a24fdcbd5dfa369d9c9a275d3c2519e7259b3850ed54.jpg,1,jpeg_90,0.4331798255443573
data/corpus_smoke/images/FLUX.1-dev/4c/4c3da2ecb8a80dda9248a24fdcbd5dfa369d9c9a275d3c2519e7259b3850ed54.jpg,1,jpeg_70,0.44972720742225647
data/corpus_smoke/images/FLUX.1-dev/4c/4c3da2ecb8a80dda9248a24fdcbd5dfa369d9c9a275d3c2519e7259b3850ed54.jpg,1,jpeg_50,0.4596341848373413
data/corpus_smoke/images/FLUX.1-dev/4c/4c3da2ecb8a80dda9248a24fdcbd5dfa369d9c9a275d3c2519e7259b3850ed54.jpg,1,jpeg_30,0.4693572521209717
data/corpus_smoke/images/FLUX.1-dev/4c/4c3da2ecb8a80dda9248a24fdcbd5dfa369d9c9a275d3c2519e7259b3850ed54.jpg,1,blur_0.5,0.4303562045097351
data/corpus_smoke/images/FLUX.1-dev/4c/4c3da2ecb8a80dda9248a24fdcbd5dfa369d9c9a275d3c2519e7259b3850ed54.jpg,1,blur_1.0,0.42813411355018616
data/corpus_smoke/images/FLUX.1-dev/4c/4c3da2ecb8a80dda9248a24fdcbd5dfa369d9c9a275d3c2519e7259b3850ed54.jpg,1,blur_2.0,0.43359893560409546
data/corpus_smoke/images/FLUX.1-dev/4c/4c3da2ecb8a80dda9248a24fdcbd5dfa369d9c9a275d3c2519e7259b3850ed54.jpg,1,resize_0.5,0.4284692704677582
data/corpus_smoke/images/FLUX.1-dev/4c/4c3da2ecb8a80dda9248a24fdcbd5dfa369d9c9a275d3c2519e7259b3850ed54.jpg,1,resize_0.25,0.4292851686477661
data/corpus_smoke/images/FLUX.1-dev/4c/4c3da2ecb8a80dda9248a24fdcbd5dfa369d9c9a275d3c2519e7259b3850ed54.jpg,1,noise_0.02,0.44471263885498047
data/corpus_smoke/images/FLUX.1-dev/4c/4c3da2ecb8a80dda9248a24fdcbd5dfa369d9c9a275d3c2519e7259b3850ed54.jpg,1,noise_0.05,0.4419965445995331
data/corpus_smoke/images/FLUX.1-dev/4c/4c3da2ecb8a80dda9248a24fdcbd5dfa369d9c9a275d3c2519e7259b3850ed54.jpg,1,noise_0.1,0.44612473249435425
data/corpus_smoke/images/FLUX.1-dev/4c/4c3da2ecb8a80dda9248a24fdcbd5dfa369d9c9a275d3c2519e7259b3850ed54.jpg,1,jitter_0.2,0.4487520456314087
data/corpus_smoke/images/FLUX.1-dev/4c/4c3da2ecb8a80dda9248a24fdcbd5dfa369d9c9a275d3c2519e7259b3850ed54.jpg,1,center_crop_0.8,0.4566560983657837
data/corpus_smoke/images/FLUX.1-dev/4c/4c3da2ecb8a80dda9248a24fdcbd5dfa369d9c9a275d3c2519e7259b3850ed54.jpg,1,composed_blur1.0+jpeg70,0.44702908396720886
data/corpus_smoke/images/FLUX.1-dev/4c/4c3da2ecb8a80dda9248a24fdcbd5dfa369d9c9a275d3c2519e7259b3850ed54.jpg,1,composed_resize0.5+jpeg50,0.45351770520210266
data/corpus_smoke/images/FLUX.1-dev/4c/4c3da2ecb8a80dda9248a24fdcbd5dfa369d9c9a275d3c2519e7259b3850ed54.jpg,1,composed_jitter0.2+jpeg30,0.4674537479877472
data/corpus_smoke/images/FLUX.1-dev/4c/4c3da2ecb8a80dda9248a24fdcbd5dfa369d9c9a275d3c2519e7259b3850ed54.jpg,1,composed_resize0.25+blur0.5+jpeg30,0.4684082865715027
data/corpus_smoke/images/FLUX.1-dev/f7/f7eb43fe7265839c0378ba3799f306d108a36b2b697f409fc41a5cdb251af341.jpg,1,clean,0.43508997559547424
data/corpus_smoke/images/FLUX.1-dev/f7/f7eb43fe7265839c0378ba3799f306d108a36b2b697f409fc41a5cdb251af341.jpg,1,jpeg_90,0.437770813703537
data/corpus_smoke/images/FLUX.1-dev/f7/f7eb43fe7265839c0378ba3799f306d108a36b2b697f409fc41a5cdb251af341.jpg,1,jpeg_70,0.45141884684562683
data/corpus_smoke/images/FLUX.1-dev/f7/f7eb43fe7265839c0378ba3799f306d108a36b2b697f409fc41a5cdb251af341.jpg,1,jpeg_50,0.45396333932876587
data/corpus_smoke/images/FLUX.1-dev/f7/f7eb43fe7265839c0378ba3799f306d108a36b2b697f409fc41a5cdb251af341.jpg,1,jpeg_30,0.4561128616333008
data/corpus_smoke/images/FLUX.1-dev/f7/f7eb43fe7265839c0378ba3799f306d108a36b2b697f409fc41a5cdb251af341.jpg,1,blur_0.5,0.4333336353302002
data/corpus_smoke/images/FLUX.1-dev/f7/f7eb43fe7265839c0378ba3799f306d108a36b2b697f409fc41a5cdb251af341.jpg,1,blur_1.0,0.42823198437690735
data/corpus_smoke/images/FLUX.1-dev/f7/f7eb43fe7265839c0378ba3799f306d108a36b2b697f409fc41a5cdb251af341.jpg,1,blur_2.0,0.4232626259326935
data/corpus_smoke/images/FLUX.1-dev/f7/f7eb43fe7265839c0378ba3799f306d108a36b2b697f409fc41a5cdb251af341.jpg,1,resize_0.5,0.4319843053817749
data/corpus_smoke/images/FLUX.1-dev/f7/f7eb43fe7265839c0378ba3799f306d108a36b2b697f409fc41a5cdb251af341.jpg,1,resize_0.25,0.42707347869873047
data/corpus_smoke/images/FLUX.1-dev/f7/f7eb43fe7265839c0378ba3799f306d108a36b2b697f409fc41a5cdb251af341.jpg,1,noise_0.02,0.4454939365386963
data/corpus_smoke/images/FLUX.1-dev/f7/f7eb43fe7265839c0378ba3799f306d108a36b2b697f409fc41a5cdb251af341.jpg,1,noise_0.05,0.44154196977615356
data/corpus_smoke/images/FLUX.1-dev/f7/f7eb43fe7265839c0378ba3799f306d108a36b2b697f409fc41a5cdb251af341.jpg,1,noise_0.1,0.443230003118515
data/corpus_smoke/images/FLUX.1-dev/f7/f7eb43fe7265839c0378ba3799f306d108a36b2b697f409fc41a5cdb251af341.jpg,1,jitter_0.2,0.4347798824310303
data/corpus_smoke/images/FLUX.1-dev/f7/f7eb43fe7265839c0378ba3799f306d108a36b2b697f409fc41a5cdb251af341.jpg,1,center_crop_0.8,0.43994033336639404
data/corpus_smoke/images/FLUX.1-dev/f7/f7eb43fe7265839c0378ba3799f306d108a36b2b697f409fc41a5cdb251af341.jpg,1,composed_blur1.0+jpeg70,0.44958746433258057
data/corpus_smoke/images/FLUX.1-dev/f7/f7eb43fe7265839c0378ba3799f306d108a36b2b697f409fc41a5cdb251af341.jpg,1,composed_resize0.5+jpeg50,0.4520756006240845
data/corpus_smoke/images/FLUX.1-dev/f7/f7eb43fe7265839c0378ba3799f306d108a36b2b697f409fc41a5cdb251af341.jpg,1,composed_jitter0.2+jpeg30,0.4535560607910156
data/corpus_smoke/images/FLUX.1-dev/f7/f7eb43fe7265839c0378ba3799f306d108a36b2b697f409fc41a5cdb251af341.jpg,1,composed_resize0.25+blur0.5+jpeg30,0.4476605951786041
data/corpus_smoke/images/FLUX.1-dev/5e/5e9b813e9d6e80f1c267f0e0d45bb6d44c05d96f6bdb9868ae94bd4e4c4aceed.jpg,1,clean,0.4408662021160126
data/corpus_smoke/images/FLUX.1-dev/5e/5e9b813e9d6e80f1c267f0e0d45bb6d44c05d96f6bdb9868ae94bd4e4c4aceed.jpg,1,jpeg_90,0.4435936510562897
data/corpus_smoke/images/FLUX.1-dev/5e/5e9b813e9d6e80f1c267f0e0d45bb6d44c05d96f6bdb9868ae94bd4e4c4aceed.jpg,1,jpeg_70,0.4523812532424927
data/corpus_smoke/images/FLUX.1-dev/5e/5e9b813e9d6e80f1c267f0e0d45bb6d44c05d96f6bdb9868ae94bd4e4c4aceed.jpg,1,jpeg_50,0.4595031142234802
data/corpus_smoke/images/FLUX.1-dev/5e/5e9b813e9d6e80f1c267f0e0d45bb6d44c05d96f6bdb9868ae94bd4e4c4aceed.jpg,1,jpeg_30,0.46483317017555237
data/corpus_smoke/images/FLUX.1-dev/5e/5e9b813e9d6e80f1c267f0e0d45bb6d44c05d96f6bdb9868ae94bd4e4c4aceed.jpg,1,blur_0.5,0.4383368194103241
data/corpus_smoke/images/FLUX.1-dev/5e/5e9b813e9d6e80f1c267f0e0d45bb6d44c05d96f6bdb9868ae94bd4e4c4aceed.jpg,1,blur_1.0,0.43521982431411743
data/corpus_smoke/images/FLUX.1-dev/5e/5e9b813e9d6e80f1c267f0e0d45bb6d44c05d96f6bdb9868ae94bd4e4c4aceed.jpg,1,blur_2.0,0.44215765595436096
data/corpus_smoke/images/FLUX.1-dev/5e/5e9b813e9d6e80f1c267f0e0d45bb6d44c05d96f6bdb9868ae94bd4e4c4aceed.jpg,1,resize_0.5,0.43826162815093994
data/corpus_smoke/images/FLUX.1-dev/5e/5e9b813e9d6e80f1c267f0e0d45bb6d44c05d96f6bdb9868ae94bd4e4c4aceed.jpg,1,resize_0.25,0.43792903423309326
data/corpus_smoke/images/FLUX.1-dev/5e/5e9b813e9d6e80f1c267f0e0d45bb6d44c05d96f6bdb9868ae94bd4e4c4aceed.jpg,1,noise_0.02,0.4390651285648346
data/corpus_smoke/images/FLUX.1-dev/5e/5e9b813e9d6e80f1c267f0e0d45bb6d44c05d96f6bdb9868ae94bd4e4c4aceed.jpg,1,noise_0.05,0.4445699453353882
data/corpus_smoke/images/FLUX.1-dev/5e/5e9b813e9d6e80f1c267f0e0d45bb6d44c05d96f6bdb9868ae94bd4e4c4aceed.jpg,1,noise_0.1,0.44638946652412415
data/corpus_smoke/images/FLUX.1-dev/5e/5e9b813e9d6e80f1c267f0e0d45bb6d44c05d96f6bdb9868ae94bd4e4c4aceed.jpg,1,jitter_0.2,0.4401100277900696
data/corpus_smoke/images/FLUX.1-dev/5e/5e9b813e9d6e80f1c267f0e0d45bb6d44c05d96f6bdb9868ae94bd4e4c4aceed.jpg,1,center_crop_0.8,0.4395598769187927
data/corpus_smoke/images/FLUX.1-dev/5e/5e9b813e9d6e80f1c267f0e0d45bb6d44c05d96f6bdb9868ae94bd4e4c4aceed.jpg,1,composed_blur1.0+jpeg70,0.4510325491428375
data/corpus_smoke/images/FLUX.1-dev/5e/5e9b813e9d6e80f1c267f0e0d45bb6d44c05d96f6bdb9868ae94bd4e4c4aceed.jpg,1,composed_resize0.5+jpeg50,0.45374995470046997
data/corpus_smoke/images/FLUX.1-dev/5e/5e9b813e9d6e80f1c267f0e0d45bb6d44c05d96f6bdb9868ae94bd4e4c4aceed.jpg,1,composed_jitter0.2+jpeg30,0.4649156928062439
data/corpus_smoke/images/FLUX.1-dev/5e/5e9b813e9d6e80f1c267f0e0d45bb6d44c05d96f6bdb9868ae94bd4e4c4aceed.jpg,1,composed_resize0.25+blur0.5+jpeg30,0.45728400349617004
data/corpus_smoke/images/FLUX.1-dev/81/81fd0a882036df03f492e91ac96183360096e806945f845a833b1ae4089aeab8.jpg,1,clean,0.4527846872806549
data/corpus_smoke/images/FLUX.1-dev/81/81fd0a882036df03f492e91ac96183360096e806945f845a833b1ae4089aeab8.jpg,1,jpeg_90,0.4532862603664398
data/corpus_smoke/images/FLUX.1-dev/81/81fd0a882036df03f492e91ac96183360096e806945f845a833b1ae4089aeab8.jpg,1,jpeg_70,0.4634813368320465
data/corpus_smoke/images/FLUX.1-dev/81/81fd0a882036df03f492e91ac96183360096e806945f845a833b1ae4089aeab8.jpg,1,jpeg_50,0.4594079852104187
data/corpus_smoke/images/FLUX.1-dev/81/81fd0a882036df03f492e91ac96183360096e806945f845a833b1ae4089aeab8.jpg,1,jpeg_30,0.4591965973377228
data/corpus_smoke/images/FLUX.1-dev/81/81fd0a882036df03f492e91ac96183360096e806945f845a833b1ae4089aeab8.jpg,1,blur_0.5,0.45007675886154175
data/corpus_smoke/images/FLUX.1-dev/81/81fd0a882036df03f492e91ac96183360096e806945f845a833b1ae4089aeab8.jpg,1,blur_1.0,0.44776782393455505
data/corpus_smoke/images/FLUX.1-dev/81/81fd0a882036df03f492e91ac96183360096e806945f845a833b1ae4089aeab8.jpg,1,blur_2.0,0.443487286567688
data/corpus_smoke/images/FLUX.1-dev/81/81fd0a882036df03f492e91ac96183360096e806945f845a833b1ae4089aeab8.jpg,1,resize_0.5,0.4506838023662567
data/corpus_smoke/images/FLUX.1-dev/81/81fd0a882036df03f492e91ac96183360096e806945f845a833b1ae4089aeab8.jpg,1,resize_0.25,0.446093887090683
data/corpus_smoke/images/FLUX.1-dev/81/81fd0a882036df03f492e91ac96183360096e806945f845a833b1ae4089aeab8.jpg,1,noise_0.02,0.45786187052726746
data/corpus_smoke/images/FLUX.1-dev/81/81fd0a882036df03f492e91ac96183360096e806945f845a833b1ae4089aeab8.jpg,1,noise_0.05,0.4575859308242798
data/corpus_smoke/images/FLUX.1-dev/81/81fd0a882036df03f492e91ac96183360096e806945f845a833b1ae4089aeab8.jpg,1,noise_0.1,0.44560667872428894
data/corpus_smoke/images/FLUX.1-dev/81/81fd0a882036df03f492e91ac96183360096e806945f845a833b1ae4089aeab8.jpg,1,jitter_0.2,0.45264768600463867
data/corpus_smoke/images/FLUX.1-dev/81/81fd0a882036df03f492e91ac96183360096e806945f845a833b1ae4089aeab8.jpg,1,center_crop_0.8,0.4635683596134186
data/corpus_smoke/images/FLUX.1-dev/81/81fd0a882036df03f492e91ac96183360096e806945f845a833b1ae4089aeab8.jpg,1,composed_blur1.0+jpeg70,0.4522957503795624
data/corpus_smoke/images/FLUX.1-dev/81/81fd0a882036df03f492e91ac96183360096e806945f845a833b1ae4089aeab8.jpg,1,composed_resize0.5+jpeg50,0.44900578260421753
data/corpus_smoke/images/FLUX.1-dev/81/81fd0a882036df03f492e91ac96183360096e806945f845a833b1ae4089aeab8.jpg,1,composed_jitter0.2+jpeg30,0.4604620337486267
data/corpus_smoke/images/FLUX.1-dev/81/81fd0a882036df03f492e91ac96183360096e806945f845a833b1ae4089aeab8.jpg,1,composed_resize0.25+blur0.5+jpeg30,0.452828049659729
data/corpus_smoke/images/FLUX.1-dev/63/63a3c1ba4bd7d7a967b6086a71356ab53e465ccc13ebf987aed5ebc7593f1f3e.jpg,1,clean,0.47428271174430847
data/corpus_smoke/images/FLUX.1-dev/63/63a3c1ba4bd7d7a967b6086a71356ab53e465ccc13ebf987aed5ebc7593f1f3e.jpg,1,jpeg_90,0.4729713797569275
data/corpus_smoke/images/FLUX.1-dev/63/63a3c1ba4bd7d7a967b6086a71356ab53e465ccc13ebf987aed5ebc7593f1f3e.jpg,1,jpeg_70,0.4808751940727234
data/corpus_smoke/images/FLUX.1-dev/63/63a3c1ba4bd7d7a967b6086a71356ab53e465ccc13ebf987aed5ebc7593f1f3e.jpg,1,jpeg_50,0.48208507895469666
data/corpus_smoke/images/FLUX.1-dev/63/63a3c1ba4bd7d7a967b6086a71356ab53e465ccc13ebf987aed5ebc7593f1f3e.jpg,1,jpeg_30,0.48505696654319763
data/corpus_smoke/images/FLUX.1-dev/63/63a3c1ba4bd7d7a967b6086a71356ab53e465ccc13ebf987aed5ebc7593f1f3e.jpg,1,blur_0.5,0.4738784730434418
data/corpus_smoke/images/FLUX.1-dev/63/63a3c1ba4bd7d7a967b6086a71356ab53e465ccc13ebf987aed5ebc7593f1f3e.jpg,1,blur_1.0,0.4707717299461365
data/corpus_smoke/images/FLUX.1-dev/63/63a3c1ba4bd7d7a967b6086a71356ab53e465ccc13ebf987aed5ebc7593f1f3e.jpg,1,blur_2.0,0.46807271242141724
data/corpus_smoke/images/FLUX.1-dev/63/63a3c1ba4bd7d7a967b6086a71356ab53e465ccc13ebf987aed5ebc7593f1f3e.jpg,1,resize_0.5,0.4729660451412201
data/corpus_smoke/images/FLUX.1-dev/63/63a3c1ba4bd7d7a967b6086a71356ab53e465ccc13ebf987aed5ebc7593f1f3e.jpg,1,resize_0.25,0.4706532955169678
data/corpus_smoke/images/FLUX.1-dev/63/63a3c1ba4bd7d7a967b6086a71356ab53e465ccc13ebf987aed5ebc7593f1f3e.jpg,1,noise_0.02,0.4852098524570465
data/corpus_smoke/images/FLUX.1-dev/63/63a3c1ba4bd7d7a967b6086a71356ab53e465ccc13ebf987aed5ebc7593f1f3e.jpg,1,noise_0.05,0.479854553937912
data/corpus_smoke/images/FLUX.1-dev/63/63a3c1ba4bd7d7a967b6086a71356ab53e465ccc13ebf987aed5ebc7593f1f3e.jpg,1,noise_0.1,0.47264397144317627
data/corpus_smoke/images/FLUX.1-dev/63/63a3c1ba4bd7d7a967b6086a71356ab53e465ccc13ebf987aed5ebc7593f1f3e.jpg,1,jitter_0.2,0.47605666518211365
data/corpus_smoke/images/FLUX.1-dev/63/63a3c1ba4bd7d7a967b6086a71356ab53e465ccc13ebf987aed5ebc7593f1f3e.jpg,1,center_crop_0.8,0.4685136675834656
data/corpus_smoke/images/FLUX.1-dev/63/63a3c1ba4bd7d7a967b6086a71356ab53e465ccc13ebf987aed5ebc7593f1f3e.jpg,1,composed_blur1.0+jpeg70,0.47886404395103455
data/corpus_smoke/images/FLUX.1-dev/63/63a3c1ba4bd7d7a967b6086a71356ab53e465ccc13ebf987aed5ebc7593f1f3e.jpg,1,composed_resize0.5+jpeg50,0.4793473780155182
data/corpus_smoke/images/FLUX.1-dev/63/63a3c1ba4bd7d7a967b6086a71356ab53e465ccc13ebf987aed5ebc7593f1f3e.jpg,1,composed_jitter0.2+jpeg30,0.48919230699539185
data/corpus_smoke/images/FLUX.1-dev/63/63a3c1ba4bd7d7a967b6086a71356ab53e465ccc13ebf987aed5ebc7593f1f3e.jpg,1,composed_resize0.25+blur0.5+jpeg30,0.4846899211406708
data/corpus_smoke/images/FLUX.1-dev/d8/d83f65adc3b077532139a53156f148a4d1fb059f60afa130c5f0076b5d58aee2.jpg,1,clean,0.42919954657554626
data/corpus_smoke/images/FLUX.1-dev/d8/d83f65adc3b077532139a53156f148a4d1fb059f60afa130c5f0076b5d58aee2.jpg,1,jpeg_90,0.43731483817100525
data/corpus_smoke/images/FLUX.1-dev/d8/d83f65adc3b077532139a53156f148a4d1fb059f60afa130c5f0076b5d58aee2.jpg,1,jpeg_70,0.4444843828678131
data/corpus_smoke/images/FLUX.1-dev/d8/d83f65adc3b077532139a53156f148a4d1fb059f60afa130c5f0076b5d58aee2.jpg,1,jpeg_50,0.42805999517440796
data/corpus_smoke/images/FLUX.1-dev/d8/d83f65adc3b077532139a53156f148a4d1fb059f60afa130c5f0076b5d58aee2.jpg,1,jpeg_30,0.4278268814086914
data/corpus_smoke/images/FLUX.1-dev/d8/d83f65adc3b077532139a53156f148a4d1fb059f60afa130c5f0076b5d58aee2.jpg,1,blur_0.5,0.4274212121963501
data/corpus_smoke/images/FLUX.1-dev/d8/d83f65adc3b077532139a53156f148a4d1fb059f60afa130c5f0076b5d58aee2.jpg,1,blur_1.0,0.42315399646759033
data/corpus_smoke/images/FLUX.1-dev/d8/d83f65adc3b077532139a53156f148a4d1fb059f60afa130c5f0076b5d58aee2.jpg,1,blur_2.0,0.4222869277000427
data/corpus_smoke/images/FLUX.1-dev/d8/d83f65adc3b077532139a53156f148a4d1fb059f60afa130c5f0076b5d58aee2.jpg,1,resize_0.5,0.42110180854797363
data/corpus_smoke/images/FLUX.1-dev/d8/d83f65adc3b077532139a53156f148a4d1fb059f60afa130c5f0076b5d58aee2.jpg,1,resize_0.25,0.41071635484695435
data/corpus_smoke/images/FLUX.1-dev/d8/d83f65adc3b077532139a53156f148a4d1fb059f60afa130c5f0076b5d58aee2.jpg,1,noise_0.02,0.41430744528770447
data/corpus_smoke/images/FLUX.1-dev/d8/d83f65adc3b077532139a53156f148a4d1fb059f60afa130c5f0076b5d58aee2.jpg,1,noise_0.05,0.4129389226436615
data/corpus_smoke/images/FLUX.1-dev/d8/d83f65adc3b077532139a53156f148a4d1fb059f60afa130c5f0076b5d58aee2.jpg,1,noise_0.1,0.4097908139228821
data/corpus_smoke/images/FLUX.1-dev/d8/d83f65adc3b077532139a53156f148a4d1fb059f60afa130c5f0076b5d58aee2.jpg,1,jitter_0.2,0.4221026599407196
data/corpus_smoke/images/FLUX.1-dev/d8/d83f65adc3b077532139a53156f148a4d1fb059f60afa130c5f0076b5d58aee2.jpg,1,center_crop_0.8,0.40847188234329224
data/corpus_smoke/images/FLUX.1-dev/d8/d83f65adc3b077532139a53156f148a4d1fb059f60afa130c5f0076b5d58aee2.jpg,1,composed_blur1.0+jpeg70,0.4363551437854767
data/corpus_smoke/images/FLUX.1-dev/d8/d83f65adc3b077532139a53156f148a4d1fb059f60afa130c5f0076b5d58aee2.jpg,1,composed_resize0.5+jpeg50,0.42415523529052734
data/corpus_smoke/images/FLUX.1-dev/d8/d83f65adc3b077532139a53156f148a4d1fb059f60afa130c5f0076b5d58aee2.jpg,1,composed_jitter0.2+jpeg30,0.4254184067249298
data/corpus_smoke/images/FLUX.1-dev/d8/d83f65adc3b077532139a53156f148a4d1fb059f60afa130c5f0076b5d58aee2.jpg,1,composed_resize0.25+blur0.5+jpeg30,0.4276714622974396
data/corpus_smoke/images/FLUX.1-dev/7f/7f184f5ebc3071301c5ba9adb1647ed00174639344392855b9aad05986dbd5b6.jpg,1,clean,0.4387384355068207
data/corpus_smoke/images/FLUX.1-dev/7f/7f184f5ebc3071301c5ba9adb1647ed00174639344392855b9aad05986dbd5b6.jpg,1,jpeg_90,0.43978944420814514
data/corpus_smoke/images/FLUX.1-dev/7f/7f184f5ebc3071301c5ba9adb1647ed00174639344392855b9aad05986dbd5b6.jpg,1,jpeg_70,0.45386406779289246
data/corpus_smoke/images/FLUX.1-dev/7f/7f184f5ebc3071301c5ba9adb1647ed00174639344392855b9aad05986dbd5b6.jpg,1,jpeg_50,0.45970606803894043
data/corpus_smoke/images/FLUX.1-dev/7f/7f184f5ebc3071301c5ba9adb1647ed00174639344392855b9aad05986dbd5b6.jpg,1,jpeg_30,0.47036436200141907
data/corpus_smoke/images/FLUX.1-dev/7f/7f184f5ebc3071301c5ba9adb1647ed00174639344392855b9aad05986dbd5b6.jpg,1,blur_0.5,0.43707284331321716
data/corpus_smoke/images/FLUX.1-dev/7f/7f184f5ebc3071301c5ba9adb1647ed00174639344392855b9aad05986dbd5b6.jpg,1,blur_1.0,0.4341636002063751
data/corpus_smoke/images/FLUX.1-dev/7f/7f184f5ebc3071301c5ba9adb1647ed00174639344392855b9aad05986dbd5b6.jpg,1,blur_2.0,0.4382495880126953
data/corpus_smoke/images/FLUX.1-dev/7f/7f184f5ebc3071301c5ba9adb1647ed00174639344392855b9aad05986dbd5b6.jpg,1,resize_0.5,0.43492427468299866
data/corpus_smoke/images/FLUX.1-dev/7f/7f184f5ebc3071301c5ba9adb1647ed00174639344392855b9aad05986dbd5b6.jpg,1,resize_0.25,0.43145284056663513
data/corpus_smoke/images/FLUX.1-dev/7f/7f184f5ebc3071301c5ba9adb1647ed00174639344392855b9aad05986dbd5b6.jpg,1,noise_0.02,0.47249382734298706
data/corpus_smoke/images/FLUX.1-dev/7f/7f184f5ebc3071301c5ba9adb1647ed00174639344392855b9aad05986dbd5b6.jpg,1,noise_0.05,0.4649408459663391
data/corpus_smoke/images/FLUX.1-dev/7f/7f184f5ebc3071301c5ba9adb1647ed00174639344392855b9aad05986dbd5b6.jpg,1,noise_0.1,0.4596514105796814
data/corpus_smoke/images/FLUX.1-dev/7f/7f184f5ebc3071301c5ba9adb1647ed00174639344392855b9aad05986dbd5b6.jpg,1,jitter_0.2,0.4443284273147583
data/corpus_smoke/images/FLUX.1-dev/7f/7f184f5ebc3071301c5ba9adb1647ed00174639344392855b9aad05986dbd5b6.jpg,1,center_crop_0.8,0.4496566355228424
data/corpus_smoke/images/FLUX.1-dev/7f/7f184f5ebc3071301c5ba9adb1647ed00174639344392855b9aad05986dbd5b6.jpg,1,composed_blur1.0+jpeg70,0.451414555311203
data/corpus_smoke/images/FLUX.1-dev/7f/7f184f5ebc3071301c5ba9adb1647ed00174639344392855b9aad05986dbd5b6.jpg,1,composed_resize0.5+jpeg50,0.44760385155677795
data/corpus_smoke/images/FLUX.1-dev/7f/7f184f5ebc3071301c5ba9adb1647ed00174639344392855b9aad05986dbd5b6.jpg,1,composed_jitter0.2+jpeg30,0.4722776412963867
data/corpus_smoke/images/FLUX.1-dev/7f/7f184f5ebc3071301c5ba9adb1647ed00174639344392855b9aad05986dbd5b6.jpg,1,composed_resize0.25+blur0.5+jpeg30,0.4599924385547638
data/corpus_smoke/images/FLUX.1-dev/d5/d5593f32d80a985c16c3919af69b8f3a5f489f699ec7d997a70d37420ff3fa73.jpg,1,clean,0.41514116525650024
data/corpus_smoke/images/FLUX.1-dev/d5/d5593f32d80a985c16c3919af69b8f3a5f489f699ec7d997a70d37420ff3fa73.jpg,1,jpeg_90,0.4145916700363159
data/corpus_smoke/images/FLUX.1-dev/d5/d5593f32d80a985c16c3919af69b8f3a5f489f699ec7d997a70d37420ff3fa73.jpg,1,jpeg_70,0.43533164262771606
data/corpus_smoke/images/FLUX.1-dev/d5/d5593f32d80a985c16c3919af69b8f3a5f489f699ec7d997a70d37420ff3fa73.jpg,1,jpeg_50,0.44124507904052734
data/corpus_smoke/images/FLUX.1-dev/d5/d5593f32d80a985c16c3919af69b8f3a5f489f699ec7d997a70d37420ff3fa73.jpg,1,jpeg_30,0.447577565908432
data/corpus_smoke/images/FLUX.1-dev/d5/d5593f32d80a985c16c3919af69b8f3a5f489f699ec7d997a70d37420ff3fa73.jpg,1,blur_0.5,0.413025438785553
data/corpus_smoke/images/FLUX.1-dev/d5/d5593f32d80a985c16c3919af69b8f3a5f489f699ec7d997a70d37420ff3fa73.jpg,1,blur_1.0,0.4092056155204773
data/corpus_smoke/images/FLUX.1-dev/d5/d5593f32d80a985c16c3919af69b8f3a5f489f699ec7d997a70d37420ff3fa73.jpg,1,blur_2.0,0.41463571786880493
data/corpus_smoke/images/FLUX.1-dev/d5/d5593f32d80a985c16c3919af69b8f3a5f489f699ec7d997a70d37420ff3fa73.jpg,1,resize_0.5,0.4123587906360626
data/corpus_smoke/images/FLUX.1-dev/d5/d5593f32d80a985c16c3919af69b8f3a5f489f699ec7d997a70d37420ff3fa73.jpg,1,resize_0.25,0.4105362296104431
data/corpus_smoke/images/FLUX.1-dev/d5/d5593f32d80a985c16c3919af69b8f3a5f489f699ec7d997a70d37420ff3fa73.jpg,1,noise_0.02,0.4284946918487549
data/corpus_smoke/images/FLUX.1-dev/d5/d5593f32d80a985c16c3919af69b8f3a5f489f699ec7d997a70d37420ff3fa73.jpg,1,noise_0.05,0.4198044538497925
data/corpus_smoke/images/FLUX.1-dev/d5/d5593f32d80a985c16c3919af69b8f3a5f489f699ec7d997a70d37420ff3fa73.jpg,1,noise_0.1,0.4187018573284149
data/corpus_smoke/images/FLUX.1-dev/d5/d5593f32d80a985c16c3919af69b8f3a5f489f699ec7d997a70d37420ff3fa73.jpg,1,jitter_0.2,0.43283191323280334
data/corpus_smoke/images/FLUX.1-dev/d5/d5593f32d80a985c16c3919af69b8f3a5f489f699ec7d997a70d37420ff3fa73.jpg,1,center_crop_0.8,0.4215865731239319
data/corpus_smoke/images/FLUX.1-dev/d5/d5593f32d80a985c16c3919af69b8f3a5f489f699ec7d997a70d37420ff3fa73.jpg,1,composed_blur1.0+jpeg70,0.4280388653278351
data/corpus_smoke/images/FLUX.1-dev/d5/d5593f32d80a985c16c3919af69b8f3a5f489f699ec7d997a70d37420ff3fa73.jpg,1,composed_resize0.5+jpeg50,0.4337099492549896
data/corpus_smoke/images/FLUX.1-dev/d5/d5593f32d80a985c16c3919af69b8f3a5f489f699ec7d997a70d37420ff3fa73.jpg,1,composed_jitter0.2+jpeg30,0.44863376021385193
data/corpus_smoke/images/FLUX.1-dev/d5/d5593f32d80a985c16c3919af69b8f3a5f489f699ec7d997a70d37420ff3fa73.jpg,1,composed_resize0.25+blur0.5+jpeg30,0.4463454782962799
data/corpus_smoke/images/FLUX.1-dev/0d/0d7b8d5163d0bfdc1c41cc866c3d07328a879eab26a23bad7afab59612232353.jpg,1,clean,0.41282039880752563
data/corpus_smoke/images/FLUX.1-dev/0d/0d7b8d5163d0bfdc1c41cc866c3d07328a879eab26a23bad7afab59612232353.jpg,1,jpeg_90,0.41423383355140686
data/corpus_smoke/images/FLUX.1-dev/0d/0d7b8d5163d0bfdc1c41cc866c3d07328a879eab26a23bad7afab59612232353.jpg,1,jpeg_70,0.4242165684700012
data/corpus_smoke/images/FLUX.1-dev/0d/0d7b8d5163d0bfdc1c41cc866c3d07328a879eab26a23bad7afab59612232353.jpg,1,jpeg_50,0.43907371163368225
data/corpus_smoke/images/FLUX.1-dev/0d/0d7b8d5163d0bfdc1c41cc866c3d07328a879eab26a23bad7afab59612232353.jpg,1,jpeg_30,0.4301396608352661
data/corpus_smoke/images/FLUX.1-dev/0d/0d7b8d5163d0bfdc1c41cc866c3d07328a879eab26a23bad7afab59612232353.jpg,1,blur_0.5,0.41007912158966064
data/corpus_smoke/images/FLUX.1-dev/0d/0d7b8d5163d0bfdc1c41cc866c3d07328a879eab26a23bad7afab59612232353.jpg,1,blur_1.0,0.40469011664390564
data/corpus_smoke/images/FLUX.1-dev/0d/0d7b8d5163d0bfdc1c41cc866c3d07328a879eab26a23bad7afab59612232353.jpg,1,blur_2.0,0.40441054105758667
data/corpus_smoke/images/FLUX.1-dev/0d/0d7b8d5163d0bfdc1c41cc866c3d07328a879eab26a23bad7afab59612232353.jpg,1,resize_0.5,0.4061272144317627
data/corpus_smoke/images/FLUX.1-dev/0d/0d7b8d5163d0bfdc1c41cc866c3d07328a879eab26a23bad7afab59612232353.jpg,1,resize_0.25,0.40402889251708984
data/corpus_smoke/images/FLUX.1-dev/0d/0d7b8d5163d0bfdc1c41cc866c3d07328a879eab26a23bad7afab59612232353.jpg,1,noise_0.02,0.4301425814628601
data/corpus_smoke/images/FLUX.1-dev/0d/0d7b8d5163d0bfdc1c41cc866c3d07328a879eab26a23bad7afab59612232353.jpg,1,noise_0.05,0.43120232224464417
data/corpus_smoke/images/FLUX.1-dev/0d/0d7b8d5163d0bfdc1c41cc866c3d07328a879eab26a23bad7afab59612232353.jpg,1,noise_0.1,0.4201297461986542
data/corpus_smoke/images/FLUX.1-dev/0d/0d7b8d5163d0bfdc1c41cc866c3d07328a879eab26a23bad7afab59612232353.jpg,1,jitter_0.2,0.4217035472393036
data/corpus_smoke/images/FLUX.1-dev/0d/0d7b8d5163d0bfdc1c41cc866c3d07328a879eab26a23bad7afab59612232353.jpg,1,center_crop_0.8,0.41881629824638367
data/corpus_smoke/images/FLUX.1-dev/0d/0d7b8d5163d0bfdc1c41cc866c3d07328a879eab26a23bad7afab59612232353.jpg,1,composed_blur1.0+jpeg70,0.4157905578613281
data/corpus_smoke/images/FLUX.1-dev/0d/0d7b8d5163d0bfdc1c41cc866c3d07328a879eab26a23bad7afab59612232353.jpg,1,composed_resize0.5+jpeg50,0.43244749307632446
data/corpus_smoke/images/FLUX.1-dev/0d/0d7b8d5163d0bfdc1c41cc866c3d07328a879eab26a23bad7afab59612232353.jpg,1,composed_jitter0.2+jpeg30,0.4320245683193207
data/corpus_smoke/images/FLUX.1-dev/0d/0d7b8d5163d0bfdc1c41cc866c3d07328a879eab26a23bad7afab59612232353.jpg,1,composed_resize0.25+blur0.5+jpeg30,0.4280815124511719
data/corpus_smoke/images/FLUX.1-dev/e1/e1b68132ed09baf17a81794475e9e3dedb3a82d6928f9ecd1bcf8af459f916c2.jpg,1,clean,0.4167248606681824
data/corpus_smoke/images/FLUX.1-dev/e1/e1b68132ed09baf17a81794475e9e3dedb3a82d6928f9ecd1bcf8af459f916c2.jpg,1,jpeg_90,0.4177500307559967
data/corpus_smoke/images/FLUX.1-dev/e1/e1b68132ed09baf17a81794475e9e3dedb3a82d6928f9ecd1bcf8af459f916c2.jpg,1,jpeg_70,0.4407051205635071
data/corpus_smoke/images/FLUX.1-dev/e1/e1b68132ed09baf17a81794475e9e3dedb3a82d6928f9ecd1bcf8af459f916c2.jpg,1,jpeg_50,0.4397258162498474
data/corpus_smoke/images/FLUX.1-dev/e1/e1b68132ed09baf17a81794475e9e3dedb3a82d6928f9ecd1bcf8af459f916c2.jpg,1,jpeg_30,0.4450687766075134
data/corpus_smoke/images/FLUX.1-dev/e1/e1b68132ed09baf17a81794475e9e3dedb3a82d6928f9ecd1bcf8af459f916c2.jpg,1,blur_0.5,0.4156433939933777
data/corpus_smoke/images/FLUX.1-dev/e1/e1b68132ed09baf17a81794475e9e3dedb3a82d6928f9ecd1bcf8af459f916c2.jpg,1,blur_1.0,0.41317132115364075
data/corpus_smoke/images/FLUX.1-dev/e1/e1b68132ed09baf17a81794475e9e3dedb3a82d6928f9ecd1bcf8af459f916c2.jpg,1,blur_2.0,0.412757933139801
data/corpus_smoke/images/FLUX.1-dev/e1/e1b68132ed09baf17a81794475e9e3dedb3a82d6928f9ecd1bcf8af459f916c2.jpg,1,resize_0.5,0.4146980345249176
data/corpus_smoke/images/FLUX.1-dev/e1/e1b68132ed09baf17a81794475e9e3dedb3a82d6928f9ecd1bcf8af459f916c2.jpg,1,resize_0.25,0.4158397912979126
data/corpus_smoke/images/FLUX.1-dev/e1/e1b68132ed09baf17a81794475e9e3dedb3a82d6928f9ecd1bcf8af459f916c2.jpg,1,noise_0.02,0.4287428557872772
data/corpus_smoke/images/FLUX.1-dev/e1/e1b68132ed09baf17a81794475e9e3dedb3a82d6928f9ecd1bcf8af459f916c2.jpg,1,noise_0.05,0.4258464574813843
data/corpus_smoke/images/FLUX.1-dev/e1/e1b68132ed09baf17a81794475e9e3dedb3a82d6928f9ecd1bcf8af459f916c2.jpg,1,noise_0.1,0.4287727475166321
data/corpus_smoke/images/FLUX.1-dev/e1/e1b68132ed09baf17a81794475e9e3dedb3a82d6928f9ecd1bcf8af459f916c2.jpg,1,jitter_0.2,0.4171702563762665
data/corpus_smoke/images/FLUX.1-dev/e1/e1b68132ed09baf17a81794475e9e3dedb3a82d6928f9ecd1bcf8af459f916c2.jpg,1,center_crop_0.8,0.41294437646865845
data/corpus_smoke/images/FLUX.1-dev/e1/e1b68132ed09baf17a81794475e9e3dedb3a82d6928f9ecd1bcf8af459f916c2.jpg,1,composed_blur1.0+jpeg70,0.44059666991233826
data/corpus_smoke/images/FLUX.1-dev/e1/e1b68132ed09baf17a81794475e9e3dedb3a82d6928f9ecd1bcf8af459f916c2.jpg,1,composed_resize0.5+jpeg50,0.44086092710494995
data/corpus_smoke/images/FLUX.1-dev/e1/e1b68132ed09baf17a81794475e9e3dedb3a82d6928f9ecd1bcf8af459f916c2.jpg,1,composed_jitter0.2+jpeg30,0.44184911251068115
data/corpus_smoke/images/FLUX.1-dev/e1/e1b68132ed09baf17a81794475e9e3dedb3a82d6928f9ecd1bcf8af459f916c2.jpg,1,composed_resize0.25+blur0.5+jpeg30,0.4432545006275177
data/corpus_smoke/images/FLUX.1-dev/dd/dd8d233883ebf84ce7774ba221ccd11520e060ac7be88a279ccf3064c026368d.jpg,1,clean,0.43457427620887756
data/corpus_smoke/images/FLUX.1-dev/dd/dd8d233883ebf84ce7774ba221ccd11520e060ac7be88a279ccf3064c026368d.jpg,1,jpeg_90,0.43187105655670166
data/corpus_smoke/images/FLUX.1-dev/dd/dd8d233883ebf84ce7774ba221ccd11520e060ac7be88a279ccf3064c026368d.jpg,1,jpeg_70,0.4482615888118744
data/corpus_smoke/images/FLUX.1-dev/dd/dd8d233883ebf84ce7774ba221ccd11520e060ac7be88a279ccf3064c026368d.jpg,1,jpeg_50,0.4658067226409912
data/corpus_smoke/images/FLUX.1-dev/dd/dd8d233883ebf84ce7774ba221ccd11520e060ac7be88a279ccf3064c026368d.jpg,1,jpeg_30,0.4688718020915985
data/corpus_smoke/images/FLUX.1-dev/dd/dd8d233883ebf84ce7774ba221ccd11520e060ac7be88a279ccf3064c026368d.jpg,1,blur_0.5,0.4320681393146515
data/corpus_smoke/images/FLUX.1-dev/dd/dd8d233883ebf84ce7774ba221ccd11520e060ac7be88a279ccf3064c026368d.jpg,1,blur_1.0,0.42677822709083557
data/corpus_smoke/images/FLUX.1-dev/dd/dd8d233883ebf84ce7774ba221ccd11520e060ac7be88a279ccf3064c026368d.jpg,1,blur_2.0,0.4284719228744507
data/corpus_smoke/images/FLUX.1-dev/dd/dd8d233883ebf84ce7774ba221ccd11520e060ac7be88a279ccf3064c026368d.jpg,1,resize_0.5,0.43118980526924133
data/corpus_smoke/images/FLUX.1-dev/dd/dd8d233883ebf84ce7774ba221ccd11520e060ac7be88a279ccf3064c026368d.jpg,1,resize_0.25,0.42893746495246887
data/corpus_smoke/images/FLUX.1-dev/dd/dd8d233883ebf84ce7774ba221ccd11520e060ac7be88a279ccf3064c026368d.jpg,1,noise_0.02,0.44497376680374146
data/corpus_smoke/images/FLUX.1-dev/dd/dd8d233883ebf84ce7774ba221ccd11520e060ac7be88a279ccf3064c026368d.jpg,1,noise_0.05,0.4466606080532074
data/corpus_smoke/images/FLUX.1-dev/dd/dd8d233883ebf84ce7774ba221ccd11520e060ac7be88a279ccf3064c026368d.jpg,1,noise_0.1,0.4480269253253937
data/corpus_smoke/images/FLUX.1-dev/dd/dd8d233883ebf84ce7774ba221ccd11520e060ac7be88a279ccf3064c026368d.jpg,1,jitter_0.2,0.43248450756073
data/corpus_smoke/images/FLUX.1-dev/dd/dd8d233883ebf84ce7774ba221ccd11520e060ac7be88a279ccf3064c026368d.jpg,1,center_crop_0.8,0.4338550269603729
data/corpus_smoke/images/FLUX.1-dev/dd/dd8d233883ebf84ce7774ba221ccd11520e060ac7be88a279ccf3064c026368d.jpg,1,composed_blur1.0+jpeg70,0.44201231002807617
data/corpus_smoke/images/FLUX.1-dev/dd/dd8d233883ebf84ce7774ba221ccd11520e060ac7be88a279ccf3064c026368d.jpg,1,composed_resize0.5+jpeg50,0.4508676826953888
data/corpus_smoke/images/FLUX.1-dev/dd/dd8d233883ebf84ce7774ba221ccd11520e060ac7be88a279ccf3064c026368d.jpg,1,composed_jitter0.2+jpeg30,0.4750504493713379
data/corpus_smoke/images/FLUX.1-dev/dd/dd8d233883ebf84ce7774ba221ccd11520e060ac7be88a279ccf3064c026368d.jpg,1,composed_resize0.25+blur0.5+jpeg30,0.45521798729896545
data/corpus_smoke/images/FLUX.1-dev/22/22e319de0bf9351c5b785c1fcb2be86bac7f1f4f6d7723628d204b99102ab3cb.jpg,1,clean,0.44177818298339844
data/corpus_smoke/images/FLUX.1-dev/22/22e319de0bf9351c5b785c1fcb2be86bac7f1f4f6d7723628d204b99102ab3cb.jpg,1,jpeg_90,0.4415510594844818
data/corpus_smoke/images/FLUX.1-dev/22/22e319de0bf9351c5b785c1fcb2be86bac7f1f4f6d7723628d204b99102ab3cb.jpg,1,jpeg_70,0.4540860652923584
data/corpus_smoke/images/FLUX.1-dev/22/22e319de0bf9351c5b785c1fcb2be86bac7f1f4f6d7723628d204b99102ab3cb.jpg,1,jpeg_50,0.45584526658058167
data/corpus_smoke/images/FLUX.1-dev/22/22e319de0bf9351c5b785c1fcb2be86bac7f1f4f6d7723628d204b99102ab3cb.jpg,1,jpeg_30,0.46173691749572754
data/corpus_smoke/images/FLUX.1-dev/22/22e319de0bf9351c5b785c1fcb2be86bac7f1f4f6d7723628d204b99102ab3cb.jpg,1,blur_0.5,0.43711647391319275
data/corpus_smoke/images/FLUX.1-dev/22/22e319de0bf9351c5b785c1fcb2be86bac7f1f4f6d7723628d204b99102ab3cb.jpg,1,blur_1.0,0.43367326259613037
data/corpus_smoke/images/FLUX.1-dev/22/22e319de0bf9351c5b785c1fcb2be86bac7f1f4f6d7723628d204b99102ab3cb.jpg,1,blur_2.0,0.4423615038394928
data/corpus_smoke/images/FLUX.1-dev/22/22e319de0bf9351c5b785c1fcb2be86bac7f1f4f6d7723628d204b99102ab3cb.jpg,1,resize_0.5,0.432852566242218
data/corpus_smoke/images/FLUX.1-dev/22/22e319de0bf9351c5b785c1fcb2be86bac7f1f4f6d7723628d204b99102ab3cb.jpg,1,resize_0.25,0.4447680711746216
data/corpus_smoke/images/FLUX.1-dev/22/22e319de0bf9351c5b785c1fcb2be86bac7f1f4f6d7723628d204b99102ab3cb.jpg,1,noise_0.02,0.4531058967113495
data/corpus_smoke/images/FLUX.1-dev/22/22e319de0bf9351c5b785c1fcb2be86bac7f1f4f6d7723628d204b99102ab3cb.jpg,1,noise_0.05,0.4460620880126953
data/corpus_smoke/images/FLUX.1-dev/22/22e319de0bf9351c5b785c1fcb2be86bac7f1f4f6d7723628d204b99102ab3cb.jpg,1,noise_0.1,0.44216418266296387
data/corpus_smoke/images/FLUX.1-dev/22/22e319de0bf9351c5b785c1fcb2be86bac7f1f4f6d7723628d204b99102ab3cb.jpg,1,jitter_0.2,0.44532138109207153
data/corpus_smoke/images/FLUX.1-dev/22/22e319de0bf9351c5b785c1fcb2be86bac7f1f4f6d7723628d204b99102ab3cb.jpg,1,center_crop_0.8,0.4619959890842438
data/corpus_smoke/images/FLUX.1-dev/22/22e319de0bf9351c5b785c1fcb2be86bac7f1f4f6d7723628d204b99102ab3cb.jpg,1,composed_blur1.0+jpeg70,0.44332969188690186
data/corpus_smoke/images/FLUX.1-dev/22/22e319de0bf9351c5b785c1fcb2be86bac7f1f4f6d7723628d204b99102ab3cb.jpg,1,composed_resize0.5+jpeg50,0.44371065497398376
data/corpus_smoke/images/FLUX.1-dev/22/22e319de0bf9351c5b785c1fcb2be86bac7f1f4f6d7723628d204b99102ab3cb.jpg,1,composed_jitter0.2+jpeg30,0.45854049921035767
data/corpus_smoke/images/FLUX.1-dev/22/22e319de0bf9351c5b785c1fcb2be86bac7f1f4f6d7723628d204b99102ab3cb.jpg,1,composed_resize0.25+blur0.5+jpeg30,0.44282305240631104
data/corpus_smoke/images/FLUX.1-dev/fe/fe51fdf7a25a5dc2c9c6bb6ae13ca3beda26fe87a25f6e97930f91b7f165f037.jpg,1,clean,0.4246101379394531
data/corpus_smoke/images/FLUX.1-dev/fe/fe51fdf7a25a5dc2c9c6bb6ae13ca3beda26fe87a25f6e97930f91b7f165f037.jpg,1,jpeg_90,0.4274436831474304
data/corpus_smoke/images/FLUX.1-dev/fe/fe51fdf7a25a5dc2c9c6bb6ae13ca3beda26fe87a25f6e97930f91b7f165f037.jpg,1,jpeg_70,0.44007769227027893
data/corpus_smoke/images/FLUX.1-dev/fe/fe51fdf7a25a5dc2c9c6bb6ae13ca3beda26fe87a25f6e97930f91b7f165f037.jpg,1,jpeg_50,0.4355827569961548
data/corpus_smoke/images/FLUX.1-dev/fe/fe51fdf7a25a5dc2c9c6bb6ae13ca3beda26fe87a25f6e97930f91b7f165f037.jpg,1,jpeg_30,0.4387457072734833
data/corpus_smoke/images/FLUX.1-dev/fe/fe51fdf7a25a5dc2c9c6bb6ae13ca3beda26fe87a25f6e97930f91b7f165f037.jpg,1,blur_0.5,0.42327645421028137
data/corpus_smoke/images/FLUX.1-dev/fe/fe51fdf7a25a5dc2c9c6bb6ae13ca3beda26fe87a25f6e97930f91b7f165f037.jpg,1,blur_1.0,0.4206066131591797
data/corpus_smoke/images/FLUX.1-dev/fe/fe51fdf7a25a5dc2c9c6bb6ae13ca3beda26fe87a25f6e97930f91b7f165f037.jpg,1,blur_2.0,0.425059974193573
data/corpus_smoke/images/FLUX.1-dev/fe/fe51fdf7a25a5dc2c9c6bb6ae13ca3beda26fe87a25f6e97930f91b7f165f037.jpg,1,resize_0.5,0.4188326895236969
data/corpus_smoke/images/FLUX.1-dev/fe/fe51fdf7a25a5dc2c9c6bb6ae13ca3beda26fe87a25f6e97930f91b7f165f037.jpg,1,resize_0.25,0.41648849844932556
data/corpus_smoke/images/FLUX.1-dev/fe/fe51fdf7a25a5dc2c9c6bb6ae13ca3beda26fe87a25f6e97930f91b7f165f037.jpg,1,noise_0.02,0.4424271583557129
data/corpus_smoke/images/FLUX.1-dev/fe/fe51fdf7a25a5dc2c9c6bb6ae13ca3beda26fe87a25f6e97930f91b7f165f037.jpg,1,noise_0.05,0.4276474714279175
data/corpus_smoke/images/FLUX.1-dev/fe/fe51fdf7a25a5dc2c9c6bb6ae13ca3beda26fe87a25f6e97930f91b7f165f037.jpg,1,noise_0.1,0.4277653992176056
data/corpus_smoke/images/FLUX.1-dev/fe/fe51fdf7a25a5dc2c9c6bb6ae13ca3beda26fe87a25f6e97930f91b7f165f037.jpg,1,jitter_0.2,0.42911824584007263
data/corpus_smoke/images/FLUX.1-dev/fe/fe51fdf7a25a5dc2c9c6bb6ae13ca3beda26fe87a25f6e97930f91b7f165f037.jpg,1,center_crop_0.8,0.42495670914649963
data/corpus_smoke/images/FLUX.1-dev/fe/fe51fdf7a25a5dc2c9c6bb6ae13ca3beda26fe87a25f6e97930f91b7f165f037.jpg,1,composed_blur1.0+jpeg70,0.4299912452697754
data/corpus_smoke/images/FLUX.1-dev/fe/fe51fdf7a25a5dc2c9c6bb6ae13ca3beda26fe87a25f6e97930f91b7f165f037.jpg,1,composed_resize0.5+jpeg50,0.42431390285491943
data/corpus_smoke/images/FLUX.1-dev/fe/fe51fdf7a25a5dc2c9c6bb6ae13ca3beda26fe87a25f6e97930f91b7f165f037.jpg,1,composed_jitter0.2+jpeg30,0.43883177638053894
data/corpus_smoke/images/FLUX.1-dev/fe/fe51fdf7a25a5dc2c9c6bb6ae13ca3beda26fe87a25f6e97930f91b7f165f037.jpg,1,composed_resize0.25+blur0.5+jpeg30,0.4295147955417633
data/corpus_smoke/images/FLUX.1-dev/02/0264d321924575ad68050a27352a75687be0d6cf9f7f840c507130e72070cce1.jpg,1,clean,0.4588605761528015
data/corpus_smoke/images/FLUX.1-dev/02/0264d321924575ad68050a27352a75687be0d6cf9f7f840c507130e72070cce1.jpg,1,jpeg_90,0.45460087060928345
data/corpus_smoke/images/FLUX.1-dev/02/0264d321924575ad68050a27352a75687be0d6cf9f7f840c507130e72070cce1.jpg,1,jpeg_70,0.46747225522994995
data/corpus_smoke/images/FLUX.1-dev/02/0264d321924575ad68050a27352a75687be0d6cf9f7f840c507130e72070cce1.jpg,1,jpeg_50,0.47023236751556396
data/corpus_smoke/images/FLUX.1-dev/02/0264d321924575ad68050a27352a75687be0d6cf9f7f840c507130e72070cce1.jpg,1,jpeg_30,0.47394588589668274
data/corpus_smoke/images/FLUX.1-dev/02/0264d321924575ad68050a27352a75687be0d6cf9f7f840c507130e72070cce1.jpg,1,blur_0.5,0.4583054184913635
data/corpus_smoke/images/FLUX.1-dev/02/0264d321924575ad68050a27352a75687be0d6cf9f7f840c507130e72070cce1.jpg,1,blur_1.0,0.45583105087280273
data/corpus_smoke/images/FLUX.1-dev/02/0264d321924575ad68050a27352a75687be0d6cf9f7f840c507130e72070cce1.jpg,1,blur_2.0,0.45285290479660034
data/corpus_smoke/images/FLUX.1-dev/02/0264d321924575ad68050a27352a75687be0d6cf9f7f840c507130e72070cce1.jpg,1,resize_0.5,0.4584328532218933
data/corpus_smoke/images/FLUX.1-dev/02/0264d321924575ad68050a27352a75687be0d6cf9f7f840c507130e72070cce1.jpg,1,resize_0.25,0.4583006203174591
data/corpus_smoke/images/FLUX.1-dev/02/0264d321924575ad68050a27352a75687be0d6cf9f7f840c507130e72070cce1.jpg,1,noise_0.02,0.47971493005752563
data/corpus_smoke/images/FLUX.1-dev/02/0264d321924575ad68050a27352a75687be0d6cf9f7f840c507130e72070cce1.jpg,1,noise_0.05,0.4712381362915039
data/corpus_smoke/images/FLUX.1-dev/02/0264d321924575ad68050a27352a75687be0d6cf9f7f840c507130e72070cce1.jpg,1,noise_0.1,0.4639236032962799
data/corpus_smoke/images/FLUX.1-dev/02/0264d321924575ad68050a27352a75687be0d6cf9f7f840c507130e72070cce1.jpg,1,jitter_0.2,0.4585548937320709
data/corpus_smoke/images/FLUX.1-dev/02/0264d321924575ad68050a27352a75687be0d6cf9f7f840c507130e72070cce1.jpg,1,center_crop_0.8,0.4728943109512329
data/corpus_smoke/images/FLUX.1-dev/02/0264d321924575ad68050a27352a75687be0d6cf9f7f840c507130e72070cce1.jpg,1,composed_blur1.0+jpeg70,0.46373534202575684
data/corpus_smoke/images/FLUX.1-dev/02/0264d321924575ad68050a27352a75687be0d6cf9f7f840c507130e72070cce1.jpg,1,composed_resize0.5+jpeg50,0.4636647701263428
data/corpus_smoke/images/FLUX.1-dev/02/0264d321924575ad68050a27352a75687be0d6cf9f7f840c507130e72070cce1.jpg,1,composed_jitter0.2+jpeg30,0.46366387605667114
data/corpus_smoke/images/FLUX.1-dev/02/0264d321924575ad68050a27352a75687be0d6cf9f7f840c507130e72070cce1.jpg,1,composed_resize0.25+blur0.5+jpeg30,0.4751940369606018
data/corpus_smoke/images/FLUX.1-dev/d7/d7bb6bfa794b0bd5acfc76b52ef968ac9484f564eb87e01bd937979c2480c2c7.jpg,1,clean,0.44502466917037964
data/corpus_smoke/images/FLUX.1-dev/d7/d7bb6bfa794b0bd5acfc76b52ef968ac9484f564eb87e01bd937979c2480c2c7.jpg,1,jpeg_90,0.44770389795303345
data/corpus_smoke/images/FLUX.1-dev/d7/d7bb6bfa794b0bd5acfc76b52ef968ac9484f564eb87e01bd937979c2480c2c7.jpg,1,jpeg_70,0.46088752150535583
data/corpus_smoke/images/FLUX.1-dev/d7/d7bb6bfa794b0bd5acfc76b52ef968ac9484f564eb87e01bd937979c2480c2c7.jpg,1,jpeg_50,0.4632137417793274
data/corpus_smoke/images/FLUX.1-dev/d7/d7bb6bfa794b0bd5acfc76b52ef968ac9484f564eb87e01bd937979c2480c2c7.jpg,1,jpeg_30,0.46628478169441223
data/corpus_smoke/images/FLUX.1-dev/d7/d7bb6bfa794b0bd5acfc76b52ef968ac9484f564eb87e01bd937979c2480c2c7.jpg,1,blur_0.5,0.44425973296165466
data/corpus_smoke/images/FLUX.1-dev/d7/d7bb6bfa794b0bd5acfc76b52ef968ac9484f564eb87e01bd937979c2480c2c7.jpg,1,blur_1.0,0.443311870098114
data/corpus_smoke/images/FLUX.1-dev/d7/d7bb6bfa794b0bd5acfc76b52ef968ac9484f564eb87e01bd937979c2480c2c7.jpg,1,blur_2.0,0.44751328229904175
data/corpus_smoke/images/FLUX.1-dev/d7/d7bb6bfa794b0bd5acfc76b52ef968ac9484f564eb87e01bd937979c2480c2c7.jpg,1,resize_0.5,0.4455741047859192
data/corpus_smoke/images/FLUX.1-dev/d7/d7bb6bfa794b0bd5acfc76b52ef968ac9484f564eb87e01bd937979c2480c2c7.jpg,1,resize_0.25,0.4413852095603943
data/corpus_smoke/images/FLUX.1-dev/d7/d7bb6bfa794b0bd5acfc76b52ef968ac9484f564eb87e01bd937979c2480c2c7.jpg,1,noise_0.02,0.45634475350379944
data/corpus_smoke/images/FLUX.1-dev/d7/d7bb6bfa794b0bd5acfc76b52ef968ac9484f564eb87e01bd937979c2480c2c7.jpg,1,noise_0.05,0.45319604873657227
data/corpus_smoke/images/FLUX.1-dev/d7/d7bb6bfa794b0bd5acfc76b52ef968ac9484f564eb87e01bd937979c2480c2c7.jpg,1,noise_0.1,0.45104700326919556
data/corpus_smoke/images/FLUX.1-dev/d7/d7bb6bfa794b0bd5acfc76b52ef968ac9484f564eb87e01bd937979c2480c2c7.jpg,1,jitter_0.2,0.4547303020954132
data/corpus_smoke/images/FLUX.1-dev/d7/d7bb6bfa794b0bd5acfc76b52ef968ac9484f564eb87e01bd937979c2480c2c7.jpg,1,center_crop_0.8,0.4526786506175995
data/corpus_smoke/images/FLUX.1-dev/d7/d7bb6bfa794b0bd5acfc76b52ef968ac9484f564eb87e01bd937979c2480c2c7.jpg,1,composed_blur1.0+jpeg70,0.4577946960926056
data/corpus_smoke/images/FLUX.1-dev/d7/d7bb6bfa794b0bd5acfc76b52ef968ac9484f564eb87e01bd937979c2480c2c7.jpg,1,composed_resize0.5+jpeg50,0.4579581320285797
data/corpus_smoke/images/FLUX.1-dev/d7/d7bb6bfa794b0bd5acfc76b52ef968ac9484f564eb87e01bd937979c2480c2c7.jpg,1,composed_jitter0.2+jpeg30,0.4686563313007355
data/corpus_smoke/images/FLUX.1-dev/d7/d7bb6bfa794b0bd5acfc76b52ef968ac9484f564eb87e01bd937979c2480c2c7.jpg,1,composed_resize0.25+blur0.5+jpeg30,0.46089261770248413
data/corpus_smoke/images/FLUX.1-dev/60/601569040ad495abafa03d4ff4ecdefc0af0d0176bc089453f76a6624ee77b40.jpg,1,clean,0.4440690279006958
data/corpus_smoke/images/FLUX.1-dev/60/601569040ad495abafa03d4ff4ecdefc0af0d0176bc089453f76a6624ee77b40.jpg,1,jpeg_90,0.43777355551719666
data/corpus_smoke/images/FLUX.1-dev/60/601569040ad495abafa03d4ff4ecdefc0af0d0176bc089453f76a6624ee77b40.jpg,1,jpeg_70,0.45626747608184814
data/corpus_smoke/images/FLUX.1-dev/60/601569040ad495abafa03d4ff4ecdefc0af0d0176bc089453f76a6624ee77b40.jpg,1,jpeg_50,0.46254995465278625
data/corpus_smoke/images/FLUX.1-dev/60/601569040ad495abafa03d4ff4ecdefc0af0d0176bc089453f76a6624ee77b40.jpg,1,jpeg_30,0.46158304810523987
data/corpus_smoke/images/FLUX.1-dev/60/601569040ad495abafa03d4ff4ecdefc0af0d0176bc089453f76a6624ee77b40.jpg,1,blur_0.5,0.4385097920894623
data/corpus_smoke/images/FLUX.1-dev/60/601569040ad495abafa03d4ff4ecdefc0af0d0176bc089453f76a6624ee77b40.jpg,1,blur_1.0,0.4268082082271576
data/corpus_smoke/images/FLUX.1-dev/60/601569040ad495abafa03d4ff4ecdefc0af0d0176bc089453f76a6624ee77b40.jpg,1,blur_2.0,0.4283786416053772
data/corpus_smoke/images/FLUX.1-dev/60/601569040ad495abafa03d4ff4ecdefc0af0d0176bc089453f76a6624ee77b40.jpg,1,resize_0.5,0.44037652015686035
data/corpus_smoke/images/FLUX.1-dev/60/601569040ad495abafa03d4ff4ecdefc0af0d0176bc089453f76a6624ee77b40.jpg,1,resize_0.25,0.42574799060821533
data/corpus_smoke/images/FLUX.1-dev/60/601569040ad495abafa03d4ff4ecdefc0af0d0176bc089453f76a6624ee77b40.jpg,1,noise_0.02,0.4443759322166443
data/corpus_smoke/images/FLUX.1-dev/60/601569040ad495abafa03d4ff4ecdefc0af0d0176bc089453f76a6624ee77b40.jpg,1,noise_0.05,0.4488470256328583
data/corpus_smoke/images/FLUX.1-dev/60/601569040ad495abafa03d4ff4ecdefc0af0d0176bc089453f76a6624ee77b40.jpg,1,noise_0.1,0.4406321048736572
data/corpus_smoke/images/FLUX.1-dev/60/601569040ad495abafa03d4ff4ecdefc0af0d0176bc089453f76a6624ee77b40.jpg,1,jitter_0.2,0.4407564103603363
data/corpus_smoke/images/FLUX.1-dev/60/601569040ad495abafa03d4ff4ecdefc0af0d0176bc089453f76a6624ee77b40.jpg,1,center_crop_0.8,0.4358137249946594
data/corpus_smoke/images/FLUX.1-dev/60/601569040ad495abafa03d4ff4ecdefc0af0d0176bc089453f76a6624ee77b40.jpg,1,composed_blur1.0+jpeg70,0.4572402238845825
data/corpus_smoke/images/FLUX.1-dev/60/601569040ad495abafa03d4ff4ecdefc0af0d0176bc089453f76a6624ee77b40.jpg,1,composed_resize0.5+jpeg50,0.4545365273952484
data/corpus_smoke/images/FLUX.1-dev/60/601569040ad495abafa03d4ff4ecdefc0af0d0176bc089453f76a6624ee77b40.jpg,1,composed_jitter0.2+jpeg30,0.4617530107498169
data/corpus_smoke/images/FLUX.1-dev/60/601569040ad495abafa03d4ff4ecdefc0af0d0176bc089453f76a6624ee77b40.jpg,1,composed_resize0.25+blur0.5+jpeg30,0.4555300772190094
data/corpus_smoke/images/FLUX.1-dev/dc/dc8b0fa4b738c9ccc145aefead5762dbb147dc5bd72c2d4747f0177991e880ca.jpg,1,clean,0.4261079430580139
data/corpus_smoke/images/FLUX.1-dev/dc/dc8b0fa4b738c9ccc145aefead5762dbb147dc5bd72c2d4747f0177991e880ca.jpg,1,jpeg_90,0.43024423718452454
data/corpus_smoke/images/FLUX.1-dev/dc/dc8b0fa4b738c9ccc145aefead5762dbb147dc5bd72c2d4747f0177991e880ca.jpg,1,jpeg_70,0.44557732343673706
data/corpus_smoke/images/FLUX.1-dev/dc/dc8b0fa4b738c9ccc145aefead5762dbb147dc5bd72c2d4747f0177991e880ca.jpg,1,jpeg_50,0.446930468082428
data/corpus_smoke/images/FLUX.1-dev/dc/dc8b0fa4b738c9ccc145aefead5762dbb147dc5bd72c2d4747f0177991e880ca.jpg,1,jpeg_30,0.4534790515899658
data/corpus_smoke/images/FLUX.1-dev/dc/dc8b0fa4b738c9ccc145aefead5762dbb147dc5bd72c2d4747f0177991e880ca.jpg,1,blur_0.5,0.42667847871780396
data/corpus_smoke/images/FLUX.1-dev/dc/dc8b0fa4b738c9ccc145aefead5762dbb147dc5bd72c2d4747f0177991e880ca.jpg,1,blur_1.0,0.43205949664115906
data/corpus_smoke/images/FLUX.1-dev/dc/dc8b0fa4b738c9ccc145aefead5762dbb147dc5bd72c2d4747f0177991e880ca.jpg,1,blur_2.0,0.4563722610473633
data/corpus_smoke/images/FLUX.1-dev/dc/dc8b0fa4b738c9ccc145aefead5762dbb147dc5bd72c2d4747f0177991e880ca.jpg,1,resize_0.5,0.42878004908561707
data/corpus_smoke/images/FLUX.1-dev/dc/dc8b0fa4b738c9ccc145aefead5762dbb147dc5bd72c2d4747f0177991e880ca.jpg,1,resize_0.25,0.44280683994293213
data/corpus_smoke/images/FLUX.1-dev/dc/dc8b0fa4b738c9ccc145aefead5762dbb147dc5bd72c2d4747f0177991e880ca.jpg,1,noise_0.02,0.45589902997016907
data/corpus_smoke/images/FLUX.1-dev/dc/dc8b0fa4b738c9ccc145aefead5762dbb147dc5bd72c2d4747f0177991e880ca.jpg,1,noise_0.05,0.4573192000389099
data/corpus_smoke/images/FLUX.1-dev/dc/dc8b0fa4b738c9ccc145aefead5762dbb147dc5bd72c2d4747f0177991e880ca.jpg,1,noise_0.1,0.44432005286216736
data/corpus_smoke/images/FLUX.1-dev/dc/dc8b0fa4b738c9ccc145aefead5762dbb147dc5bd72c2d4747f0177991e880ca.jpg,1,jitter_0.2,0.4386294186115265
data/corpus_smoke/images/FLUX.1-dev/dc/dc8b0fa4b738c9ccc145aefead5762dbb147dc5bd72c2d4747f0177991e880ca.jpg,1,center_crop_0.8,0.4282597005367279
data/corpus_smoke/images/FLUX.1-dev/dc/dc8b0fa4b738c9ccc145aefead5762dbb147dc5bd72c2d4747f0177991e880ca.jpg,1,composed_blur1.0+jpeg70,0.44469526410102844
data/corpus_smoke/images/FLUX.1-dev/dc/dc8b0fa4b738c9ccc145aefead5762dbb147dc5bd72c2d4747f0177991e880ca.jpg,1,composed_resize0.5+jpeg50,0.44622647762298584
data/corpus_smoke/images/FLUX.1-dev/dc/dc8b0fa4b738c9ccc145aefead5762dbb147dc5bd72c2d4747f0177991e880ca.jpg,1,composed_jitter0.2+jpeg30,0.4421166777610779
data/corpus_smoke/images/FLUX.1-dev/dc/dc8b0fa4b738c9ccc145aefead5762dbb147dc5bd72c2d4747f0177991e880ca.jpg,1,composed_resize0.25+blur0.5+jpeg30,0.4402276277542114
data/corpus_smoke/images/FLUX.1-dev/5f/5fb6c3e6482b31b5161aee519b14ae6512f485f9d2c11df4201443bea36c252e.jpg,1,clean,0.40850502252578735
data/corpus_smoke/images/FLUX.1-dev/5f/5fb6c3e6482b31b5161aee519b14ae6512f485f9d2c11df4201443bea36c252e.jpg,1,jpeg_90,0.41201522946357727
data/corpus_smoke/images/FLUX.1-dev/5f/5fb6c3e6482b31b5161aee519b14ae6512f485f9d2c11df4201443bea36c252e.jpg,1,jpeg_70,0.42109009623527527
data/corpus_smoke/images/FLUX.1-dev/5f/5fb6c3e6482b31b5161aee519b14ae6512f485f9d2c11df4201443bea36c252e.jpg,1,jpeg_50,0.4219140410423279
data/corpus_smoke/images/FLUX.1-dev/5f/5fb6c3e6482b31b5161aee519b14ae6512f485f9d2c11df4201443bea36c252e.jpg,1,jpeg_30,0.4300180971622467
data/corpus_smoke/images/FLUX.1-dev/5f/5fb6c3e6482b31b5161aee519b14ae6512f485f9d2c11df4201443bea36c252e.jpg,1,blur_0.5,0.40561577677726746
data/corpus_smoke/images/FLUX.1-dev/5f/5fb6c3e6482b31b5161aee519b14ae6512f485f9d2c11df4201443bea36c252e.jpg,1,blur_1.0,0.3997996747493744
data/corpus_smoke/images/FLUX.1-dev/5f/5fb6c3e6482b31b5161aee519b14ae6512f485f9d2c11df4201443bea36c252e.jpg,1,blur_2.0,0.4025508463382721
data/corpus_smoke/images/FLUX.1-dev/5f/5fb6c3e6482b31b5161aee519b14ae6512f485f9d2c11df4201443bea36c252e.jpg,1,resize_0.5,0.40018993616104126
data/corpus_smoke/images/FLUX.1-dev/5f/5fb6c3e6482b31b5161aee519b14ae6512f485f9d2c11df4201443bea36c252e.jpg,1,resize_0.25,0.39797425270080566
data/corpus_smoke/images/FLUX.1-dev/5f/5fb6c3e6482b31b5161aee519b14ae6512f485f9d2c11df4201443bea36c252e.jpg,1,noise_0.02,0.42305636405944824
data/corpus_smoke/images/FLUX.1-dev/5f/5fb6c3e6482b31b5161aee519b14ae6512f485f9d2c11df4201443bea36c252e.jpg,1,noise_0.05,0.41464442014694214
data/corpus_smoke/images/FLUX.1-dev/5f/5fb6c3e6482b31b5161aee519b14ae6512f485f9d2c11df4201443bea36c252e.jpg,1,noise_0.1,0.41770368814468384
data/corpus_smoke/images/FLUX.1-dev/5f/5fb6c3e6482b31b5161aee519b14ae6512f485f9d2c11df4201443bea36c252e.jpg,1,jitter_0.2,0.4087273180484772
data/corpus_smoke/images/FLUX.1-dev/5f/5fb6c3e6482b31b5161aee519b14ae6512f485f9d2c11df4201443bea36c252e.jpg,1,center_crop_0.8,0.4159065783023834
data/corpus_smoke/images/FLUX.1-dev/5f/5fb6c3e6482b31b5161aee519b14ae6512f485f9d2c11df4201443bea36c252e.jpg,1,composed_blur1.0+jpeg70,0.4124232530593872
data/corpus_smoke/images/FLUX.1-dev/5f/5fb6c3e6482b31b5161aee519b14ae6512f485f9d2c11df4201443bea36c252e.jpg,1,composed_resize0.5+jpeg50,0.4167087972164154
data/corpus_smoke/images/FLUX.1-dev/5f/5fb6c3e6482b31b5161aee519b14ae6512f485f9d2c11df4201443bea36c252e.jpg,1,composed_jitter0.2+jpeg30,0.4398316442966461
data/corpus_smoke/images/FLUX.1-dev/5f/5fb6c3e6482b31b5161aee519b14ae6512f485f9d2c11df4201443bea36c252e.jpg,1,composed_resize0.25+blur0.5+jpeg30,0.43101567029953003
data/corpus_smoke/images/FLUX.1-dev/7c/7c7fa5746c86ae8e6b55add5dc94af0943db5cf801a4813f03bf1d0608564cf9.jpg,1,clean,0.435930997133255
data/corpus_smoke/images/FLUX.1-dev/7c/7c7fa5746c86ae8e6b55add5dc94af0943db5cf801a4813f03bf1d0608564cf9.jpg,1,jpeg_90,0.4264770746231079
data/corpus_smoke/images/FLUX.1-dev/7c/7c7fa5746c86ae8e6b55add5dc94af0943db5cf801a4813f03bf1d0608564cf9.jpg,1,jpeg_70,0.4421239197254181
data/corpus_smoke/images/FLUX.1-dev/7c/7c7fa5746c86ae8e6b55add5dc94af0943db5cf801a4813f03bf1d0608564cf9.jpg,1,jpeg_50,0.44851046800613403
data/corpus_smoke/images/FLUX.1-dev/7c/7c7fa5746c86ae8e6b55add5dc94af0943db5cf801a4813f03bf1d0608564cf9.jpg,1,jpeg_30,0.45486581325531006
data/corpus_smoke/images/FLUX.1-dev/7c/7c7fa5746c86ae8e6b55add5dc94af0943db5cf801a4813f03bf1d0608564cf9.jpg,1,blur_0.5,0.43476662039756775
data/corpus_smoke/images/FLUX.1-dev/7c/7c7fa5746c86ae8e6b55add5dc94af0943db5cf801a4813f03bf1d0608564cf9.jpg,1,blur_1.0,0.4295632243156433
data/corpus_smoke/images/FLUX.1-dev/7c/7c7fa5746c86ae8e6b55add5dc94af0943db5cf801a4813f03bf1d0608564cf9.jpg,1,blur_2.0,0.4289211332798004
data/corpus_smoke/images/FLUX.1-dev/7c/7c7fa5746c86ae8e6b55add5dc94af0943db5cf801a4813f03bf1d0608564cf9.jpg,1,resize_0.5,0.43310701847076416
data/corpus_smoke/images/FLUX.1-dev/7c/7c7fa5746c86ae8e6b55add5dc94af0943db5cf801a4813f03bf1d0608564cf9.jpg,1,resize_0.25,0.42366915941238403
data/corpus_smoke/images/FLUX.1-dev/7c/7c7fa5746c86ae8e6b55add5dc94af0943db5cf801a4813f03bf1d0608564cf9.jpg,1,noise_0.02,0.4446249008178711
data/corpus_smoke/images/FLUX.1-dev/7c/7c7fa5746c86ae8e6b55add5dc94af0943db5cf801a4813f03bf1d0608564cf9.jpg,1,noise_0.05,0.4388280510902405
data/corpus_smoke/images/FLUX.1-dev/7c/7c7fa5746c86ae8e6b55add5dc94af0943db5cf801a4813f03bf1d0608564cf9.jpg,1,noise_0.1,0.4441530108451843
data/corpus_smoke/images/FLUX.1-dev/7c/7c7fa5746c86ae8e6b55add5dc94af0943db5cf801a4813f03bf1d0608564cf9.jpg,1,jitter_0.2,0.43331247568130493
data/corpus_smoke/images/FLUX.1-dev/7c/7c7fa5746c86ae8e6b55add5dc94af0943db5cf801a4813f03bf1d0608564cf9.jpg,1,center_crop_0.8,0.4356450140476227
data/corpus_smoke/images/FLUX.1-dev/7c/7c7fa5746c86ae8e6b55add5dc94af0943db5cf801a4813f03bf1d0608564cf9.jpg,1,composed_blur1.0+jpeg70,0.4384475350379944
data/corpus_smoke/images/FLUX.1-dev/7c/7c7fa5746c86ae8e6b55add5dc94af0943db5cf801a4813f03bf1d0608564cf9.jpg,1,composed_resize0.5+jpeg50,0.4398164749145508
data/corpus_smoke/images/FLUX.1-dev/7c/7c7fa5746c86ae8e6b55add5dc94af0943db5cf801a4813f03bf1d0608564cf9.jpg,1,composed_jitter0.2+jpeg30,0.45209309458732605
data/corpus_smoke/images/FLUX.1-dev/7c/7c7fa5746c86ae8e6b55add5dc94af0943db5cf801a4813f03bf1d0608564cf9.jpg,1,composed_resize0.25+blur0.5+jpeg30,0.44957849383354187
data/corpus_smoke/images/FLUX.1-dev/af/af3314d55d1cee91602c8e9963ee7d1d6940b79cf1f904eee2653039f3541474.jpg,1,clean,0.4444330334663391
data/corpus_smoke/images/FLUX.1-dev/af/af3314d55d1cee91602c8e9963ee7d1d6940b79cf1f904eee2653039f3541474.jpg,1,jpeg_90,0.44419440627098083
data/corpus_smoke/images/FLUX.1-dev/af/af3314d55d1cee91602c8e9963ee7d1d6940b79cf1f904eee2653039f3541474.jpg,1,jpeg_70,0.45671018958091736
data/corpus_smoke/images/FLUX.1-dev/af/af3314d55d1cee91602c8e9963ee7d1d6940b79cf1f904eee2653039f3541474.jpg,1,jpeg_50,0.4613398015499115
data/corpus_smoke/images/FLUX.1-dev/af/af3314d55d1cee91602c8e9963ee7d1d6940b79cf1f904eee2653039f3541474.jpg,1,jpeg_30,0.46485671401023865
data/corpus_smoke/images/FLUX.1-dev/af/af3314d55d1cee91602c8e9963ee7d1d6940b79cf1f904eee2653039f3541474.jpg,1,blur_0.5,0.44404101371765137
data/corpus_smoke/images/FLUX.1-dev/af/af3314d55d1cee91602c8e9963ee7d1d6940b79cf1f904eee2653039f3541474.jpg,1,blur_1.0,0.44259142875671387
data/corpus_smoke/images/FLUX.1-dev/af/af3314d55d1cee91602c8e9963ee7d1d6940b79cf1f904eee2653039f3541474.jpg,1,blur_2.0,0.44150131940841675
data/corpus_smoke/images/FLUX.1-dev/af/af3314d55d1cee91602c8e9963ee7d1d6940b79cf1f904eee2653039f3541474.jpg,1,resize_0.5,0.4440917372703552
data/corpus_smoke/images/FLUX.1-dev/af/af3314d55d1cee91602c8e9963ee7d1d6940b79cf1f904eee2653039f3541474.jpg,1,resize_0.25,0.43830132484436035
data/corpus_smoke/images/FLUX.1-dev/af/af3314d55d1cee91602c8e9963ee7d1d6940b79cf1f904eee2653039f3541474.jpg,1,noise_0.02,0.46603456139564514
data/corpus_smoke/images/FLUX.1-dev/af/af3314d55d1cee91602c8e9963ee7d1d6940b79cf1f904eee2653039f3541474.jpg,1,noise_0.05,0.47154074907302856
data/corpus_smoke/images/FLUX.1-dev/af/af3314d55d1cee91602c8e9963ee7d1d6940b79cf1f904eee2653039f3541474.jpg,1,noise_0.1,0.46578457951545715
data/corpus_smoke/images/FLUX.1-dev/af/af3314d55d1cee91602c8e9963ee7d1d6940b79cf1f904eee2653039f3541474.jpg,1,jitter_0.2,0.4475873112678528
data/corpus_smoke/images/FLUX.1-dev/af/af3314d55d1cee91602c8e9963ee7d1d6940b79cf1f904eee2653039f3541474.jpg,1,center_crop_0.8,0.4510105550289154
data/corpus_smoke/images/FLUX.1-dev/af/af3314d55d1cee91602c8e9963ee7d1d6940b79cf1f904eee2653039f3541474.jpg,1,composed_blur1.0+jpeg70,0.4568272829055786
data/corpus_smoke/images/FLUX.1-dev/af/af3314d55d1cee91602c8e9963ee7d1d6940b79cf1f904eee2653039f3541474.jpg,1,composed_resize0.5+jpeg50,0.4595544636249542
data/corpus_smoke/images/FLUX.1-dev/af/af3314d55d1cee91602c8e9963ee7d1d6940b79cf1f904eee2653039f3541474.jpg,1,composed_jitter0.2+jpeg30,0.4635007977485657
data/corpus_smoke/images/FLUX.1-dev/af/af3314d55d1cee91602c8e9963ee7d1d6940b79cf1f904eee2653039f3541474.jpg,1,composed_resize0.25+blur0.5+jpeg30,0.4682609736919403
data/corpus_smoke/images/FLUX.1-dev/1b/1b84421adc8d81a4026b489e8846c3fb4e8b919426e1cf8ed7e029454ab7aa74.jpg,1,clean,0.42260628938674927
data/corpus_smoke/images/FLUX.1-dev/1b/1b84421adc8d81a4026b489e8846c3fb4e8b919426e1cf8ed7e029454ab7aa74.jpg,1,jpeg_90,0.4340418875217438
data/corpus_smoke/images/FLUX.1-dev/1b/1b84421adc8d81a4026b489e8846c3fb4e8b919426e1cf8ed7e029454ab7aa74.jpg,1,jpeg_70,0.44757354259490967
data/corpus_smoke/images/FLUX.1-dev/1b/1b84421adc8d81a4026b489e8846c3fb4e8b919426e1cf8ed7e029454ab7aa74.jpg,1,jpeg_50,0.44481581449508667
data/corpus_smoke/images/FLUX.1-dev/1b/1b84421adc8d81a4026b489e8846c3fb4e8b919426e1cf8ed7e029454ab7aa74.jpg,1,jpeg_30,0.44110071659088135
data/corpus_smoke/images/FLUX.1-dev/1b/1b84421adc8d81a4026b489e8846c3fb4e8b919426e1cf8ed7e029454ab7aa74.jpg,1,blur_0.5,0.42233818769454956
data/corpus_smoke/images/FLUX.1-dev/1b/1b84421adc8d81a4026b489e8846c3fb4e8b919426e1cf8ed7e029454ab7aa74.jpg,1,blur_1.0,0.4191083610057831
data/corpus_smoke/images/FLUX.1-dev/1b/1b84421adc8d81a4026b489e8846c3fb4e8b919426e1cf8ed7e029454ab7aa74.jpg,1,blur_2.0,0.41525518894195557
data/corpus_smoke/images/FLUX.1-dev/1b/1b84421adc8d81a4026b489e8846c3fb4e8b919426e1cf8ed7e029454ab7aa74.jpg,1,resize_0.5,0.416841059923172
data/corpus_smoke/images/FLUX.1-dev/1b/1b84421adc8d81a4026b489e8846c3fb4e8b919426e1cf8ed7e029454ab7aa74.jpg,1,resize_0.25,0.4139048159122467
data/corpus_smoke/images/FLUX.1-dev/1b/1b84421adc8d81a4026b489e8846c3fb4e8b919426e1cf8ed7e029454ab7aa74.jpg,1,noise_0.02,0.43925660848617554
data/corpus_smoke/images/FLUX.1-dev/1b/1b84421adc8d81a4026b489e8846c3fb4e8b919426e1cf8ed7e029454ab7aa74.jpg,1,noise_0.05,0.4329434335231781
data/corpus_smoke/images/FLUX.1-dev/1b/1b84421adc8d81a4026b489e8846c3fb4e8b919426e1cf8ed7e029454ab7aa74.jpg,1,noise_0.1,0.4327128529548645
data/corpus_smoke/images/FLUX.1-dev/1b/1b84421adc8d81a4026b489e8846c3fb4e8b919426e1cf8ed7e029454ab7aa74.jpg,1,jitter_0.2,0.4327111840248108
data/corpus_smoke/images/FLUX.1-dev/1b/1b84421adc8d81a4026b489e8846c3fb4e8b919426e1cf8ed7e029454ab7aa74.jpg,1,center_crop_0.8,0.43262046575546265
data/corpus_smoke/images/FLUX.1-dev/1b/1b84421adc8d81a4026b489e8846c3fb4e8b919426e1cf8ed7e029454ab7aa74.jpg,1,composed_blur1.0+jpeg70,0.44409433007240295
data/corpus_smoke/images/FLUX.1-dev/1b/1b84421adc8d81a4026b489e8846c3fb4e8b919426e1cf8ed7e029454ab7aa74.jpg,1,composed_resize0.5+jpeg50,0.4447183310985565
data/corpus_smoke/images/FLUX.1-dev/1b/1b84421adc8d81a4026b489e8846c3fb4e8b919426e1cf8ed7e029454ab7aa74.jpg,1,composed_jitter0.2+jpeg30,0.4423423111438751
data/corpus_smoke/images/FLUX.1-dev/1b/1b84421adc8d81a4026b489e8846c3fb4e8b919426e1cf8ed7e029454ab7aa74.jpg,1,composed_resize0.25+blur0.5+jpeg30,0.4400534927845001
data/corpus_smoke/images/FLUX.1-dev/5b/5b496827f95ecd05151a58f8099b87073b7ac2226104c296744396cd1b20c320.jpg,1,clean,0.4184155762195587
data/corpus_smoke/images/FLUX.1-dev/5b/5b496827f95ecd05151a58f8099b87073b7ac2226104c296744396cd1b20c320.jpg,1,jpeg_90,0.4188160002231598
data/corpus_smoke/images/FLUX.1-dev/5b/5b496827f95ecd05151a58f8099b87073b7ac2226104c296744396cd1b20c320.jpg,1,jpeg_70,0.44103193283081055
data/corpus_smoke/images/FLUX.1-dev/5b/5b496827f95ecd05151a58f8099b87073b7ac2226104c296744396cd1b20c320.jpg,1,jpeg_50,0.4453950524330139
data/corpus_smoke/images/FLUX.1-dev/5b/5b496827f95ecd05151a58f8099b87073b7ac2226104c296744396cd1b20c320.jpg,1,jpeg_30,0.4401494562625885
data/corpus_smoke/images/FLUX.1-dev/5b/5b496827f95ecd05151a58f8099b87073b7ac2226104c296744396cd1b20c320.jpg,1,blur_0.5,0.4174061119556427
data/corpus_smoke/images/FLUX.1-dev/5b/5b496827f95ecd05151a58f8099b87073b7ac2226104c296744396cd1b20c320.jpg,1,blur_1.0,0.41136908531188965
data/corpus_smoke/images/FLUX.1-dev/5b/5b496827f95ecd05151a58f8099b87073b7ac2226104c296744396cd1b20c320.jpg,1,blur_2.0,0.40563979744911194
data/corpus_smoke/images/FLUX.1-dev/5b/5b496827f95ecd05151a58f8099b87073b7ac2226104c296744396cd1b20c320.jpg,1,resize_0.5,0.41331547498703003
data/corpus_smoke/images/FLUX.1-dev/5b/5b496827f95ecd05151a58f8099b87073b7ac2226104c296744396cd1b20c320.jpg,1,resize_0.25,0.40983524918556213
data/corpus_smoke/images/FLUX.1-dev/5b/5b496827f95ecd05151a58f8099b87073b7ac2226104c296744396cd1b20c320.jpg,1,noise_0.02,0.43666523694992065
data/corpus_smoke/images/FLUX.1-dev/5b/5b496827f95ecd05151a58f8099b87073b7ac2226104c296744396cd1b20c320.jpg,1,noise_0.05,0.4302472472190857
data/corpus_smoke/images/FLUX.1-dev/5b/5b496827f95ecd05151a58f8099b87073b7ac2226104c296744396cd1b20c320.jpg,1,noise_0.1,0.42696812748908997
data/corpus_smoke/images/FLUX.1-dev/5b/5b496827f95ecd05151a58f8099b87073b7ac2226104c296744396cd1b20c320.jpg,1,jitter_0.2,0.41787564754486084
data/corpus_smoke/images/FLUX.1-dev/5b/5b496827f95ecd05151a58f8099b87073b7ac2226104c296744396cd1b20c320.jpg,1,center_crop_0.8,0.4122398793697357
data/corpus_smoke/images/FLUX.1-dev/5b/5b496827f95ecd05151a58f8099b87073b7ac2226104c296744396cd1b20c320.jpg,1,composed_blur1.0+jpeg70,0.43938350677490234
data/corpus_smoke/images/FLUX.1-dev/5b/5b496827f95ecd05151a58f8099b87073b7ac2226104c296744396cd1b20c320.jpg,1,composed_resize0.5+jpeg50,0.4401451349258423
data/corpus_smoke/images/FLUX.1-dev/5b/5b496827f95ecd05151a58f8099b87073b7ac2226104c296744396cd1b20c320.jpg,1,composed_jitter0.2+jpeg30,0.4394531548023224
data/corpus_smoke/images/FLUX.1-dev/5b/5b496827f95ecd05151a58f8099b87073b7ac2226104c296744396cd1b20c320.jpg,1,composed_resize0.25+blur0.5+jpeg30,0.42645448446273804
data/corpus_smoke/images/FLUX.1-dev/5b/5b6d7ce5050351c602f90f17b73e71de02e08a88164d1c7676cd9f9d4a8c60dd.jpg,1,clean,0.40027785301208496
data/corpus_smoke/images/FLUX.1-dev/5b/5b6d7ce5050351c602f90f17b73e71de02e08a88164d1c7676cd9f9d4a8c60dd.jpg,1,jpeg_90,0.39924952387809753
data/corpus_smoke/images/FLUX.1-dev/5b/5b6d7ce5050351c602f90f17b73e71de02e08a88164d1c7676cd9f9d4a8c60dd.jpg,1,jpeg_70,0.39973536133766174
data/corpus_smoke/images/FLUX.1-dev/5b/5b6d7ce5050351c602f90f17b73e71de02e08a88164d1c7676cd9f9d4a8c60dd.jpg,1,jpeg_50,0.40667295455932617
data/corpus_smoke/images/FLUX.1-dev/5b/5b6d7ce5050351c602f90f17b73e71de02e08a88164d1c7676cd9f9d4a8c60dd.jpg,1,jpeg_30,0.41359418630599976
data/corpus_smoke/images/FLUX.1-dev/5b/5b6d7ce5050351c602f90f17b73e71de02e08a88164d1c7676cd9f9d4a8c60dd.jpg,1,blur_0.5,0.3978220820426941
data/corpus_smoke/images/FLUX.1-dev/5b/5b6d7ce5050351c602f90f17b73e71de02e08a88164d1c7676cd9f9d4a8c60dd.jpg,1,blur_1.0,0.392498254776001
data/corpus_smoke/images/FLUX.1-dev/5b/5b6d7ce5050351c602f90f17b73e71de02e08a88164d1c7676cd9f9d4a8c60dd.jpg,1,blur_2.0,0.3921126127243042
data/corpus_smoke/images/FLUX.1-dev/5b/5b6d7ce5050351c602f90f17b73e71de02e08a88164d1c7676cd9f9d4a8c60dd.jpg,1,resize_0.5,0.39676716923713684
data/corpus_smoke/images/FLUX.1-dev/5b/5b6d7ce5050351c602f90f17b73e71de02e08a88164d1c7676cd9f9d4a8c60dd.jpg,1,resize_0.25,0.3957711458206177
data/corpus_smoke/images/FLUX.1-dev/5b/5b6d7ce5050351c602f90f17b73e71de02e08a88164d1c7676cd9f9d4a8c60dd.jpg,1,noise_0.02,0.410505086183548
data/corpus_smoke/images/FLUX.1-dev/5b/5b6d7ce5050351c602f90f17b73e71de02e08a88164d1c7676cd9f9d4a8c60dd.jpg,1,noise_0.05,0.4012184143066406
data/corpus_smoke/images/FLUX.1-dev/5b/5b6d7ce5050351c602f90f17b73e71de02e08a88164d1c7676cd9f9d4a8c60dd.jpg,1,noise_0.1,0.4003291428089142
data/corpus_smoke/images/FLUX.1-dev/5b/5b6d7ce5050351c602f90f17b73e71de02e08a88164d1c7676cd9f9d4a8c60dd.jpg,1,jitter_0.2,0.39422112703323364
data/corpus_smoke/images/FLUX.1-dev/5b/5b6d7ce5050351c602f90f17b73e71de02e08a88164d1c7676cd9f9d4a8c60dd.jpg,1,center_crop_0.8,0.399194598197937
data/corpus_smoke/images/FLUX.1-dev/5b/5b6d7ce5050351c602f90f17b73e71de02e08a88164d1c7676cd9f9d4a8c60dd.jpg,1,composed_blur1.0+jpeg70,0.39621520042419434
data/corpus_smoke/images/FLUX.1-dev/5b/5b6d7ce5050351c602f90f17b73e71de02e08a88164d1c7676cd9f9d4a8c60dd.jpg,1,composed_resize0.5+jpeg50,0.3990311324596405
data/corpus_smoke/images/FLUX.1-dev/5b/5b6d7ce5050351c602f90f17b73e71de02e08a88164d1c7676cd9f9d4a8c60dd.jpg,1,composed_jitter0.2+jpeg30,0.4118146300315857
data/corpus_smoke/images/FLUX.1-dev/5b/5b6d7ce5050351c602f90f17b73e71de02e08a88164d1c7676cd9f9d4a8c60dd.jpg,1,composed_resize0.25+blur0.5+jpeg30,0.4027388095855713
data/corpus_smoke/images/FLUX.1-dev/80/8074c30256fd9f8a4f4e1f97dc8b788866062c58df997e1aa0ee1278e08af5d9.jpg,1,clean,0.4303508400917053
data/corpus_smoke/images/FLUX.1-dev/80/8074c30256fd9f8a4f4e1f97dc8b788866062c58df997e1aa0ee1278e08af5d9.jpg,1,jpeg_90,0.43020716309547424
data/corpus_smoke/images/FLUX.1-dev/80/8074c30256fd9f8a4f4e1f97dc8b788866062c58df997e1aa0ee1278e08af5d9.jpg,1,jpeg_70,0.4475789964199066
data/corpus_smoke/images/FLUX.1-dev/80/8074c30256fd9f8a4f4e1f97dc8b788866062c58df997e1aa0ee1278e08af5d9.jpg,1,jpeg_50,0.4664929509162903
data/corpus_smoke/images/FLUX.1-dev/80/8074c30256fd9f8a4f4e1f97dc8b788866062c58df997e1aa0ee1278e08af5d9.jpg,1,jpeg_30,0.45643350481987
data/corpus_smoke/images/FLUX.1-dev/80/8074c30256fd9f8a4f4e1f97dc8b788866062c58df997e1aa0ee1278e08af5d9.jpg,1,blur_0.5,0.4272722601890564
data/corpus_smoke/images/FLUX.1-dev/80/8074c30256fd9f8a4f4e1f97dc8b788866062c58df997e1aa0ee1278e08af5d9.jpg,1,blur_1.0,0.4228837490081787
data/corpus_smoke/images/FLUX.1-dev/80/8074c30256fd9f8a4f4e1f97dc8b788866062c58df997e1aa0ee1278e08af5d9.jpg,1,blur_2.0,0.4229861795902252
data/corpus_smoke/images/FLUX.1-dev/80/8074c30256fd9f8a4f4e1f97dc8b788866062c58df997e1aa0ee1278e08af5d9.jpg,1,resize_0.5,0.4254051744937897
data/corpus_smoke/images/FLUX.1-dev/80/8074c30256fd9f8a4f4e1f97dc8b788866062c58df997e1aa0ee1278e08af5d9.jpg,1,resize_0.25,0.42886337637901306
data/corpus_smoke/images/FLUX.1-dev/80/8074c30256fd9f8a4f4e1f97dc8b788866062c58df997e1aa0ee1278e08af5d9.jpg,1,noise_0.02,0.43979719281196594
data/corpus_smoke/images/FLUX.1-dev/80/8074c30256fd9f8a4f4e1f97dc8b788866062c58df997e1aa0ee1278e08af5d9.jpg,1,noise_0.05,0.44256356358528137
data/corpus_smoke/images/FLUX.1-dev/80/8074c30256fd9f8a4f4e1f97dc8b788866062c58df997e1aa0ee1278e08af5d9.jpg,1,noise_0.1,0.437656968832016
data/corpus_smoke/images/FLUX.1-dev/80/8074c30256fd9f8a4f4e1f97dc8b788866062c58df997e1aa0ee1278e08af5d9.jpg,1,jitter_0.2,0.4367982745170593
data/corpus_smoke/images/FLUX.1-dev/80/8074c30256fd9f8a4f4e1f97dc8b788866062c58df997e1aa0ee1278e08af5d9.jpg,1,center_crop_0.8,0.43889403343200684
data/corpus_smoke/images/FLUX.1-dev/80/8074c30256fd9f8a4f4e1f97dc8b788866062c58df997e1aa0ee1278e08af5d9.jpg,1,composed_blur1.0+jpeg70,0.43842369318008423
data/corpus_smoke/images/FLUX.1-dev/80/8074c30256fd9f8a4f4e1f97dc8b788866062c58df997e1aa0ee1278e08af5d9.jpg,1,composed_resize0.5+jpeg50,0.4592593014240265
data/corpus_smoke/images/FLUX.1-dev/80/8074c30256fd9f8a4f4e1f97dc8b788866062c58df997e1aa0ee1278e08af5d9.jpg,1,composed_jitter0.2+jpeg30,0.45686420798301697
data/corpus_smoke/images/FLUX.1-dev/80/8074c30256fd9f8a4f4e1f97dc8b788866062c58df997e1aa0ee1278e08af5d9.jpg,1,composed_resize0.25+blur0.5+jpeg30,0.44270238280296326
data/corpus_smoke/images/FLUX.1-dev/a8/a8df87874f59bad1d5e50c839554db290f9480532289111baff8e7497071302f.jpg,1,clean,0.44875606894493103
data/corpus_smoke/images/FLUX.1-dev/a8/a8df87874f59bad1d5e50c839554db290f9480532289111baff8e7497071302f.jpg,1,jpeg_90,0.4406392574310303
data/corpus_smoke/images/FLUX.1-dev/a8/a8df87874f59bad1d5e50c839554db290f9480532289111baff8e7497071302f.jpg,1,jpeg_70,0.45573750138282776
data/corpus_smoke/images/FLUX.1-dev/a8/a8df87874f59bad1d5e50c839554db290f9480532289111baff8e7497071302f.jpg,1,jpeg_50,0.4556126594543457
data/corpus_smoke/images/FLUX.1-dev/a8/a8df87874f59bad1d5e50c839554db290f9480532289111baff8e7497071302f.jpg,1,jpeg_30,0.4644598662853241
data/corpus_smoke/images/FLUX.1-dev/a8/a8df87874f59bad1d5e50c839554db290f9480532289111baff8e7497071302f.jpg,1,blur_0.5,0.44520968198776245
data/corpus_smoke/images/FLUX.1-dev/a8/a8df87874f59bad1d5e50c839554db290f9480532289111baff8e7497071302f.jpg,1,blur_1.0,0.4394264221191406
data/corpus_smoke/images/FLUX.1-dev/a8/a8df87874f59bad1d5e50c839554db290f9480532289111baff8e7497071302f.jpg,1,blur_2.0,0.4330056607723236
data/corpus_smoke/images/FLUX.1-dev/a8/a8df87874f59bad1d5e50c839554db290f9480532289111baff8e7497071302f.jpg,1,resize_0.5,0.44741013646125793
data/corpus_smoke/images/FLUX.1-dev/a8/a8df87874f59bad1d5e50c839554db290f9480532289111baff8e7497071302f.jpg,1,resize_0.25,0.43744874000549316
data/corpus_smoke/images/FLUX.1-dev/a8/a8df87874f59bad1d5e50c839554db290f9480532289111baff8e7497071302f.jpg,1,noise_0.02,0.4662063717842102
data/corpus_smoke/images/FLUX.1-dev/a8/a8df87874f59bad1d5e50c839554db290f9480532289111baff8e7497071302f.jpg,1,noise_0.05,0.4519258439540863
data/corpus_smoke/images/FLUX.1-dev/a8/a8df87874f59bad1d5e50c839554db290f9480532289111baff8e7497071302f.jpg,1,noise_0.1,0.45137420296669006
data/corpus_smoke/images/FLUX.1-dev/a8/a8df87874f59bad1d5e50c839554db290f9480532289111baff8e7497071302f.jpg,1,jitter_0.2,0.4366898536682129
data/corpus_smoke/images/FLUX.1-dev/a8/a8df87874f59bad1d5e50c839554db290f9480532289111baff8e7497071302f.jpg,1,center_crop_0.8,0.45610538125038147
data/corpus_smoke/images/FLUX.1-dev/a8/a8df87874f59bad1d5e50c839554db290f9480532289111baff8e7497071302f.jpg,1,composed_blur1.0+jpeg70,0.4485488831996918
data/corpus_smoke/images/FLUX.1-dev/a8/a8df87874f59bad1d5e50c839554db290f9480532289111baff8e7497071302f.jpg,1,composed_resize0.5+jpeg50,0.444955438375473
data/corpus_smoke/images/FLUX.1-dev/a8/a8df87874f59bad1d5e50c839554db290f9480532289111baff8e7497071302f.jpg,1,composed_jitter0.2+jpeg30,0.4461539089679718
data/corpus_smoke/images/FLUX.1-dev/a8/a8df87874f59bad1d5e50c839554db290f9480532289111baff8e7497071302f.jpg,1,composed_resize0.25+blur0.5+jpeg30,0.4527686536312103
data/corpus_smoke/images/FLUX.1-dev/89/896fe93986797cb95c3351e3ebd7e2169d14bdd70929060ca9ded826d064cb2f.jpg,1,clean,0.4181259274482727
data/corpus_smoke/images/FLUX.1-dev/89/896fe93986797cb95c3351e3ebd7e2169d14bdd70929060ca9ded826d064cb2f.jpg,1,jpeg_90,0.4214487075805664
data/corpus_smoke/images/FLUX.1-dev/89/896fe93986797cb95c3351e3ebd7e2169d14bdd70929060ca9ded826d064cb2f.jpg,1,jpeg_70,0.4324492812156677
data/corpus_smoke/images/FLUX.1-dev/89/896fe93986797cb95c3351e3ebd7e2169d14bdd70929060ca9ded826d064cb2f.jpg,1,jpeg_50,0.4453984797000885
data/corpus_smoke/images/FLUX.1-dev/89/896fe93986797cb95c3351e3ebd7e2169d14bdd70929060ca9ded826d064cb2f.jpg,1,jpeg_30,0.4391356408596039
data/corpus_smoke/images/FLUX.1-dev/89/896fe93986797cb95c3351e3ebd7e2169d14bdd70929060ca9ded826d064cb2f.jpg,1,blur_0.5,0.4168805181980133
data/corpus_smoke/images/FLUX.1-dev/89/896fe93986797cb95c3351e3ebd7e2169d14bdd70929060ca9ded826d064cb2f.jpg,1,blur_1.0,0.4147482216358185
data/corpus_smoke/images/FLUX.1-dev/89/896fe93986797cb95c3351e3ebd7e2169d14bdd70929060ca9ded826d064cb2f.jpg,1,blur_2.0,0.4128851890563965
data/corpus_smoke/images/FLUX.1-dev/89/896fe93986797cb95c3351e3ebd7e2169d14bdd70929060ca9ded826d064cb2f.jpg,1,resize_0.5,0.4128788411617279
data/corpus_smoke/images/FLUX.1-dev/89/896fe93986797cb95c3351e3ebd7e2169d14bdd70929060ca9ded826d064cb2f.jpg,1,resize_0.25,0.41311943531036377
data/corpus_smoke/images/FLUX.1-dev/89/896fe93986797cb95c3351e3ebd7e2169d14bdd70929060ca9ded826d064cb2f.jpg,1,noise_0.02,0.4303877651691437
data/corpus_smoke/images/FLUX.1-dev/89/896fe93986797cb95c3351e3ebd7e2169d14bdd70929060ca9ded826d064cb2f.jpg,1,noise_0.05,0.4277007579803467
data/corpus_smoke/images/FLUX.1-dev/89/896fe93986797cb95c3351e3ebd7e2169d14bdd70929060ca9ded826d064cb2f.jpg,1,noise_0.1,0.4274476170539856
data/corpus_smoke/images/FLUX.1-dev/89/896fe93986797cb95c3351e3ebd7e2169d14bdd70929060ca9ded826d064cb2f.jpg,1,jitter_0.2,0.4180653691291809
data/corpus_smoke/images/FLUX.1-dev/89/896fe93986797cb95c3351e3ebd7e2169d14bdd70929060ca9ded826d064cb2f.jpg,1,center_crop_0.8,0.41319602727890015
data/corpus_smoke/images/FLUX.1-dev/89/896fe93986797cb95c3351e3ebd7e2169d14bdd70929060ca9ded826d064cb2f.jpg,1,composed_blur1.0+jpeg70,0.43116244673728943
data/corpus_smoke/images/FLUX.1-dev/89/896fe93986797cb95c3351e3ebd7e2169d14bdd70929060ca9ded826d064cb2f.jpg,1,composed_resize0.5+jpeg50,0.4398235082626343
data/corpus_smoke/images/FLUX.1-dev/89/896fe93986797cb95c3351e3ebd7e2169d14bdd70929060ca9ded826d064cb2f.jpg,1,composed_jitter0.2+jpeg30,0.4438740909099579
data/corpus_smoke/images/FLUX.1-dev/89/896fe93986797cb95c3351e3ebd7e2169d14bdd70929060ca9ded826d064cb2f.jpg,1,composed_resize0.25+blur0.5+jpeg30,0.4311642646789551
data/corpus_smoke/images/FLUX.1-dev/0a/0a453deaedf861ce872a4b8a18664579f842ee79077315d47c467deb16ea5d60.jpg,1,clean,0.43139034509658813
data/corpus_smoke/images/FLUX.1-dev/0a/0a453deaedf861ce872a4b8a18664579f842ee79077315d47c467deb16ea5d60.jpg,1,jpeg_90,0.4347594082355499
data/corpus_smoke/images/FLUX.1-dev/0a/0a453deaedf861ce872a4b8a18664579f842ee79077315d47c467deb16ea5d60.jpg,1,jpeg_70,0.4509829580783844
data/corpus_smoke/images/FLUX.1-dev/0a/0a453deaedf861ce872a4b8a18664579f842ee79077315d47c467deb16ea5d60.jpg,1,jpeg_50,0.44898486137390137
data/corpus_smoke/images/FLUX.1-dev/0a/0a453deaedf861ce872a4b8a18664579f842ee79077315d47c467deb16ea5d60.jpg,1,jpeg_30,0.45618727803230286
data/corpus_smoke/images/FLUX.1-dev/0a/0a453deaedf861ce872a4b8a18664579f842ee79077315d47c467deb16ea5d60.jpg,1,blur_0.5,0.42944419384002686
data/corpus_smoke/images/FLUX.1-dev/0a/0a453deaedf861ce872a4b8a18664579f842ee79077315d47c467deb16ea5d60.jpg,1,blur_1.0,0.42585429549217224
data/corpus_smoke/images/FLUX.1-dev/0a/0a453deaedf861ce872a4b8a18664579f842ee79077315d47c467deb16ea5d60.jpg,1,blur_2.0,0.427608847618103
data/corpus_smoke/images/FLUX.1-dev/0a/0a453deaedf861ce872a4b8a18664579f842ee79077315d47c467deb16ea5d60.jpg,1,resize_0.5,0.42779096961021423
data/corpus_smoke/images/FLUX.1-dev/0a/0a453deaedf861ce872a4b8a18664579f842ee79077315d47c467deb16ea5d60.jpg,1,resize_0.25,0.4246050715446472
data/corpus_smoke/images/FLUX.1-dev/0a/0a453deaedf861ce872a4b8a18664579f842ee79077315d47c467deb16ea5d60.jpg,1,noise_0.02,0.4498256742954254
data/corpus_smoke/images/FLUX.1-dev/0a/0a453deaedf861ce872a4b8a18664579f842ee79077315d47c467deb16ea5d60.jpg,1,noise_0.05,0.4486011862754822
data/corpus_smoke/images/FLUX.1-dev/0a/0a453deaedf861ce872a4b8a18664579f842ee79077315d47c467deb16ea5d60.jpg,1,noise_0.1,0.44794028997421265
data/corpus_smoke/images/FLUX.1-dev/0a/0a453deaedf861ce872a4b8a18664579f842ee79077315d47c467deb16ea5d60.jpg,1,jitter_0.2,0.4298291802406311
data/corpus_smoke/images/FLUX.1-dev/0a/0a453deaedf861ce872a4b8a18664579f842ee79077315d47c467deb16ea5d60.jpg,1,center_crop_0.8,0.4374762177467346
data/corpus_smoke/images/FLUX.1-dev/0a/0a453deaedf861ce872a4b8a18664579f842ee79077315d47c467deb16ea5d60.jpg,1,composed_blur1.0+jpeg70,0.4402497112751007
data/corpus_smoke/images/FLUX.1-dev/0a/0a453deaedf861ce872a4b8a18664579f842ee79077315d47c467deb16ea5d60.jpg,1,composed_resize0.5+jpeg50,0.442516028881073
data/corpus_smoke/images/FLUX.1-dev/0a/0a453deaedf861ce872a4b8a18664579f842ee79077315d47c467deb16ea5d60.jpg,1,composed_jitter0.2+jpeg30,0.4523782432079315
data/corpus_smoke/images/FLUX.1-dev/0a/0a453deaedf861ce872a4b8a18664579f842ee79077315d47c467deb16ea5d60.jpg,1,composed_resize0.25+blur0.5+jpeg30,0.4484248459339142
data/corpus_smoke/images/FLUX.1-dev/4a/4ae5524c486bf94a532ebfb4585e76bc20b4b719cc30e39c7b1eb7373dd4c5b2.jpg,1,clean,0.4413060247898102
data/corpus_smoke/images/FLUX.1-dev/4a/4ae5524c486bf94a532ebfb4585e76bc20b4b719cc30e39c7b1eb7373dd4c5b2.jpg,1,jpeg_90,0.4436204135417938
data/corpus_smoke/images/FLUX.1-dev/4a/4ae5524c486bf94a532ebfb4585e76bc20b4b719cc30e39c7b1eb7373dd4c5b2.jpg,1,jpeg_70,0.4565894901752472
data/corpus_smoke/images/FLUX.1-dev/4a/4ae5524c486bf94a532ebfb4585e76bc20b4b719cc30e39c7b1eb7373dd4c5b2.jpg,1,jpeg_50,0.45795324444770813
data/corpus_smoke/images/FLUX.1-dev/4a/4ae5524c486bf94a532ebfb4585e76bc20b4b719cc30e39c7b1eb7373dd4c5b2.jpg,1,jpeg_30,0.4661707282066345
data/corpus_smoke/images/FLUX.1-dev/4a/4ae5524c486bf94a532ebfb4585e76bc20b4b719cc30e39c7b1eb7373dd4c5b2.jpg,1,blur_0.5,0.4385402202606201
data/corpus_smoke/images/FLUX.1-dev/4a/4ae5524c486bf94a532ebfb4585e76bc20b4b719cc30e39c7b1eb7373dd4c5b2.jpg,1,blur_1.0,0.4339073598384857
data/corpus_smoke/images/FLUX.1-dev/4a/4ae5524c486bf94a532ebfb4585e76bc20b4b719cc30e39c7b1eb7373dd4c5b2.jpg,1,blur_2.0,0.4309636652469635
data/corpus_smoke/images/FLUX.1-dev/4a/4ae5524c486bf94a532ebfb4585e76bc20b4b719cc30e39c7b1eb7373dd4c5b2.jpg,1,resize_0.5,0.43630456924438477
data/corpus_smoke/images/FLUX.1-dev/4a/4ae5524c486bf94a532ebfb4585e76bc20b4b719cc30e39c7b1eb7373dd4c5b2.jpg,1,resize_0.25,0.4294920265674591
data/corpus_smoke/images/FLUX.1-dev/4a/4ae5524c486bf94a532ebfb4585e76bc20b4b719cc30e39c7b1eb7373dd4c5b2.jpg,1,noise_0.02,0.45513540506362915
data/corpus_smoke/images/FLUX.1-dev/4a/4ae5524c486bf94a532ebfb4585e76bc20b4b719cc30e39c7b1eb7373dd4c5b2.jpg,1,noise_0.05,0.4429742097854614
data/corpus_smoke/images/FLUX.1-dev/4a/4ae5524c486bf94a532ebfb4585e76bc20b4b719cc30e39c7b1eb7373dd4c5b2.jpg,1,noise_0.1,0.44781479239463806
data/corpus_smoke/images/FLUX.1-dev/4a/4ae5524c486bf94a532ebfb4585e76bc20b4b719cc30e39c7b1eb7373dd4c5b2.jpg,1,jitter_0.2,0.4420170783996582
data/corpus_smoke/images/FLUX.1-dev/4a/4ae5524c486bf94a532ebfb4585e76bc20b4b719cc30e39c7b1eb7373dd4c5b2.jpg,1,center_crop_0.8,0.44982296228408813
data/corpus_smoke/images/FLUX.1-dev/4a/4ae5524c486bf94a532ebfb4585e76bc20b4b719cc30e39c7b1eb7373dd4c5b2.jpg,1,composed_blur1.0+jpeg70,0.447180837392807
data/corpus_smoke/images/FLUX.1-dev/4a/4ae5524c486bf94a532ebfb4585e76bc20b4b719cc30e39c7b1eb7373dd4c5b2.jpg,1,composed_resize0.5+jpeg50,0.44599512219429016
data/corpus_smoke/images/FLUX.1-dev/4a/4ae5524c486bf94a532ebfb4585e76bc20b4b719cc30e39c7b1eb7373dd4c5b2.jpg,1,composed_jitter0.2+jpeg30,0.4680977761745453
data/corpus_smoke/images/FLUX.1-dev/4a/4ae5524c486bf94a532ebfb4585e76bc20b4b719cc30e39c7b1eb7373dd4c5b2.jpg,1,composed_resize0.25+blur0.5+jpeg30,0.45259565114974976
data/corpus_smoke/images/FLUX.1-dev/0a/0adb6ee6e1e80452414ad9ead8ea018d82f785972447bca35a6fd703c4525552.jpg,1,clean,0.46170279383659363
data/corpus_smoke/images/FLUX.1-dev/0a/0adb6ee6e1e80452414ad9ead8ea018d82f785972447bca35a6fd703c4525552.jpg,1,jpeg_90,0.44707930088043213
data/corpus_smoke/images/FLUX.1-dev/0a/0adb6ee6e1e80452414ad9ead8ea018d82f785972447bca35a6fd703c4525552.jpg,1,jpeg_70,0.46735894680023193
data/corpus_smoke/images/FLUX.1-dev/0a/0adb6ee6e1e80452414ad9ead8ea018d82f785972447bca35a6fd703c4525552.jpg,1,jpeg_50,0.4603424072265625
data/corpus_smoke/images/FLUX.1-dev/0a/0adb6ee6e1e80452414ad9ead8ea018d82f785972447bca35a6fd703c4525552.jpg,1,jpeg_30,0.4640986919403076
data/corpus_smoke/images/FLUX.1-dev/0a/0adb6ee6e1e80452414ad9ead8ea018d82f785972447bca35a6fd703c4525552.jpg,1,blur_0.5,0.4599948525428772
data/corpus_smoke/images/FLUX.1-dev/0a/0adb6ee6e1e80452414ad9ead8ea018d82f785972447bca35a6fd703c4525552.jpg,1,blur_1.0,0.4556887745857239
data/corpus_smoke/images/FLUX.1-dev/0a/0adb6ee6e1e80452414ad9ead8ea018d82f785972447bca35a6fd703c4525552.jpg,1,blur_2.0,0.4583717882633209
data/corpus_smoke/images/FLUX.1-dev/0a/0adb6ee6e1e80452414ad9ead8ea018d82f785972447bca35a6fd703c4525552.jpg,1,resize_0.5,0.4585556089878082
data/corpus_smoke/images/FLUX.1-dev/0a/0adb6ee6e1e80452414ad9ead8ea018d82f785972447bca35a6fd703c4525552.jpg,1,resize_0.25,0.454293429851532
data/corpus_smoke/images/FLUX.1-dev/0a/0adb6ee6e1e80452414ad9ead8ea018d82f785972447bca35a6fd703c4525552.jpg,1,noise_0.02,0.4665940999984741
data/corpus_smoke/images/FLUX.1-dev/0a/0adb6ee6e1e80452414ad9ead8ea018d82f785972447bca35a6fd703c4525552.jpg,1,noise_0.05,0.45999374985694885
data/corpus_smoke/images/FLUX.1-dev/0a/0adb6ee6e1e80452414ad9ead8ea018d82f785972447bca35a6fd703c4525552.jpg,1,noise_0.1,0.4613885283470154
data/corpus_smoke/images/FLUX.1-dev/0a/0adb6ee6e1e80452414ad9ead8ea018d82f785972447bca35a6fd703c4525552.jpg,1,jitter_0.2,0.44887498021125793
data/corpus_smoke/images/FLUX.1-dev/0a/0adb6ee6e1e80452414ad9ead8ea018d82f785972447bca35a6fd703c4525552.jpg,1,center_crop_0.8,0.446307897567749
data/corpus_smoke/images/FLUX.1-dev/0a/0adb6ee6e1e80452414ad9ead8ea018d82f785972447bca35a6fd703c4525552.jpg,1,composed_blur1.0+jpeg70,0.4610527753829956
data/corpus_smoke/images/FLUX.1-dev/0a/0adb6ee6e1e80452414ad9ead8ea018d82f785972447bca35a6fd703c4525552.jpg,1,composed_resize0.5+jpeg50,0.45220494270324707
data/corpus_smoke/images/FLUX.1-dev/0a/0adb6ee6e1e80452414ad9ead8ea018d82f785972447bca35a6fd703c4525552.jpg,1,composed_jitter0.2+jpeg30,0.44988885521888733
data/corpus_smoke/images/FLUX.1-dev/0a/0adb6ee6e1e80452414ad9ead8ea018d82f785972447bca35a6fd703c4525552.jpg,1,composed_resize0.25+blur0.5+jpeg30,0.4532179832458496
data/corpus_smoke/images/FLUX.1-dev/60/6034ad821cd0eb3617eeb731c68d34abce9ae77caef70c66d2b85995e849691f.jpg,1,clean,0.410758376121521
data/corpus_smoke/images/FLUX.1-dev/60/6034ad821cd0eb3617eeb731c68d34abce9ae77caef70c66d2b85995e849691f.jpg,1,jpeg_90,0.41373395919799805
data/corpus_smoke/images/FLUX.1-dev/60/6034ad821cd0eb3617eeb731c68d34abce9ae77caef70c66d2b85995e849691f.jpg,1,jpeg_70,0.4338722825050354
data/corpus_smoke/images/FLUX.1-dev/60/6034ad821cd0eb3617eeb731c68d34abce9ae77caef70c66d2b85995e849691f.jpg,1,jpeg_50,0.4337213337421417
data/corpus_smoke/images/FLUX.1-dev/60/6034ad821cd0eb3617eeb731c68d34abce9ae77caef70c66d2b85995e849691f.jpg,1,jpeg_30,0.44883251190185547
data/corpus_smoke/images/FLUX.1-dev/60/6034ad821cd0eb3617eeb731c68d34abce9ae77caef70c66d2b85995e849691f.jpg,1,blur_0.5,0.4090175926685333
data/corpus_smoke/images/FLUX.1-dev/60/6034ad821cd0eb3617eeb731c68d34abce9ae77caef70c66d2b85995e849691f.jpg,1,blur_1.0,0.40575000643730164
data/corpus_smoke/images/FLUX.1-dev/60/6034ad821cd0eb3617eeb731c68d34abce9ae77caef70c66d2b85995e849691f.jpg,1,blur_2.0,0.41053780913352966
data/corpus_smoke/images/FLUX.1-dev/60/6034ad821cd0eb3617eeb731c68d34abce9ae77caef70c66d2b85995e849691f.jpg,1,resize_0.5,0.40909504890441895
data/corpus_smoke/images/FLUX.1-dev/60/6034ad821cd0eb3617eeb731c68d34abce9ae77caef70c66d2b85995e849691f.jpg,1,resize_0.25,0.40676844120025635
data/corpus_smoke/images/FLUX.1-dev/60/6034ad821cd0eb3617eeb731c68d34abce9ae77caef70c66d2b85995e849691f.jpg,1,noise_0.02,0.4194020628929138
data/corpus_smoke/images/FLUX.1-dev/60/6034ad821cd0eb3617eeb731c68d34abce9ae77caef70c66d2b85995e849691f.jpg,1,noise_0.05,0.4190332293510437
data/corpus_smoke/images/FLUX.1-dev/60/6034ad821cd0eb3617eeb731c68d34abce9ae77caef70c66d2b85995e849691f.jpg,1,noise_0.1,0.4244464337825775
data/corpus_smoke/images/FLUX.1-dev/60/6034ad821cd0eb3617eeb731c68d34abce9ae77caef70c66d2b85995e849691f.jpg,1,jitter_0.2,0.40858644247055054
data/corpus_smoke/images/FLUX.1-dev/60/6034ad821cd0eb3617eeb731c68d34abce9ae77caef70c66d2b85995e849691f.jpg,1,center_crop_0.8,0.41770926117897034
data/corpus_smoke/images/FLUX.1-dev/60/6034ad821cd0eb3617eeb731c68d34abce9ae77caef70c66d2b85995e849691f.jpg,1,composed_blur1.0+jpeg70,0.42809242010116577
data/corpus_smoke/images/FLUX.1-dev/60/6034ad821cd0eb3617eeb731c68d34abce9ae77caef70c66d2b85995e849691f.jpg,1,composed_resize0.5+jpeg50,0.42546960711479187
data/corpus_smoke/images/FLUX.1-dev/60/6034ad821cd0eb3617eeb731c68d34abce9ae77caef70c66d2b85995e849691f.jpg,1,composed_jitter0.2+jpeg30,0.4468997120857239
data/corpus_smoke/images/FLUX.1-dev/60/6034ad821cd0eb3617eeb731c68d34abce9ae77caef70c66d2b85995e849691f.jpg,1,composed_resize0.25+blur0.5+jpeg30,0.425190269947052
data/corpus_smoke/images/FLUX.1-dev/b1/b14d6386c271b9db3c42a9c5dda423fc10d0ff20bf29d08d32e5237605f769b2.jpg,1,clean,0.4308895766735077
data/corpus_smoke/images/FLUX.1-dev/b1/b14d6386c271b9db3c42a9c5dda423fc10d0ff20bf29d08d32e5237605f769b2.jpg,1,jpeg_90,0.4386281967163086
data/corpus_smoke/images/FLUX.1-dev/b1/b14d6386c271b9db3c42a9c5dda423fc10d0ff20bf29d08d32e5237605f769b2.jpg,1,jpeg_70,0.4576399624347687
data/corpus_smoke/images/FLUX.1-dev/b1/b14d6386c271b9db3c42a9c5dda423fc10d0ff20bf29d08d32e5237605f769b2.jpg,1,jpeg_50,0.4534721076488495
data/corpus_smoke/images/FLUX.1-dev/b1/b14d6386c271b9db3c42a9c5dda423fc10d0ff20bf29d08d32e5237605f769b2.jpg,1,jpeg_30,0.45630374550819397
data/corpus_smoke/images/FLUX.1-dev/b1/b14d6386c271b9db3c42a9c5dda423fc10d0ff20bf29d08d32e5237605f769b2.jpg,1,blur_0.5,0.4285515248775482
data/corpus_smoke/images/FLUX.1-dev/b1/b14d6386c271b9db3c42a9c5dda423fc10d0ff20bf29d08d32e5237605f769b2.jpg,1,blur_1.0,0.4221078157424927
data/corpus_smoke/images/FLUX.1-dev/b1/b14d6386c271b9db3c42a9c5dda423fc10d0ff20bf29d08d32e5237605f769b2.jpg,1,blur_2.0,0.4255163073539734
data/corpus_smoke/images/FLUX.1-dev/b1/b14d6386c271b9db3c42a9c5dda423fc10d0ff20bf29d08d32e5237605f769b2.jpg,1,resize_0.5,0.4216524660587311
data/corpus_smoke/images/FLUX.1-dev/b1/b14d6386c271b9db3c42a9c5dda423fc10d0ff20bf29d08d32e5237605f769b2.jpg,1,resize_0.25,0.42795291543006897
data/corpus_smoke/images/FLUX.1-dev/b1/b14d6386c271b9db3c42a9c5dda423fc10d0ff20bf29d08d32e5237605f769b2.jpg,1,noise_0.02,0.4368956983089447
data/corpus_smoke/images/FLUX.1-dev/b1/b14d6386c271b9db3c42a9c5dda423fc10d0ff20bf29d08d32e5237605f769b2.jpg,1,noise_0.05,0.4402146637439728
data/corpus_smoke/images/FLUX.1-dev/b1/b14d6386c271b9db3c42a9c5dda423fc10d0ff20bf29d08d32e5237605f769b2.jpg,1,noise_0.1,0.4396229088306427
data/corpus_smoke/images/FLUX.1-dev/b1/b14d6386c271b9db3c42a9c5dda423fc10d0ff20bf29d08d32e5237605f769b2.jpg,1,jitter_0.2,0.4313473105430603
data/corpus_smoke/images/FLUX.1-dev/b1/b14d6386c271b9db3c42a9c5dda423fc10d0ff20bf29d08d32e5237605f769b2.jpg,1,center_crop_0.8,0.4243769347667694
data/corpus_smoke/images/FLUX.1-dev/b1/b14d6386c271b9db3c42a9c5dda423fc10d0ff20bf29d08d32e5237605f769b2.jpg,1,composed_blur1.0+jpeg70,0.4523782432079315
data/corpus_smoke/images/FLUX.1-dev/b1/b14d6386c271b9db3c42a9c5dda423fc10d0ff20bf29d08d32e5237605f769b2.jpg,1,composed_resize0.5+jpeg50,0.4401838481426239
data/corpus_smoke/images/FLUX.1-dev/b1/b14d6386c271b9db3c42a9c5dda423fc10d0ff20bf29d08d32e5237605f769b2.jpg,1,composed_jitter0.2+jpeg30,0.45729178190231323
data/corpus_smoke/images/FLUX.1-dev/b1/b14d6386c271b9db3c42a9c5dda423fc10d0ff20bf29d08d32e5237605f769b2.jpg,1,composed_resize0.25+blur0.5+jpeg30,0.4514518678188324
data/corpus_smoke/images/FLUX.1-dev/24/246e86fe75ff93523659da3bae0d1b585539adc46630e8123ef49b1921468269.jpg,1,clean,0.4385690689086914
data/corpus_smoke/images/FLUX.1-dev/24/246e86fe75ff93523659da3bae0d1b585539adc46630e8123ef49b1921468269.jpg,1,jpeg_90,0.43891268968582153
data/corpus_smoke/images/FLUX.1-dev/24/246e86fe75ff93523659da3bae0d1b585539adc46630e8123ef49b1921468269.jpg,1,jpeg_70,0.44694048166275024
data/corpus_smoke/images/FLUX.1-dev/24/246e86fe75ff93523659da3bae0d1b585539adc46630e8123ef49b1921468269.jpg,1,jpeg_50,0.45554935932159424
data/corpus_smoke/images/FLUX.1-dev/24/246e86fe75ff93523659da3bae0d1b585539adc46630e8123ef49b1921468269.jpg,1,jpeg_30,0.4616459310054779
data/corpus_smoke/images/FLUX.1-dev/24/246e86fe75ff93523659da3bae0d1b585539adc46630e8123ef49b1921468269.jpg,1,blur_0.5,0.4361201524734497
data/corpus_smoke/images/FLUX.1-dev/24/246e86fe75ff93523659da3bae0d1b585539adc46630e8123ef49b1921468269.jpg,1,blur_1.0,0.43395280838012695
data/corpus_smoke/images/FLUX.1-dev/24/246e86fe75ff93523659da3bae0d1b585539adc46630e8123ef49b1921468269.jpg,1,blur_2.0,0.44326052069664
data/corpus_smoke/images/FLUX.1-dev/24/246e86fe75ff93523659da3bae0d1b585539adc46630e8123ef49b1921468269.jpg,1,resize_0.5,0.436257541179657
data/corpus_smoke/images/FLUX.1-dev/24/246e86fe75ff93523659da3bae0d1b585539adc46630e8123ef49b1921468269.jpg,1,resize_0.25,0.4393565058708191
data/corpus_smoke/images/FLUX.1-dev/24/246e86fe75ff93523659da3bae0d1b585539adc46630e8123ef49b1921468269.jpg,1,noise_0.02,0.4413744807243347
data/corpus_smoke/images/FLUX.1-dev/24/246e86fe75ff93523659da3bae0d1b585539adc46630e8123ef49b1921468269.jpg,1,noise_0.05,0.442830353975296
data/corpus_smoke/images/FLUX.1-dev/24/246e86fe75ff93523659da3bae0d1b585539adc46630e8123ef49b1921468269.jpg,1,noise_0.1,0.4386395812034607
data/corpus_smoke/images/FLUX.1-dev/24/246e86fe75ff93523659da3bae0d1b585539adc46630e8123ef49b1921468269.jpg,1,jitter_0.2,0.4365999698638916
data/corpus_smoke/images/FLUX.1-dev/24/246e86fe75ff93523659da3bae0d1b585539adc46630e8123ef49b1921468269.jpg,1,center_crop_0.8,0.44860103726387024
data/corpus_smoke/images/FLUX.1-dev/24/246e86fe75ff93523659da3bae0d1b585539adc46630e8123ef49b1921468269.jpg,1,composed_blur1.0+jpeg70,0.4450893700122833
data/corpus_smoke/images/FLUX.1-dev/24/246e86fe75ff93523659da3bae0d1b585539adc46630e8123ef49b1921468269.jpg,1,composed_resize0.5+jpeg50,0.4460497498512268
data/corpus_smoke/images/FLUX.1-dev/24/246e86fe75ff93523659da3bae0d1b585539adc46630e8123ef49b1921468269.jpg,1,composed_jitter0.2+jpeg30,0.4622226059436798
data/corpus_smoke/images/FLUX.1-dev/24/246e86fe75ff93523659da3bae0d1b585539adc46630e8123ef49b1921468269.jpg,1,composed_resize0.25+blur0.5+jpeg30,0.45293647050857544
