ok,container,mode,width,height,n_bytes,truncated,has_exif,n_exif_tags,exif_orientation,has_icc,n_text_chunks,metadata_keys,generator_marker,jpeg_quality_hint,error,image_path,label,klass,declared_width,declared_height,megapixels,is_1024sq,bytes_per_pixel,is_square,container_is_png,has_icc_int
True,jpeg,RGB,1024,681,386546,False,False,0,,False,0,,,,,data/audit_sample/sid_set/images/real/91995094dd129257.jpg,0,real,1024,681,0.697344,False,0.5543117887298091,0,0,0
True,jpeg,RGB,1024,1024,90425,False,False,0,,False,0,,,,,data/audit_sample/sid_set/images/tampered/tampered_06400.jpg,1,tampered,1024,1024,1.048576,True,0.08623600006103516,1,0,0
True,png,RGB,1024,1024,1125636,False,False,0,,False,0,,,,,data/audit_sample/sid_set/images/full_synthetic/full_synthetic_004934.png,1,full_synthetic,1024,1024,1.048576,True,1.0734901428222656,1,1,0
True,jpeg,RGB,1024,1024,179927,False,False,0,,False,0,,,,,data/audit_sample/sid_set/images/real/58c66c4583de8bf5.jpg,0,real,1024,1024,1.048576,True,0.17159175872802734,1,0,0
True,jpeg,RGB,1024,1024,97082,False,False,0,,False,0,,,,,data/audit_sample/sid_set/images/tampered/tampered_08645.jpg,1,tampered,1024,1024,1.048576,True,0.09258460998535156,1,0,0
True,jpeg,RGB,1024,1024,136742,False,False,0,,False,0,,,,,data/audit_sample/sid_set/images/tampered/tampered_005250.jpg,1,tampered,1024,1024,1.048576,True,0.13040733337402344,1,0,0
True,jpeg,RGB,1024,1024,217170,False,False,0,,False,0,,,,,data/audit_sample/sid_set/images/tampered/tampered_02533.jpg,1,tampered,1024,1024,1.048576,True,0.2071094512939453,1,0,0
True,jpeg,RGB,961,1024,894055,False,False,0,,True,0,,,,,data/audit_sample/sid_set/images/real/d953914a018b80ad.jpg,0,real,961,1024,0.984064,False,0.9085333880723205,0,0,1
True,jpeg,RGB,1024,732,65192,False,False,0,,False,0,,,,,data/audit_sample/sid_set/images/real/9a99796dffaaa7d3.jpg,0,real,1024,732,0.749568,False,0.08697276297814208,0,0,0
True,png,RGB,1024,1024,915090,False,False,0,,False,0,,,,,data/audit_sample/sid_set/images/full_synthetic/full_synthetic_002764.png,1,full_synthetic,1024,1024,1.048576,True,0.8726978302001953,1,1,0
True,jpeg,RGB,1024,654,202488,False,False,0,,True,0,,,,,data/audit_sample/sid_set/images/real/8bd5cae6314172b9.jpg,0,real,1024,654,0.669696,False,0.3023580848623853,0,0,1
True,jpeg,RGB,1024,1024,149547,False,False,0,,False,0,,,,,data/audit_sample/sid_set/images/real/42e7a4cbf61fd493.jpg,0,real,1024,1024,1.048576,True,0.14261913299560547,1,0,0
True,png,RGB,1024,1024,1015725,False,False,0,,False,0,,,,,data/audit_sample/sid_set/images/full_synthetic/full_synthetic_007473.png,1,full_synthetic,1024,1024,1.048576,True,0.9686708450317383,1,1,0
True,png,RGB,1024,1024,975869,False,False,0,,False,0,,,,,data/audit_sample/sid_set/images/full_synthetic/full_synthetic_000702.png,1,full_synthetic,1024,1024,1.048576,True,0.9306612014770508,1,1,0
True,png,RGB,1024,1024,1392840,False,False,0,,False,0,,,,,data/audit_sample/sid_set/images/full_synthetic/full_synthetic_001094.png,1,full_synthetic,1024,1024,1.048576,True,1.3283157348632812,1,1,0
True,jpeg,RGB,1024,768,171179,False,False,0,,True,0,,,,,data/audit_sample/sid_set/images/real/2220f1ab609f0843.jpg,0,real,1024,768,0.786432,False,0.21766535441080728,0,0,1
True,jpeg,RGB,1024,1024,107360,False,False,0,,False,0,,,,,data/audit_sample/sid_set/images/tampered/tampered_06229.jpg,1,tampered,1024,1024,1.048576,True,0.102386474609375,1,0,0
True,jpeg,RGB,768,1024,101716,False,False,0,,False,0,,,,,data/audit_sample/sid_set/images/real/76bb9873db655e13.jpg,0,real,768,1024,0.786432,False,0.12933858235677084,0,0,0
True,jpeg,RGB,1024,768,235796,False,False,0,,True,0,,,,,data/audit_sample/sid_set/images/real/1034c6557e9fb8c1.jpg,0,real,1024,768,0.786432,False,0.2998301188151042,0,0,1
True,jpeg,RGB,1024,1024,166678,False,False,0,,False,0,,,,,data/audit_sample/sid_set/images/tampered/tampered_05143.jpg,1,tampered,1024,1024,1.048576,True,0.15895652770996094,1,0,0
True,png,RGB,1024,1024,1287331,False,False,0,,False,0,,,,,data/audit_sample/sid_set/images/full_synthetic/full_synthetic_004989.png,1,full_synthetic,1024,1024,1.048576,True,1.2276945114135742,1,1,0
True,png,RGB,1024,1024,1697693,False,False,0,,False,0,,,,,data/audit_sample/sid_set/images/full_synthetic/full_synthetic_001311.png,1,full_synthetic,1024,1024,1.048576,True,1.6190462112426758,1,1,0
True,jpeg,RGB,680,1024,151754,False,False,0,,True,0,,,,,data/audit_sample/sid_set/images/real/f2b02fe7b2ddcb9c.jpg,0,real,680,1024,0.69632,False,0.21793715533088234,0,0,1
True,png,RGB,1024,1024,1531095,False,False,0,,False,0,,,,,data/audit_sample/sid_set/images/tampered/tampered_02480.png,1,tampered,1024,1024,1.048576,True,1.4601659774780273,1,1,0
True,png,RGB,1024,1024,651327,False,False,0,,False,0,,,,,data/audit_sample/sid_set/images/full_synthetic/full_synthetic_000008.png,1,full_synthetic,1024,1024,1.048576,True,0.6211538314819336,1,1,0
True,jpeg,RGB,1024,768,158478,False,False,0,,False,0,,,,,data/audit_sample/sid_set/images/real/9e65133332e72eb0.jpg,0,real,1024,768,0.786432,False,0.20151519775390625,0,0,0
True,jpeg,RGB,1024,1024,92334,False,False,0,,False,0,,,,,data/audit_sample/sid_set/images/tampered/tampered_03478.jpg,1,tampered,1024,1024,1.048576,True,0.08805656433105469,1,0,0
True,jpeg,RGB,1024,1024,151059,False,False,0,,False,0,,,,,data/audit_sample/sid_set/images/tampered/tampered_006763.jpg,1,tampered,1024,1024,1.048576,True,0.14406108856201172,1,0,0
True,jpeg,RGB,768,1024,87229,False,False,0,,False,0,,,,,data/audit_sample/sid_set/images/real/ed392911fea257be.jpg,0,real,768,1024,0.786432,False,0.1109174092610677,0,0,0
True,png,RGB,1024,1024,1111731,False,False,0,,False,0,,,,,data/audit_sample/sid_set/images/full_synthetic/full_synthetic_000882.png,1,full_synthetic,1024,1024,1.048576,True,1.0602293014526367,1,1,0
True,jpeg,RGB,1024,1024,106554,False,False,0,,False,0,,,,,data/audit_sample/sid_set/images/tampered/tampered_08180.jpg,1,tampered,1024,1024,1.048576,True,0.10161781311035156,1,0,0
True,png,RGB,1024,1024,1206927,False,False,0,,False,0,,,,,data/audit_sample/sid_set/images/full_synthetic/full_synthetic_001209.png,1,full_synthetic,1024,1024,1.048576,True,1.151015281677246,1,1,0
True,jpeg,RGB,1024,732,842463,False,False,0,,True,0,,,,,data/audit_sample/sid_set/images/real/add5fb52ea5901cd.jpg,0,real,1024,732,0.749568,False,1.123931384477459,0,0,1
True,png,RGB,1024,1024,1370358,False,False,0,,False,0,,,,,data/audit_sample/sid_set/images/full_synthetic/full_synthetic_007794.png,1,full_synthetic,1024,1024,1.048576,True,1.306875228881836,1,1,0
True,jpeg,RGB,1024,666,808061,False,False,0,,False,0,,,,,data/audit_sample/sid_set/images/real/03037a6766b93185.jpg,0,real,1024,666,0.681984,False,1.1848679734421923,0,0,0
True,png,RGB,1024,1024,960069,False,False,0,,False,0,,,,,data/audit_sample/sid_set/images/full_synthetic/full_synthetic_008801.png,1,full_synthetic,1024,1024,1.048576,True,0.915593147277832,1,1,0
True,png,RGB,1024,1024,1228773,False,False,0,,False,0,,,,,data/audit_sample/sid_set/images/tampered/tampered_00809.png,1,tampered,1024,1024,1.048576,True,1.171849250793457,1,1,0
True,png,RGB,1024,1024,1199763,False,False,0,,False,0,,,,,data/audit_sample/sid_set/images/full_synthetic/full_synthetic_005299.png,1,full_synthetic,1024,1024,1.048576,True,1.1441831588745117,1,1,0
True,png,RGB,1024,1024,922348,False,False,0,,False,0,,,,,data/audit_sample/sid_set/images/full_synthetic/full_synthetic_009705.png,1,full_synthetic,1024,1024,1.048576,True,0.8796195983886719,1,1,0
True,png,RGB,1024,1024,1379002,False,False,0,,False,0,,,,,data/audit_sample/sid_set/images/full_synthetic/full_synthetic_002872.png,1,full_synthetic,1024,1024,1.048576,True,1.3151187896728516,1,1,0
True,jpeg,RGB,1024,576,156996,False,False,0,,False,0,,,,,data/audit_sample/sid_set/images/real/27c3f06ec5dc2ba3.jpg,0,real,1024,576,0.589824,False,0.26617431640625,0,0,0
True,png,RGB,1024,1024,1263006,False,False,0,,False,0,,,,,data/audit_sample/sid_set/images/full_synthetic/full_synthetic_003406.png,1,full_synthetic,1024,1024,1.048576,True,1.2044963836669922,1,1,0
True,jpeg,RGB,768,788,101296,False,False,0,,False,0,,,,,data/audit_sample/sid_set/images/real/0be8f77f1614556e.jpg,0,real,768,788,0.605184,False,0.16738049915397632,0,0,0
True,jpeg,RGB,1024,683,837109,False,False,0,,True,0,,,,,data/audit_sample/sid_set/images/real/c5cf1481d441cb77.jpg,0,real,1024,683,0.699392,False,1.1969096014824305,0,0,1
True,jpeg,RGB,1024,1024,118547,False,False,0,,False,0,,,,,data/audit_sample/sid_set/images/tampered/tampered_07569.jpg,1,tampered,1024,1024,1.048576,True,0.11305522918701172,1,0,0
True,png,RGB,1024,1024,983646,False,False,0,,False,0,,,,,data/audit_sample/sid_set/images/full_synthetic/full_synthetic_005248.png,1,full_synthetic,1024,1024,1.048576,True,0.9380779266357422,1,1,0
True,jpeg,RGB,1024,593,527695,False,False,0,,True,0,,,,,data/audit_sample/sid_set/images/real/f09e3a1151ad2a6d.jpg,0,real,1024,593,0.607232,False,0.8690171137225969,0,0,1
True,png,RGB,1024,1024,1789940,False,False,0,,False,0,,,,,data/audit_sample/sid_set/images/tampered/tampered_05545.png,1,tampered,1024,1024,1.048576,True,1.7070198059082031,1,1,0
True,jpeg,RGB,1024,768,276665,False,False,0,,False,0,,,,,data/audit_sample/sid_set/images/real/c8ef1b2afccd2a46.jpg,0,real,1024,768,0.786432,False,0.35179773966471356,0,0,0
True,jpeg,RGB,1024,1024,117410,False,False,0,,False,0,,,,,data/audit_sample/sid_set/images/tampered/tampered_04834.jpg,1,tampered,1024,1024,1.048576,True,0.11197090148925781,1,0,0
True,jpeg,RGB,1024,1024,155005,False,False,0,,False,0,,,,,data/audit_sample/sid_set/images/tampered/tampered_04879.jpg,1,tampered,1024,1024,1.048576,True,0.14782428741455078,1,0,0
True,jpeg,RGB,1024,1024,96603,False,False,0,,False,0,,,,,data/audit_sample/sid_set/images/tampered/tampered_07995.jpg,1,tampered,1024,1024,1.048576,True,0.09212779998779297,1,0,0
True,jpeg,RGB,1024,1024,91810,False,False,0,,False,0,,,,,data/audit_sample/sid_set/images/tampered/tampered_06792.jpg,1,tampered,1024,1024,1.048576,True,0.08755683898925781,1,0,0
True,jpeg,RGB,1024,1024,89553,False,False,0,,False,0,,,,,data/audit_sample/sid_set/images/tampered/tampered_07293.jpg,1,tampered,1024,1024,1.048576,True,0.0854043960571289,1,0,0
True,jpeg,RGB,1024,1024,123831,False,False,0,,False,0,,,,,data/audit_sample/sid_set/images/tampered/tampered_00122.jpg,1,tampered,1024,1024,1.048576,True,0.11809444427490234,1,0,0
True,png,RGB,1024,1024,809947,False,False,0,,False,0,,,,,data/audit_sample/sid_set/images/full_synthetic/full_synthetic_007583.png,1,full_synthetic,1024,1024,1.048576,True,0.772425651550293,1,1,0
True,jpeg,RGB,1024,766,73140,False,False,0,,False,0,,,,,data/audit_sample/sid_set/images/real/e893057079087908.jpg,0,real,1024,766,0.784384,False,0.09324514523498695,0,0,0
True,jpeg,RGB,1024,1024,30044,False,False,0,,False,0,,,,,data/audit_sample/sid_set/images/tampered/tampered_00709.jpg,1,tampered,1024,1024,1.048576,True,0.028652191162109375,1,0,0
True,jpeg,RGB,1024,1024,153311,False,False,0,,False,0,,,,,data/audit_sample/sid_set/images/tampered/tampered_02892.jpg,1,tampered,1024,1024,1.048576,True,0.1462087631225586,1,0,0
True,png,RGB,1024,1024,1228876,False,False,0,,False,0,,,,,data/audit_sample/sid_set/images/full_synthetic/full_synthetic_004113.png,1,full_synthetic,1024,1024,1.048576,True,1.1719474792480469,1,1,0
True,jpeg,RGB,1024,768,149616,False,False,0,,False,0,,,,,data/audit_sample/sid_set/images/real/995fec71969bd0bd.jpg,0,real,1024,768,0.786432,False,0.19024658203125,0,0,0
True,jpeg,RGB,1024,1024,140929,False,False,0,,False,0,,,,,data/audit_sample/sid_set/images/tampered/tampered_00103.jpg,1,tampered,1024,1024,1.048576,True,0.1344003677368164,1,0,0
True,png,RGB,1024,1024,1026181,False,False,0,,False,0,,,,,data/audit_sample/sid_set/images/full_synthetic/full_synthetic_000902.png,1,full_synthetic,1024,1024,1.048576,True,0.978642463684082,1,1,0
True,jpeg,RGB,1024,1024,149735,False,False,0,,False,0,,,,,data/audit_sample/sid_set/images/tampered/tampered_00654.jpg,1,tampered,1024,1024,1.048576,True,0.14279842376708984,1,0,0
True,jpeg,RGB,1024,1024,133841,False,False,0,,False,0,,,,,data/audit_sample/sid_set/images/tampered/tampered_05739.jpg,1,tampered,1024,1024,1.048576,True,0.1276407241821289,1,0,0
True,jpeg,L,1024,769,149580,False,False,0,,False,0,,,,,data/audit_sample/sid_set/images/real/1628ce58f2622f64.jpg,0,real,1024,769,0.787456,False,0.18995347041612484,0,0,0
True,png,RGB,1024,1024,791504,False,False,0,,False,0,,,,,data/audit_sample/sid_set/images/full_synthetic/full_synthetic_004118.png,1,full_synthetic,1024,1024,1.048576,True,0.7548370361328125,1,1,0
True,jpeg,RGB,1024,1024,177465,False,False,0,,False,0,,,,,data/audit_sample/sid_set/images/tampered/tampered_01043.jpg,1,tampered,1024,1024,1.048576,True,0.16924381256103516,1,0,0
True,jpeg,RGB,1024,660,296585,False,False,0,,False,0,,,,,data/audit_sample/sid_set/images/real/c6df5b2700e2a0d3.jpg,0,real,1024,660,0.67584,False,0.4388390743371212,0,0,0
True,jpeg,RGB,1024,1024,103749,False,False,0,,False,0,,,,,data/audit_sample/sid_set/images/tampered/tampered_05483.jpg,1,tampered,1024,1024,1.048576,True,0.09894275665283203,1,0,0
True,png,RGB,1024,1024,1420015,False,False,0,,False,0,,,,,data/audit_sample/sid_set/images/full_synthetic/full_synthetic_006970.png,1,full_synthetic,1024,1024,1.048576,True,1.354231834411621,1,1,0
True,jpeg,RGB,1024,1024,99199,False,False,0,,False,0,,,,,data/audit_sample/sid_set/images/tampered/tampered_06610.jpg,1,tampered,1024,1024,1.048576,True,0.0946035385131836,1,0,0
True,jpeg,RGB,1024,1024,116013,False,False,0,,False,0,,,,,data/audit_sample/sid_set/images/tampered/tampered_06232.jpg,1,tampered,1024,1024,1.048576,True,0.11063861846923828,1,0,0
True,jpeg,RGB,1024,768,322749,False,False,0,,False,0,,,,,data/audit_sample/sid_set/images/real/4bd05685b1e2c552.jpg,0,real,1024,768,0.786432,False,0.4103965759277344,0,0,0
True,jpeg,RGB,683,1024,97634,False,False,0,,False,0,,,,,data/audit_sample/sid_set/images/real/307293f3a512832e.jpg,0,real,683,1024,0.699392,False,0.13959839403367497,0,0,0
True,png,RGB,1024,1024,1081529,False,False,0,,False,0,,,,,data/audit_sample/sid_set/images/full_synthetic/full_synthetic_008372.png,1,full_synthetic,1024,1024,1.048576,True,1.0314264297485352,1,1,0
True,jpeg,RGB,1024,768,629969,False,False,0,,False,0,,,,,data/audit_sample/sid_set/images/real/2cfeca31d019234e.jpg,0,real,1024,768,0.786432,False,0.8010470072428385,0,0,0
True,jpeg,RGB,683,1024,331600,False,False,0,,False,0,,,,,data/audit_sample/sid_set/images/real/bdf7276b7255c403.jpg,0,real,683,1024,0.699392,False,0.47412609809663253,0,0,0
True,jpeg,RGB,1024,1024,185707,False,False,0,,False,0,,,,,data/audit_sample/sid_set/images/tampered/tampered_03541.jpg,1,tampered,1024,1024,1.048576,True,0.17710399627685547,1,0,0
True,jpeg,RGB,1024,685,117873,False,False,0,,False,0,,,,,data/audit_sample/sid_set/images/real/4ac5f240639cac03.jpg,0,real,1024,685,0.70144,False,0.16804430885036498,0,0,0
True,png,RGB,1024,1024,1698774,False,False,0,,False,0,,,,,data/audit_sample/sid_set/images/full_synthetic/full_synthetic_002565.png,1,full_synthetic,1024,1024,1.048576,True,1.620077133178711,1,1,0
True,jpeg,RGB,1024,1024,95177,False,False,0,,False,0,,,,,data/audit_sample/sid_set/images/tampered/tampered_00456.jpg,1,tampered,1024,1024,1.048576,True,0.09076786041259766,1,0,0
True,jpeg,RGB,1024,1024,52312,False,False,0,,False,0,,,,,data/audit_sample/sid_set/images/tampered/tampered_06522.jpg,1,tampered,1024,1024,1.048576,True,0.04988861083984375,1,0,0
True,png,RGB,1024,1024,1182939,False,False,0,,False,0,,,,,data/audit_sample/sid_set/images/full_synthetic/full_synthetic_007491.png,1,full_synthetic,1024,1024,1.048576,True,1.128138542175293,1,1,0
True,jpeg,RGB,1024,700,80056,False,False,0,,False,0,,,,,data/audit_sample/sid_set/images/real/1ff5c6d444b5825e.jpg,0,real,1024,700,0.7168,False,0.11168526785714286,0,0,0
True,jpeg,RGB,1024,768,517249,False,False,0,,False,0,,,,,data/audit_sample/sid_set/images/real/ddfc9081e5ee8dc1.jpg,0,real,1024,768,0.786432,False,0.6577161153157552,0,0,0
True,png,RGB,1024,1024,1095536,False,False,0,,False,0,,,,,data/audit_sample/sid_set/images/full_synthetic/full_synthetic_004510.png,1,full_synthetic,1024,1024,1.048576,True,1.0447845458984375,1,1,0
True,png,RGB,1024,1024,837329,False,False,0,,False,0,,,,,data/audit_sample/sid_set/images/full_synthetic/full_synthetic_001072.png,1,full_synthetic,1024,1024,1.048576,True,0.7985391616821289,1,1,0
True,png,RGB,1024,1024,925293,False,False,0,,False,0,,,,,data/audit_sample/sid_set/images/full_synthetic/full_synthetic_004150.png,1,full_synthetic,1024,1024,1.048576,True,0.8824281692504883,1,1,0
True,png,RGB,1024,1024,1119325,False,False,0,,False,0,,,,,data/audit_sample/sid_set/images/full_synthetic/full_synthetic_006478.png,1,full_synthetic,1024,1024,1.048576,True,1.0674715042114258,1,1,0
True,jpeg,RGB,1024,768,253118,False,False,0,,False,0,,,,,data/audit_sample/sid_set/images/real/f1a533157c1022c8.jpg,0,real,1024,768,0.786432,False,0.32185618082682294,0,0,0
True,jpeg,RGB,683,1024,741646,False,False,0,,True,0,,,,,data/audit_sample/sid_set/images/real/1bc723457563f907.jpg,0,real,683,1024,0.699392,False,1.0604153321742313,0,0,1
True,png,RGB,1024,1024,1404965,False,False,0,,False,0,,,,,data/audit_sample/sid_set/images/tampered/tampered_02511.png,1,tampered,1024,1024,1.048576,True,1.339879035949707,1,1,0
True,png,RGB,1024,1024,1201175,False,False,0,,False,0,,,,,data/audit_sample/sid_set/images/full_synthetic/full_synthetic_007456.png,1,full_synthetic,1024,1024,1.048576,True,1.1455297470092773,1,1,0
True,png,RGB,1024,1024,1224917,False,False,0,,False,0,,,,,data/audit_sample/sid_set/images/full_synthetic/full_synthetic_005645.png,1,full_synthetic,1024,1024,1.048576,True,1.1681718826293945,1,1,0
True,jpeg,RGB,1024,768,313412,False,False,0,,False,0,,,,,data/audit_sample/sid_set/images/real/229d0b8353d1c98a.jpg,0,real,1024,768,0.786432,False,0.3985239664713542,0,0,0
True,jpeg,RGB,1024,683,370398,False,False,0,,False,0,,,,,data/audit_sample/sid_set/images/real/cc7894623e2db539.jpg,0,real,1024,683,0.699392,False,0.5295999954245973,0,0,0
True,jpeg,RGB,1024,683,205227,False,False,0,,True,0,,,,,data/audit_sample/sid_set/images/real/b0071a6847984193.jpg,0,real,1024,683,0.699392,False,0.2934362989568082,0,0,1
True,jpeg,RGB,1024,1024,140059,False,False,0,,False,0,,,,,data/audit_sample/sid_set/images/tampered/tampered_005088.jpg,1,tampered,1024,1024,1.048576,True,0.13357067108154297,1,0,0
True,jpeg,RGB,1024,683,116538,False,False,0,,True,0,,,,,data/audit_sample/sid_set/images/real/2bc8ec84419a7906.jpg,0,real,1024,683,0.699392,False,0.166627585102489,0,0,1
True,png,RGB,1024,1024,1709196,False,False,0,,False,0,,,,,data/audit_sample/sid_set/images/full_synthetic/full_synthetic_008392.png,1,full_synthetic,1024,1024,1.048576,True,1.6300163269042969,1,1,0
True,jpeg,RGB,1024,576,564472,False,False,0,,False,0,,,,,data/audit_sample/sid_set/images/real/6d5e67fd69df87a5.jpg,0,real,1024,576,0.589824,False,0.9570176866319444,0,0,0
True,png,RGB,1024,1024,1507428,False,False,0,,False,0,,,,,data/audit_sample/sid_set/images/tampered/tampered_05404.png,1,tampered,1024,1024,1.048576,True,1.4375953674316406,1,1,0
True,jpeg,RGB,1024,685,466699,False,False,0,,False,0,,,,,data/audit_sample/sid_set/images/real/860a9efac6af93a0.jpg,0,real,1024,685,0.70144,False,0.6653441491788321,0,0,0
True,png,RGB,1024,1024,849060,False,False,0,,False,0,,,,,data/audit_sample/sid_set/images/full_synthetic/full_synthetic_008231.png,1,full_synthetic,1024,1024,1.048576,True,0.8097267150878906,1,1,0
True,jpeg,RGB,1024,1024,171319,False,False,0,,False,0,,,,,data/audit_sample/sid_set/images/tampered/tampered_02644.jpg,1,tampered,1024,1024,1.048576,True,0.16338253021240234,1,0,0
True,jpeg,RGB,1024,1024,87232,False,False,0,,False,0,,,,,data/audit_sample/sid_set/images/tampered/tampered_006695.jpg,1,tampered,1024,1024,1.048576,True,0.08319091796875,1,0,0
True,jpeg,RGB,1024,630,300617,False,False,0,,False,0,,,,,data/audit_sample/sid_set/images/real/324f9aab6ff2d5bb.jpg,0,real,1024,630,0.64512,False,0.46598617311507934,0,0,0
True,jpeg,RGB,1024,682,258661,False,False,0,,False,0,,,,,data/audit_sample/sid_set/images/real/31cb90aa388d7890.jpg,0,real,1024,682,0.698368,False,0.37037922699780057,0,0,0
True,png,RGB,1024,1024,1356140,False,False,0,,False,0,,,,,data/audit_sample/sid_set/images/full_synthetic/full_synthetic_005931.png,1,full_synthetic,1024,1024,1.048576,True,1.2933158874511719,1,1,0
True,png,RGB,1024,1024,933195,False,False,0,,False,0,,,,,data/audit_sample/sid_set/images/full_synthetic/full_synthetic_008179.png,1,full_synthetic,1024,1024,1.048576,True,0.8899641036987305,1,1,0
True,jpeg,RGB,1024,1024,75385,False,False,0,,False,0,,,,,data/audit_sample/sid_set/images/tampered/tampered_04625.jpg,1,tampered,1024,1024,1.048576,True,0.07189273834228516,1,0,0
True,jpeg,RGB,1024,1024,117340,False,False,0,,False,0,,,,,data/audit_sample/sid_set/images/real/27f252a476f25608.jpg,0,real,1024,1024,1.048576,True,0.11190414428710938,1,0,0
True,jpeg,RGB,1024,1024,163839,False,False,0,,False,0,,,,,data/audit_sample/sid_set/images/tampered/tampered_00518.jpg,1,tampered,1024,1024,1.048576,True,0.1562490463256836,1,0,0
True,png,RGB,1024,1024,1360040,False,False,0,,False,0,,,,,data/audit_sample/sid_set/images/tampered/tampered_01205.png,1,tampered,1024,1024,1.048576,True,1.2970352172851562,1,1,0
True,jpeg,RGB,770,1024,735761,False,False,0,,True,0,,,,,data/audit_sample/sid_set/images/real/60acad034d6ac8c5.jpg,0,real,770,1024,0.78848,False,0.9331384435876623,0,0,1
True,png,RGB,1024,1024,885518,False,False,0,,False,0,,,,,data/audit_sample/sid_set/images/full_synthetic/full_synthetic_008404.png,1,full_synthetic,1024,1024,1.048576,True,0.8444957733154297,1,1,0
True,jpeg,RGB,1024,640,274816,False,False,0,,True,0,,,,,data/audit_sample/sid_set/images/real/8e9ed33012d70d5c.jpg,0,real,1024,640,0.65536,False,0.4193359375,0,0,1
True,jpeg,RGB,1024,678,305517,False,False,0,,False,0,,,,,data/audit_sample/sid_set/images/real/0664d97dbc749f9c.jpg,0,real,1024,678,0.694272,False,0.4400537541482301,0,0,0
True,png,RGB,1024,1024,792698,False,False,0,,False,0,,,,,data/audit_sample/sid_set/images/full_synthetic/full_synthetic_000077.png,1,full_synthetic,1024,1024,1.048576,True,0.7559757232666016,1,1,0
True,jpeg,RGB,1024,1024,161370,False,False,0,,False,0,,,,,data/audit_sample/sid_set/images/tampered/tampered_00951.jpg,1,tampered,1024,1024,1.048576,True,0.15389442443847656,1,0,0
True,jpeg,RGB,768,1024,151902,False,False,0,,False,0,,,,,data/audit_sample/sid_set/images/real/7bba4ecddd08ae72.jpg,0,real,768,1024,0.786432,False,0.19315338134765625,0,0,0
True,png,RGB,1024,1024,1187197,False,False,0,,False,0,,,,,data/audit_sample/sid_set/images/full_synthetic/full_synthetic_004942.png,1,full_synthetic,1024,1024,1.048576,True,1.1321992874145508,1,1,0
True,png,RGB,1024,1024,1245693,False,False,0,,False,0,,,,,data/audit_sample/sid_set/images/full_synthetic/full_synthetic_005113.png,1,full_synthetic,1024,1024,1.048576,True,1.1879854202270508,1,1,0
True,jpeg,RGB,1024,683,295320,False,False,0,,True,0,,,,,data/audit_sample/sid_set/images/real/fd568a2839353a92.jpg,0,real,1024,683,0.699392,False,0.4222524707174231,0,0,1
True,jpeg,RGB,1024,768,419696,False,False,0,,False,0,,,,,data/audit_sample/sid_set/images/real/ab82eaf90724160f.jpg,0,real,1024,768,0.786432,False,0.5336710611979166,0,0,0
True,jpeg,RGB,1024,1024,125905,False,False,0,,False,0,,,,,data/audit_sample/sid_set/images/tampered/tampered_07661.jpg,1,tampered,1024,1024,1.048576,True,0.1200723648071289,1,0,0
True,png,RGB,1024,1024,1111149,False,False,0,,False,0,,,,,data/audit_sample/sid_set/images/full_synthetic/full_synthetic_006516.png,1,full_synthetic,1024,1024,1.048576,True,1.0596742630004883,1,1,0
True,png,RGB,1024,1024,1335898,False,False,0,,False,0,,,,,data/audit_sample/sid_set/images/full_synthetic/full_synthetic_000205.png,1,full_synthetic,1024,1024,1.048576,True,1.2740116119384766,1,1,0
True,png,RGB,1024,1024,1292445,False,False,0,,False,0,,,,,data/audit_sample/sid_set/images/full_synthetic/full_synthetic_004614.png,1,full_synthetic,1024,1024,1.048576,True,1.2325716018676758,1,1,0
True,png,RGB,1024,1024,1123989,False,False,0,,False,0,,,,,data/audit_sample/sid_set/images/full_synthetic/full_synthetic_008854.png,1,full_synthetic,1024,1024,1.048576,True,1.0719194412231445,1,1,0
True,jpeg,RGB,1024,1024,173692,False,False,0,,False,0,,,,,data/audit_sample/sid_set/images/tampered/tampered_01165.jpg,1,tampered,1024,1024,1.048576,True,0.16564559936523438,1,0,0
True,jpeg,RGB,1024,1024,93376,False,False,0,,False,0,,,,,data/audit_sample/sid_set/images/tampered/tampered_04074.jpg,1,tampered,1024,1024,1.048576,True,0.08905029296875,1,0,0
True,jpeg,RGB,1024,1024,199287,False,False,0,,False,0,,,,,data/audit_sample/sid_set/images/tampered/tampered_04359.jpg,1,tampered,1024,1024,1.048576,True,0.19005489349365234,1,0,0
True,jpeg,RGB,1024,1024,116457,False,False,0,,False,0,,,,,data/audit_sample/sid_set/images/tampered/tampered_01057.jpg,1,tampered,1024,1024,1.048576,True,0.11106204986572266,1,0,0
True,png,RGB,1024,1024,887614,False,False,0,,False,0,,,,,data/audit_sample/sid_set/images/full_synthetic/full_synthetic_002772.png,1,full_synthetic,1024,1024,1.048576,True,0.8464946746826172,1,1,0
True,png,RGB,1024,1024,1371810,False,False,0,,False,0,,,,,data/audit_sample/sid_set/images/full_synthetic/full_synthetic_001703.png,1,full_synthetic,1024,1024,1.048576,True,1.3082599639892578,1,1,0
True,png,RGB,1024,1024,1241956,False,False,0,,False,0,,,,,data/audit_sample/sid_set/images/full_synthetic/full_synthetic_008439.png,1,full_synthetic,1024,1024,1.048576,True,1.1844215393066406,1,1,0
True,jpeg,RGB,1024,1024,160536,False,False,0,,False,0,,,,,data/audit_sample/sid_set/images/tampered/tampered_03328.jpg,1,tampered,1024,1024,1.048576,True,0.15309906005859375,1,0,0
True,jpeg,RGB,1024,1024,108257,False,False,0,,False,0,,,,,data/audit_sample/sid_set/images/tampered/tampered_08547.jpg,1,tampered,1024,1024,1.048576,True,0.1032419204711914,1,0,0
True,png,RGB,1024,1024,1023731,False,False,0,,False,0,,,,,data/audit_sample/sid_set/images/full_synthetic/full_synthetic_002612.png,1,full_synthetic,1024,1024,1.048576,True,0.9763059616088867,1,1,0
True,jpeg,RGB,1024,684,517765,False,False,0,,True,0,,,,,data/audit_sample/sid_set/images/real/29c2e174f4356c93.jpg,0,real,1024,684,0.700416,False,0.7392249748720761,0,0,1
True,png,RGB,1024,1024,889594,False,False,0,,False,0,,,,,data/audit_sample/sid_set/images/full_synthetic/full_synthetic_007036.png,1,full_synthetic,1024,1024,1.048576,True,0.8483829498291016,1,1,0
True,png,RGB,1024,1024,924274,False,False,0,,False,0,,,,,data/audit_sample/sid_set/images/full_synthetic/full_synthetic_002699.png,1,full_synthetic,1024,1024,1.048576,True,0.8814563751220703,1,1,0
True,png,RGB,1024,1024,1103606,False,False,0,,False,0,,,,,data/audit_sample/sid_set/images/full_synthetic/full_synthetic_009568.png,1,full_synthetic,1024,1024,1.048576,True,1.052480697631836,1,1,0
True,jpeg,RGB,1024,1024,91978,False,False,0,,False,0,,,,,data/audit_sample/sid_set/images/tampered/tampered_03426.jpg,1,tampered,1024,1024,1.048576,True,0.08771705627441406,1,0,0
True,jpeg,RGB,1024,683,494940,False,False,0,,True,0,,,,,data/audit_sample/sid_set/images/real/ea8ea80a349df2bc.jpg,0,real,1024,683,0.699392,False,0.7076718063689604,0,0,1
True,jpeg,RGB,1024,1024,120006,False,False,0,,False,0,,,,,data/audit_sample/sid_set/images/tampered/tampered_07205.jpg,1,tampered,1024,1024,1.048576,True,0.11444664001464844,1,0,0
True,jpeg,RGB,1024,1024,121143,False,False,0,,False,0,,,,,data/audit_sample/sid_set/images/tampered/tampered_01556.jpg,1,tampered,1024,1024,1.048576,True,0.11553096771240234,1,0,0
True,png,RGB,1024,1024,987218,False,False,0,,False,0,,,,,data/audit_sample/sid_set/images/full_synthetic/full_synthetic_003290.png,1,full_synthetic,1024,1024,1.048576,True,0.9414844512939453,1,1,0
True,png,RGB,1024,1024,1360537,False,False,0,,False,0,,,,,data/audit_sample/sid_set/images/full_synthetic/full_synthetic_002270.png,1,full_synthetic,1024,1024,1.048576,True,1.2975091934204102,1,1,0
True,png,RGB,1024,1024,1162079,False,False,0,,False,0,,,,,data/audit_sample/sid_set/images/full_synthetic/full_synthetic_006705.png,1,full_synthetic,1024,1024,1.048576,True,1.1082448959350586,1,1,0
True,jpeg,RGB,1024,1024,125236,False,False,0,,False,0,,,,,data/audit_sample/sid_set/images/tampered/tampered_00757.jpg,1,tampered,1024,1024,1.048576,True,0.11943435668945312,1,0,0
True,png,RGB,1024,1024,1029031,False,False,0,,False,0,,,,,data/audit_sample/sid_set/images/full_synthetic/full_synthetic_005695.png,1,full_synthetic,1024,1024,1.048576,True,0.9813604354858398,1,1,0
True,jpeg,RGB,1024,681,265406,False,False,0,,True,0,,,,,data/audit_sample/sid_set/images/real/c0225b320c32d500.jpg,0,real,1024,681,0.697344,False,0.3805955167033774,0,0,1
True,jpeg,RGB,1024,682,346035,False,False,0,,False,0,,,,,data/audit_sample/sid_set/images/real/d73b2f7bc8dd7b36.jpg,0,real,1024,682,0.698368,False,0.49549091596407624,0,0,0
True,png,RGB,1024,1024,1110109,False,False,0,,False,0,,,,,data/audit_sample/sid_set/images/full_synthetic/full_synthetic_008598.png,1,full_synthetic,1024,1024,1.048576,True,1.0586824417114258,1,1,0
True,jpeg,RGB,1024,768,491197,False,False,0,,False,0,,,,,data/audit_sample/sid_set/images/real/23e3faec027499b9.jpg,0,real,1024,768,0.786432,False,0.6245892842610677,0,0,0
True,png,RGB,1024,1024,1250224,False,False,0,,False,0,,,,,data/audit_sample/sid_set/images/full_synthetic/full_synthetic_009288.png,1,full_synthetic,1024,1024,1.048576,True,1.1923065185546875,1,1,0
True,png,RGB,1024,1024,833863,False,False,0,,False,0,,,,,data/audit_sample/sid_set/images/full_synthetic/full_synthetic_002107.png,1,full_synthetic,1024,1024,1.048576,True,0.7952337265014648,1,1,0
True,png,RGB,1024,1024,1213256,False,False,0,,False,0,,,,,data/audit_sample/sid_set/images/full_synthetic/full_synthetic_009738.png,1,full_synthetic,1024,1024,1.048576,True,1.1570510864257812,1,1,0
True,jpeg,RGB,1024,1024,121845,False,False,0,,False,0,,,,,data/audit_sample/sid_set/images/tampered/tampered_06904.jpg,1,tampered,1024,1024,1.048576,True,0.11620044708251953,1,0,0
True,jpeg,RGB,1024,681,955714,False,False,0,,True,0,,,,,data/audit_sample/sid_set/images/real/0920d7dbdc425032.jpg,0,real,1024,681,0.697344,False,1.3705058048825256,0,0,1
True,jpeg,RGB,1024,1024,177326,False,False,0,,False,0,,,,,data/audit_sample/sid_set/images/tampered/tampered_06299.jpg,1,tampered,1024,1024,1.048576,True,0.1691112518310547,1,0,0
True,jpeg,RGB,1024,683,407544,False,False,0,,False,0,,,,,data/audit_sample/sid_set/images/real/575f295ae774bb65.jpg,0,real,1024,683,0.699392,False,0.5827118411420205,0,0,0
True,jpeg,RGB,1024,1024,109278,False,False,0,,False,0,,,,,data/audit_sample/sid_set/images/tampered/tampered_06115.jpg,1,tampered,1024,1024,1.048576,True,0.10421562194824219,1,0,0
True,jpeg,RGB,1024,1024,722625,False,False,0,,True,0,,,,,data/audit_sample/sid_set/images/real/292e79fefbe67e5a.jpg,0,real,1024,1024,1.048576,True,0.6891489028930664,1,0,1
True,jpeg,RGB,1024,687,70599,False,False,0,,False,0,,,,,data/audit_sample/sid_set/images/real/7fbf685a80431679.jpg,0,real,1024,687,0.703488,False,0.10035565638646288,0,0,0
True,png,RGB,1024,1024,775344,False,False,0,,False,0,,,,,data/audit_sample/sid_set/images/full_synthetic/full_synthetic_007857.png,1,full_synthetic,1024,1024,1.048576,True,0.7394256591796875,1,1,0
True,jpeg,RGB,1024,1024,77444,False,False,0,,False,0,,,,,data/audit_sample/sid_set/images/tampered/tampered_00581.jpg,1,tampered,1024,1024,1.048576,True,0.07385635375976562,1,0,0
True,jpeg,RGB,1024,1024,461093,False,False,0,,True,0,,,,,data/audit_sample/sid_set/images/real/df06aaa5f26d4858.jpg,0,real,1024,1024,1.048576,True,0.43973255157470703,1,0,1
True,png,RGB,1024,1024,1196706,False,False,0,,False,0,,,,,data/audit_sample/sid_set/images/full_synthetic/full_synthetic_009065.png,1,full_synthetic,1024,1024,1.048576,True,1.1412677764892578,1,1,0
True,png,RGB,1024,1024,1510757,False,False,0,,False,0,,,,,data/audit_sample/sid_set/images/full_synthetic/full_synthetic_008749.png,1,full_synthetic,1024,1024,1.048576,True,1.440770149230957,1,1,0
True,jpeg,RGB,1024,1024,98710,False,False,0,,False,0,,,,,data/audit_sample/sid_set/images/tampered/tampered_03401.jpg,1,tampered,1024,1024,1.048576,True,0.09413719177246094,1,0,0
True,png,RGB,1024,1024,1400200,False,False,0,,False,0,,,,,data/audit_sample/sid_set/images/full_synthetic/full_synthetic_004250.png,1,full_synthetic,1024,1024,1.048576,True,1.3353347778320312,1,1,0
True,jpeg,RGB,1024,1024,102623,False,False,0,,False,0,,,,,data/audit_sample/sid_set/images/tampered/tampered_06566.jpg,1,tampered,1024,1024,1.048576,True,0.0978689193725586,1,0,0
True,png,RGB,1024,1024,860251,False,False,0,,False,0,,,,,data/audit_sample/sid_set/images/full_synthetic/full_synthetic_006178.png,1,full_synthetic,1024,1024,1.048576,True,0.820399284362793,1,1,0
True,png,RGB,1024,1024,1113862,False,False,0,,False,0,,,,,data/audit_sample/sid_set/images/full_synthetic/full_synthetic_006321.png,1,full_synthetic,1024,1024,1.048576,True,1.0622615814208984,1,1,0
True,jpeg,RGB,683,1024,157311,False,False,0,,False,0,,,,,data/audit_sample/sid_set/images/real/dbb314ca23e99183.jpg,0,real,683,1024,0.699392,False,0.22492536374450953,0,0,0
True,jpeg,RGB,1024,1024,190098,False,False,0,,False,0,,,,,data/audit_sample/sid_set/images/tampered/tampered_04712.jpg,1,tampered,1024,1024,1.048576,True,0.1812915802001953,1,0,0
True,jpeg,RGB,1024,1024,179556,False,False,0,,False,0,,,,,data/audit_sample/sid_set/images/tampered/tampered_07407.jpg,1,tampered,1024,1024,1.048576,True,0.17123794555664062,1,0,0
True,jpeg,RGB,1024,1024,163111,False,False,0,,False,0,,,,,data/audit_sample/sid_set/images/tampered/tampered_08688.jpg,1,tampered,1024,1024,1.048576,True,0.15555477142333984,1,0,0
True,jpeg,RGB,1024,1024,122737,False,False,0,,False,0,,,,,data/audit_sample/sid_set/images/tampered/tampered_01002.jpg,1,tampered,1024,1024,1.048576,True,0.1170511245727539,1,0,0
True,jpeg,RGB,681,1024,278443,False,False,0,,True,0,,,,,data/audit_sample/sid_set/images/real/1c2dd069ae8645d6.jpg,0,real,681,1024,0.697344,False,0.39929073742657856,0,0,1
True,jpeg,RGB,1024,1024,238737,False,False,0,,False,0,,,,,data/audit_sample/sid_set/images/real/01dbc10198d9699e.jpg,0,real,1024,1024,1.048576,True,0.2276773452758789,1,0,0
True,jpeg,RGB,1024,683,201893,False,False,0,,False,0,,,,,data/audit_sample/sid_set/images/real/1623c748b704236e.jpg,0,real,1024,683,0.699392,False,0.2886693013360176,0,0,0
True,png,RGB,1024,1024,712931,False,False,0,,False,0,,,,,data/audit_sample/sid_set/images/full_synthetic/full_synthetic_003602.png,1,full_synthetic,1024,1024,1.048576,True,0.6799039840698242,1,1,0
True,jpeg,RGB,1024,1024,102608,False,False,0,,False,0,,,,,data/audit_sample/sid_set/images/tampered/tampered_04320.jpg,1,tampered,1024,1024,1.048576,True,0.0978546142578125,1,0,0
True,png,RGB,1024,1024,1442038,False,False,0,,False,0,,,,,data/audit_sample/sid_set/images/full_synthetic/full_synthetic_008518.png,1,full_synthetic,1024,1024,1.048576,True,1.375234603881836,1,1,0
True,jpeg,RGB,1024,684,436520,False,False,0,,True,0,,,,,data/audit_sample/sid_set/images/real/35743cb5af5edecc.jpg,0,real,1024,684,0.700416,False,0.6232296235380117,0,0,1
True,jpeg,RGB,1024,1024,239134,False,False,0,,False,0,,,,,data/audit_sample/sid_set/images/tampered/tampered_04604.jpg,1,tampered,1024,1024,1.048576,True,0.2280559539794922,1,0,0
True,jpeg,RGB,1024,819,143225,False,False,0,,False,0,,,,,data/audit_sample/sid_set/images/real/02b86fba42e075da.jpg,0,real,1024,819,0.838656,False,0.17077919909951159,0,0,0
True,png,RGB,1024,1024,1057127,False,False,0,,False,0,,,,,data/audit_sample/sid_set/images/full_synthetic/full_synthetic_006485.png,1,full_synthetic,1024,1024,1.048576,True,1.0081548690795898,1,1,0
True,jpeg,RGB,1024,768,445229,False,False,0,,False,0,,,,,data/audit_sample/sid_set/images/real/6aa241d2de438a2d.jpg,0,real,1024,768,0.786432,False,0.566137949625651,0,0,0
True,jpeg,RGB,680,1024,636012,False,False,0,,True,0,,,,,data/audit_sample/sid_set/images/real/a208ec79f843944a.jpg,0,real,680,1024,0.69632,False,0.9133903952205882,0,0,1
True,jpeg,RGB,1024,1024,171724,False,False,0,,False,0,,,,,data/audit_sample/sid_set/images/tampered/tampered_07931.jpg,1,tampered,1024,1024,1.048576,True,0.16376876831054688,1,0,0
True,jpeg,RGB,1024,682,335227,False,False,0,,True,0,,,,,data/audit_sample/sid_set/images/real/b0a01d5b78e05b11.jpg,0,real,1024,682,0.698368,False,0.48001483458577715,0,0,1
True,jpeg,RGB,1024,683,122550,False,False,0,,False,0,,,,,data/audit_sample/sid_set/images/real/13d4f3e24eead4dd.jpg,0,real,1024,683,0.699392,False,0.17522362280380674,0,0,0
True,png,RGB,1024,1024,1013957,False,False,0,,False,0,,,,,data/audit_sample/sid_set/images/full_synthetic/full_synthetic_003143.png,1,full_synthetic,1024,1024,1.048576,True,0.966984748840332,1,1,0
True,jpeg,RGB,1024,632,312452,False,False,0,,True,0,,,,,data/audit_sample/sid_set/images/real/b26d6198d0eb60d5.jpg,0,real,1024,632,0.647168,False,0.4827989022943038,0,0,1
True,jpeg,RGB,1024,1024,258703,False,False,0,,False,0,,,,,data/audit_sample/sid_set/images/tampered/tampered_01897.jpg,1,tampered,1024,1024,1.048576,True,0.2467184066772461,1,0,0
True,jpeg,RGB,1024,1024,73695,False,False,0,,False,0,,,,,data/audit_sample/sid_set/images/tampered/tampered_006624.jpg,1,tampered,1024,1024,1.048576,True,0.0702810287475586,1,0,0
True,jpeg,L,1024,723,183394,False,False,0,,True,0,,,,,data/audit_sample/sid_set/images/real/7b6a9e57eab7374f.jpg,0,real,1024,723,0.740352,False,0.24771189920470263,0,0,1
True,png,RGB,1024,1024,1206733,False,False,0,,False,0,,,,,data/audit_sample/sid_set/images/tampered/tampered_02239.png,1,tampered,1024,1024,1.048576,True,1.1508302688598633,1,1,0
True,png,RGB,1024,1024,1040696,False,False,0,,False,0,,,,,data/audit_sample/sid_set/images/full_synthetic/full_synthetic_001855.png,1,full_synthetic,1024,1024,1.048576,True,0.9924850463867188,1,1,0
True,jpeg,RGB,1024,732,224050,False,False,0,,False,0,,,,,data/audit_sample/sid_set/images/real/49b44783683ceb0c.jpg,0,real,1024,732,0.749568,False,0.29890550290300544,0,0,0
True,png,RGB,1024,1024,1489342,False,False,0,,False,0,,,,,data/audit_sample/sid_set/images/full_synthetic/full_synthetic_004162.png,1,full_synthetic,1024,1024,1.048576,True,1.4203472137451172,1,1,0
True,jpeg,RGB,1024,1024,77269,False,False,0,,False,0,,,,,data/audit_sample/sid_set/images/tampered/tampered_02341.jpg,1,tampered,1024,1024,1.048576,True,0.07368946075439453,1,0,0
True,jpeg,RGB,1024,683,287579,False,False,0,,True,0,,,,,data/audit_sample/sid_set/images/real/bc0f22268f4d0e26.jpg,0,real,1024,683,0.699392,False,0.4111842857796486,0,0,1
True,jpeg,RGB,1024,1024,175763,False,False,0,,False,0,,,,,data/audit_sample/sid_set/images/tampered/tampered_06533.jpg,1,tampered,1024,1024,1.048576,True,0.16762065887451172,1,0,0
True,jpeg,RGB,1024,665,642108,False,False,0,,True,0,,,,,data/audit_sample/sid_set/images/real/dc6555c8657948b6.jpg,0,real,1024,665,0.68096,False,0.9429452537593985,0,0,1
True,png,RGB,1024,1024,1198552,False,False,0,,False,0,,,,,data/audit_sample/sid_set/images/full_synthetic/full_synthetic_000512.png,1,full_synthetic,1024,1024,1.048576,True,1.1430282592773438,1,1,0
True,png,RGB,1024,1024,1184335,False,False,0,,False,0,,,,,data/audit_sample/sid_set/images/full_synthetic/full_synthetic_008966.png,1,full_synthetic,1024,1024,1.048576,True,1.129469871520996,1,1,0
True,jpeg,RGB,1024,768,652280,False,False,0,,False,0,,,,,data/audit_sample/sid_set/images/real/7eb88d646850723c.jpg,0,real,1024,768,0.786432,False,0.8294169108072916,0,0,0
True,jpeg,RGB,1024,1024,167211,False,False,0,,False,0,,,,,data/audit_sample/sid_set/images/tampered/tampered_05974.jpg,1,tampered,1024,1024,1.048576,True,0.15946483612060547,1,0,0
True,png,RGB,1024,1024,1360246,False,False,0,,False,0,,,,,data/audit_sample/sid_set/images/full_synthetic/full_synthetic_006824.png,1,full_synthetic,1024,1024,1.048576,True,1.297231674194336,1,1,0
True,png,RGB,1024,1024,1506014,False,False,0,,False,0,,,,,data/audit_sample/sid_set/images/full_synthetic/full_synthetic_009736.png,1,full_synthetic,1024,1024,1.048576,True,1.4362468719482422,1,1,0
True,jpeg,RGB,1024,1024,150152,False,False,0,,False,0,,,,,data/audit_sample/sid_set/images/tampered/tampered_07226.jpg,1,tampered,1024,1024,1.048576,True,0.14319610595703125,1,0,0
True,jpeg,RGB,1024,1024,190543,False,False,0,,False,0,,,,,data/audit_sample/sid_set/images/real/71f661439a585db1.jpg,0,real,1024,1024,1.048576,True,0.1817159652709961,1,0,0
True,jpeg,RGB,1024,1024,128324,False,False,0,,False,0,,,,,data/audit_sample/sid_set/images/tampered/tampered_06648.jpg,1,tampered,1024,1024,1.048576,True,0.12237930297851562,1,0,0
True,png,RGB,1024,1024,1779753,False,False,0,,False,0,,,,,data/audit_sample/sid_set/images/full_synthetic/full_synthetic_006683.png,1,full_synthetic,1024,1024,1.048576,True,1.6973047256469727,1,1,0
True,png,RGB,1024,1024,1264653,False,False,0,,False,0,,,,,data/audit_sample/sid_set/images/full_synthetic/full_synthetic_001184.png,1,full_synthetic,1024,1024,1.048576,True,1.2060670852661133,1,1,0
True,jpeg,RGB,975,1024,250672,False,False,0,,False,0,,,,,data/audit_sample/sid_set/images/real/6d34f8a9aca6bd9e.jpg,0,real,975,1024,0.9984,False,0.25107371794871797,0,0,0
True,jpeg,RGB,1024,1024,207604,False,False,0,,False,0,,,,,data/audit_sample/sid_set/images/tampered/tampered_03617.jpg,1,tampered,1024,1024,1.048576,True,0.19798660278320312,1,0,0
True,jpeg,RGB,1024,1024,85129,False,False,0,,False,0,,,,,data/audit_sample/sid_set/images/tampered/tampered_04753.jpg,1,tampered,1024,1024,1.048576,True,0.08118534088134766,1,0,0
True,png,RGB,1024,1024,964058,False,False,0,,False,0,,,,,data/audit_sample/sid_set/images/full_synthetic/full_synthetic_000232.png,1,full_synthetic,1024,1024,1.048576,True,0.9193973541259766,1,1,0
True,png,RGB,1024,1024,1181754,False,False,0,,False,0,,,,,data/audit_sample/sid_set/images/full_synthetic/full_synthetic_004909.png,1,full_synthetic,1024,1024,1.048576,True,1.1270084381103516,1,1,0
True,png,RGB,1024,1024,876105,False,False,0,,False,0,,,,,data/audit_sample/sid_set/images/full_synthetic/full_synthetic_002037.png,1,full_synthetic,1024,1024,1.048576,True,0.8355188369750977,1,1,0
True,jpeg,RGB,1024,683,781452,False,False,0,,True,0,,,,,data/audit_sample/sid_set/images/real/1cdb2e6f90cf7e63.jpg,0,real,1024,683,0.699392,False,1.1173304813323572,0,0,1
True,png,RGB,1024,1024,1057302,False,False,0,,False,0,,,,,data/audit_sample/sid_set/images/full_synthetic/full_synthetic_004451.png,1,full_synthetic,1024,1024,1.048576,True,1.008321762084961,1,1,0
True,jpeg,RGB,1024,1024,134705,False,False,0,,False,0,,,,,data/audit_sample/sid_set/images/tampered/tampered_00635.jpg,1,tampered,1024,1024,1.048576,True,0.1284646987915039,1,0,0
True,jpeg,RGB,1024,1024,120180,False,False,0,,False,0,,,,,data/audit_sample/sid_set/images/tampered/tampered_06343.jpg,1,tampered,1024,1024,1.048576,True,0.11461257934570312,1,0,0
True,jpeg,RGB,1024,1024,63050,False,False,0,,False,0,,,,,data/audit_sample/sid_set/images/tampered/tampered_02399.jpg,1,tampered,1024,1024,1.048576,True,0.06012916564941406,1,0,0
True,jpeg,RGB,648,1024,64688,False,False,0,,False,0,,,,,data/audit_sample/sid_set/images/real/8956f3677722b225.jpg,0,real,648,1024,0.663552,False,0.09748746141975309,0,0,0
True,jpeg,RGB,682,1024,106932,False,False,0,,False,0,,,,,data/audit_sample/sid_set/images/real/6f889be453bd2c7e.jpg,0,real,682,1024,0.698368,False,0.15311698130498533,0,0,0
True,png,RGB,1024,1024,1253589,False,False,0,,False,0,,,,,data/audit_sample/sid_set/images/full_synthetic/full_synthetic_007037.png,1,full_synthetic,1024,1024,1.048576,True,1.1955156326293945,1,1,0
True,png,RGB,1024,1024,1145717,False,False,0,,False,0,,,,,data/audit_sample/sid_set/images/full_synthetic/full_synthetic_001921.png,1,full_synthetic,1024,1024,1.048576,True,1.0926408767700195,1,1,0
True,jpeg,RGB,1024,768,242238,False,False,0,,False,0,,,,,data/audit_sample/sid_set/images/real/07d1f85e436bb113.jpg,0,real,1024,768,0.786432,False,0.30802154541015625,0,0,0
True,jpeg,RGB,1024,1024,167409,False,False,0,,False,0,,,,,data/audit_sample/sid_set/images/tampered/tampered_01033.jpg,1,tampered,1024,1024,1.048576,True,0.1596536636352539,1,0,0
True,png,RGB,1024,1024,997016,False,False,0,,False,0,,,,,data/audit_sample/sid_set/images/full_synthetic/full_synthetic_006188.png,1,full_synthetic,1024,1024,1.048576,True,0.9508285522460938,1,1,0
True,jpeg,RGB,1024,683,162272,False,False,0,,True,0,,,,,data/audit_sample/sid_set/images/real/37599ed20c69b5fa.jpg,0,real,1024,683,0.699392,False,0.23201866764275256,0,0,1
True,jpeg,RGB,1024,646,781797,False,False,0,,False,0,,,,,data/audit_sample/sid_set/images/real/a31a4d30d23fb380.jpg,0,real,1024,646,0.661504,False,1.1818477288119196,0,0,0
True,png,RGB,1024,1024,1396359,False,False,0,,False,0,,,,,data/audit_sample/sid_set/images/full_synthetic/full_synthetic_002799.png,1,full_synthetic,1024,1024,1.048576,True,1.3316717147827148,1,1,0
True,jpeg,RGB,1024,1024,86665,False,False,0,,False,0,,,,,data/audit_sample/sid_set/images/tampered/tampered_03792.jpg,1,tampered,1024,1024,1.048576,True,0.08265018463134766,1,0,0
True,jpeg,RGB,1024,683,97752,False,False,0,,False,0,,,,,data/audit_sample/sid_set/images/real/9c645236a497baf9.jpg,0,real,1024,683,0.699392,False,0.1397671120058565,0,0,0
True,jpeg,RGB,1024,1024,131128,False,False,0,,False,0,,,,,data/audit_sample/sid_set/images/tampered/tampered_00735.jpg,1,tampered,1024,1024,1.048576,True,0.12505340576171875,1,0,0
True,jpeg,RGB,1024,765,261005,False,False,0,,False,0,,,,,data/audit_sample/sid_set/images/real/bc63be15f9561c48.jpg,0,real,1024,765,0.78336,False,0.3331865298202614,0,0,0
True,png,RGB,1024,1024,951865,False,False,0,,False,0,,,,,data/audit_sample/sid_set/images/full_synthetic/full_synthetic_009042.png,1,full_synthetic,1024,1024,1.048576,True,0.9077692031860352,1,1,0
True,png,RGB,1024,1024,1110981,False,False,0,,False,0,,,,,data/audit_sample/sid_set/images/full_synthetic/full_synthetic_006624.png,1,full_synthetic,1024,1024,1.048576,True,1.059514045715332,1,1,0
True,jpeg,RGB,1024,1024,129664,False,False,0,,False,0,,,,,data/audit_sample/sid_set/images/tampered/tampered_08373.jpg,1,tampered,1024,1024,1.048576,True,0.1236572265625,1,0,0
True,jpeg,RGB,1024,685,74808,False,False,0,,False,0,,,,,data/audit_sample/sid_set/images/real/fde842ce414ccb59.jpg,0,real,1024,685,0.70144,False,0.10664917883211679,0,0,0
True,jpeg,RGB,1024,678,99653,False,False,0,,False,0,,,,,data/audit_sample/sid_set/images/real/50763caa4554b37e.jpg,0,real,1024,678,0.694272,False,0.143535962850295,0,0,0
True,jpeg,RGB,1024,631,201489,False,False,0,,True,0,,,,,data/audit_sample/sid_set/images/real/0bf67504e42d36c4.jpg,0,real,1024,631,0.646144,False,0.31183296602614896,0,0,1
True,png,RGB,1024,1024,1549550,False,False,0,,False,0,,,,,data/audit_sample/sid_set/images/full_synthetic/full_synthetic_008787.png,1,full_synthetic,1024,1024,1.048576,True,1.4777660369873047,1,1,0
True,jpeg,RGB,1024,683,698523,False,False,0,,True,0,,,,,data/audit_sample/sid_set/images/real/7d2e64dee104e5ae.jpg,0,real,1024,683,0.699392,False,0.9987574922218155,0,0,1
True,jpeg,RGB,1024,1024,93222,False,False,0,,False,0,,,,,data/audit_sample/sid_set/images/tampered/tampered_02008.jpg,1,tampered,1024,1024,1.048576,True,0.08890342712402344,1,0,0
True,jpeg,RGB,1024,680,103309,False,False,0,,False,0,,,,,data/audit_sample/sid_set/images/real/e6c50775c27a7764.jpg,0,real,1024,680,0.69632,False,0.1483642578125,0,0,0
True,png,RGB,1024,1024,831383,False,False,0,,False,0,,,,,data/audit_sample/sid_set/images/full_synthetic/full_synthetic_003921.png,1,full_synthetic,1024,1024,1.048576,True,0.7928686141967773,1,1,0
True,jpeg,RGB,1024,768,168403,False,False,0,,False,0,,,,,data/audit_sample/sid_set/images/real/34a500b056ce601a.jpg,0,real,1024,768,0.786432,False,0.21413548787434897,0,0,0
True,png,RGB,1024,1024,737539,False,False,0,,False,0,,,,,data/audit_sample/sid_set/images/full_synthetic/full_synthetic_000693.png,1,full_synthetic,1024,1024,1.048576,True,0.7033720016479492,1,1,0
True,jpeg,RGB,1024,680,337397,False,False,0,,False,0,,,,,data/audit_sample/sid_set/images/real/807759ad42206442.jpg,0,real,1024,680,0.69632,False,0.48454302619485295,0,0,0
True,jpeg,RGB,1024,768,329641,False,False,0,,False,0,,,,,data/audit_sample/sid_set/images/real/c2a50d3ba70bb02f.jpg,0,real,1024,768,0.786432,False,0.4191602071126302,0,0,0
True,jpeg,RGB,1024,1024,127518,False,False,0,,False,0,,,,,data/audit_sample/sid_set/images/tampered/tampered_01026.jpg,1,tampered,1024,1024,1.048576,True,0.12161064147949219,1,0,0
True,jpeg,RGB,1024,1024,112205,False,False,0,,False,0,,,,,data/audit_sample/sid_set/images/tampered/tampered_02685.jpg,1,tampered,1024,1024,1.048576,True,0.10700702667236328,1,0,0
True,png,RGB,1024,1024,1116936,False,False,0,,False,0,,,,,data/audit_sample/sid_set/images/full_synthetic/full_synthetic_000848.png,1,full_synthetic,1024,1024,1.048576,True,1.0651931762695312,1,1,0
True,jpeg,RGB,1024,1024,112871,False,False,0,,False,0,,,,,data/audit_sample/sid_set/images/tampered/tampered_08429.jpg,1,tampered,1024,1024,1.048576,True,0.10764217376708984,1,0,0
True,jpeg,RGB,1024,427,553165,False,False,0,,True,0,,,,,data/audit_sample/sid_set/images/real/fe98299e54635f7a.jpg,0,real,1024,427,0.437248,False,1.265105843823185,0,0,1
True,jpeg,RGB,1024,1024,145797,False,False,0,,False,0,,,,,data/audit_sample/sid_set/images/tampered/tampered_04220.jpg,1,tampered,1024,1024,1.048576,True,0.13904285430908203,1,0,0
True,jpeg,RGB,1024,768,77685,False,False,0,,False,0,,,,,data/audit_sample/sid_set/images/real/1b6dfedf57dca454.jpg,0,real,1024,768,0.786432,False,0.09878158569335938,0,0,0
True,jpeg,RGB,1024,1024,124719,False,False,0,,False,0,,,,,data/audit_sample/sid_set/images/tampered/tampered_07167.jpg,1,tampered,1024,1024,1.048576,True,0.1189413070678711,1,0,0
True,jpeg,RGB,1024,768,227755,False,False,0,,False,0,,,,,data/audit_sample/sid_set/images/real/f4c3f427a18c665f.jpg,0,real,1024,768,0.786432,False,0.28960545857747394,0,0,0
True,jpeg,RGB,1024,768,179518,False,False,0,,False,0,,,,,data/audit_sample/sid_set/images/real/bcbd151e4f1f7e09.jpg,0,real,1024,768,0.786432,False,0.2282689412434896,0,0,0
True,png,RGB,1024,1024,1372199,False,False,0,,False,0,,,,,data/audit_sample/sid_set/images/full_synthetic/full_synthetic_001506.png,1,full_synthetic,1024,1024,1.048576,True,1.3086309432983398,1,1,0
True,jpeg,RGB,1024,681,452358,False,False,0,,True,0,,,,,data/audit_sample/sid_set/images/real/58f5a7ed47613fb7.jpg,0,real,1024,681,0.697344,False,0.6486870181718062,0,0,1
True,png,RGB,1024,1024,1158366,False,False,0,,False,0,,,,,data/audit_sample/sid_set/images/full_synthetic/full_synthetic_000359.png,1,full_synthetic,1024,1024,1.048576,True,1.1047039031982422,1,1,0
True,jpeg,RGB,768,1024,821840,False,False,0,,True,0,,,,,data/audit_sample/sid_set/images/real/6484f9651e933e2e.jpg,0,real,768,1024,0.786432,False,1.0450236002604167,0,0,1
True,jpeg,RGB,1024,1024,164068,False,False,0,,False,0,,,,,data/audit_sample/sid_set/images/tampered/tampered_005444.jpg,1,tampered,1024,1024,1.048576,True,0.15646743774414062,1,0,0
True,jpeg,RGB,1024,1024,125149,False,False,0,,False,0,,,,,data/audit_sample/sid_set/images/tampered/tampered_07148.jpg,1,tampered,1024,1024,1.048576,True,0.11935138702392578,1,0,0
True,png,RGB,1024,1024,887880,False,False,0,,False,0,,,,,data/audit_sample/sid_set/images/full_synthetic/full_synthetic_001585.png,1,full_synthetic,1024,1024,1.048576,True,0.8467483520507812,1,1,0
True,jpeg,RGB,1024,1024,189297,False,False,0,,False,0,,,,,data/audit_sample/sid_set/images/tampered/tampered_00558.jpg,1,tampered,1024,1024,1.048576,True,0.1805276870727539,1,0,0
True,png,RGB,1024,1024,670407,False,False,0,,False,0,,,,,data/audit_sample/sid_set/images/full_synthetic/full_synthetic_003663.png,1,full_synthetic,1024,1024,1.048576,True,0.6393499374389648,1,1,0
True,jpeg,RGB,1024,456,176939,False,False,0,,True,0,,,,,data/audit_sample/sid_set/images/real/51cf76e04a22a2f6.jpg,0,real,1024,456,0.466944,False,0.37892980742872806,0,0,1
True,jpeg,RGB,1024,987,542710,False,False,0,,False,0,,,,,data/audit_sample/sid_set/images/real/46149ac214a1ccfd.jpg,0,real,1024,987,1.010688,False,0.5369708554964538,0,0,0
True,jpeg,RGB,1024,1024,150256,False,False,0,,False,0,,,,,data/audit_sample/sid_set/images/tampered/tampered_02944.jpg,1,tampered,1024,1024,1.048576,True,0.1432952880859375,1,0,0
True,png,RGB,1024,1024,1227411,False,False,0,,False,0,,,,,data/audit_sample/sid_set/images/full_synthetic/full_synthetic_008647.png,1,full_synthetic,1024,1024,1.048576,True,1.1705503463745117,1,1,0
True,jpeg,RGB,1024,681,483629,False,False,0,,False,0,,,,,data/audit_sample/sid_set/images/real/75360e324eb06db0.jpg,0,real,1024,681,0.697344,False,0.6935300224853157,0,0,0
True,jpeg,RGB,1024,768,76634,False,False,0,,False,0,,,,,data/audit_sample/sid_set/images/real/7ec1d2c3d4f04280.jpg,0,real,1024,768,0.786432,False,0.09744517008463542,0,0,0
True,jpeg,RGB,1024,681,330117,False,False,0,,True,0,,,,,data/audit_sample/sid_set/images/real/1e85d67e13f0881a.jpg,0,real,1024,681,0.697344,False,0.4733918984030837,0,0,1
True,jpeg,RGB,1024,1024,199841,False,False,0,,False,0,,,,,data/audit_sample/sid_set/images/tampered/tampered_07490.jpg,1,tampered,1024,1024,1.048576,True,0.1905832290649414,1,0,0
True,png,RGB,1024,1024,1206048,False,False,0,,False,0,,,,,data/audit_sample/sid_set/images/full_synthetic/full_synthetic_009247.png,1,full_synthetic,1024,1024,1.048576,True,1.150177001953125,1,1,0
True,jpeg,RGB,1024,1024,113492,False,False,0,,False,0,,,,,data/audit_sample/sid_set/images/tampered/tampered_03393.jpg,1,tampered,1024,1024,1.048576,True,0.10823440551757812,1,0,0
True,jpeg,RGB,1024,492,238214,False,False,0,,True,0,,,,,data/audit_sample/sid_set/images/real/82e701c3cd496789.jpg,0,real,1024,492,0.503808,False,0.472826949949187,0,0,1
True,png,RGB,1024,1024,1409057,False,False,0,,False,0,,,,,data/audit_sample/sid_set/images/tampered/tampered_02081.png,1,tampered,1024,1024,1.048576,True,1.3437814712524414,1,1,0
True,jpeg,RGB,1024,768,388448,False,False,0,,True,0,,,,,data/audit_sample/sid_set/images/real/0ec037fc325fe8e5.jpg,0,real,1024,768,0.786432,False,0.4939371744791667,0,0,1
True,jpeg,RGB,1024,1024,106467,False,False,0,,False,0,,,,,data/audit_sample/sid_set/images/tampered/tampered_06315.jpg,1,tampered,1024,1024,1.048576,True,0.10153484344482422,1,0,0
True,jpeg,RGB,1024,683,434248,False,False,0,,True,0,,,,,data/audit_sample/sid_set/images/real/082345c8bef17916.jpg,0,real,1024,683,0.699392,False,0.6208935761346999,0,0,1
True,jpeg,RGB,788,1024,245505,False,False,0,,True,0,,,,,data/audit_sample/sid_set/images/real/79fd61c8155b1849.jpg,0,real,788,1024,0.806912,False,0.3042525083280457,0,0,1
True,jpeg,RGB,1024,664,415149,False,False,0,,False,0,,,,,data/audit_sample/sid_set/images/real/d946e07155b50c3e.jpg,0,real,1024,664,0.679936,False,0.6105707007718374,0,0,0
True,png,RGB,1024,1024,977280,False,False,0,,False,0,,,,,data/audit_sample/sid_set/images/full_synthetic/full_synthetic_009075.png,1,full_synthetic,1024,1024,1.048576,True,0.9320068359375,1,1,0
True,jpeg,RGB,1024,1024,113934,False,False,0,,False,0,,,,,data/audit_sample/sid_set/images/tampered/tampered_02594.jpg,1,tampered,1024,1024,1.048576,True,0.10865592956542969,1,0,0
True,jpeg,RGB,1024,1024,201390,False,False,0,,False,0,,,,,data/audit_sample/sid_set/images/tampered/tampered_00493.jpg,1,tampered,1024,1024,1.048576,True,0.1920604705810547,1,0,0
True,jpeg,RGB,1024,775,298394,False,False,0,,True,0,,,,,data/audit_sample/sid_set/images/real/3ebed7348ba48b06.jpg,0,real,1024,775,0.7936,False,0.37600050403225804,0,0,1
True,png,RGB,1024,1024,1389201,False,False,0,,False,0,,,,,data/audit_sample/sid_set/images/full_synthetic/full_synthetic_003475.png,1,full_synthetic,1024,1024,1.048576,True,1.324845314025879,1,1,0
True,png,RGB,1024,1024,660202,False,False,0,,False,0,,,,,data/audit_sample/sid_set/images/full_synthetic/full_synthetic_001348.png,1,full_synthetic,1024,1024,1.048576,True,0.6296176910400391,1,1,0
True,png,RGB,1024,1024,1136930,False,False,0,,False,0,,,,,data/audit_sample/sid_set/images/full_synthetic/full_synthetic_009317.png,1,full_synthetic,1024,1024,1.048576,True,1.0842609405517578,1,1,0
True,png,RGB,1024,1024,1562044,False,False,0,,False,0,,,,,data/audit_sample/sid_set/images/full_synthetic/full_synthetic_003219.png,1,full_synthetic,1024,1024,1.048576,True,1.4896812438964844,1,1,0
True,jpeg,RGB,1024,1024,174514,False,False,0,,False,0,,,,,data/audit_sample/sid_set/images/tampered/tampered_00587.jpg,1,tampered,1024,1024,1.048576,True,0.1664295196533203,1,0,0
True,png,RGB,1024,1024,1577030,False,False,0,,False,0,,,,,data/audit_sample/sid_set/images/full_synthetic/full_synthetic_002352.png,1,full_synthetic,1024,1024,1.048576,True,1.5039730072021484,1,1,0
True,jpeg,RGB,1024,683,463925,False,False,0,,False,0,,,,,data/audit_sample/sid_set/images/real/f989399b6c3c4b94.jpg,0,real,1024,683,0.699392,False,0.6633261461383602,0,0,0
True,jpeg,RGB,1024,768,286407,False,False,0,,False,0,,,,,data/audit_sample/sid_set/images/real/f542074fb8ab1765.jpg,0,real,1024,768,0.786432,False,0.3641853332519531,0,0,0
True,png,RGB,1024,1024,832413,False,False,0,,False,0,,,,,data/audit_sample/sid_set/images/full_synthetic/full_synthetic_003493.png,1,full_synthetic,1024,1024,1.048576,True,0.7938508987426758,1,1,0
True,jpeg,L,1024,683,85886,False,False,0,,False,0,,,,,data/audit_sample/sid_set/images/real/14b7c29aa3db7156.jpg,0,real,1024,683,0.699392,False,0.12280094710834553,0,0,0
True,jpeg,RGB,1024,678,185066,False,False,0,,True,0,,,,,data/audit_sample/sid_set/images/real/333d80b8ac25d745.jpg,0,real,1024,678,0.694272,False,0.2665612324852507,0,0,1
True,jpeg,RGB,859,1024,1004131,False,False,0,,True,0,,,,,data/audit_sample/sid_set/images/real/ae8a24bf47733d92.jpg,0,real,859,1024,0.879616,False,1.1415560881111757,0,0,1
True,png,RGB,1024,1024,1246877,False,False,0,,False,0,,,,,data/audit_sample/sid_set/images/full_synthetic/full_synthetic_008430.png,1,full_synthetic,1024,1024,1.048576,True,1.1891145706176758,1,1,0
True,png,RGB,1024,1024,1295134,False,False,0,,False,0,,,,,data/audit_sample/sid_set/images/full_synthetic/full_synthetic_005818.png,1,full_synthetic,1024,1024,1.048576,True,1.2351360321044922,1,1,0
True,jpeg,RGB,1024,686,453681,False,False,0,,True,0,,,,,data/audit_sample/sid_set/images/real/80d54de236a03c43.jpg,0,real,1024,686,0.702464,False,0.6458423492164723,0,0,1
True,jpeg,RGB,1024,768,241058,False,False,0,,True,0,,,,,data/audit_sample/sid_set/images/real/d59cd1de1519a935.jpg,0,real,1024,768,0.786432,False,0.30652109781901044,0,0,1
True,jpeg,RGB,1024,768,238877,False,False,0,,False,0,,,,,data/audit_sample/sid_set/images/real/002712412f6bce34.jpg,0,real,1024,768,0.786432,False,0.30374781290690106,0,0,0
True,png,RGB,1024,1024,818281,False,False,0,,False,0,,,,,data/audit_sample/sid_set/images/full_synthetic/full_synthetic_005173.png,1,full_synthetic,1024,1024,1.048576,True,0.7803735733032227,1,1,0
True,jpeg,RGB,1024,1024,109039,False,False,0,,False,0,,,,,data/audit_sample/sid_set/images/tampered/tampered_03632.jpg,1,tampered,1024,1024,1.048576,True,0.1039876937866211,1,0,0
True,jpeg,RGB,1024,1024,137087,False,False,0,,False,0,,,,,data/audit_sample/sid_set/images/tampered/tampered_06577.jpg,1,tampered,1024,1024,1.048576,True,0.1307363510131836,1,0,0
True,png,RGB,1024,1024,1288689,False,False,0,,False,0,,,,,data/audit_sample/sid_set/images/full_synthetic/full_synthetic_003948.png,1,full_synthetic,1024,1024,1.048576,True,1.228989601135254,1,1,0
True,jpeg,RGB,1024,1024,124773,False,False,0,,False,0,,,,,data/audit_sample/sid_set/images/tampered/tampered_00981.jpg,1,tampered,1024,1024,1.048576,True,0.11899280548095703,1,0,0
True,png,RGB,1024,1024,1521788,False,False,0,,False,0,,,,,data/audit_sample/sid_set/images/full_synthetic/full_synthetic_000280.png,1,full_synthetic,1024,1024,1.048576,True,1.4512901306152344,1,1,0
True,png,RGB,1024,1024,1055349,False,False,0,,False,0,,,,,data/audit_sample/sid_set/images/full_synthetic/full_synthetic_008381.png,1,full_synthetic,1024,1024,1.048576,True,1.0064592361450195,1,1,0
True,jpeg,RGB,1024,1024,114606,False,False,0,,False,0,,,,,data/audit_sample/sid_set/images/tampered/tampered_00609.jpg,1,tampered,1024,1024,1.048576,True,0.10929679870605469,1,0,0
True,jpeg,RGB,1024,697,64599,False,False,0,,False,0,,,,,data/audit_sample/sid_set/images/real/001acab496bf4a0d.jpg,0,real,1024,697,0.713728,False,0.09050926963773315,0,0,0
True,jpeg,RGB,1024,1024,81667,False,False,0,,False,0,,,,,data/audit_sample/sid_set/images/tampered/tampered_08571.jpg,1,tampered,1024,1024,1.048576,True,0.07788372039794922,1,0,0
True,png,RGB,1024,1024,936677,False,False,0,,False,0,,,,,data/audit_sample/sid_set/images/full_synthetic/full_synthetic_001936.png,1,full_synthetic,1024,1024,1.048576,True,0.893284797668457,1,1,0
True,png,RGB,1024,1024,1582573,False,False,0,,False,0,,,,,data/audit_sample/sid_set/images/full_synthetic/full_synthetic_007026.png,1,full_synthetic,1024,1024,1.048576,True,1.5092592239379883,1,1,0
True,jpeg,RGB,1024,1024,114922,False,False,0,,False,0,,,,,data/audit_sample/sid_set/images/tampered/tampered_05056.jpg,1,tampered,1024,1024,1.048576,True,0.10959815979003906,1,0,0
True,jpeg,RGB,1024,1024,153943,False,False,0,,False,0,,,,,data/audit_sample/sid_set/images/tampered/tampered_05891.jpg,1,tampered,1024,1024,1.048576,True,0.14681148529052734,1,0,0
True,jpeg,RGB,1024,768,241323,False,False,0,,True,0,,,,,data/audit_sample/sid_set/images/real/beae4dbca181c545.jpg,0,real,1024,768,0.786432,False,0.3068580627441406,0,0,1
True,png,RGB,1024,1024,1164366,False,False,0,,False,0,,,,,data/audit_sample/sid_set/images/full_synthetic/full_synthetic_009324.png,1,full_synthetic,1024,1024,1.048576,True,1.1104259490966797,1,1,0
True,jpeg,RGB,1024,1024,92112,False,False,0,,False,0,,,,,data/audit_sample/sid_set/images/tampered/tampered_006080.jpg,1,tampered,1024,1024,1.048576,True,0.0878448486328125,1,0,0
True,png,RGB,1024,1024,1003533,False,False,0,,False,0,,,,,data/audit_sample/sid_set/images/full_synthetic/full_synthetic_002092.png,1,full_synthetic,1024,1024,1.048576,True,0.9570436477661133,1,1,0
True,png,RGB,1024,1024,1111645,False,False,0,,False,0,,,,,data/audit_sample/sid_set/images/full_synthetic/full_synthetic_004831.png,1,full_synthetic,1024,1024,1.048576,True,1.0601472854614258,1,1,0
True,jpeg,RGB,1024,768,394441,False,False,0,,False,0,,,,,data/audit_sample/sid_set/images/real/14f4373b34ee5409.jpg,0,real,1024,768,0.786432,False,0.5015576680501302,0,0,0
True,jpeg,RGB,1024,1024,116090,False,False,0,,False,0,,,,,data/audit_sample/sid_set/images/tampered/tampered_00126.jpg,1,tampered,1024,1024,1.048576,True,0.11071205139160156,1,0,0
True,jpeg,RGB,1024,556,468460,False,False,0,,True,0,,,,,data/audit_sample/sid_set/images/real/460cab0d7c6690ab.jpg,0,real,1024,556,0.569344,False,0.8228065984712231,0,0,1
True,jpeg,RGB,1024,1024,140501,False,False,0,,False,0,,,,,data/audit_sample/sid_set/images/tampered/tampered_07804.jpg,1,tampered,1024,1024,1.048576,True,0.13399219512939453,1,0,0
True,jpeg,RGB,1024,685,107308,False,False,0,,False,0,,,,,data/audit_sample/sid_set/images/real/9573d196a63cb41f.jpg,0,real,1024,685,0.70144,False,0.15298243613138687,0,0,0
True,png,RGB,1024,1024,960604,False,False,0,,False,0,,,,,data/audit_sample/sid_set/images/full_synthetic/full_synthetic_002963.png,1,full_synthetic,1024,1024,1.048576,True,0.9161033630371094,1,1,0
True,jpeg,RGB,1024,1024,93115,False,False,0,,False,0,,,,,data/audit_sample/sid_set/images/tampered/tampered_00691.jpg,1,tampered,1024,1024,1.048576,True,0.08880138397216797,1,0,0
True,png,RGB,1024,1024,1418884,False,False,0,,False,0,,,,,data/audit_sample/sid_set/images/full_synthetic/full_synthetic_002435.png,1,full_synthetic,1024,1024,1.048576,True,1.3531532287597656,1,1,0
True,png,RGB,1024,1024,1570431,False,False,0,,False,0,,,,,data/audit_sample/sid_set/images/full_synthetic/full_synthetic_005417.png,1,full_synthetic,1024,1024,1.048576,True,1.4976797103881836,1,1,0
True,jpeg,RGB,1024,1024,168495,False,False,0,,False,0,,,,,data/audit_sample/sid_set/images/tampered/tampered_08927.jpg,1,tampered,1024,1024,1.048576,True,0.1606893539428711,1,0,0
True,png,RGB,1024,1024,1491180,False,False,0,,False,0,,,,,data/audit_sample/sid_set/images/tampered/tampered_006591.png,1,tampered,1024,1024,1.048576,True,1.4221000671386719,1,1,0
True,png,RGB,1024,1024,1045037,False,False,0,,False,0,,,,,data/audit_sample/sid_set/images/full_synthetic/full_synthetic_001268.png,1,full_synthetic,1024,1024,1.048576,True,0.9966249465942383,1,1,0
True,jpeg,RGB,1024,1024,61134,False,False,0,,False,0,,,,,data/audit_sample/sid_set/images/tampered/tampered_07951.jpg,1,tampered,1024,1024,1.048576,True,0.05830192565917969,1,0,0
True,jpeg,RGB,1024,1024,171560,False,False,0,,False,0,,,,,data/audit_sample/sid_set/images/real/08b029f5d78ecec3.jpg,0,real,1024,1024,1.048576,True,0.16361236572265625,1,0,0
True,png,RGB,1024,1024,833963,False,False,0,,False,0,,,,,data/audit_sample/sid_set/images/full_synthetic/full_synthetic_006386.png,1,full_synthetic,1024,1024,1.048576,True,0.7953290939331055,1,1,0
True,jpeg,RGB,678,1024,250711,False,False,0,,True,0,,,,,data/audit_sample/sid_set/images/real/d30dd6ea98fb89ec.jpg,0,real,678,1024,0.694272,False,0.36111351170722716,0,0,1
True,png,RGB,1024,1024,1285259,False,False,0,,False,0,,,,,data/audit_sample/sid_set/images/full_synthetic/full_synthetic_002580.png,1,full_synthetic,1024,1024,1.048576,True,1.2257184982299805,1,1,0
True,jpeg,RGB,1024,1024,158251,False,False,0,,False,0,,,,,data/audit_sample/sid_set/images/tampered/tampered_04082.jpg,1,tampered,1024,1024,1.048576,True,0.15091991424560547,1,0,0
True,png,RGB,1024,1024,999266,False,False,0,,False,0,,,,,data/audit_sample/sid_set/images/full_synthetic/full_synthetic_009230.png,1,full_synthetic,1024,1024,1.048576,True,0.9529743194580078,1,1,0
True,jpeg,RGB,1024,1024,103654,False,False,0,,False,0,,,,,data/audit_sample/sid_set/images/tampered/tampered_07539.jpg,1,tampered,1024,1024,1.048576,True,0.09885215759277344,1,0,0
True,png,RGB,1024,1024,1162348,False,False,0,,False,0,,,,,data/audit_sample/sid_set/images/full_synthetic/full_synthetic_002381.png,1,full_synthetic,1024,1024,1.048576,True,1.1085014343261719,1,1,0
True,jpeg,RGB,1024,1024,106511,False,False,0,,False,0,,,,,data/audit_sample/sid_set/images/tampered/tampered_08242.jpg,1,tampered,1024,1024,1.048576,True,0.1015768051147461,1,0,0
True,jpeg,RGB,1024,1024,82520,False,False,0,,False,0,,,,,data/audit_sample/sid_set/images/tampered/tampered_07783.jpg,1,tampered,1024,1024,1.048576,True,0.07869720458984375,1,0,0
True,jpeg,RGB,1024,1024,75237,False,False,0,,False,0,,,,,data/audit_sample/sid_set/images/tampered/tampered_02790.jpg,1,tampered,1024,1024,1.048576,True,0.07175159454345703,1,0,0
True,png,RGB,1024,1024,1050543,False,False,0,,False,0,,,,,data/audit_sample/sid_set/images/full_synthetic/full_synthetic_007363.png,1,full_synthetic,1024,1024,1.048576,True,1.001875877380371,1,1,0
True,jpeg,RGB,1024,1024,153300,False,False,0,,False,0,,,,,data/audit_sample/sid_set/images/tampered/tampered_05012.jpg,1,tampered,1024,1024,1.048576,True,0.14619827270507812,1,0,0
True,jpeg,RGB,682,1024,500691,False,False,0,,True,0,,,,,data/audit_sample/sid_set/images/real/cd3f7ccc3cb2dcb4.jpg,0,real,682,1024,0.698368,False,0.7169443617118768,0,0,1
True,jpeg,RGB,1024,682,95850,False,False,0,,False,0,,,,,data/audit_sample/sid_set/images/real/bf94149b1e340031.jpg,0,real,1024,682,0.698368,False,0.13724855663489735,0,0,0
True,png,RGB,1024,1024,986224,False,False,0,,False,0,,,,,data/audit_sample/sid_set/images/full_synthetic/full_synthetic_007271.png,1,full_synthetic,1024,1024,1.048576,True,0.9405364990234375,1,1,0
True,png,RGB,1024,1024,1371927,False,False,0,,False,0,,,,,data/audit_sample/sid_set/images/full_synthetic/full_synthetic_002290.png,1,full_synthetic,1024,1024,1.048576,True,1.3083715438842773,1,1,0
True,png,RGB,1024,1024,1195030,False,False,0,,False,0,,,,,data/audit_sample/sid_set/images/full_synthetic/full_synthetic_002705.png,1,full_synthetic,1024,1024,1.048576,True,1.139669418334961,1,1,0
True,jpeg,RGB,1024,1024,182131,False,False,0,,False,0,,,,,data/audit_sample/sid_set/images/tampered/tampered_04511.jpg,1,tampered,1024,1024,1.048576,True,0.17369365692138672,1,0,0
True,jpeg,RGB,1024,1024,113172,False,False,0,,False,0,,,,,data/audit_sample/sid_set/images/tampered/tampered_04426.jpg,1,tampered,1024,1024,1.048576,True,0.10792922973632812,1,0,0
True,jpeg,RGB,1024,768,546180,False,False,0,,False,0,,,,,data/audit_sample/sid_set/images/real/c07a9a8ddd6a36fb.jpg,0,real,1024,768,0.786432,False,0.6945037841796875,0,0,0
True,jpeg,RGB,1024,1024,134139,False,False,0,,False,0,,,,,data/audit_sample/sid_set/images/real/7102f22c3b28b9c1.jpg,0,real,1024,1024,1.048576,True,0.12792491912841797,1,0,0
True,jpeg,RGB,1024,768,512262,False,False,0,,True,0,,,,,data/audit_sample/sid_set/images/real/1b68fb66822d656c.jpg,0,real,1024,768,0.786432,False,0.6513748168945312,0,0,1
True,jpeg,RGB,1024,768,454028,False,False,0,,False,0,,,,,data/audit_sample/sid_set/images/real/519c5c72aa93d65b.jpg,0,real,1024,768,0.786432,False,0.5773264567057291,0,0,0
True,jpeg,RGB,1024,768,192635,False,False,0,,False,0,,,,,data/audit_sample/sid_set/images/real/201262624ca1aa01.jpg,0,real,1024,768,0.786432,False,0.24494806925455728,0,0,0
True,jpeg,RGB,1024,1024,265864,False,False,0,,False,0,,,,,data/audit_sample/sid_set/images/tampered/tampered_06471.jpg,1,tampered,1024,1024,1.048576,True,0.25354766845703125,1,0,0
True,jpeg,RGB,1024,1024,106022,False,False,0,,False,0,,,,,data/audit_sample/sid_set/images/tampered/tampered_006131.jpg,1,tampered,1024,1024,1.048576,True,0.10111045837402344,1,0,0
True,jpeg,RGB,1024,1024,148104,False,False,0,,False,0,,,,,data/audit_sample/sid_set/images/tampered/tampered_02543.jpg,1,tampered,1024,1024,1.048576,True,0.14124298095703125,1,0,0
True,jpeg,RGB,1024,1024,186071,False,False,0,,False,0,,,,,data/audit_sample/sid_set/images/tampered/tampered_006328.jpg,1,tampered,1024,1024,1.048576,True,0.17745113372802734,1,0,0
True,png,RGB,1024,1024,956131,False,False,0,,False,0,,,,,data/audit_sample/sid_set/images/full_synthetic/full_synthetic_006018.png,1,full_synthetic,1024,1024,1.048576,True,0.9118375778198242,1,1,0
True,png,RGB,1024,1024,1329765,False,False,0,,False,0,,,,,data/audit_sample/sid_set/images/full_synthetic/full_synthetic_004999.png,1,full_synthetic,1024,1024,1.048576,True,1.268162727355957,1,1,0
True,jpeg,RGB,1024,1024,92576,False,False,0,,False,0,,,,,data/audit_sample/sid_set/images/tampered/tampered_08665.jpg,1,tampered,1024,1024,1.048576,True,0.088287353515625,1,0,0
True,png,RGB,1024,1024,1352740,False,False,0,,False,0,,,,,data/audit_sample/sid_set/images/full_synthetic/full_synthetic_009596.png,1,full_synthetic,1024,1024,1.048576,True,1.2900733947753906,1,1,0
True,jpeg,RGB,678,1024,619591,False,False,0,,True,0,,,,,data/audit_sample/sid_set/images/real/d225183abdef811a.jpg,0,real,678,1024,0.694272,False,0.8924326488753688,0,0,1
True,png,RGB,1024,1024,1148410,False,False,0,,False,0,,,,,data/audit_sample/sid_set/images/full_synthetic/full_synthetic_002754.png,1,full_synthetic,1024,1024,1.048576,True,1.0952091217041016,1,1,0
True,png,RGB,1024,1024,1545567,False,False,0,,False,0,,,,,data/audit_sample/sid_set/images/full_synthetic/full_synthetic_009022.png,1,full_synthetic,1024,1024,1.048576,True,1.4739675521850586,1,1,0
True,jpeg,RGB,1024,1024,87436,False,False,0,,False,0,,,,,data/audit_sample/sid_set/images/tampered/tampered_00906.jpg,1,tampered,1024,1024,1.048576,True,0.08338546752929688,1,0,0
True,png,RGB,1024,1024,995756,False,False,0,,False,0,,,,,data/audit_sample/sid_set/images/full_synthetic/full_synthetic_003487.png,1,full_synthetic,1024,1024,1.048576,True,0.9496269226074219,1,1,0
True,jpeg,RGB,1024,660,670964,False,False,0,,False,0,,,,,data/audit_sample/sid_set/images/real/532b2dcb7e419dc8.jpg,0,real,1024,660,0.67584,False,0.9927852746212121,0,0,0
True,jpeg,RGB,1024,1024,154464,False,False,0,,False,0,,,,,data/audit_sample/sid_set/images/real/d8849ee9de7c90e8.jpg,0,real,1024,1024,1.048576,True,0.147308349609375,1,0,0
True,png,RGB,1024,1024,1251805,False,False,0,,False,0,,,,,data/audit_sample/sid_set/images/full_synthetic/full_synthetic_008143.png,1,full_synthetic,1024,1024,1.048576,True,1.1938142776489258,1,1,0
True,jpeg,RGB,1024,768,185549,False,False,0,,False,0,,,,,data/audit_sample/sid_set/images/real/10299fa3e627647f.jpg,0,real,1024,768,0.786432,False,0.23593775431315103,0,0,0
True,jpeg,RGB,1024,687,429925,False,False,0,,False,0,,,,,data/audit_sample/sid_set/images/real/5faedd331dd5b91f.jpg,0,real,1024,687,0.703488,False,0.6111333810953421,0,0,0
True,jpeg,RGB,1024,1024,92769,False,False,0,,False,0,,,,,data/audit_sample/sid_set/images/tampered/tampered_00696.jpg,1,tampered,1024,1024,1.048576,True,0.0884714126586914,1,0,0
True,jpeg,RGB,936,768,80921,False,False,0,,False,0,,,,,data/audit_sample/sid_set/images/real/c5ab50650fa42634.jpg,0,real,936,768,0.718848,False,0.11257039040242166,0,0,0
True,jpeg,RGB,1024,682,128780,False,False,0,,True,0,,,,,data/audit_sample/sid_set/images/real/d9019d5737c2df9f.jpg,0,real,1024,682,0.698368,False,0.18440134714076245,0,0,1
True,jpeg,RGB,1024,768,253621,False,False,0,,False,0,,,,,data/audit_sample/sid_set/images/real/78773e6d2ae70b16.jpg,0,real,1024,768,0.786432,False,0.3224957784016927,0,0,0
True,jpeg,RGB,1024,768,428621,False,False,0,,False,0,,,,,data/audit_sample/sid_set/images/real/d36927cfb2b97756.jpg,0,real,1024,768,0.786432,False,0.545019785563151,0,0,0
True,jpeg,RGB,1024,1024,182659,False,False,0,,False,0,,,,,data/audit_sample/sid_set/images/tampered/tampered_02047.jpg,1,tampered,1024,1024,1.048576,True,0.17419719696044922,1,0,0
True,jpeg,RGB,1024,1024,144068,False,False,0,,False,0,,,,,data/audit_sample/sid_set/images/tampered/tampered_03075.jpg,1,tampered,1024,1024,1.048576,True,0.13739395141601562,1,0,0
True,jpeg,RGB,1024,1024,92153,False,False,0,,False,0,,,,,data/audit_sample/sid_set/images/tampered/tampered_06388.jpg,1,tampered,1024,1024,1.048576,True,0.08788394927978516,1,0,0
True,jpeg,RGB,1024,768,229929,False,False,0,,False,0,,,,,data/audit_sample/sid_set/images/real/3b13636194193afa.jpg,0,real,1024,768,0.786432,False,0.2923698425292969,0,0,0
True,jpeg,RGB,1024,1024,83669,False,False,0,,False,0,,,,,data/audit_sample/sid_set/images/tampered/tampered_07698.jpg,1,tampered,1024,1024,1.048576,True,0.07979297637939453,1,0,0
True,jpeg,RGB,1024,683,754692,False,False,0,,True,0,,,,,data/audit_sample/sid_set/images/real/a286541236161345.jpg,0,real,1024,683,0.699392,False,1.0790686767935578,0,0,1
True,png,RGB,1024,1024,1228795,False,False,0,,False,0,,,,,data/audit_sample/sid_set/images/full_synthetic/full_synthetic_003696.png,1,full_synthetic,1024,1024,1.048576,True,1.171870231628418,1,1,0
True,jpeg,RGB,1024,1024,154911,False,False,0,,False,0,,,,,data/audit_sample/sid_set/images/tampered/tampered_03147.jpg,1,tampered,1024,1024,1.048576,True,0.1477346420288086,1,0,0
True,jpeg,RGB,1024,683,496023,False,False,0,,True,0,,,,,data/audit_sample/sid_set/images/real/01844da461ec0a62.jpg,0,real,1024,683,0.699392,False,0.7092202941983895,0,0,1
True,png,RGB,1024,1024,901696,False,False,0,,False,0,,,,,data/audit_sample/sid_set/images/full_synthetic/full_synthetic_003600.png,1,full_synthetic,1024,1024,1.048576,True,0.85992431640625,1,1,0
True,png,RGB,1024,1024,1086393,False,False,0,,False,0,,,,,data/audit_sample/sid_set/images/full_synthetic/full_synthetic_008791.png,1,full_synthetic,1024,1024,1.048576,True,1.0360651016235352,1,1,0
True,png,RGB,1024,1024,991785,False,False,0,,False,0,,,,,data/audit_sample/sid_set/images/full_synthetic/full_synthetic_004926.png,1,full_synthetic,1024,1024,1.048576,True,0.9458398818969727,1,1,0
True,jpeg,RGB,1024,933,1079969,False,False,0,,True,0,,,,,data/audit_sample/sid_set/images/real/6f7a9efb31a7c78d.jpg,0,real,1024,933,0.955392,False,1.130393597601822,0,0,1
True,jpeg,RGB,1024,1024,98733,False,False,0,,False,0,,,,,data/audit_sample/sid_set/images/tampered/tampered_07534.jpg,1,tampered,1024,1024,1.048576,True,0.09415912628173828,1,0,0
True,png,RGB,1024,1024,1339076,False,False,0,,False,0,,,,,data/audit_sample/sid_set/images/full_synthetic/full_synthetic_008651.png,1,full_synthetic,1024,1024,1.048576,True,1.2770423889160156,1,1,0
True,png,RGB,1024,1024,970688,False,False,0,,False,0,,,,,data/audit_sample/sid_set/images/full_synthetic/full_synthetic_006337.png,1,full_synthetic,1024,1024,1.048576,True,0.92572021484375,1,1,0
True,png,RGB,1024,1024,928891,False,False,0,,False,0,,,,,data/audit_sample/sid_set/images/full_synthetic/full_synthetic_004558.png,1,full_synthetic,1024,1024,1.048576,True,0.885859489440918,1,1,0
True,jpeg,RGB,1024,1024,147925,False,False,0,,False,0,,,,,data/audit_sample/sid_set/images/tampered/tampered_09142.jpg,1,tampered,1024,1024,1.048576,True,0.14107227325439453,1,0,0
True,png,RGB,1024,1024,724171,False,False,0,,False,0,,,,,data/audit_sample/sid_set/images/full_synthetic/full_synthetic_005909.png,1,full_synthetic,1024,1024,1.048576,True,0.6906232833862305,1,1,0
True,jpeg,RGB,1024,683,140883,False,False,0,,True,0,,,,,data/audit_sample/sid_set/images/real/ed685e099d953f72.jpg,0,real,1024,683,0.699392,False,0.20143639046486092,0,0,1
True,png,RGB,1024,1024,995350,False,False,0,,False,0,,,,,data/audit_sample/sid_set/images/full_synthetic/full_synthetic_000789.png,1,full_synthetic,1024,1024,1.048576,True,0.9492397308349609,1,1,0
True,jpeg,RGB,1024,1024,112015,False,False,0,,False,0,,,,,data/audit_sample/sid_set/images/tampered/tampered_01850.jpg,1,tampered,1024,1024,1.048576,True,0.1068258285522461,1,0,0
True,jpeg,RGB,1024,1024,134704,False,False,0,,False,0,,,,,data/audit_sample/sid_set/images/tampered/tampered_03702.jpg,1,tampered,1024,1024,1.048576,True,0.1284637451171875,1,0,0
True,jpeg,RGB,1024,768,258817,False,False,0,,False,0,,,,,data/audit_sample/sid_set/images/real/05a27d8206a46094.jpg,0,real,1024,768,0.786432,False,0.3291028340657552,0,0,0
True,jpeg,RGB,1024,1024,103216,False,False,0,,False,0,,,,,data/audit_sample/sid_set/images/tampered/tampered_01900.jpg,1,tampered,1024,1024,1.048576,True,0.0984344482421875,1,0,0
True,jpeg,RGB,1024,1024,166012,False,False,0,,False,0,,,,,data/audit_sample/sid_set/images/tampered/tampered_05648.jpg,1,tampered,1024,1024,1.048576,True,0.15832138061523438,1,0,0
True,png,RGB,1024,1024,1152586,False,False,0,,False,0,,,,,data/audit_sample/sid_set/images/full_synthetic/full_synthetic_006620.png,1,full_synthetic,1024,1024,1.048576,True,1.099191665649414,1,1,0
True,jpeg,L,1024,683,302153,False,False,0,,True,0,,,,,data/audit_sample/sid_set/images/real/645abba21410b266.jpg,0,real,1024,683,0.699392,False,0.43202238515739383,0,0,1
True,png,RGB,1024,1024,1133914,False,False,0,,False,0,,,,,data/audit_sample/sid_set/images/full_synthetic/full_synthetic_001860.png,1,full_synthetic,1024,1024,1.048576,True,1.0813846588134766,1,1,0
True,png,RGB,1024,1024,1058790,False,False,0,,False,0,,,,,data/audit_sample/sid_set/images/full_synthetic/full_synthetic_002456.png,1,full_synthetic,1024,1024,1.048576,True,1.0097408294677734,1,1,0
True,jpeg,RGB,1024,768,217175,False,False,0,,True,0,,,,,data/audit_sample/sid_set/images/real/2485297edb38ee85.jpg,0,real,1024,768,0.786432,False,0.2761522928873698,0,0,1
True,jpeg,RGB,1024,768,242207,False,False,0,,False,0,,,,,data/audit_sample/sid_set/images/real/dad3d78a970377d7.jpg,0,real,1024,768,0.786432,False,0.3079821268717448,0,0,0
True,jpeg,RGB,1024,1024,81492,False,False,0,,False,0,,,,,data/audit_sample/sid_set/images/tampered/tampered_03341.jpg,1,tampered,1024,1024,1.048576,True,0.07771682739257812,1,0,0
True,jpeg,RGB,1024,685,275826,False,False,0,,False,0,,,,,data/audit_sample/sid_set/images/real/dce7391ebd23d1a8.jpg,0,real,1024,685,0.70144,False,0.3932282162408759,0,0,0
True,jpeg,RGB,1024,1024,142441,False,False,0,,False,0,,,,,data/audit_sample/sid_set/images/tampered/tampered_01964.jpg,1,tampered,1024,1024,1.048576,True,0.13584232330322266,1,0,0
True,jpeg,RGB,1024,683,77287,False,False,0,,True,0,,,,,data/audit_sample/sid_set/images/real/455416f121f0d167.jpg,0,real,1024,683,0.699392,False,0.11050598233894583,0,0,1
True,jpeg,RGB,1024,1024,166709,False,False,0,,False,0,,,,,data/audit_sample/sid_set/images/tampered/tampered_07763.jpg,1,tampered,1024,1024,1.048576,True,0.15898609161376953,1,0,0
True,jpeg,RGB,1024,768,459330,False,False,0,,False,0,,,,,data/audit_sample/sid_set/images/real/3665c7c632f1e858.jpg,0,real,1024,768,0.786432,False,0.5840682983398438,0,0,0
True,png,RGB,1024,1024,900347,False,False,0,,False,0,,,,,data/audit_sample/sid_set/images/full_synthetic/full_synthetic_006285.png,1,full_synthetic,1024,1024,1.048576,True,0.858637809753418,1,1,0
True,png,RGB,1024,1024,1366651,False,False,0,,False,0,,,,,data/audit_sample/sid_set/images/full_synthetic/full_synthetic_002422.png,1,full_synthetic,1024,1024,1.048576,True,1.303339958190918,1,1,0
True,jpeg,RGB,1024,1024,120706,False,False,0,,False,0,,,,,data/audit_sample/sid_set/images/tampered/tampered_00158.jpg,1,tampered,1024,1024,1.048576,True,0.11511421203613281,1,0,0
True,png,RGB,1024,1024,1329608,False,False,0,,False,0,,,,,data/audit_sample/sid_set/images/full_synthetic/full_synthetic_002944.png,1,full_synthetic,1024,1024,1.048576,True,1.2680130004882812,1,1,0
True,png,RGB,1024,1024,1280360,False,False,0,,False,0,,,,,data/audit_sample/sid_set/images/tampered/tampered_05217.png,1,tampered,1024,1024,1.048576,True,1.2210464477539062,1,1,0
True,png,RGB,1024,1024,1408712,False,False,0,,False,0,,,,,data/audit_sample/sid_set/images/full_synthetic/full_synthetic_003425.png,1,full_synthetic,1024,1024,1.048576,True,1.3434524536132812,1,1,0
True,jpeg,RGB,1024,1024,159769,False,False,0,,False,0,,,,,data/audit_sample/sid_set/images/tampered/tampered_05527.jpg,1,tampered,1024,1024,1.048576,True,0.15236759185791016,1,0,0
True,jpeg,RGB,1024,1024,138804,False,False,0,,False,0,,,,,data/audit_sample/sid_set/images/tampered/tampered_06121.jpg,1,tampered,1024,1024,1.048576,True,0.13237380981445312,1,0,0
True,jpeg,RGB,1024,1024,137493,False,False,0,,False,0,,,,,data/audit_sample/sid_set/images/tampered/tampered_06860.jpg,1,tampered,1024,1024,1.048576,True,0.13112354278564453,1,0,0
True,jpeg,RGB,1024,1024,85635,False,False,0,,False,0,,,,,data/audit_sample/sid_set/images/tampered/tampered_04771.jpg,1,tampered,1024,1024,1.048576,True,0.08166790008544922,1,0,0
True,jpeg,RGB,1024,1024,110835,False,False,0,,False,0,,,,,data/audit_sample/sid_set/images/tampered/tampered_02923.jpg,1,tampered,1024,1024,1.048576,True,0.10570049285888672,1,0,0
True,jpeg,RGB,1024,682,66664,False,False,0,,False,0,,,,,data/audit_sample/sid_set/images/real/8d8279e91b2840fc.jpg,0,real,1024,682,0.698368,False,0.09545683651026393,0,0,0
True,jpeg,RGB,1024,1024,239924,False,False,0,,False,0,,,,,data/audit_sample/sid_set/images/real/5ea1b91314cf40f8.jpg,0,real,1024,1024,1.048576,True,0.22880935668945312,1,0,0
True,jpeg,RGB,1024,1024,119974,False,False,0,,False,0,,,,,data/audit_sample/sid_set/images/tampered/tampered_05591.jpg,1,tampered,1024,1024,1.048576,True,0.11441612243652344,1,0,0
True,jpeg,RGB,1024,1024,155619,False,False,0,,False,0,,,,,data/audit_sample/sid_set/images/tampered/tampered_07825.jpg,1,tampered,1024,1024,1.048576,True,0.14840984344482422,1,0,0
True,png,RGB,1024,1024,1071259,False,False,0,,False,0,,,,,data/audit_sample/sid_set/images/full_synthetic/full_synthetic_009062.png,1,full_synthetic,1024,1024,1.048576,True,1.021632194519043,1,1,0
True,png,RGB,1024,1024,978224,False,False,0,,False,0,,,,,data/audit_sample/sid_set/images/full_synthetic/full_synthetic_008003.png,1,full_synthetic,1024,1024,1.048576,True,0.9329071044921875,1,1,0
True,jpeg,RGB,1024,768,427252,False,False,0,,False,0,,,,,data/audit_sample/sid_set/images/real/5e5a01ac95a62294.jpg,0,real,1024,768,0.786432,False,0.5432790120442709,0,0,0
True,png,RGB,1024,1024,1131617,False,False,0,,False,0,,,,,data/audit_sample/sid_set/images/full_synthetic/full_synthetic_007331.png,1,full_synthetic,1024,1024,1.048576,True,1.0791940689086914,1,1,0
True,jpeg,RGB,683,1024,207693,False,False,0,,True,0,,,,,data/audit_sample/sid_set/images/real/0e689d51129c2b00.jpg,0,real,683,1024,0.699392,False,0.2969622186127379,0,0,1
True,jpeg,RGB,1024,796,155395,False,False,0,,False,0,,,,,data/audit_sample/sid_set/images/real/db85060bfb61fbc6.jpg,0,real,1024,796,0.815104,False,0.1906443840295226,0,0,0
True,jpeg,RGB,1024,680,1024014,False,False,0,,True,0,,,,,data/audit_sample/sid_set/images/real/417e8bcbbef75dab.jpg,0,real,1024,680,0.69632,False,1.4706083409926471,0,0,1
True,jpeg,RGB,1024,1024,131132,False,False,0,,False,0,,,,,data/audit_sample/sid_set/images/tampered/tampered_05675.jpg,1,tampered,1024,1024,1.048576,True,0.12505722045898438,1,0,0
True,jpeg,RGB,1024,1024,76623,False,False,0,,False,0,,,,,data/audit_sample/sid_set/images/tampered/tampered_006118.jpg,1,tampered,1024,1024,1.048576,True,0.0730733871459961,1,0,0
True,png,RGB,1024,1024,1024209,False,False,0,,False,0,,,,,data/audit_sample/sid_set/images/full_synthetic/full_synthetic_005553.png,1,full_synthetic,1024,1024,1.048576,True,0.9767618179321289,1,1,0
True,png,RGB,1024,1024,1107793,False,False,0,,False,0,,,,,data/audit_sample/sid_set/images/full_synthetic/full_synthetic_005310.png,1,full_synthetic,1024,1024,1.048576,True,1.056473731994629,1,1,0
True,jpeg,RGB,1024,1024,113525,False,False,0,,False,0,,,,,data/audit_sample/sid_set/images/tampered/tampered_03067.jpg,1,tampered,1024,1024,1.048576,True,0.10826587677001953,1,0,0
True,jpeg,RGB,1024,1024,130550,False,False,0,,False,0,,,,,data/audit_sample/sid_set/images/tampered/tampered_06900.jpg,1,tampered,1024,1024,1.048576,True,0.12450218200683594,1,0,0
True,png,RGB,1024,1024,1143510,False,False,0,,False,0,,,,,data/audit_sample/sid_set/images/full_synthetic/full_synthetic_005290.png,1,full_synthetic,1024,1024,1.048576,True,1.090536117553711,1,1,0
True,jpeg,RGB,1024,1024,162050,False,False,0,,False,0,,,,,data/audit_sample/sid_set/images/tampered/tampered_07445.jpg,1,tampered,1024,1024,1.048576,True,0.1545429229736328,1,0,0
True,jpeg,RGB,1024,1024,170732,False,False,0,,False,0,,,,,data/audit_sample/sid_set/images/tampered/tampered_03419.jpg,1,tampered,1024,1024,1.048576,True,0.16282272338867188,1,0,0
True,jpeg,RGB,1024,1024,213953,False,False,0,,False,0,,,,,data/audit_sample/sid_set/images/tampered/tampered_08746.jpg,1,tampered,1024,1024,1.048576,True,0.2040414810180664,1,0,0
True,png,RGB,1024,1024,979372,False,False,0,,False,0,,,,,data/audit_sample/sid_set/images/full_synthetic/full_synthetic_006368.png,1,full_synthetic,1024,1024,1.048576,True,0.9340019226074219,1,1,0
True,jpeg,RGB,1024,1024,144027,False,False,0,,False,0,,,,,data/audit_sample/sid_set/images/tampered/tampered_04498.jpg,1,tampered,1024,1024,1.048576,True,0.13735485076904297,1,0,0
True,png,RGB,1024,1024,1220404,False,False,0,,False,0,,,,,data/audit_sample/sid_set/images/tampered/tampered_04961.png,1,tampered,1024,1024,1.048576,True,1.1638679504394531,1,1,0
True,png,RGB,1024,1024,1018704,False,False,0,,False,0,,,,,data/audit_sample/sid_set/images/full_synthetic/full_synthetic_007760.png,1,full_synthetic,1024,1024,1.048576,True,0.9715118408203125,1,1,0
True,png,RGB,1024,1024,1016903,False,False,0,,False,0,,,,,data/audit_sample/sid_set/images/full_synthetic/full_synthetic_006419.png,1,full_synthetic,1024,1024,1.048576,True,0.9697942733764648,1,1,0
True,jpeg,RGB,1024,1024,120822,False,False,0,,False,0,,,,,data/audit_sample/sid_set/images/tampered/tampered_07341.jpg,1,tampered,1024,1024,1.048576,True,0.11522483825683594,1,0,0
True,jpeg,RGB,1024,1024,165098,False,False,0,,False,0,,,,,data/audit_sample/sid_set/images/tampered/tampered_04184.jpg,1,tampered,1024,1024,1.048576,True,0.15744972229003906,1,0,0
True,jpeg,RGB,1024,1024,108191,False,False,0,,False,0,,,,,data/audit_sample/sid_set/images/tampered/tampered_08588.jpg,1,tampered,1024,1024,1.048576,True,0.1031789779663086,1,0,0
True,jpeg,RGB,1024,1024,81092,False,False,0,,False,0,,,,,data/audit_sample/sid_set/images/tampered/tampered_00813.jpg,1,tampered,1024,1024,1.048576,True,0.07733535766601562,1,0,0
True,png,RGB,1024,1024,1537494,False,False,0,,False,0,,,,,data/audit_sample/sid_set/images/tampered/tampered_02397.png,1,tampered,1024,1024,1.048576,True,1.466268539428711,1,1,0
True,png,RGB,1024,1024,1389272,False,False,0,,False,0,,,,,data/audit_sample/sid_set/images/full_synthetic/full_synthetic_008165.png,1,full_synthetic,1024,1024,1.048576,True,1.3249130249023438,1,1,0
True,jpeg,RGB,1024,1024,92615,False,False,0,,False,0,,,,,data/audit_sample/sid_set/images/tampered/tampered_06913.jpg,1,tampered,1024,1024,1.048576,True,0.08832454681396484,1,0,0
True,png,RGB,1024,1024,944614,False,False,0,,False,0,,,,,data/audit_sample/sid_set/images/full_synthetic/full_synthetic_006564.png,1,full_synthetic,1024,1024,1.048576,True,0.9008541107177734,1,1,0
True,jpeg,RGB,670,1024,185136,False,False,0,,False,0,,,,,data/audit_sample/sid_set/images/real/01e89689823db50a.jpg,0,real,670,1024,0.68608,False,0.26984608208955224,0,0,0
True,jpeg,RGB,1024,765,255386,False,False,0,,False,0,,,,,data/audit_sample/sid_set/images/real/7b65a821246eeb31.jpg,0,real,1024,765,0.78336,False,0.3260135825163399,0,0,0
True,png,RGB,1024,1024,1173188,False,False,0,,False,0,,,,,data/audit_sample/sid_set/images/full_synthetic/full_synthetic_007281.png,1,full_synthetic,1024,1024,1.048576,True,1.1188392639160156,1,1,0
True,png,RGB,1024,1024,1070041,False,False,0,,False,0,,,,,data/audit_sample/sid_set/images/full_synthetic/full_synthetic_008055.png,1,full_synthetic,1024,1024,1.048576,True,1.0204706192016602,1,1,0
True,png,RGB,1024,1024,1025886,False,False,0,,False,0,,,,,data/audit_sample/sid_set/images/full_synthetic/full_synthetic_002994.png,1,full_synthetic,1024,1024,1.048576,True,0.9783611297607422,1,1,0
True,jpeg,RGB,1024,678,211223,False,False,0,,False,0,,,,,data/audit_sample/sid_set/images/real/08ba28d460a14260.jpg,0,real,1024,678,0.694272,False,0.30423666804941,0,0,0
True,jpeg,RGB,1024,577,375562,False,False,0,,False,0,,,,,data/audit_sample/sid_set/images/real/6ef713ae30af24c2.jpg,0,real,1024,577,0.590848,False,0.6356321761265165,0,0,0
True,png,RGB,1024,1024,1117183,False,False,0,,False,0,,,,,data/audit_sample/sid_set/images/full_synthetic/full_synthetic_002854.png,1,full_synthetic,1024,1024,1.048576,True,1.0654287338256836,1,1,0
True,jpeg,RGB,1024,1024,126466,False,False,0,,False,0,,,,,data/audit_sample/sid_set/images/tampered/tampered_06252.jpg,1,tampered,1024,1024,1.048576,True,0.12060737609863281,1,0,0
True,png,RGB,1024,1024,1151171,False,False,0,,False,0,,,,,data/audit_sample/sid_set/images/full_synthetic/full_synthetic_006873.png,1,full_synthetic,1024,1024,1.048576,True,1.0978422164916992,1,1,0
True,jpeg,RGB,743,1024,941413,False,False,0,,True,0,,,,,data/audit_sample/sid_set/images/real/b8f559e35d2aed82.jpg,0,real,743,1024,0.760832,False,1.2373467467193808,0,0,1
True,jpeg,RGB,768,1024,143563,False,False,0,,False,0,,,,,data/audit_sample/sid_set/images/real/aa075a3a49311c92.jpg,0,real,768,1024,0.786432,False,0.18254979451497397,0,0,0
True,png,RGB,1024,1024,1198231,False,False,0,,False,0,,,,,data/audit_sample/sid_set/images/full_synthetic/full_synthetic_007429.png,1,full_synthetic,1024,1024,1.048576,True,1.1427221298217773,1,1,0
True,jpeg,RGB,1024,1024,167871,False,False,0,,False,0,,,,,data/audit_sample/sid_set/images/real/b5e89f735050f7e4.jpg,0,real,1024,1024,1.048576,True,0.1600942611694336,1,0,0
True,jpeg,RGB,1024,768,241291,False,False,0,,False,0,,,,,data/audit_sample/sid_set/images/real/5627bcdb109ef734.jpg,0,real,1024,768,0.786432,False,0.30681737263997394,0,0,0
True,jpeg,RGB,1024,768,271448,False,False,0,,False,0,,,,,data/audit_sample/sid_set/images/real/7b103c03d58c9fc0.jpg,0,real,1024,768,0.786432,False,0.3451639811197917,0,0,0
True,png,RGB,1024,1024,1073591,False,False,0,,False,0,,,,,data/audit_sample/sid_set/images/full_synthetic/full_synthetic_006439.png,1,full_synthetic,1024,1024,1.048576,True,1.0238561630249023,1,1,0
True,jpeg,RGB,1024,683,544417,False,False,0,,False,0,,,,,data/audit_sample/sid_set/images/real/18e2487a92193f28.jpg,0,real,1024,683,0.699392,False,0.7784146801793558,0,0,0
True,jpeg,RGB,1024,1024,88093,False,False,0,,False,0,,,,,data/audit_sample/sid_set/images/tampered/tampered_03565.jpg,1,tampered,1024,1024,1.048576,True,0.08401203155517578,1,0,0
True,jpeg,RGB,1024,685,193645,False,False,0,,True,0,,,,,data/audit_sample/sid_set/images/real/d3f81cf18ce68059.jpg,0,real,1024,685,0.70144,False,0.2760678033759124,0,0,1
True,png,RGB,1024,1024,1236516,False,False,0,,False,0,,,,,data/audit_sample/sid_set/images/full_synthetic/full_synthetic_000752.png,1,full_synthetic,1024,1024,1.048576,True,1.1792335510253906,1,1,0
True,png,RGB,1024,1024,1056593,False,False,0,,False,0,,,,,data/audit_sample/sid_set/images/full_synthetic/full_synthetic_008842.png,1,full_synthetic,1024,1024,1.048576,True,1.007645606994629,1,1,0
True,jpeg,RGB,1024,1024,90293,False,False,0,,False,0,,,,,data/audit_sample/sid_set/images/tampered/tampered_01424.jpg,1,tampered,1024,1024,1.048576,True,0.08611011505126953,1,0,0
True,jpeg,RGB,1024,683,99972,False,False,0,,True,0,,,,,data/audit_sample/sid_set/images/real/9c785a44d4e42165.jpg,0,real,1024,683,0.699392,False,0.14294129758418742,0,0,1
True,png,RGB,1024,1024,1259006,False,False,0,,False,0,,,,,data/audit_sample/sid_set/images/full_synthetic/full_synthetic_004600.png,1,full_synthetic,1024,1024,1.048576,True,1.2006816864013672,1,1,0
True,jpeg,RGB,1024,1024,132487,False,False,0,,False,0,,,,,data/audit_sample/sid_set/images/tampered/tampered_01060.jpg,1,tampered,1024,1024,1.048576,True,0.12634944915771484,1,0,0
True,jpeg,RGB,680,1024,155519,False,False,0,,False,0,,,,,data/audit_sample/sid_set/images/real/03714cc06f882fc8.jpg,0,real,680,1024,0.69632,False,0.2233441521139706,0,0,0
True,jpeg,RGB,1024,1024,180138,False,False,0,,False,0,,,,,data/audit_sample/sid_set/images/tampered/tampered_06508.jpg,1,tampered,1024,1024,1.048576,True,0.17179298400878906,1,0,0
True,jpeg,RGB,1024,768,135951,False,False,0,,True,0,,,,,data/audit_sample/sid_set/images/real/d9a72c6e849b6070.jpg,0,real,1024,768,0.786432,False,0.17287063598632812,0,0,1
True,png,RGB,1024,1024,1040723,False,False,0,,False,0,,,,,data/audit_sample/sid_set/images/full_synthetic/full_synthetic_001461.png,1,full_synthetic,1024,1024,1.048576,True,0.9925107955932617,1,1,0
True,jpeg,RGB,1024,1024,87643,False,False,0,,False,0,,,,,data/audit_sample/sid_set/images/tampered/tampered_02465.jpg,1,tampered,1024,1024,1.048576,True,0.08358287811279297,1,0,0
True,jpeg,L,651,1024,284226,False,False,0,,False,0,,,,,data/audit_sample/sid_set/images/real/079351c35e4cfd55.jpg,0,real,651,1024,0.666624,False,0.4263662874423963,0,0,0
True,jpeg,RGB,1024,1024,152062,False,False,0,,False,0,,,,,data/audit_sample/sid_set/images/tampered/tampered_08825.jpg,1,tampered,1024,1024,1.048576,True,0.1450176239013672,1,0,0
True,jpeg,RGB,1024,1024,172148,False,False,0,,False,0,,,,,data/audit_sample/sid_set/images/tampered/tampered_02967.jpg,1,tampered,1024,1024,1.048576,True,0.16417312622070312,1,0,0
True,jpeg,RGB,1024,1024,98387,False,False,0,,False,0,,,,,data/audit_sample/sid_set/images/tampered/tampered_03178.jpg,1,tampered,1024,1024,1.048576,True,0.09382915496826172,1,0,0
True,jpeg,RGB,1024,682,72812,False,False,0,,True,0,,,,,data/audit_sample/sid_set/images/real/2345f1c4025e64da.jpg,0,real,1024,682,0.698368,False,0.1042602181085044,0,0,1
True,jpeg,RGB,1024,1024,152396,False,False,0,,False,0,,,,,data/audit_sample/sid_set/images/tampered/tampered_006306.jpg,1,tampered,1024,1024,1.048576,True,0.14533615112304688,1,0,0
True,jpeg,RGB,1024,1024,74639,False,False,0,,False,0,,,,,data/audit_sample/sid_set/images/tampered/tampered_08342.jpg,1,tampered,1024,1024,1.048576,True,0.0711812973022461,1,0,0
True,png,RGB,1024,1024,1118592,False,False,0,,False,0,,,,,data/audit_sample/sid_set/images/full_synthetic/full_synthetic_005704.png,1,full_synthetic,1024,1024,1.048576,True,1.0667724609375,1,1,0
True,jpeg,RGB,768,1024,223059,False,False,0,,False,0,,,,,data/audit_sample/sid_set/images/real/a12bc2c295b94e4c.jpg,0,real,768,1024,0.786432,False,0.2836341857910156,0,0,0
True,jpeg,RGB,768,1024,246612,False,False,0,,True,0,,,,,data/audit_sample/sid_set/images/real/2b5eee1284ec902c.jpg,0,real,768,1024,0.786432,False,0.3135833740234375,0,0,1
True,jpeg,RGB,1024,1024,168033,False,False,0,,False,0,,,,,data/audit_sample/sid_set/images/tampered/tampered_006150.jpg,1,tampered,1024,1024,1.048576,True,0.1602487564086914,1,0,0
True,png,RGB,1024,1024,805061,False,False,0,,False,0,,,,,data/audit_sample/sid_set/images/full_synthetic/full_synthetic_001971.png,1,full_synthetic,1024,1024,1.048576,True,0.767765998840332,1,1,0
True,jpeg,RGB,1024,719,358375,False,False,0,,False,0,,,,,data/audit_sample/sid_set/images/real/44b382fb50beb58f.jpg,0,real,1024,719,0.736256,False,0.4867532488699583,0,0,0
True,jpeg,RGB,1024,1024,202038,False,False,0,,False,0,,,,,data/audit_sample/sid_set/images/tampered/tampered_01509.jpg,1,tampered,1024,1024,1.048576,True,0.19267845153808594,1,0,0
True,jpeg,RGB,1024,1024,136754,False,False,0,,False,0,,,,,data/audit_sample/sid_set/images/tampered/tampered_05401.jpg,1,tampered,1024,1024,1.048576,True,0.1304187774658203,1,0,0
True,jpeg,RGB,1024,768,306185,False,False,0,,False,0,,,,,data/audit_sample/sid_set/images/real/cbe078d62a434340.jpg,0,real,1024,768,0.786432,False,0.38933436075846356,0,0,0
True,jpeg,RGB,685,1024,378879,False,False,0,,True,0,,,,,data/audit_sample/sid_set/images/real/743ee934e64695e7.jpg,0,real,685,1024,0.70144,False,0.5401445597627738,0,0,1
True,jpeg,RGB,1024,768,176747,False,False,0,,False,0,,,,,data/audit_sample/sid_set/images/real/4e7c2bfd40a28492.jpg,0,real,1024,768,0.786432,False,0.22474543253580728,0,0,0
True,png,RGB,1024,1024,2287087,False,False,0,,False,0,,,,,data/audit_sample/sid_set/images/tampered/tampered_05066.png,1,tampered,1024,1024,1.048576,True,2.181136131286621,1,1,0
True,jpeg,RGB,683,1024,275798,False,False,0,,True,0,,,,,data/audit_sample/sid_set/images/real/c89730aa60f4b326.jpg,0,real,683,1024,0.699392,False,0.3943396550146413,0,0,1
True,png,RGB,1024,1024,1330273,False,False,0,,False,0,,,,,data/audit_sample/sid_set/images/full_synthetic/full_synthetic_009159.png,1,full_synthetic,1024,1024,1.048576,True,1.2686471939086914,1,1,0
True,png,RGB,1024,1024,1147627,False,False,0,,False,0,,,,,data/audit_sample/sid_set/images/full_synthetic/full_synthetic_003000.png,1,full_synthetic,1024,1024,1.048576,True,1.0944623947143555,1,1,0
True,png,RGB,1024,1024,1232746,False,False,0,,False,0,,,,,data/audit_sample/sid_set/images/full_synthetic/full_synthetic_001766.png,1,full_synthetic,1024,1024,1.048576,True,1.175638198852539,1,1,0
True,jpeg,RGB,1024,768,162354,False,False,0,,False,0,,,,,data/audit_sample/sid_set/images/real/1fdef19a96d8057d.jpg,0,real,1024,768,0.786432,False,0.20644378662109375,0,0,0
True,jpeg,RGB,1024,1024,70296,False,False,0,,False,0,,,,,data/audit_sample/sid_set/images/tampered/tampered_04323.jpg,1,tampered,1024,1024,1.048576,True,0.06703948974609375,1,0,0
True,jpeg,RGB,1024,768,203293,False,False,0,,False,0,,,,,data/audit_sample/sid_set/images/real/d0632bba2e09fa1f.jpg,0,real,1024,768,0.786432,False,0.2585004170735677,0,0,0
True,jpeg,RGB,1024,1024,81908,False,False,0,,False,0,,,,,data/audit_sample/sid_set/images/tampered/tampered_07140.jpg,1,tampered,1024,1024,1.048576,True,0.07811355590820312,1,0,0
True,png,RGB,1024,1024,1114022,False,False,0,,False,0,,,,,data/audit_sample/sid_set/images/tampered/tampered_07040.png,1,tampered,1024,1024,1.048576,True,1.0624141693115234,1,1,0
True,png,RGB,1024,1024,1214189,False,False,0,,False,0,,,,,data/audit_sample/sid_set/images/full_synthetic/full_synthetic_002266.png,1,full_synthetic,1024,1024,1.048576,True,1.1579408645629883,1,1,0
True,png,RGB,1024,1024,1172688,False,False,0,,False,0,,,,,data/audit_sample/sid_set/images/full_synthetic/full_synthetic_005972.png,1,full_synthetic,1024,1024,1.048576,True,1.1183624267578125,1,1,0
True,png,RGB,1024,1024,1581507,False,False,0,,False,0,,,,,data/audit_sample/sid_set/images/full_synthetic/full_synthetic_004754.png,1,full_synthetic,1024,1024,1.048576,True,1.5082426071166992,1,1,0
True,png,RGB,1024,1024,1064502,False,False,0,,False,0,,,,,data/audit_sample/sid_set/images/full_synthetic/full_synthetic_003535.png,1,full_synthetic,1024,1024,1.048576,True,1.015188217163086,1,1,0
True,jpeg,RGB,1024,1024,164994,False,False,0,,False,0,,,,,data/audit_sample/sid_set/images/tampered/tampered_08529.jpg,1,tampered,1024,1024,1.048576,True,0.1573505401611328,1,0,0
True,png,RGB,1024,1024,1300404,False,False,0,,False,0,,,,,data/audit_sample/sid_set/images/full_synthetic/full_synthetic_007805.png,1,full_synthetic,1024,1024,1.048576,True,1.2401618957519531,1,1,0
True,jpeg,RGB,1024,685,246958,False,False,0,,True,0,,,,,data/audit_sample/sid_set/images/real/87a46433f6cf895a.jpg,0,real,1024,685,0.70144,False,0.35207287864963505,0,0,1
True,jpeg,RGB,1024,1024,200847,False,False,0,,False,0,,,,,data/audit_sample/sid_set/images/real/49331a43fd9bedf6.jpg,0,real,1024,1024,1.048576,True,0.1915426254272461,1,0,0
True,jpeg,RGB,1024,1024,50625,False,False,0,,False,0,,,,,data/audit_sample/sid_set/images/tampered/tampered_02291.jpg,1,tampered,1024,1024,1.048576,True,0.048279762268066406,1,0,0
True,png,RGB,1024,1024,1040088,False,False,0,,False,0,,,,,data/audit_sample/sid_set/images/full_synthetic/full_synthetic_003989.png,1,full_synthetic,1024,1024,1.048576,True,0.9919052124023438,1,1,0
True,jpeg,RGB,612,1024,300654,False,False,0,,True,0,,,,,data/audit_sample/sid_set/images/real/d29667205365600b.jpg,0,real,612,1024,0.626688,False,0.4797506893382353,0,0,1
True,jpeg,RGB,1024,1024,107004,False,False,0,,False,0,,,,,data/audit_sample/sid_set/images/tampered/tampered_08410.jpg,1,tampered,1024,1024,1.048576,True,0.10204696655273438,1,0,0
True,jpeg,RGB,1024,1024,153883,False,False,0,,False,0,,,,,data/audit_sample/sid_set/images/tampered/tampered_04644.jpg,1,tampered,1024,1024,1.048576,True,0.14675426483154297,1,0,0
True,jpeg,RGB,1024,1024,123882,False,False,0,,False,0,,,,,data/audit_sample/sid_set/images/tampered/tampered_05465.jpg,1,tampered,1024,1024,1.048576,True,0.11814308166503906,1,0,0
True,png,RGB,1024,1024,945905,False,False,0,,False,0,,,,,data/audit_sample/sid_set/images/full_synthetic/full_synthetic_004916.png,1,full_synthetic,1024,1024,1.048576,True,0.9020853042602539,1,1,0
True,png,RGB,1024,1024,1115286,False,False,0,,False,0,,,,,data/audit_sample/sid_set/images/full_synthetic/full_synthetic_002563.png,1,full_synthetic,1024,1024,1.048576,True,1.063619613647461,1,1,0
True,jpeg,RGB,1024,1024,198449,False,False,0,,False,0,,,,,data/audit_sample/sid_set/images/tampered/tampered_08902.jpg,1,tampered,1024,1024,1.048576,True,0.1892557144165039,1,0,0
True,png,RGB,1024,1024,1212811,False,False,0,,False,0,,,,,data/audit_sample/sid_set/images/full_synthetic/full_synthetic_001603.png,1,full_synthetic,1024,1024,1.048576,True,1.1566267013549805,1,1,0
True,png,RGB,1024,1024,1230614,False,False,0,,False,0,,,,,data/audit_sample/sid_set/images/full_synthetic/full_synthetic_006075.png,1,full_synthetic,1024,1024,1.048576,True,1.173604965209961,1,1,0
True,png,RGB,1024,1024,1000802,False,False,0,,False,0,,,,,data/audit_sample/sid_set/images/full_synthetic/full_synthetic_001614.png,1,full_synthetic,1024,1024,1.048576,True,0.9544391632080078,1,1,0
True,jpeg,RGB,1024,755,672037,False,False,0,,True,0,,,,,data/audit_sample/sid_set/images/real/ef1238b1f320fa40.jpg,0,real,1024,755,0.77312,False,0.8692531560430463,0,0,1
True,jpeg,RGB,1024,1024,179243,False,False,0,,False,0,,,,,data/audit_sample/sid_set/images/tampered/tampered_01602.jpg,1,tampered,1024,1024,1.048576,True,0.17093944549560547,1,0,0
True,jpeg,RGB,1024,682,352564,False,False,0,,True,0,,,,,data/audit_sample/sid_set/images/real/2efb151a911b6b75.jpg,0,real,1024,682,0.698368,False,0.5048398552052786,0,0,1
True,png,RGB,1024,1024,1162316,False,False,0,,False,0,,,,,data/audit_sample/sid_set/images/full_synthetic/full_synthetic_006926.png,1,full_synthetic,1024,1024,1.048576,True,1.1084709167480469,1,1,0
True,jpeg,RGB,1024,1024,59379,False,False,0,,False,0,,,,,data/audit_sample/sid_set/images/tampered/tampered_06785.jpg,1,tampered,1024,1024,1.048576,True,0.05662822723388672,1,0,0
True,jpeg,RGB,1024,1024,219963,False,False,0,,False,0,,,,,data/audit_sample/sid_set/images/tampered/tampered_01328.jpg,1,tampered,1024,1024,1.048576,True,0.20977306365966797,1,0,0
True,png,RGB,1024,1024,1209235,False,False,0,,False,0,,,,,data/audit_sample/sid_set/images/full_synthetic/full_synthetic_009302.png,1,full_synthetic,1024,1024,1.048576,True,1.1532163619995117,1,1,0
True,jpeg,RGB,1024,1024,180530,False,False,0,,False,0,,,,,data/audit_sample/sid_set/images/tampered/tampered_05487.jpg,1,tampered,1024,1024,1.048576,True,0.1721668243408203,1,0,0
True,png,RGB,1024,1024,1490289,False,False,0,,False,0,,,,,data/audit_sample/sid_set/images/full_synthetic/full_synthetic_008685.png,1,full_synthetic,1024,1024,1.048576,True,1.421250343322754,1,1,0
True,jpeg,RGB,1024,768,995635,False,False,0,,True,0,,,,,data/audit_sample/sid_set/images/real/13719360dc9c535e.jpg,0,real,1024,768,0.786432,False,1.2660153706868489,0,0,1
True,jpeg,RGB,1024,1024,126733,False,False,0,,False,0,,,,,data/audit_sample/sid_set/images/tampered/tampered_00660.jpg,1,tampered,1024,1024,1.048576,True,0.12086200714111328,1,0,0
True,png,RGB,1024,1024,1310896,False,False,0,,False,0,,,,,data/audit_sample/sid_set/images/full_synthetic/full_synthetic_008350.png,1,full_synthetic,1024,1024,1.048576,True,1.2501678466796875,1,1,0
True,jpeg,RGB,1024,732,101621,False,False,0,,False,0,,,,,data/audit_sample/sid_set/images/real/8dc6e5a8bfb7e9b0.jpg,0,real,1024,732,0.749568,False,0.13557275657445356,0,0,0
True,png,RGB,1024,1024,1161047,False,False,0,,False,0,,,,,data/audit_sample/sid_set/images/full_synthetic/full_synthetic_004478.png,1,full_synthetic,1024,1024,1.048576,True,1.1072607040405273,1,1,0
True,jpeg,RGB,1024,1024,123199,False,False,0,,False,0,,,,,data/audit_sample/sid_set/images/tampered/tampered_07130.jpg,1,tampered,1024,1024,1.048576,True,0.1174917221069336,1,0,0
True,jpeg,RGB,1024,1024,163828,False,False,0,,False,0,,,,,data/audit_sample/sid_set/images/tampered/tampered_00300.jpg,1,tampered,1024,1024,1.048576,True,0.15623855590820312,1,0,0
True,jpeg,RGB,1024,1024,129857,False,False,0,,False,0,,,,,data/audit_sample/sid_set/images/tampered/tampered_07629.jpg,1,tampered,1024,1024,1.048576,True,0.1238412857055664,1,0,0
True,jpeg,RGB,1024,1024,85635,False,False,0,,False,0,,,,,data/audit_sample/sid_set/images/tampered/tampered_04096.jpg,1,tampered,1024,1024,1.048576,True,0.08166790008544922,1,0,0
True,jpeg,RGB,1024,1024,53897,False,False,0,,False,0,,,,,data/audit_sample/sid_set/images/tampered/tampered_04838.jpg,1,tampered,1024,1024,1.048576,True,0.051400184631347656,1,0,0
True,jpeg,RGB,1024,1024,71910,False,False,0,,False,0,,,,,data/audit_sample/sid_set/images/tampered/tampered_02221.jpg,1,tampered,1024,1024,1.048576,True,0.06857872009277344,1,0,0
True,jpeg,RGB,1024,1024,154706,False,False,0,,False,0,,,,,data/audit_sample/sid_set/images/tampered/tampered_01271.jpg,1,tampered,1024,1024,1.048576,True,0.1475391387939453,1,0,0
True,jpeg,RGB,1024,1024,177321,False,False,0,,False,0,,,,,data/audit_sample/sid_set/images/tampered/tampered_006076.jpg,1,tampered,1024,1024,1.048576,True,0.16910648345947266,1,0,0
True,png,RGB,1024,1024,1452026,False,False,0,,False,0,,,,,data/audit_sample/sid_set/images/full_synthetic/full_synthetic_003571.png,1,full_synthetic,1024,1024,1.048576,True,1.3847599029541016,1,1,0
True,jpeg,RGB,1024,680,204143,False,False,0,,True,0,,,,,data/audit_sample/sid_set/images/real/a034509a78c5be7d.jpg,0,real,1024,680,0.69632,False,0.2931741153492647,0,0,1
True,jpeg,RGB,1024,1024,128939,False,False,0,,False,0,,,,,data/audit_sample/sid_set/images/tampered/tampered_07172.jpg,1,tampered,1024,1024,1.048576,True,0.12296581268310547,1,0,0
True,jpeg,RGB,1024,1024,84348,False,False,0,,False,0,,,,,data/audit_sample/sid_set/images/tampered/tampered_00383.jpg,1,tampered,1024,1024,1.048576,True,0.08044052124023438,1,0,0
True,png,RGB,1024,1024,1551415,False,False,0,,False,0,,,,,data/audit_sample/sid_set/images/tampered/tampered_05176.png,1,tampered,1024,1024,1.048576,True,1.4795446395874023,1,1,0
True,png,RGB,1024,1024,1342140,False,False,0,,False,0,,,,,data/audit_sample/sid_set/images/tampered/tampered_00911.png,1,tampered,1024,1024,1.048576,True,1.2799644470214844,1,1,0
True,jpeg,RGB,1024,1024,114563,False,False,0,,False,0,,,,,data/audit_sample/sid_set/images/tampered/tampered_03994.jpg,1,tampered,1024,1024,1.048576,True,0.10925579071044922,1,0,0
True,png,RGB,1024,1024,1297764,False,False,0,,False,0,,,,,data/audit_sample/sid_set/images/full_synthetic/full_synthetic_008925.png,1,full_synthetic,1024,1024,1.048576,True,1.2376441955566406,1,1,0
True,png,RGB,1024,1024,1067517,False,False,0,,False,0,,,,,data/audit_sample/sid_set/images/full_synthetic/full_synthetic_002452.png,1,full_synthetic,1024,1024,1.048576,True,1.0180635452270508,1,1,0
True,jpeg,RGB,768,1024,727443,False,False,0,,True,0,,,,,data/audit_sample/sid_set/images/real/82c924f20c6de2e3.jpg,0,real,768,1024,0.786432,False,0.9249916076660156,0,0,1
True,jpeg,RGB,1024,1024,130702,False,False,0,,False,0,,,,,data/audit_sample/sid_set/images/tampered/tampered_00940.jpg,1,tampered,1024,1024,1.048576,True,0.12464714050292969,1,0,0
True,jpeg,RGB,1024,678,288694,False,False,0,,False,0,,,,,data/audit_sample/sid_set/images/real/b2b63df31eb1c516.jpg,0,real,1024,678,0.694272,False,0.41582261707227136,0,0,0
True,jpeg,RGB,1024,680,631326,False,False,0,,True,0,,,,,data/audit_sample/sid_set/images/real/59843881dab5eeea.jpg,0,real,1024,680,0.69632,False,0.9066607306985294,0,0,1
True,png,RGB,1024,1024,966809,False,False,0,,False,0,,,,,data/audit_sample/sid_set/images/full_synthetic/full_synthetic_003092.png,1,full_synthetic,1024,1024,1.048576,True,0.9220209121704102,1,1,0
True,jpeg,RGB,1024,1024,98023,False,False,0,,False,0,,,,,data/audit_sample/sid_set/images/tampered/tampered_01046.jpg,1,tampered,1024,1024,1.048576,True,0.09348201751708984,1,0,0
True,jpeg,RGB,1024,1024,125859,False,False,0,,False,0,,,,,data/audit_sample/sid_set/images/tampered/tampered_08592.jpg,1,tampered,1024,1024,1.048576,True,0.12002849578857422,1,0,0
True,jpeg,RGB,1024,1024,137614,False,False,0,,False,0,,,,,data/audit_sample/sid_set/images/tampered/tampered_04081.jpg,1,tampered,1024,1024,1.048576,True,0.1312389373779297,1,0,0
True,jpeg,RGB,1024,1024,108621,False,False,0,,False,0,,,,,data/audit_sample/sid_set/images/tampered/tampered_08170.jpg,1,tampered,1024,1024,1.048576,True,0.10358905792236328,1,0,0
True,jpeg,RGB,1024,680,361168,False,False,0,,False,0,,,,,data/audit_sample/sid_set/images/real/b561fb3d1dd2cea5.jpg,0,real,1024,680,0.69632,False,0.5186810661764706,0,0,0
True,png,RGB,1024,1024,1152172,False,False,0,,False,0,,,,,data/audit_sample/sid_set/images/full_synthetic/full_synthetic_007972.png,1,full_synthetic,1024,1024,1.048576,True,1.0987968444824219,1,1,0
True,jpeg,RGB,1024,1024,110762,False,False,0,,False,0,,,,,data/audit_sample/sid_set/images/tampered/tampered_02134.jpg,1,tampered,1024,1024,1.048576,True,0.10563087463378906,1,0,0
True,jpeg,RGB,768,1024,941104,False,False,0,,True,0,,,,,data/audit_sample/sid_set/images/real/1dfa55784141ea90.jpg,0,real,768,1024,0.786432,False,1.1966756184895833,0,0,1
True,jpeg,RGB,1024,1024,100583,False,False,0,,False,0,,,,,data/audit_sample/sid_set/images/tampered/tampered_04661.jpg,1,tampered,1024,1024,1.048576,True,0.09592342376708984,1,0,0
True,png,RGB,1024,1024,1125440,False,False,0,,False,0,,,,,data/audit_sample/sid_set/images/full_synthetic/full_synthetic_000644.png,1,full_synthetic,1024,1024,1.048576,True,1.07330322265625,1,1,0
True,png,RGB,1024,1024,1112211,False,False,0,,False,0,,,,,data/audit_sample/sid_set/images/full_synthetic/full_synthetic_003289.png,1,full_synthetic,1024,1024,1.048576,True,1.0606870651245117,1,1,0
True,png,RGB,1024,1024,939163,False,False,0,,False,0,,,,,data/audit_sample/sid_set/images/full_synthetic/full_synthetic_008226.png,1,full_synthetic,1024,1024,1.048576,True,0.895655632019043,1,1,0
True,jpeg,RGB,768,1024,838836,False,False,0,,True,0,,,,,data/audit_sample/sid_set/images/real/9982d09720406cd8.jpg,0,real,768,1024,0.786432,False,1.0666351318359375,0,0,1
True,png,RGB,1024,1024,911402,False,False,0,,False,0,,,,,data/audit_sample/sid_set/images/full_synthetic/full_synthetic_000925.png,1,full_synthetic,1024,1024,1.048576,True,0.8691806793212891,1,1,0
True,png,RGB,1024,1024,1189015,False,False,0,,False,0,,,,,data/audit_sample/sid_set/images/full_synthetic/full_synthetic_004327.png,1,full_synthetic,1024,1024,1.048576,True,1.1339330673217773,1,1,0
True,jpeg,RGB,1024,768,124185,False,False,0,,True,0,,,,,data/audit_sample/sid_set/images/real/470878d0869e429c.jpg,0,real,1024,768,0.786432,False,0.15790939331054688,0,0,1
True,png,RGB,1024,1024,1352655,False,False,0,,False,0,,,,,data/audit_sample/sid_set/images/full_synthetic/full_synthetic_001569.png,1,full_synthetic,1024,1024,1.048576,True,1.289992332458496,1,1,0
True,png,RGB,1024,1024,1232591,False,False,0,,False,0,,,,,data/audit_sample/sid_set/images/full_synthetic/full_synthetic_009369.png,1,full_synthetic,1024,1024,1.048576,True,1.175490379333496,1,1,0
True,jpeg,RGB,1024,1024,75619,False,False,0,,False,0,,,,,data/audit_sample/sid_set/images/tampered/tampered_08960.jpg,1,tampered,1024,1024,1.048576,True,0.07211589813232422,1,0,0
True,png,RGB,1024,1024,1003989,False,False,0,,False,0,,,,,data/audit_sample/sid_set/images/full_synthetic/full_synthetic_006642.png,1,full_synthetic,1024,1024,1.048576,True,0.9574785232543945,1,1,0
True,png,RGB,1024,1024,1085764,False,False,0,,False,0,,,,,data/audit_sample/sid_set/images/full_synthetic/full_synthetic_003340.png,1,full_synthetic,1024,1024,1.048576,True,1.0354652404785156,1,1,0
True,jpeg,RGB,1024,576,281152,False,False,0,,False,0,,,,,data/audit_sample/sid_set/images/real/5838a97d46c49d06.jpg,0,real,1024,576,0.589824,False,0.4766710069444444,0,0,0
True,jpeg,RGB,1024,1024,112458,False,False,0,,False,0,,,,,data/audit_sample/sid_set/images/tampered/tampered_07591.jpg,1,tampered,1024,1024,1.048576,True,0.10724830627441406,1,0,0
True,jpeg,RGB,683,1024,194788,False,False,0,,True,0,,,,,data/audit_sample/sid_set/images/real/2735b85df15329fb.jpg,0,real,683,1024,0.699392,False,0.27851047767203513,0,0,1
True,png,RGB,1024,1024,1046087,False,False,0,,False,0,,,,,data/audit_sample/sid_set/images/full_synthetic/full_synthetic_008483.png,1,full_synthetic,1024,1024,1.048576,True,0.9976263046264648,1,1,0
True,jpeg,RGB,768,1024,506529,False,False,0,,True,0,,,,,data/audit_sample/sid_set/images/real/187eb1a0c447a689.jpg,0,real,768,1024,0.786432,False,0.6440849304199219,0,0,1
True,png,RGB,1024,1024,1247468,False,False,0,,False,0,,,,,data/audit_sample/sid_set/images/full_synthetic/full_synthetic_003958.png,1,full_synthetic,1024,1024,1.048576,True,1.1896781921386719,1,1,0
True,jpeg,RGB,684,1024,57900,False,False,0,,True,0,,,,,data/audit_sample/sid_set/images/real/27d9823c30cbc270.jpg,0,real,684,1024,0.700416,False,0.08266515899122807,0,0,1
True,jpeg,RGB,1024,1024,180934,False,False,0,,False,0,,,,,data/audit_sample/sid_set/images/tampered/tampered_04816.jpg,1,tampered,1024,1024,1.048576,True,0.17255210876464844,1,0,0
True,png,RGB,1024,1024,1560161,False,False,0,,False,0,,,,,data/audit_sample/sid_set/images/full_synthetic/full_synthetic_004363.png,1,full_synthetic,1024,1024,1.048576,True,1.4878854751586914,1,1,0
True,jpeg,RGB,1024,1024,159068,False,False,0,,False,0,,,,,data/audit_sample/sid_set/images/tampered/tampered_01802.jpg,1,tampered,1024,1024,1.048576,True,0.15169906616210938,1,0,0
True,jpeg,RGB,1024,683,364960,False,False,0,,False,0,,,,,data/audit_sample/sid_set/images/real/aa929fb4bbcee600.jpg,0,real,1024,683,0.699392,False,0.5218246705710102,0,0,0
True,jpeg,RGB,1024,1024,121237,False,False,0,,False,0,,,,,data/audit_sample/sid_set/images/tampered/tampered_04208.jpg,1,tampered,1024,1024,1.048576,True,0.11562061309814453,1,0,0
True,jpeg,RGB,775,1024,249253,False,False,0,,False,0,,,,,data/audit_sample/sid_set/images/real/cbb1434f9e5a3cd5.jpg,0,real,775,1024,0.7936,False,0.3140788810483871,0,0,0
True,jpeg,RGB,1024,819,766329,False,False,0,,True,0,,,,,data/audit_sample/sid_set/images/real/f7c9f815be73a398.jpg,0,real,1024,819,0.838656,False,0.9137584420787546,0,0,1
True,jpeg,RGB,1024,1024,194018,False,False,0,,False,0,,,,,data/audit_sample/sid_set/images/tampered/tampered_04503.jpg,1,tampered,1024,1024,1.048576,True,0.1850299835205078,1,0,0
True,jpeg,RGB,1024,1024,164058,False,False,0,,False,0,,,,,data/audit_sample/sid_set/images/tampered/tampered_005274.jpg,1,tampered,1024,1024,1.048576,True,0.15645790100097656,1,0,0
True,jpeg,RGB,1024,685,559896,False,False,0,,True,0,,,,,data/audit_sample/sid_set/images/real/2c63306b9a6a5293.jpg,0,real,1024,685,0.70144,False,0.7982093978102189,0,0,1
True,jpeg,RGB,1024,1024,172193,False,False,0,,False,0,,,,,data/audit_sample/sid_set/images/tampered/tampered_06192.jpg,1,tampered,1024,1024,1.048576,True,0.1642160415649414,1,0,0
True,png,RGB,1024,1024,1301809,False,False,0,,False,0,,,,,data/audit_sample/sid_set/images/full_synthetic/full_synthetic_005044.png,1,full_synthetic,1024,1024,1.048576,True,1.241501808166504,1,1,0
True,jpeg,RGB,1024,1024,88519,False,False,0,,False,0,,,,,data/audit_sample/sid_set/images/tampered/tampered_06448.jpg,1,tampered,1024,1024,1.048576,True,0.08441829681396484,1,0,0
True,png,RGB,1024,1024,1447841,False,False,0,,False,0,,,,,data/audit_sample/sid_set/images/full_synthetic/full_synthetic_006575.png,1,full_synthetic,1024,1024,1.048576,True,1.3807687759399414,1,1,0
True,png,RGB,1024,1024,1366100,False,False,0,,False,0,,,,,data/audit_sample/sid_set/images/full_synthetic/full_synthetic_007926.png,1,full_synthetic,1024,1024,1.048576,True,1.3028144836425781,1,1,0
True,jpeg,RGB,1024,1024,100289,False,False,0,,False,0,,,,,data/audit_sample/sid_set/images/tampered/tampered_02499.jpg,1,tampered,1024,1024,1.048576,True,0.0956430435180664,1,0,0
True,jpeg,RGB,1024,764,225728,False,False,0,,False,0,,,,,data/audit_sample/sid_set/images/real/387cc66770480af8.jpg,0,real,1024,764,0.782336,False,0.28853075916230364,0,0,0
True,jpeg,RGB,776,1024,240002,False,False,0,,True,0,,,,,data/audit_sample/sid_set/images/real/4dbc9efd3d78e9a6.jpg,0,real,776,1024,0.794624,False,0.30203215608891754,0,0,1
True,jpeg,RGB,1024,1024,95248,False,False,0,,False,0,,,,,data/audit_sample/sid_set/images/tampered/tampered_04011.jpg,1,tampered,1024,1024,1.048576,True,0.0908355712890625,1,0,0
True,jpeg,RGB,1024,768,671716,False,False,0,,False,0,,,,,data/audit_sample/sid_set/images/real/769c9f71cc18490e.jpg,0,real,1024,768,0.786432,False,0.8541310628255209,0,0,0
True,png,RGB,1024,1024,1203662,False,False,0,,False,0,,,,,data/audit_sample/sid_set/images/full_synthetic/full_synthetic_004409.png,1,full_synthetic,1024,1024,1.048576,True,1.1479015350341797,1,1,0
True,jpeg,RGB,1024,681,556068,False,False,0,,False,0,,,,,data/audit_sample/sid_set/images/real/2e7a1bcf382440bf.jpg,0,real,1024,681,0.697344,False,0.7974084526431718,0,0,0
True,png,RGB,1024,1024,1077967,False,False,0,,False,0,,,,,data/audit_sample/sid_set/images/full_synthetic/full_synthetic_004601.png,1,full_synthetic,1024,1024,1.048576,True,1.028029441833496,1,1,0
True,jpeg,RGB,1024,682,65644,False,False,0,,False,0,,,,,data/audit_sample/sid_set/images/real/852a3e02c5a979af.jpg,0,real,1024,682,0.698368,False,0.09399628848973607,0,0,0
True,jpeg,RGB,1024,733,201843,False,False,0,,False,0,,,,,data/audit_sample/sid_set/images/real/24a383f9bc53664f.jpg,0,real,1024,733,0.750592,False,0.2689117390006821,0,0,0
True,png,RGB,1024,1024,1049136,False,False,0,,False,0,,,,,data/audit_sample/sid_set/images/full_synthetic/full_synthetic_004455.png,1,full_synthetic,1024,1024,1.048576,True,1.0005340576171875,1,1,0
True,jpeg,RGB,1024,768,226511,False,False,0,,False,0,,,,,data/audit_sample/sid_set/images/real/7a811bd2e55347b2.jpg,0,real,1024,768,0.786432,False,0.2880236307779948,0,0,0
True,jpeg,RGB,1024,1024,184328,False,False,0,,False,0,,,,,data/audit_sample/sid_set/images/tampered/tampered_08660.jpg,1,tampered,1024,1024,1.048576,True,0.17578887939453125,1,0,0
True,jpeg,RGB,685,1024,522402,False,False,0,,True,0,,,,,data/audit_sample/sid_set/images/real/38a7994c103494d6.jpg,0,real,685,1024,0.70144,False,0.7447565009124087,0,0,1
True,png,RGB,1024,1024,1359752,False,False,0,,False,0,,,,,data/audit_sample/sid_set/images/full_synthetic/full_synthetic_009510.png,1,full_synthetic,1024,1024,1.048576,True,1.2967605590820312,1,1,0
True,jpeg,RGB,1024,1024,165241,False,False,0,,False,0,,,,,data/audit_sample/sid_set/images/tampered/tampered_01938.jpg,1,tampered,1024,1024,1.048576,True,0.15758609771728516,1,0,0
True,png,RGB,1024,1024,1108644,False,False,0,,False,0,,,,,data/audit_sample/sid_set/images/full_synthetic/full_synthetic_003941.png,1,full_synthetic,1024,1024,1.048576,True,1.0572853088378906,1,1,0
True,png,RGB,1024,1024,985476,False,False,0,,False,0,,,,,data/audit_sample/sid_set/images/full_synthetic/full_synthetic_000530.png,1,full_synthetic,1024,1024,1.048576,True,0.9398231506347656,1,1,0
True,jpeg,RGB,1024,1024,147166,False,False,0,,False,0,,,,,data/audit_sample/sid_set/images/tampered/tampered_03794.jpg,1,tampered,1024,1024,1.048576,True,0.1403484344482422,1,0,0
True,jpeg,RGB,1024,1024,193030,False,False,0,,False,0,,,,,data/audit_sample/sid_set/images/tampered/tampered_05847.jpg,1,tampered,1024,1024,1.048576,True,0.18408775329589844,1,0,0
True,jpeg,RGB,1024,768,284088,False,False,0,,False,0,,,,,data/audit_sample/sid_set/images/real/7ae201ed232af0a1.jpg,0,real,1024,768,0.786432,False,0.361236572265625,0,0,0
True,jpeg,RGB,1024,1024,166682,False,False,0,,False,0,,,,,data/audit_sample/sid_set/images/tampered/tampered_08013.jpg,1,tampered,1024,1024,1.048576,True,0.15896034240722656,1,0,0
True,jpeg,RGB,1024,677,719437,False,False,0,,True,0,,,,,data/audit_sample/sid_set/images/real/8759d83008075c46.jpg,0,real,1024,677,0.693248,False,1.0377772456610044,0,0,1
True,png,RGB,1024,1024,1031153,False,False,0,,False,0,,,,,data/audit_sample/sid_set/images/full_synthetic/full_synthetic_006919.png,1,full_synthetic,1024,1024,1.048576,True,0.9833841323852539,1,1,0
True,png,RGB,1024,1024,975986,False,False,0,,False,0,,,,,data/audit_sample/sid_set/images/full_synthetic/full_synthetic_008152.png,1,full_synthetic,1024,1024,1.048576,True,0.9307727813720703,1,1,0
True,jpeg,RGB,1024,1024,183992,False,False,0,,False,0,,,,,data/audit_sample/sid_set/images/tampered/tampered_05087.jpg,1,tampered,1024,1024,1.048576,True,0.17546844482421875,1,0,0
True,jpeg,RGB,1024,1024,110271,False,False,0,,False,0,,,,,data/audit_sample/sid_set/images/tampered/tampered_06853.jpg,1,tampered,1024,1024,1.048576,True,0.1051626205444336,1,0,0
True,png,RGB,1024,1024,1518117,False,False,0,,False,0,,,,,data/audit_sample/sid_set/images/full_synthetic/full_synthetic_006623.png,1,full_synthetic,1024,1024,1.048576,True,1.447789192199707,1,1,0
True,jpeg,RGB,1024,1024,186678,False,False,0,,False,0,,,,,data/audit_sample/sid_set/images/tampered/tampered_05658.jpg,1,tampered,1024,1024,1.048576,True,0.17803001403808594,1,0,0
True,jpeg,RGB,1024,1024,117707,False,False,0,,False,0,,,,,data/audit_sample/sid_set/images/tampered/tampered_006663.jpg,1,tampered,1024,1024,1.048576,True,0.11225414276123047,1,0,0
True,png,RGB,1024,1024,1441472,False,False,0,,False,0,,,,,data/audit_sample/sid_set/images/full_synthetic/full_synthetic_001314.png,1,full_synthetic,1024,1024,1.048576,True,1.37469482421875,1,1,0
True,jpeg,RGB,1024,768,123189,False,False,0,,False,0,,,,,data/audit_sample/sid_set/images/real/a188dce3b6e5a585.jpg,0,real,1024,768,0.786432,False,0.15664291381835938,0,0,0
True,jpeg,RGB,1024,1024,154116,False,False,0,,False,0,,,,,data/audit_sample/sid_set/images/tampered/tampered_08388.jpg,1,tampered,1024,1024,1.048576,True,0.14697647094726562,1,0,0
True,jpeg,RGB,1024,1024,162805,False,False,0,,False,0,,,,,data/audit_sample/sid_set/images/tampered/tampered_04935.jpg,1,tampered,1024,1024,1.048576,True,0.15526294708251953,1,0,0
True,png,RGB,1024,1024,600278,False,False,0,,False,0,,,,,data/audit_sample/sid_set/images/tampered/tampered_006610.png,1,tampered,1024,1024,1.048576,True,0.5724697113037109,1,1,0
True,jpeg,RGB,1024,683,547986,False,False,0,,True,0,,,,,data/audit_sample/sid_set/images/real/00abfbf66c2b15a0.jpg,0,real,1024,683,0.699392,False,0.7835176839311859,0,0,1
True,jpeg,RGB,1024,1024,127229,False,False,0,,False,0,,,,,data/audit_sample/sid_set/images/tampered/tampered_08793.jpg,1,tampered,1024,1024,1.048576,True,0.12133502960205078,1,0,0
True,jpeg,RGB,1024,1024,70386,False,False,0,,False,0,,,,,data/audit_sample/sid_set/images/tampered/tampered_03202.jpg,1,tampered,1024,1024,1.048576,True,0.06712532043457031,1,0,0
True,jpeg,RGB,1024,719,168806,False,False,0,,False,0,,,,,data/audit_sample/sid_set/images/real/4742f01d282c04d0.jpg,0,real,1024,719,0.736256,False,0.2292762300069541,0,0,0
True,jpeg,RGB,1024,1024,110724,False,False,0,,False,0,,,,,data/audit_sample/sid_set/images/tampered/tampered_00761.jpg,1,tampered,1024,1024,1.048576,True,0.10559463500976562,1,0,0
True,png,RGB,1024,1024,1358099,False,False,0,,False,0,,,,,data/audit_sample/sid_set/images/full_synthetic/full_synthetic_001428.png,1,full_synthetic,1024,1024,1.048576,True,1.2951841354370117,1,1,0
True,jpeg,RGB,1024,1024,118756,False,False,0,,False,0,,,,,data/audit_sample/sid_set/images/tampered/tampered_06586.jpg,1,tampered,1024,1024,1.048576,True,0.11325454711914062,1,0,0
True,jpeg,RGB,1024,1024,200264,False,False,0,,False,0,,,,,data/audit_sample/sid_set/images/tampered/tampered_005970.jpg,1,tampered,1024,1024,1.048576,True,0.19098663330078125,1,0,0
True,png,RGB,1024,1024,788196,False,False,0,,False,0,,,,,data/audit_sample/sid_set/images/full_synthetic/full_synthetic_001606.png,1,full_synthetic,1024,1024,1.048576,True,0.7516822814941406,1,1,0
True,jpeg,RGB,1024,1024,95230,False,False,0,,False,0,,,,,data/audit_sample/sid_set/images/tampered/tampered_02343.jpg,1,tampered,1024,1024,1.048576,True,0.09081840515136719,1,0,0
True,jpeg,RGB,683,1024,615571,False,False,0,,True,0,,,,,data/audit_sample/sid_set/images/real/7c4eefe350363fb8.jpg,0,real,683,1024,0.699392,False,0.8801516174048316,0,0,1
True,jpeg,RGB,1024,975,569275,False,False,0,,False,0,,,,,data/audit_sample/sid_set/images/real/92e15e0a41552045.jpg,0,real,1024,975,0.9984,False,0.5701872996794872,0,0,0
True,png,RGB,1024,1024,996696,False,False,0,,False,0,,,,,data/audit_sample/sid_set/images/full_synthetic/full_synthetic_003413.png,1,full_synthetic,1024,1024,1.048576,True,0.9505233764648438,1,1,0
True,jpeg,RGB,1024,680,246824,False,False,0,,False,0,,,,,data/audit_sample/sid_set/images/real/8a0f1b6ab260b789.jpg,0,real,1024,680,0.69632,False,0.35446920955882355,0,0,0
True,png,RGB,1024,1024,1058777,False,False,0,,False,0,,,,,data/audit_sample/sid_set/images/full_synthetic/full_synthetic_003995.png,1,full_synthetic,1024,1024,1.048576,True,1.0097284317016602,1,1,0
True,png,RGB,1024,1024,1407241,False,False,0,,False,0,,,,,data/audit_sample/sid_set/images/full_synthetic/full_synthetic_001952.png,1,full_synthetic,1024,1024,1.048576,True,1.3420495986938477,1,1,0
True,jpeg,RGB,1024,995,298381,False,False,0,,False,0,,,,,data/audit_sample/sid_set/images/real/16ff621eb3eda6fe.jpg,0,real,1024,995,1.01888,False,0.2928519550879397,0,0,0
True,jpeg,RGB,1024,768,406804,False,False,0,,False,0,,,,,data/audit_sample/sid_set/images/real/b93cf9954f90dc49.jpg,0,real,1024,768,0.786432,False,0.5172780354817709,0,0,0
True,jpeg,RGB,1024,1024,61940,False,False,0,,False,0,,,,,data/audit_sample/sid_set/images/tampered/tampered_03549.jpg,1,tampered,1024,1024,1.048576,True,0.059070587158203125,1,0,0
True,jpeg,RGB,1024,1024,189667,False,False,0,,False,0,,,,,data/audit_sample/sid_set/images/tampered/tampered_01985.jpg,1,tampered,1024,1024,1.048576,True,0.18088054656982422,1,0,0
True,jpeg,RGB,1024,1024,37420,False,False,0,,False,0,,,,,data/audit_sample/sid_set/images/tampered/tampered_00318.jpg,1,tampered,1024,1024,1.048576,True,0.035686492919921875,1,0,0
True,jpeg,RGB,1024,681,382718,False,False,0,,False,0,,,,,data/audit_sample/sid_set/images/real/86df9abe6d66e689.jpg,0,real,1024,681,0.697344,False,0.5488223889500734,0,0,0
True,png,RGB,1024,1024,1064140,False,False,0,,False,0,,,,,data/audit_sample/sid_set/images/full_synthetic/full_synthetic_008954.png,1,full_synthetic,1024,1024,1.048576,True,1.0148429870605469,1,1,0
True,jpeg,RGB,1024,1024,151951,False,False,0,,False,0,,,,,data/audit_sample/sid_set/images/tampered/tampered_09069.jpg,1,tampered,1024,1024,1.048576,True,0.1449117660522461,1,0,0
True,jpeg,RGB,1024,1024,129963,False,False,0,,False,0,,,,,data/audit_sample/sid_set/images/tampered/tampered_03978.jpg,1,tampered,1024,1024,1.048576,True,0.12394237518310547,1,0,0
True,jpeg,RGB,1024,685,675006,False,False,0,,True,0,,,,,data/audit_sample/sid_set/images/real/67d8c315aba119c8.jpg,0,real,1024,685,0.70144,False,0.9623146669708029,0,0,1
True,jpeg,RGB,1024,1024,111736,False,False,0,,False,0,,,,,data/audit_sample/sid_set/images/tampered/tampered_01559.jpg,1,tampered,1024,1024,1.048576,True,0.10655975341796875,1,0,0
True,jpeg,RGB,679,1024,349248,False,False,0,,False,0,,,,,data/audit_sample/sid_set/images/real/d9daba4b005f879a.jpg,0,real,679,1024,0.695296,False,0.50230117820324,0,0,0
True,jpeg,RGB,1024,685,579212,False,False,0,,False,0,,,,,data/audit_sample/sid_set/images/real/41d18b362c5bec96.jpg,0,real,1024,685,0.70144,False,0.8257470346715329,0,0,0
True,png,RGB,1024,1024,1197431,False,False,0,,False,0,,,,,data/audit_sample/sid_set/images/full_synthetic/full_synthetic_005734.png,1,full_synthetic,1024,1024,1.048576,True,1.1419591903686523,1,1,0
True,png,RGB,1024,1024,1559332,False,False,0,,False,0,,,,,data/audit_sample/sid_set/images/full_synthetic/full_synthetic_002152.png,1,full_synthetic,1024,1024,1.048576,True,1.4870948791503906,1,1,0
True,jpeg,RGB,1024,768,125066,False,False,0,,False,0,,,,,data/audit_sample/sid_set/images/real/50a93580e8d75407.jpg,0,real,1024,768,0.786432,False,0.1590296427408854,0,0,0
True,png,RGB,1024,1024,1314084,False,False,0,,False,0,,,,,data/audit_sample/sid_set/images/full_synthetic/full_synthetic_009839.png,1,full_synthetic,1024,1024,1.048576,True,1.2532081604003906,1,1,0
True,jpeg,RGB,1024,685,601896,False,False,0,,True,0,,,,,data/audit_sample/sid_set/images/real/f86fa4731eb445a5.jpg,0,real,1024,685,0.70144,False,0.8580862226277373,0,0,1
True,jpeg,RGB,1024,1024,88204,False,False,0,,False,0,,,,,data/audit_sample/sid_set/images/tampered/tampered_00723.jpg,1,tampered,1024,1024,1.048576,True,0.08411788940429688,1,0,0
True,jpeg,RGB,1024,692,728633,False,False,0,,True,0,,,,,data/audit_sample/sid_set/images/real/b197af2e0a7c677e.jpg,0,real,1024,692,0.708608,False,1.0282596301481215,0,0,1
True,jpeg,RGB,1024,1024,52927,False,False,0,,False,0,,,,,data/audit_sample/sid_set/images/tampered/tampered_03267.jpg,1,tampered,1024,1024,1.048576,True,0.050475120544433594,1,0,0
True,jpeg,RGB,1024,768,48872,False,False,0,,True,0,,,,,data/audit_sample/sid_set/images/real/a72bba70db4f7f27.jpg,0,real,1024,768,0.786432,False,0.062143961588541664,0,0,1
True,png,RGB,1024,1024,1483897,False,False,0,,False,0,,,,,data/audit_sample/sid_set/images/full_synthetic/full_synthetic_007822.png,1,full_synthetic,1024,1024,1.048576,True,1.4151544570922852,1,1,0
True,png,RGB,1024,1024,1095232,False,False,0,,False,0,,,,,data/audit_sample/sid_set/images/full_synthetic/full_synthetic_009157.png,1,full_synthetic,1024,1024,1.048576,True,1.04449462890625,1,1,0
True,jpeg,RGB,818,768,115331,False,False,0,,False,0,,,,,data/audit_sample/sid_set/images/real/e9db47ec0e64bfb8.jpg,0,real,818,768,0.628224,False,0.18358260747758762,0,0,0
True,jpeg,RGB,1024,1024,102828,False,False,0,,False,0,,,,,data/audit_sample/sid_set/images/tampered/tampered_02464.jpg,1,tampered,1024,1024,1.048576,True,0.09806442260742188,1,0,0
True,jpeg,RGB,1024,1024,74515,False,False,0,,False,0,,,,,data/audit_sample/sid_set/images/tampered/tampered_006296.jpg,1,tampered,1024,1024,1.048576,True,0.07106304168701172,1,0,0
True,png,RGB,1024,1024,1183323,False,False,0,,False,0,,,,,data/audit_sample/sid_set/images/full_synthetic/full_synthetic_002225.png,1,full_synthetic,1024,1024,1.048576,True,1.128504753112793,1,1,0
True,jpeg,RGB,1024,1024,52303,False,False,0,,False,0,,,,,data/audit_sample/sid_set/images/tampered/tampered_05577.jpg,1,tampered,1024,1024,1.048576,True,0.049880027770996094,1,0,0
True,png,RGB,1024,1024,826202,False,False,0,,False,0,,,,,data/audit_sample/sid_set/images/full_synthetic/full_synthetic_001822.png,1,full_synthetic,1024,1024,1.048576,True,0.7879276275634766,1,1,0
True,jpeg,RGB,1024,1024,98116,False,False,0,,False,0,,,,,data/audit_sample/sid_set/images/tampered/tampered_07425.jpg,1,tampered,1024,1024,1.048576,True,0.09357070922851562,1,0,0
True,png,RGB,1024,1024,1187567,False,False,0,,False,0,,,,,data/audit_sample/sid_set/images/full_synthetic/full_synthetic_002894.png,1,full_synthetic,1024,1024,1.048576,True,1.132552146911621,1,1,0
True,png,RGB,1024,1024,1197707,False,False,0,,False,0,,,,,data/audit_sample/sid_set/images/full_synthetic/full_synthetic_005034.png,1,full_synthetic,1024,1024,1.048576,True,1.1422224044799805,1,1,0
True,jpeg,RGB,680,1024,273882,False,False,0,,False,0,,,,,data/audit_sample/sid_set/images/real/0ea4caf282ae0fe4.jpg,0,real,680,1024,0.69632,False,0.39332778033088234,0,0,0
True,png,RGB,1024,1024,1421057,False,False,0,,False,0,,,,,data/audit_sample/sid_set/images/full_synthetic/full_synthetic_000074.png,1,full_synthetic,1024,1024,1.048576,True,1.3552255630493164,1,1,0
True,jpeg,RGB,1024,606,142304,False,False,0,,True,0,,,,,data/audit_sample/sid_set/images/real/dee8ca1e18a26574.jpg,0,real,1024,606,0.620544,False,0.2293213696369637,0,0,1
True,jpeg,RGB,1024,683,217168,False,False,0,,True,0,,,,,data/audit_sample/sid_set/images/real/7950c48ada11be7f.jpg,0,real,1024,683,0.699392,False,0.3105096998535871,0,0,1
True,jpeg,RGB,1024,1024,207572,False,False,0,,False,0,,,,,data/audit_sample/sid_set/images/tampered/tampered_03861.jpg,1,tampered,1024,1024,1.048576,True,0.19795608520507812,1,0,0
True,png,RGB,1024,1024,1091869,False,False,0,,False,0,,,,,data/audit_sample/sid_set/images/full_synthetic/full_synthetic_008243.png,1,full_synthetic,1024,1024,1.048576,True,1.0412874221801758,1,1,0
True,jpeg,RGB,1024,682,103360,False,False,0,,False,0,,,,,data/audit_sample/sid_set/images/real/b780736f8523f96a.jpg,0,real,1024,682,0.698368,False,0.14800219941348974,0,0,0
True,jpeg,RGB,1024,768,181931,False,False,0,,False,0,,,,,data/audit_sample/sid_set/images/real/f07d07f8ffdfe64d.jpg,0,real,1024,768,0.786432,False,0.23133722941080728,0,0,0
True,png,RGB,1024,1024,939974,False,False,0,,False,0,,,,,data/audit_sample/sid_set/images/full_synthetic/full_synthetic_001340.png,1,full_synthetic,1024,1024,1.048576,True,0.8964290618896484,1,1,0
True,png,RGB,1024,1024,1229881,False,False,0,,False,0,,,,,data/audit_sample/sid_set/images/full_synthetic/full_synthetic_003707.png,1,full_synthetic,1024,1024,1.048576,True,1.1729059219360352,1,1,0
True,jpeg,RGB,1024,683,218323,False,False,0,,False,0,,,,,data/audit_sample/sid_set/images/real/c83ad810d55fdd84.jpg,0,real,1024,683,0.699392,False,0.31216113424231334,0,0,0
True,png,RGB,1024,1024,977585,False,False,0,,False,0,,,,,data/audit_sample/sid_set/images/full_synthetic/full_synthetic_001965.png,1,full_synthetic,1024,1024,1.048576,True,0.9322977066040039,1,1,0
True,png,RGB,1024,1024,1316478,False,False,0,,False,0,,,,,data/audit_sample/sid_set/images/full_synthetic/full_synthetic_009336.png,1,full_synthetic,1024,1024,1.048576,True,1.2554912567138672,1,1,0
True,jpeg,RGB,1024,1024,182901,False,False,0,,False,0,,,,,data/audit_sample/sid_set/images/tampered/tampered_01808.jpg,1,tampered,1024,1024,1.048576,True,0.17442798614501953,1,0,0
True,png,RGB,1024,1024,1068069,False,False,0,,False,0,,,,,data/audit_sample/sid_set/images/full_synthetic/full_synthetic_004400.png,1,full_synthetic,1024,1024,1.048576,True,1.018589973449707,1,1,0
True,jpeg,RGB,1024,966,1284551,False,False,0,,False,0,,,,,data/audit_sample/sid_set/images/real/16796d21e45bf67d.jpg,0,real,1024,966,0.989184,False,1.2985966210533126,0,0,0
True,jpeg,RGB,1024,1024,137543,False,False,0,,False,0,,,,,data/audit_sample/sid_set/images/tampered/tampered_01832.jpg,1,tampered,1024,1024,1.048576,True,0.13117122650146484,1,0,0
True,jpeg,RGB,765,1024,592908,False,False,0,,True,0,,,,,data/audit_sample/sid_set/images/real/bc8b17561fd37502.jpg,0,real,765,1024,0.78336,False,0.7568780637254902,0,0,1
True,jpeg,RGB,1024,1024,49816,False,False,0,,False,0,,,,,data/audit_sample/sid_set/images/tampered/tampered_04562.jpg,1,tampered,1024,1024,1.048576,True,0.04750823974609375,1,0,0
True,jpeg,RGB,1024,819,643296,False,False,0,,True,0,,,,,data/audit_sample/sid_set/images/real/779c556f18b2caf2.jpg,0,real,1024,819,0.838656,False,0.7670558608058609,0,0,1
True,jpeg,RGB,1024,585,473680,False,False,0,,True,0,,,,,data/audit_sample/sid_set/images/real/11cb71b39c3e3061.jpg,0,real,1024,585,0.59904,False,0.7907318376068376,0,0,1
True,jpeg,CMYK,1024,683,623572,False,False,0,,False,0,,,,,data/audit_sample/sid_set/images/real/a234e6e5e961dbd6.jpg,0,real,1024,683,0.699392,False,0.8915915538067349,0,0,0
True,jpeg,RGB,1024,1024,190925,False,False,0,,False,0,,,,,data/audit_sample/sid_set/images/tampered/tampered_05474.jpg,1,tampered,1024,1024,1.048576,True,0.18208026885986328,1,0,0
True,jpeg,RGB,1024,1024,172172,False,False,0,,False,0,,,,,data/audit_sample/sid_set/images/tampered/tampered_03153.jpg,1,tampered,1024,1024,1.048576,True,0.16419601440429688,1,0,0
True,jpeg,RGB,1024,683,409258,False,False,0,,False,0,,,,,data/audit_sample/sid_set/images/real/abc4078ae49cf19a.jpg,0,real,1024,683,0.699392,False,0.5851625411786238,0,0,0
True,jpeg,RGB,1024,683,1085363,False,False,0,,True,0,,,,,data/audit_sample/sid_set/images/real/01ede50eebee54b3.jpg,0,real,1024,683,0.699392,False,1.5518664783125915,0,0,1
True,jpeg,RGB,768,1024,337243,False,False,0,,True,0,,,,,data/audit_sample/sid_set/images/real/bd0d923e5074f909.jpg,0,real,768,1024,0.786432,False,0.42882664998372394,0,0,1
True,jpeg,RGB,1024,1024,159360,False,False,0,,False,0,,,,,data/audit_sample/sid_set/images/tampered/tampered_07953.jpg,1,tampered,1024,1024,1.048576,True,0.1519775390625,1,0,0
True,png,RGB,1024,1024,1041047,False,False,0,,False,0,,,,,data/audit_sample/sid_set/images/full_synthetic/full_synthetic_007785.png,1,full_synthetic,1024,1024,1.048576,True,0.9928197860717773,1,1,0
True,png,RGB,1024,1024,1378831,False,False,0,,False,0,,,,,data/audit_sample/sid_set/images/full_synthetic/full_synthetic_008725.png,1,full_synthetic,1024,1024,1.048576,True,1.314955711364746,1,1,0
True,png,RGB,1024,1024,1298018,False,False,0,,False,0,,,,,data/audit_sample/sid_set/images/full_synthetic/full_synthetic_009804.png,1,full_synthetic,1024,1024,1.048576,True,1.2378864288330078,1,1,0
True,jpeg,RGB,1024,1024,137645,False,False,0,,False,0,,,,,data/audit_sample/sid_set/images/tampered/tampered_06129.jpg,1,tampered,1024,1024,1.048576,True,0.13126850128173828,1,0,0
True,png,RGB,1024,1024,1687498,False,False,0,,False,0,,,,,data/audit_sample/sid_set/images/full_synthetic/full_synthetic_008853.png,1,full_synthetic,1024,1024,1.048576,True,1.609323501586914,1,1,0
True,jpeg,RGB,1024,767,123620,False,False,0,,True,0,,,,,data/audit_sample/sid_set/images/real/11e2410a43e2b49e.jpg,0,real,1024,767,0.785408,False,0.15739590123859193,0,0,1
True,jpeg,RGB,1024,1024,161316,False,False,0,,False,0,,,,,data/audit_sample/sid_set/images/tampered/tampered_01751.jpg,1,tampered,1024,1024,1.048576,True,0.15384292602539062,1,0,0
True,jpeg,RGB,1024,1024,122764,False,False,0,,False,0,,,,,data/audit_sample/sid_set/images/tampered/tampered_06649.jpg,1,tampered,1024,1024,1.048576,True,0.11707687377929688,1,0,0
True,jpeg,RGB,1024,1024,92664,False,False,0,,False,0,,,,,data/audit_sample/sid_set/images/tampered/tampered_09064.jpg,1,tampered,1024,1024,1.048576,True,0.08837127685546875,1,0,0
True,png,RGB,1024,1024,1148806,False,False,0,,False,0,,,,,data/audit_sample/sid_set/images/full_synthetic/full_synthetic_008090.png,1,full_synthetic,1024,1024,1.048576,True,1.0955867767333984,1,1,0
True,png,RGB,1024,1024,885719,False,False,0,,False,0,,,,,data/audit_sample/sid_set/images/full_synthetic/full_synthetic_006505.png,1,full_synthetic,1024,1024,1.048576,True,0.8446874618530273,1,1,0
True,jpeg,RGB,1024,1024,107613,False,False,0,,False,0,,,,,data/audit_sample/sid_set/images/tampered/tampered_005363.jpg,1,tampered,1024,1024,1.048576,True,0.10262775421142578,1,0,0
True,jpeg,RGB,685,1024,220751,False,False,0,,True,0,,,,,data/audit_sample/sid_set/images/real/23a16676a1857a77.jpg,0,real,685,1024,0.70144,False,0.31471116560218976,0,0,1
True,png,RGB,1024,1024,1762360,False,False,0,,False,0,,,,,data/audit_sample/sid_set/images/full_synthetic/full_synthetic_008684.png,1,full_synthetic,1024,1024,1.048576,True,1.6807174682617188,1,1,0
True,jpeg,RGB,1024,1024,281297,False,False,0,,False,0,,,,,data/audit_sample/sid_set/images/tampered/tampered_02169.jpg,1,tampered,1024,1024,1.048576,True,0.2682657241821289,1,0,0
True,jpeg,RGB,683,1024,150312,False,False,0,,True,0,,,,,data/audit_sample/sid_set/images/real/8235ecbf9f33e904.jpg,0,real,683,1024,0.699392,False,0.21491810029282576,0,0,1
True,png,RGB,1024,1024,1111311,False,False,0,,False,0,,,,,data/audit_sample/sid_set/images/full_synthetic/full_synthetic_009886.png,1,full_synthetic,1024,1024,1.048576,True,1.059828758239746,1,1,0
True,jpeg,RGB,1024,768,147308,False,False,0,,False,0,,,,,data/audit_sample/sid_set/images/real/d1179b06d2a57bd0.jpg,0,real,1024,768,0.786432,False,0.18731180826822916,0,0,0
True,png,RGB,1024,1024,1136532,False,False,0,,False,0,,,,,data/audit_sample/sid_set/images/full_synthetic/full_synthetic_003584.png,1,full_synthetic,1024,1024,1.048576,True,1.0838813781738281,1,1,0
True,jpeg,RGB,1024,1024,141497,False,False,0,,False,0,,,,,data/audit_sample/sid_set/images/tampered/tampered_03017.jpg,1,tampered,1024,1024,1.048576,True,0.13494205474853516,1,0,0
True,jpeg,RGB,792,1024,495335,False,False,0,,True,0,,,,,data/audit_sample/sid_set/images/real/7d1af5d8b96391e2.jpg,0,real,792,1024,0.811008,False,0.6107646287089646,0,0,1
True,jpeg,RGB,1024,681,397211,False,False,0,,False,0,,,,,data/audit_sample/sid_set/images/real/2a3c26808f6e3e59.jpg,0,real,1024,681,0.697344,False,0.5696055318465492,0,0,0
True,png,RGB,1024,1024,649097,False,False,0,,False,0,,,,,data/audit_sample/sid_set/images/full_synthetic/full_synthetic_001869.png,1,full_synthetic,1024,1024,1.048576,True,0.6190271377563477,1,1,0
True,jpeg,RGB,1024,1024,127090,False,False,0,,False,0,,,,,data/audit_sample/sid_set/images/tampered/tampered_08850.jpg,1,tampered,1024,1024,1.048576,True,0.12120246887207031,1,0,0
True,jpeg,RGB,1024,1024,85674,False,False,0,,False,0,,,,,data/audit_sample/sid_set/images/tampered/tampered_04739.jpg,1,tampered,1024,1024,1.048576,True,0.08170509338378906,1,0,0
True,jpeg,RGB,1024,1024,92837,False,False,0,,False,0,,,,,data/audit_sample/sid_set/images/tampered/tampered_08374.jpg,1,tampered,1024,1024,1.048576,True,0.08853626251220703,1,0,0
True,jpeg,RGB,685,1024,761933,False,False,0,,True,0,,,,,data/audit_sample/sid_set/images/real/4b74ef116bd0524b.jpg,0,real,685,1024,0.70144,False,1.086241161040146,0,0,1
True,png,RGB,1024,1024,1115817,False,False,0,,False,0,,,,,data/audit_sample/sid_set/images/full_synthetic/full_synthetic_008476.png,1,full_synthetic,1024,1024,1.048576,True,1.0641260147094727,1,1,0
True,jpeg,RGB,1024,681,61436,False,False,0,,False,0,,,,,data/audit_sample/sid_set/images/real/ef6326daf5bd27c5.jpg,0,real,1024,681,0.697344,False,0.08809999082232012,0,0,0
True,png,RGB,1024,1024,896978,False,False,0,,False,0,,,,,data/audit_sample/sid_set/images/full_synthetic/full_synthetic_005104.png,1,full_synthetic,1024,1024,1.048576,True,0.8554248809814453,1,1,0
True,png,RGB,1024,1024,1185060,False,False,0,,False,0,,,,,data/audit_sample/sid_set/images/full_synthetic/full_synthetic_005026.png,1,full_synthetic,1024,1024,1.048576,True,1.1301612854003906,1,1,0
True,jpeg,RGB,1024,681,141893,False,False,0,,True,0,,,,,data/audit_sample/sid_set/images/real/fd71caedf77ba2e8.jpg,0,real,1024,681,0.697344,False,0.20347633305800295,0,0,1
True,jpeg,L,1024,723,120187,False,False,0,,False,0,,,,,data/audit_sample/sid_set/images/real/44ce688e18252148.jpg,0,real,1024,723,0.740352,False,0.16233764479598894,0,0,0
True,jpeg,RGB,819,1024,453995,False,False,0,,False,0,,,,,data/audit_sample/sid_set/images/real/bfa3a00f44edee4a.jpg,0,real,819,1024,0.838656,False,0.5413363762973138,0,0,0
True,jpeg,RGB,1024,683,225993,False,False,0,,True,0,,,,,data/audit_sample/sid_set/images/real/c07fe6f226e690bc.jpg,0,real,1024,683,0.699392,False,0.3231278024341142,0,0,1
True,jpeg,RGB,1024,1024,114159,False,False,0,,False,0,,,,,data/audit_sample/sid_set/images/tampered/tampered_04790.jpg,1,tampered,1024,1024,1.048576,True,0.1088705062866211,1,0,0
True,jpeg,RGB,1024,768,79103,False,False,0,,True,0,,,,,data/audit_sample/sid_set/images/real/72ff457e54c70c90.jpg,0,real,1024,768,0.786432,False,0.1005846659342448,0,0,1
True,jpeg,RGB,1024,683,157127,False,False,0,,True,0,,,,,data/audit_sample/sid_set/images/real/5ca7abf7a3e04606.jpg,0,real,1024,683,0.699392,False,0.22466227809297218,0,0,1
True,jpeg,RGB,1024,772,195712,False,False,0,,False,0,,,,,data/audit_sample/sid_set/images/real/8a04825277c0acf5.jpg,0,real,1024,772,0.790528,False,0.24757124352331605,0,0,0
True,png,RGB,1024,1024,955241,False,False,0,,False,0,,,,,data/audit_sample/sid_set/images/full_synthetic/full_synthetic_000394.png,1,full_synthetic,1024,1024,1.048576,True,0.9109888076782227,1,1,0
True,jpeg,RGB,1024,1024,133599,False,False,0,,False,0,,,,,data/audit_sample/sid_set/images/tampered/tampered_00244.jpg,1,tampered,1024,1024,1.048576,True,0.1274099349975586,1,0,0
True,jpeg,RGB,1024,681,728006,False,False,0,,True,0,,,,,data/audit_sample/sid_set/images/real/4aab9ff6bedbc4e4.jpg,0,real,1024,681,0.697344,False,1.043969690712188,0,0,1
True,jpeg,RGB,1024,768,467051,False,False,0,,False,0,,,,,data/audit_sample/sid_set/images/real/9d99625e040533f3.jpg,0,real,1024,768,0.786432,False,0.5938860575358073,0,0,0
True,jpeg,RGB,1024,614,87953,False,False,0,,False,0,,,,,data/audit_sample/sid_set/images/real/3ea41a8cc836f961.jpg,0,real,1024,614,0.628736,False,0.13988860189332247,0,0,0
True,jpeg,RGB,1024,1024,147970,False,False,0,,False,0,,,,,data/audit_sample/sid_set/images/tampered/tampered_06657.jpg,1,tampered,1024,1024,1.048576,True,0.1411151885986328,1,0,0
True,png,RGB,1024,1024,1511749,False,False,0,,False,0,,,,,data/audit_sample/sid_set/images/full_synthetic/full_synthetic_003137.png,1,full_synthetic,1024,1024,1.048576,True,1.441716194152832,1,1,0
True,jpeg,RGB,1024,1024,107942,False,False,0,,False,0,,,,,data/audit_sample/sid_set/images/tampered/tampered_04008.jpg,1,tampered,1024,1024,1.048576,True,0.10294151306152344,1,0,0
True,jpeg,RGB,1024,1024,164487,False,False,0,,False,0,,,,,data/audit_sample/sid_set/images/tampered/tampered_08104.jpg,1,tampered,1024,1024,1.048576,True,0.15686702728271484,1,0,0
True,png,RGB,1024,1024,921236,False,False,0,,False,0,,,,,data/audit_sample/sid_set/images/full_synthetic/full_synthetic_000127.png,1,full_synthetic,1024,1024,1.048576,True,0.8785591125488281,1,1,0
True,jpeg,RGB,1024,683,829013,False,False,0,,True,0,,,,,data/audit_sample/sid_set/images/real/7e9da1a8ff5b2569.jpg,0,real,1024,683,0.699392,False,1.1853338328147878,0,0,1
True,jpeg,RGB,1024,683,370422,False,False,0,,True,0,,,,,data/audit_sample/sid_set/images/real/b19a94918ec875c6.jpg,0,real,1024,683,0.699392,False,0.5296343109443631,0,0,1
True,png,RGB,1024,1024,1602535,False,False,0,,False,0,,,,,data/audit_sample/sid_set/images/full_synthetic/full_synthetic_006904.png,1,full_synthetic,1024,1024,1.048576,True,1.5282964706420898,1,1,0
True,jpeg,RGB,1024,683,359603,False,False,0,,True,0,,,,,data/audit_sample/sid_set/images/real/f8469da4ffc9e1a4.jpg,0,real,1024,683,0.699392,False,0.5141651605966325,0,0,1
True,jpeg,RGB,1024,1024,130940,False,False,0,,False,0,,,,,data/audit_sample/sid_set/images/tampered/tampered_06161.jpg,1,tampered,1024,1024,1.048576,True,0.12487411499023438,1,0,0
True,jpeg,RGB,577,1024,148599,False,False,0,,False,0,,,,,data/audit_sample/sid_set/images/real/6f2f6bf5632b911e.jpg,0,real,577,1024,0.590848,False,0.251501232127383,0,0,0
True,jpeg,RGB,1024,1024,120111,False,False,0,,False,0,,,,,data/audit_sample/sid_set/images/tampered/tampered_00651.jpg,1,tampered,1024,1024,1.048576,True,0.1145467758178711,1,0,0
True,jpeg,RGB,1024,1024,141178,False,False,0,,False,0,,,,,data/audit_sample/sid_set/images/real/f3f66b5e4948a4ff.jpg,0,real,1024,1024,1.048576,True,0.13463783264160156,1,0,0
True,png,RGB,1024,1024,1206901,False,False,0,,False,0,,,,,data/audit_sample/sid_set/images/full_synthetic/full_synthetic_003378.png,1,full_synthetic,1024,1024,1.048576,True,1.1509904861450195,1,1,0
True,jpeg,RGB,1024,681,375895,False,False,0,,False,0,,,,,data/audit_sample/sid_set/images/real/65e4737093c7c7f6.jpg,0,real,1024,681,0.697344,False,0.5390381217878121,0,0,0
True,jpeg,RGB,1024,1024,104184,False,False,0,,False,0,,,,,data/audit_sample/sid_set/images/tampered/tampered_05876.jpg,1,tampered,1024,1024,1.048576,True,0.09935760498046875,1,0,0
True,jpeg,RGB,1024,1024,87170,False,False,0,,False,0,,,,,data/audit_sample/sid_set/images/tampered/tampered_03664.jpg,1,tampered,1024,1024,1.048576,True,0.08313179016113281,1,0,0
True,png,RGB,1024,1024,1310821,False,False,0,,False,0,,,,,data/audit_sample/sid_set/images/full_synthetic/full_synthetic_002857.png,1,full_synthetic,1024,1024,1.048576,True,1.250096321105957,1,1,0
True,jpeg,RGB,768,1024,834126,False,False,0,,True,0,,,,,data/audit_sample/sid_set/images/real/333cb8eeb26505e3.jpg,0,real,768,1024,0.786432,False,1.0606460571289062,0,0,1
True,jpeg,RGB,1024,683,210577,False,False,0,,False,0,,,,,data/audit_sample/sid_set/images/real/0d043246efc10a6a.jpg,0,real,1024,683,0.699392,False,0.3010858002379209,0,0,0
True,png,RGB,1024,1024,965362,False,False,0,,False,0,,,,,data/audit_sample/sid_set/images/full_synthetic/full_synthetic_001990.png,1,full_synthetic,1024,1024,1.048576,True,0.9206409454345703,1,1,0
True,png,RGB,1024,1024,1191519,False,False,0,,False,0,,,,,data/audit_sample/sid_set/images/full_synthetic/full_synthetic_002547.png,1,full_synthetic,1024,1024,1.048576,True,1.1363210678100586,1,1,0
True,png,RGB,1024,1024,1147966,False,False,0,,False,0,,,,,data/audit_sample/sid_set/images/full_synthetic/full_synthetic_002053.png,1,full_synthetic,1024,1024,1.048576,True,1.0947856903076172,1,1,0
True,jpeg,RGB,1024,768,311121,False,False,0,,True,0,,,,,data/audit_sample/sid_set/images/real/afa95f5f853e0940.jpg,0,real,1024,768,0.786432,False,0.3956108093261719,0,0,1
True,png,RGB,1024,1024,1216900,False,False,0,,False,0,,,,,data/audit_sample/sid_set/images/tampered/tampered_01312.png,1,tampered,1024,1024,1.048576,True,1.1605262756347656,1,1,0
True,jpeg,RGB,787,1024,426117,False,False,0,,False,0,,,,,data/audit_sample/sid_set/images/real/967d4e42ef2f3ff1.jpg,0,real,787,1024,0.805888,False,0.5287546160260482,0,0,0
True,png,RGB,1024,1024,1514898,False,False,0,,False,0,,,,,data/audit_sample/sid_set/images/full_synthetic/full_synthetic_004755.png,1,full_synthetic,1024,1024,1.048576,True,1.4447193145751953,1,1,0
True,jpeg,RGB,1024,267,144891,False,False,0,,False,0,,,,,data/audit_sample/sid_set/images/real/21bac3ec757f391d.jpg,0,real,1024,267,0.273408,False,0.5299442591292135,0,0,0
True,jpeg,RGB,1024,768,125830,False,False,0,,False,0,,,,,data/audit_sample/sid_set/images/real/1c846b3f3b01301d.jpg,0,real,1024,768,0.786432,False,0.1600011189778646,0,0,0
True,jpeg,RGB,609,1024,62781,False,False,0,,True,0,,,,,data/audit_sample/sid_set/images/real/007805733c6fa282.jpg,0,real,609,1024,0.623616,False,0.10067252924876847,0,0,1
True,png,RGB,1024,1024,1210994,False,False,0,,False,0,,,,,data/audit_sample/sid_set/images/full_synthetic/full_synthetic_003688.png,1,full_synthetic,1024,1024,1.048576,True,1.1548938751220703,1,1,0
True,png,RGB,1024,1024,1117609,False,False,0,,False,0,,,,,data/audit_sample/sid_set/images/full_synthetic/full_synthetic_005323.png,1,full_synthetic,1024,1024,1.048576,True,1.0658349990844727,1,1,0
True,jpeg,RGB,1024,683,415673,False,False,0,,False,0,,,,,data/audit_sample/sid_set/images/real/4db15ba842baccf8.jpg,0,real,1024,683,0.699392,False,0.5943347936493412,0,0,0
True,jpeg,RGB,1024,1024,118621,False,False,0,,False,0,,,,,data/audit_sample/sid_set/images/tampered/tampered_04460.jpg,1,tampered,1024,1024,1.048576,True,0.11312580108642578,1,0,0
True,jpeg,RGB,1024,1024,133412,False,False,0,,False,0,,,,,data/audit_sample/sid_set/images/tampered/tampered_02487.jpg,1,tampered,1024,1024,1.048576,True,0.12723159790039062,1,0,0
True,png,RGB,1024,1024,1274732,False,False,0,,False,0,,,,,data/audit_sample/sid_set/images/full_synthetic/full_synthetic_005923.png,1,full_synthetic,1024,1024,1.048576,True,1.2156791687011719,1,1,0
True,jpeg,RGB,1024,1024,84303,False,False,0,,False,0,,,,,data/audit_sample/sid_set/images/tampered/tampered_08091.jpg,1,tampered,1024,1024,1.048576,True,0.0803976058959961,1,0,0
True,jpeg,RGB,1024,1024,111213,False,False,0,,False,0,,,,,data/audit_sample/sid_set/images/tampered/tampered_08371.jpg,1,tampered,1024,1024,1.048576,True,0.10606098175048828,1,0,0
True,png,RGB,1024,1024,948568,False,False,0,,False,0,,,,,data/audit_sample/sid_set/images/full_synthetic/full_synthetic_004059.png,1,full_synthetic,1024,1024,1.048576,True,0.9046249389648438,1,1,0
True,png,RGB,1024,1024,942080,False,False,0,,False,0,,,,,data/audit_sample/sid_set/images/full_synthetic/full_synthetic_009058.png,1,full_synthetic,1024,1024,1.048576,True,0.8984375,1,1,0
True,jpeg,RGB,1024,1024,93405,False,False,0,,False,0,,,,,data/audit_sample/sid_set/images/tampered/tampered_04239.jpg,1,tampered,1024,1024,1.048576,True,0.08907794952392578,1,0,0
True,png,RGB,1024,1024,904192,False,False,0,,False,0,,,,,data/audit_sample/sid_set/images/full_synthetic/full_synthetic_001233.png,1,full_synthetic,1024,1024,1.048576,True,0.8623046875,1,1,0
True,jpeg,RGB,1024,1024,93638,False,False,0,,False,0,,,,,data/audit_sample/sid_set/images/tampered/tampered_08150.jpg,1,tampered,1024,1024,1.048576,True,0.08930015563964844,1,0,0
True,png,RGB,1024,1024,1469853,False,False,0,,False,0,,,,,data/audit_sample/sid_set/images/tampered/tampered_02383.png,1,tampered,1024,1024,1.048576,True,1.4017610549926758,1,1,0
True,jpeg,RGB,1024,826,127046,False,False,0,,False,0,,,,,data/audit_sample/sid_set/images/real/11e470f00b04ef4d.jpg,0,real,1024,826,0.845824,False,0.15020382490920098,0,0,0
True,png,RGB,1024,1024,1271784,False,False,0,,False,0,,,,,data/audit_sample/sid_set/images/tampered/tampered_03204.png,1,tampered,1024,1024,1.048576,True,1.2128677368164062,1,1,0
True,jpeg,RGB,1024,683,367685,False,False,0,,True,0,,,,,data/audit_sample/sid_set/images/real/ec004e1f245f74fa.jpg,0,real,1024,683,0.699392,False,0.5257209118777453,0,0,1
True,jpeg,RGB,1016,1024,235281,False,False,0,,True,0,,,,,data/audit_sample/sid_set/images/real/aa96c541bcc3cf00.jpg,0,real,1016,1024,1.040384,False,0.2261482298843504,0,0,1
True,jpeg,RGB,1024,1024,169090,False,False,0,,False,0,,,,,data/audit_sample/sid_set/images/tampered/tampered_00402.jpg,1,tampered,1024,1024,1.048576,True,0.1612567901611328,1,0,0
True,jpeg,RGB,1024,683,539889,False,False,0,,True,0,,,,,data/audit_sample/sid_set/images/real/1c32ddaf18ffe936.jpg,0,real,1024,683,0.699392,False,0.7719404854502196,0,0,1
True,png,RGB,1024,1024,1229834,False,False,0,,False,0,,,,,data/audit_sample/sid_set/images/full_synthetic/full_synthetic_007202.png,1,full_synthetic,1024,1024,1.048576,True,1.172861099243164,1,1,0
True,jpeg,RGB,1024,1024,76214,False,False,0,,False,0,,,,,data/audit_sample/sid_set/images/tampered/tampered_08433.jpg,1,tampered,1024,1024,1.048576,True,0.07268333435058594,1,0,0
True,jpeg,RGB,1024,731,575499,False,False,0,,True,0,,,,,data/audit_sample/sid_set/images/real/11f3b74b85484fa9.jpg,0,real,1024,731,0.748544,False,0.7688245447161423,0,0,1
True,jpeg,RGB,1024,680,232835,False,False,0,,False,0,,,,,data/audit_sample/sid_set/images/real/22cc3f8c55ba2705.jpg,0,real,1024,680,0.69632,False,0.33437930836397056,0,0,0
True,jpeg,RGB,1024,768,412810,False,False,0,,False,0,,,,,data/audit_sample/sid_set/images/real/5fce0a8ce199d5dd.jpg,0,real,1024,768,0.786432,False,0.5249150594075521,0,0,0
True,png,RGB,1024,1024,1102317,False,False,0,,False,0,,,,,data/audit_sample/sid_set/images/full_synthetic/full_synthetic_003572.png,1,full_synthetic,1024,1024,1.048576,True,1.0512514114379883,1,1,0
True,jpeg,RGB,1024,1024,139078,False,False,0,,False,0,,,,,data/audit_sample/sid_set/images/tampered/tampered_00546.jpg,1,tampered,1024,1024,1.048576,True,0.13263511657714844,1,0,0
True,png,RGB,1024,1024,901971,False,False,0,,False,0,,,,,data/audit_sample/sid_set/images/full_synthetic/full_synthetic_007933.png,1,full_synthetic,1024,1024,1.048576,True,0.8601865768432617,1,1,0
True,jpeg,RGB,1024,1024,154652,False,False,0,,False,0,,,,,data/audit_sample/sid_set/images/tampered/tampered_01289.jpg,1,tampered,1024,1024,1.048576,True,0.14748764038085938,1,0,0
True,jpeg,RGB,1024,1024,70150,False,False,0,,False,0,,,,,data/audit_sample/sid_set/images/tampered/tampered_02846.jpg,1,tampered,1024,1024,1.048576,True,0.06690025329589844,1,0,0
True,jpeg,RGB,1024,1024,163489,False,False,0,,False,0,,,,,data/audit_sample/sid_set/images/tampered/tampered_02836.jpg,1,tampered,1024,1024,1.048576,True,0.1559152603149414,1,0,0
True,jpeg,RGB,1024,1024,117721,False,False,0,,False,0,,,,,data/audit_sample/sid_set/images/tampered/tampered_005514.jpg,1,tampered,1024,1024,1.048576,True,0.11226749420166016,1,0,0
True,jpeg,RGB,1024,1024,92834,False,False,0,,False,0,,,,,data/audit_sample/sid_set/images/tampered/tampered_01609.jpg,1,tampered,1024,1024,1.048576,True,0.08853340148925781,1,0,0
True,jpeg,RGB,1024,1024,130626,False,False,0,,False,0,,,,,data/audit_sample/sid_set/images/tampered/tampered_02346.jpg,1,tampered,1024,1024,1.048576,True,0.12457466125488281,1,0,0
True,jpeg,RGB,1024,1024,107446,False,False,0,,False,0,,,,,data/audit_sample/sid_set/images/tampered/tampered_02100.jpg,1,tampered,1024,1024,1.048576,True,0.10246849060058594,1,0,0
True,jpeg,RGB,1024,1024,123431,False,False,0,,False,0,,,,,data/audit_sample/sid_set/images/tampered/tampered_08870.jpg,1,tampered,1024,1024,1.048576,True,0.11771297454833984,1,0,0
True,jpeg,RGB,1024,768,241878,False,False,0,,True,0,,,,,data/audit_sample/sid_set/images/real/643c7a257906a5ed.jpg,0,real,1024,768,0.786432,False,0.30756378173828125,0,0,1
True,png,RGB,1024,1024,886311,False,False,0,,False,0,,,,,data/audit_sample/sid_set/images/full_synthetic/full_synthetic_009151.png,1,full_synthetic,1024,1024,1.048576,True,0.8452520370483398,1,1,0
True,jpeg,RGB,1024,768,268499,False,False,0,,False,0,,,,,data/audit_sample/sid_set/images/real/102af2cbd11712c3.jpg,0,real,1024,768,0.786432,False,0.3414141337076823,0,0,0
True,png,RGB,1024,1024,1091642,False,False,0,,False,0,,,,,data/audit_sample/sid_set/images/full_synthetic/full_synthetic_005348.png,1,full_synthetic,1024,1024,1.048576,True,1.0410709381103516,1,1,0
True,jpeg,RGB,1024,1024,131787,False,False,0,,False,0,,,,,data/audit_sample/sid_set/images/tampered/tampered_05205.jpg,1,tampered,1024,1024,1.048576,True,0.12568187713623047,1,0,0
True,jpeg,RGB,1024,1024,70084,False,False,0,,False,0,,,,,data/audit_sample/sid_set/images/tampered/tampered_02287.jpg,1,tampered,1024,1024,1.048576,True,0.06683731079101562,1,0,0
True,jpeg,RGB,683,1024,244582,False,False,0,,True,0,,,,,data/audit_sample/sid_set/images/real/88e1c6e6922a9212.jpg,0,real,683,1024,0.699392,False,0.3497066023060029,0,0,1
True,jpeg,RGB,1024,768,307059,False,False,0,,False,0,,,,,data/audit_sample/sid_set/images/real/35889ae5efca8f2a.jpg,0,real,1024,768,0.786432,False,0.3904457092285156,0,0,0
True,jpeg,RGB,1024,765,171672,False,False,0,,False,0,,,,,data/audit_sample/sid_set/images/real/53fbfe04eaa94914.jpg,0,real,1024,765,0.78336,False,0.2191482843137255,0,0,0
True,jpeg,RGB,1024,1024,144856,False,False,0,,False,0,,,,,data/audit_sample/sid_set/images/tampered/tampered_006119.jpg,1,tampered,1024,1024,1.048576,True,0.13814544677734375,1,0,0
True,png,RGB,1024,1024,866909,False,False,0,,False,0,,,,,data/audit_sample/sid_set/images/full_synthetic/full_synthetic_008858.png,1,full_synthetic,1024,1024,1.048576,True,0.8267488479614258,1,1,0
True,png,RGB,1024,1024,859245,False,False,0,,False,0,,,,,data/audit_sample/sid_set/images/full_synthetic/full_synthetic_000395.png,1,full_synthetic,1024,1024,1.048576,True,0.8194398880004883,1,1,0
True,jpeg,RGB,1024,1024,100573,False,False,0,,False,0,,,,,data/audit_sample/sid_set/images/tampered/tampered_08014.jpg,1,tampered,1024,1024,1.048576,True,0.09591388702392578,1,0,0
True,jpeg,RGB,1024,576,178487,False,False,0,,False,0,,,,,data/audit_sample/sid_set/images/real/6515f85733d99cff.jpg,0,real,1024,576,0.589824,False,0.3026106092664931,0,0,0
True,png,RGB,1024,1024,1060369,False,False,0,,False,0,,,,,data/audit_sample/sid_set/images/full_synthetic/full_synthetic_005527.png,1,full_synthetic,1024,1024,1.048576,True,1.011246681213379,1,1,0
True,jpeg,RGB,1024,768,345570,False,False,0,,True,0,,,,,data/audit_sample/sid_set/images/real/ed1df3459e05b609.jpg,0,real,1024,768,0.786432,False,0.43941497802734375,0,0,1
True,jpeg,RGB,1024,683,246241,False,False,0,,True,0,,,,,data/audit_sample/sid_set/images/real/4e80741699e507a1.jpg,0,real,1024,683,0.699392,False,0.3520786626098097,0,0,1
True,png,RGB,1024,1024,1279705,False,False,0,,False,0,,,,,data/audit_sample/sid_set/images/full_synthetic/full_synthetic_008125.png,1,full_synthetic,1024,1024,1.048576,True,1.2204217910766602,1,1,0
True,jpeg,RGB,1024,1024,140983,False,False,0,,False,0,,,,,data/audit_sample/sid_set/images/tampered/tampered_05368.jpg,1,tampered,1024,1024,1.048576,True,0.13445186614990234,1,0,0
True,png,RGB,1024,1024,984354,False,False,0,,False,0,,,,,data/audit_sample/sid_set/images/full_synthetic/full_synthetic_009337.png,1,full_synthetic,1024,1024,1.048576,True,0.9387531280517578,1,1,0
True,jpeg,RGB,1024,1024,312121,False,False,0,,False,0,,,,,data/audit_sample/sid_set/images/real/38f248cba9f7de95.jpg,0,real,1024,1024,1.048576,True,0.29766178131103516,1,0,0
True,jpeg,RGB,1024,916,1198765,False,False,0,,True,0,,,,,data/audit_sample/sid_set/images/real/14238b0d06abbc94.jpg,0,real,1024,916,0.937984,False,1.2780228660616813,0,0,1
True,png,RGB,1024,1024,1267790,False,False,0,,False,0,,,,,data/audit_sample/sid_set/images/full_synthetic/full_synthetic_009216.png,1,full_synthetic,1024,1024,1.048576,True,1.2090587615966797,1,1,0
True,jpeg,RGB,1024,1024,174270,False,False,0,,False,0,,,,,data/audit_sample/sid_set/images/tampered/tampered_08487.jpg,1,tampered,1024,1024,1.048576,True,0.1661968231201172,1,0,0
True,jpeg,RGB,1024,1024,99024,False,False,0,,False,0,,,,,data/audit_sample/sid_set/images/tampered/tampered_06044.jpg,1,tampered,1024,1024,1.048576,True,0.0944366455078125,1,0,0
True,png,RGB,1024,1024,1232759,False,False,0,,False,0,,,,,data/audit_sample/sid_set/images/full_synthetic/full_synthetic_002906.png,1,full_synthetic,1024,1024,1.048576,True,1.1756505966186523,1,1,0
True,png,RGB,1024,1024,1227657,False,False,0,,False,0,,,,,data/audit_sample/sid_set/images/full_synthetic/full_synthetic_008923.png,1,full_synthetic,1024,1024,1.048576,True,1.1707849502563477,1,1,0
True,png,RGB,1024,1024,853741,False,False,0,,False,0,,,,,data/audit_sample/sid_set/images/full_synthetic/full_synthetic_006164.png,1,full_synthetic,1024,1024,1.048576,True,0.8141908645629883,1,1,0
True,png,RGB,1024,1024,1152738,False,False,0,,False,0,,,,,data/audit_sample/sid_set/images/full_synthetic/full_synthetic_007223.png,1,full_synthetic,1024,1024,1.048576,True,1.0993366241455078,1,1,0
True,jpeg,RGB,1024,1024,72497,False,False,0,,False,0,,,,,data/audit_sample/sid_set/images/tampered/tampered_08092.jpg,1,tampered,1024,1024,1.048576,True,0.0691385269165039,1,0,0
True,jpeg,RGB,1024,683,248036,False,False,0,,True,0,,,,,data/audit_sample/sid_set/images/real/05a83bd1eab3c8c9.jpg,0,real,1024,683,0.699392,False,0.35464517752562225,0,0,1
True,jpeg,RGB,1024,768,188544,False,False,0,,False,0,,,,,data/audit_sample/sid_set/images/real/e5c83ca30e93dfe3.jpg,0,real,1024,768,0.786432,False,0.23974609375,0,0,0
True,png,RGB,1024,1024,943320,False,False,0,,False,0,,,,,data/audit_sample/sid_set/images/full_synthetic/full_synthetic_003444.png,1,full_synthetic,1024,1024,1.048576,True,0.8996200561523438,1,1,0
True,jpeg,RGB,1024,1024,192010,False,False,0,,False,0,,,,,data/audit_sample/sid_set/images/tampered/tampered_05725.jpg,1,tampered,1024,1024,1.048576,True,0.18311500549316406,1,0,0
True,png,RGB,1024,1024,1251930,False,False,0,,False,0,,,,,data/audit_sample/sid_set/images/full_synthetic/full_synthetic_007007.png,1,full_synthetic,1024,1024,1.048576,True,1.1939334869384766,1,1,0
True,png,RGB,1024,1024,971248,False,False,0,,False,0,,,,,data/audit_sample/sid_set/images/full_synthetic/full_synthetic_004823.png,1,full_synthetic,1024,1024,1.048576,True,0.9262542724609375,1,1,0
True,png,RGB,1024,1024,1354462,False,False,0,,False,0,,,,,data/audit_sample/sid_set/images/full_synthetic/full_synthetic_002480.png,1,full_synthetic,1024,1024,1.048576,True,1.2917156219482422,1,1,0
True,jpeg,RGB,1024,1024,181119,False,False,0,,False,0,,,,,data/audit_sample/sid_set/images/tampered/tampered_07821.jpg,1,tampered,1024,1024,1.048576,True,0.1727285385131836,1,0,0
True,jpeg,RGB,1024,575,124397,False,False,0,,False,0,,,,,data/audit_sample/sid_set/images/real/afe0019e7db29d99.jpg,0,real,1024,575,0.5888,False,0.2112720788043478,0,0,0
True,png,RGB,1024,1024,1137490,False,False,0,,False,0,,,,,data/audit_sample/sid_set/images/full_synthetic/full_synthetic_006596.png,1,full_synthetic,1024,1024,1.048576,True,1.0847949981689453,1,1,0
True,jpeg,RGB,996,1024,512621,False,False,0,,True,0,,,,,data/audit_sample/sid_set/images/real/31fceea2dd27deb4.jpg,0,real,996,1024,1.019904,False,0.5026169129643574,0,0,1
True,png,RGB,1024,1024,941160,False,False,0,,False,0,,,,,data/audit_sample/sid_set/images/tampered/tampered_03759.png,1,tampered,1024,1024,1.048576,True,0.8975601196289062,1,1,0
True,png,RGB,1024,1024,1363772,False,False,0,,False,0,,,,,data/audit_sample/sid_set/images/full_synthetic/full_synthetic_007116.png,1,full_synthetic,1024,1024,1.048576,True,1.3005943298339844,1,1,0
True,jpeg,RGB,1024,1024,125986,False,False,0,,False,0,,,,,data/audit_sample/sid_set/images/tampered/tampered_03796.jpg,1,tampered,1024,1024,1.048576,True,0.12014961242675781,1,0,0
True,png,RGB,1024,1024,813778,False,False,0,,False,0,,,,,data/audit_sample/sid_set/images/full_synthetic/full_synthetic_007617.png,1,full_synthetic,1024,1024,1.048576,True,0.7760791778564453,1,1,0
True,png,RGB,1024,1024,1113789,False,False,0,,False,0,,,,,data/audit_sample/sid_set/images/full_synthetic/full_synthetic_003364.png,1,full_synthetic,1024,1024,1.048576,True,1.0621919631958008,1,1,0
True,png,RGB,1024,1024,1096217,False,False,0,,False,0,,,,,data/audit_sample/sid_set/images/full_synthetic/full_synthetic_006837.png,1,full_synthetic,1024,1024,1.048576,True,1.0454339981079102,1,1,0
True,png,RGB,1024,1024,1471175,False,False,0,,False,0,,,,,data/audit_sample/sid_set/images/full_synthetic/full_synthetic_009368.png,1,full_synthetic,1024,1024,1.048576,True,1.4030218124389648,1,1,0
True,png,RGB,1024,1024,1181678,False,False,0,,False,0,,,,,data/audit_sample/sid_set/images/full_synthetic/full_synthetic_009374.png,1,full_synthetic,1024,1024,1.048576,True,1.1269359588623047,1,1,0
True,jpeg,RGB,1024,1024,97715,False,False,0,,False,0,,,,,data/audit_sample/sid_set/images/tampered/tampered_04077.jpg,1,tampered,1024,1024,1.048576,True,0.09318828582763672,1,0,0
True,jpeg,RGB,1024,1024,79281,False,False,0,,False,0,,,,,data/audit_sample/sid_set/images/tampered/tampered_006101.jpg,1,tampered,1024,1024,1.048576,True,0.0756082534790039,1,0,0
True,png,RGB,1024,1024,1103000,False,False,0,,False,0,,,,,data/audit_sample/sid_set/images/full_synthetic/full_synthetic_009827.png,1,full_synthetic,1024,1024,1.048576,True,1.0519027709960938,1,1,0
True,jpeg,RGB,1024,680,652761,False,False,0,,True,0,,,,,data/audit_sample/sid_set/images/real/6200daf629f6f2f0.jpg,0,real,1024,680,0.69632,False,0.9374439912683824,0,0,1
True,jpeg,RGB,1024,1024,163551,False,False,0,,False,0,,,,,data/audit_sample/sid_set/images/tampered/tampered_02700.jpg,1,tampered,1024,1024,1.048576,True,0.1559743881225586,1,0,0
True,png,RGB,1024,1024,936602,False,False,0,,False,0,,,,,data/audit_sample/sid_set/images/full_synthetic/full_synthetic_006355.png,1,full_synthetic,1024,1024,1.048576,True,0.8932132720947266,1,1,0
True,png,RGB,1024,1024,1442632,False,False,0,,False,0,,,,,data/audit_sample/sid_set/images/full_synthetic/full_synthetic_006211.png,1,full_synthetic,1024,1024,1.048576,True,1.3758010864257812,1,1,0
True,png,RGB,1024,1024,1253572,False,False,0,,False,0,,,,,data/audit_sample/sid_set/images/full_synthetic/full_synthetic_005099.png,1,full_synthetic,1024,1024,1.048576,True,1.1954994201660156,1,1,0
True,jpeg,RGB,1024,1024,133659,False,False,0,,False,0,,,,,data/audit_sample/sid_set/images/tampered/tampered_07521.jpg,1,tampered,1024,1024,1.048576,True,0.12746715545654297,1,0,0
True,jpeg,RGB,1024,683,280921,False,False,0,,True,0,,,,,data/audit_sample/sid_set/images/real/002162dd05ae3e34.jpg,0,real,1024,683,0.699392,False,0.40166458867130306,0,0,1
True,jpeg,RGB,1024,1024,138818,False,False,0,,False,0,,,,,data/audit_sample/sid_set/images/tampered/tampered_02407.jpg,1,tampered,1024,1024,1.048576,True,0.1323871612548828,1,0,0
True,png,RGB,1024,1024,1123980,False,False,0,,False,0,,,,,data/audit_sample/sid_set/images/full_synthetic/full_synthetic_007719.png,1,full_synthetic,1024,1024,1.048576,True,1.0719108581542969,1,1,0
True,png,RGB,1024,1024,1002003,False,False,0,,False,0,,,,,data/audit_sample/sid_set/images/full_synthetic/full_synthetic_006159.png,1,full_synthetic,1024,1024,1.048576,True,0.9555845260620117,1,1,0
True,png,RGB,1024,1024,1019643,False,False,0,,False,0,,,,,data/audit_sample/sid_set/images/full_synthetic/full_synthetic_007402.png,1,full_synthetic,1024,1024,1.048576,True,0.972407341003418,1,1,0
True,jpeg,RGB,1024,1024,78068,False,False,0,,False,0,,,,,data/audit_sample/sid_set/images/tampered/tampered_05596.jpg,1,tampered,1024,1024,1.048576,True,0.07445144653320312,1,0,0
True,jpeg,RGB,1024,1024,92410,False,False,0,,False,0,,,,,data/audit_sample/sid_set/images/tampered/tampered_02785.jpg,1,tampered,1024,1024,1.048576,True,0.08812904357910156,1,0,0
True,jpeg,RGB,1024,557,333259,False,False,0,,False,0,,,,,data/audit_sample/sid_set/images/real/66d05bfe025c8338.jpg,0,real,1024,557,0.570368,False,0.584287687948833,0,0,0
True,jpeg,RGB,1024,1024,146396,False,False,0,,False,0,,,,,data/audit_sample/sid_set/images/tampered/tampered_07805.jpg,1,tampered,1024,1024,1.048576,True,0.13961410522460938,1,0,0
True,jpeg,RGB,1024,1024,156537,False,False,0,,False,0,,,,,data/audit_sample/sid_set/images/tampered/tampered_06377.jpg,1,tampered,1024,1024,1.048576,True,0.14928531646728516,1,0,0
True,jpeg,RGB,1024,683,317700,False,False,0,,False,0,,,,,data/audit_sample/sid_set/images/real/2f34a8dae4e90d1a.jpg,0,real,1024,683,0.699392,False,0.4542516928989751,0,0,0
True,jpeg,RGB,1024,1024,153652,False,False,0,,False,0,,,,,data/audit_sample/sid_set/images/tampered/tampered_006676.jpg,1,tampered,1024,1024,1.048576,True,0.14653396606445312,1,0,0
True,png,RGB,1024,1024,930388,False,False,0,,False,0,,,,,data/audit_sample/sid_set/images/full_synthetic/full_synthetic_002029.png,1,full_synthetic,1024,1024,1.048576,True,0.8872871398925781,1,1,0
True,jpeg,RGB,1024,768,161082,False,False,0,,True,0,,,,,data/audit_sample/sid_set/images/real/016b96410076ff40.jpg,0,real,1024,768,0.786432,False,0.20482635498046875,0,0,1
True,jpeg,RGB,1024,682,102804,False,False,0,,False,0,,,,,data/audit_sample/sid_set/images/real/02c3db5613e4bd68.jpg,0,real,1024,682,0.698368,False,0.14720605755131966,0,0,0
True,png,RGB,1024,1024,1450879,False,False,0,,False,0,,,,,data/audit_sample/sid_set/images/full_synthetic/full_synthetic_007024.png,1,full_synthetic,1024,1024,1.048576,True,1.3836660385131836,1,1,0
True,jpeg,RGB,1024,1024,113555,False,False,0,,False,0,,,,,data/audit_sample/sid_set/images/real/175310f3f18ec562.jpg,0,real,1024,1024,1.048576,True,0.10829448699951172,1,0,0
True,png,RGB,1024,1024,1160486,False,False,0,,False,0,,,,,data/audit_sample/sid_set/images/full_synthetic/full_synthetic_005490.png,1,full_synthetic,1024,1024,1.048576,True,1.1067256927490234,1,1,0
True,jpeg,RGB,1024,1024,39181,False,False,0,,False,0,,,,,data/audit_sample/sid_set/images/tampered/tampered_05568.jpg,1,tampered,1024,1024,1.048576,True,0.03736591339111328,1,0,0
True,jpeg,RGB,1024,680,362927,False,False,0,,True,0,,,,,data/audit_sample/sid_set/images/real/ef6ec496926fda55.jpg,0,real,1024,680,0.69632,False,0.5212072035845589,0,0,1
True,jpeg,RGB,1024,1024,77862,False,False,0,,False,0,,,,,data/audit_sample/sid_set/images/tampered/tampered_07137.jpg,1,tampered,1024,1024,1.048576,True,0.07425498962402344,1,0,0
True,jpeg,RGB,1024,768,190036,False,False,0,,False,0,,,,,data/audit_sample/sid_set/images/real/8b2c53c056e10fd4.jpg,0,real,1024,768,0.786432,False,0.24164326985677084,0,0,0
True,jpeg,RGB,1024,1024,140532,False,False,0,,False,0,,,,,data/audit_sample/sid_set/images/tampered/tampered_006321.jpg,1,tampered,1024,1024,1.048576,True,0.13402175903320312,1,0,0
True,jpeg,RGB,1024,1024,194140,False,False,0,,False,0,,,,,data/audit_sample/sid_set/images/tampered/tampered_006209.jpg,1,tampered,1024,1024,1.048576,True,0.18514633178710938,1,0,0
True,jpeg,RGB,683,1024,218797,False,False,0,,True,0,,,,,data/audit_sample/sid_set/images/real/800951d5973e4fa4.jpg,0,real,683,1024,0.699392,False,0.31283886575768666,0,0,1
True,png,RGB,1024,1024,641782,False,False,0,,False,0,,,,,data/audit_sample/sid_set/images/full_synthetic/full_synthetic_001359.png,1,full_synthetic,1024,1024,1.048576,True,0.6120510101318359,1,1,0
True,png,RGB,1024,1024,941807,False,False,0,,False,0,,,,,data/audit_sample/sid_set/images/full_synthetic/full_synthetic_007318.png,1,full_synthetic,1024,1024,1.048576,True,0.8981771469116211,1,1,0
True,jpeg,RGB,1024,1024,98474,False,False,0,,False,0,,,,,data/audit_sample/sid_set/images/tampered/tampered_08063.jpg,1,tampered,1024,1024,1.048576,True,0.09391212463378906,1,0,0
True,jpeg,RGB,1024,614,162973,False,False,0,,False,0,,,,,data/audit_sample/sid_set/images/real/34adc7a4b40a7a57.jpg,0,real,1024,614,0.628736,False,0.2592073620724756,0,0,0
True,jpeg,RGB,1024,681,167737,False,False,0,,False,0,,,,,data/audit_sample/sid_set/images/real/6370d3e771f96940.jpg,0,real,1024,681,0.697344,False,0.240536951633627,0,0,0
True,png,RGB,1024,1024,1141187,False,False,0,,False,0,,,,,data/audit_sample/sid_set/images/full_synthetic/full_synthetic_009097.png,1,full_synthetic,1024,1024,1.048576,True,1.0883207321166992,1,1,0
True,png,RGB,1024,1024,1200050,False,False,0,,False,0,,,,,data/audit_sample/sid_set/images/full_synthetic/full_synthetic_009013.png,1,full_synthetic,1024,1024,1.048576,True,1.1444568634033203,1,1,0
True,png,RGB,1024,1024,1167850,False,False,0,,False,0,,,,,data/audit_sample/sid_set/images/full_synthetic/full_synthetic_003041.png,1,full_synthetic,1024,1024,1.048576,True,1.113748550415039,1,1,0
True,jpeg,RGB,1024,683,901830,False,False,0,,True,0,,,,,data/audit_sample/sid_set/images/real/f7413f5701558957.jpg,0,real,1024,683,0.699392,False,1.2894485495973647,0,0,1
True,jpeg,RGB,1024,768,240923,False,False,0,,False,0,,,,,data/audit_sample/sid_set/images/real/dd5ea55eff30e362.jpg,0,real,1024,768,0.786432,False,0.3063494364420573,0,0,0
True,jpeg,RGB,1024,768,125709,False,False,0,,False,0,,,,,data/audit_sample/sid_set/images/real/2cdb0e1f31aef2c4.jpg,0,real,1024,768,0.786432,False,0.15984725952148438,0,0,0
True,jpeg,RGB,1024,1024,98567,False,False,0,,False,0,,,,,data/audit_sample/sid_set/images/tampered/tampered_05509.jpg,1,tampered,1024,1024,1.048576,True,0.09400081634521484,1,0,0
True,jpeg,RGB,1024,1024,150769,False,False,0,,False,0,,,,,data/audit_sample/sid_set/images/tampered/tampered_01839.jpg,1,tampered,1024,1024,1.048576,True,0.1437845230102539,1,0,0
True,jpeg,RGB,1024,1024,179142,False,False,0,,False,0,,,,,data/audit_sample/sid_set/images/tampered/tampered_01056.jpg,1,tampered,1024,1024,1.048576,True,0.17084312438964844,1,0,0
True,png,RGB,1024,1024,675462,False,False,0,,False,0,,,,,data/audit_sample/sid_set/images/full_synthetic/full_synthetic_007080.png,1,full_synthetic,1024,1024,1.048576,True,0.6441707611083984,1,1,0
True,jpeg,RGB,1024,1024,73042,False,False,0,,False,0,,,,,data/audit_sample/sid_set/images/tampered/tampered_06135.jpg,1,tampered,1024,1024,1.048576,True,0.06965827941894531,1,0,0
True,jpeg,RGB,1024,683,123487,False,False,0,,False,0,,,,,data/audit_sample/sid_set/images/real/ae53b5c1eae9d776.jpg,0,real,1024,683,0.699392,False,0.17656335788799415,0,0,0
True,jpeg,RGB,764,1024,145707,False,False,0,,False,0,,,,,data/audit_sample/sid_set/images/real/b7e77dc9c230660d.jpg,0,real,764,1024,0.782336,False,0.186246063072644,0,0,0
True,png,RGB,1024,1024,1222605,False,False,0,,False,0,,,,,data/audit_sample/sid_set/images/full_synthetic/full_synthetic_006432.png,1,full_synthetic,1024,1024,1.048576,True,1.1659669876098633,1,1,0
True,jpeg,RGB,1024,1024,146871,False,False,0,,False,0,,,,,data/audit_sample/sid_set/images/tampered/tampered_01367.jpg,1,tampered,1024,1024,1.048576,True,0.14006710052490234,1,0,0
True,jpeg,RGB,1024,768,227214,False,False,0,,False,0,,,,,data/audit_sample/sid_set/images/real/76f46859a9d4734b.jpg,0,real,1024,768,0.786432,False,0.28891754150390625,0,0,0
True,jpeg,RGB,1024,768,112378,False,False,0,,False,0,,,,,data/audit_sample/sid_set/images/real/7ecc871374417786.jpg,0,real,1024,768,0.786432,False,0.1428960164388021,0,0,0
True,png,RGB,1024,1024,1366616,False,False,0,,False,0,,,,,data/audit_sample/sid_set/images/full_synthetic/full_synthetic_001698.png,1,full_synthetic,1024,1024,1.048576,True,1.3033065795898438,1,1,0
True,jpeg,RGB,1024,669,147416,False,False,0,,True,0,,,,,data/audit_sample/sid_set/images/real/7abe261a9e8ad9bc.jpg,0,real,1024,669,0.685056,False,0.21518824738415546,0,0,1
True,jpeg,RGB,1024,683,221893,False,False,0,,True,0,,,,,data/audit_sample/sid_set/images/real/4ca9197c4ba8ba60.jpg,0,real,1024,683,0.699392,False,0.31726556780746706,0,0,1
True,jpeg,RGB,768,1024,754305,False,False,0,,True,0,,,,,data/audit_sample/sid_set/images/real/362b566268e0da36.jpg,0,real,768,1024,0.786432,False,0.9591484069824219,0,0,1
True,png,RGB,1024,1024,1372403,False,False,0,,False,0,,,,,data/audit_sample/sid_set/images/full_synthetic/full_synthetic_008162.png,1,full_synthetic,1024,1024,1.048576,True,1.3088254928588867,1,1,0
True,jpeg,RGB,1024,768,369342,False,False,0,,True,0,,,,,data/audit_sample/sid_set/images/real/d667c4478ee08e95.jpg,0,real,1024,768,0.786432,False,0.46964263916015625,0,0,1
True,jpeg,RGB,1024,683,185012,False,False,0,,False,0,,,,,data/audit_sample/sid_set/images/real/2c59f43c67eaf4da.jpg,0,real,1024,683,0.699392,False,0.26453262262079064,0,0,0
True,png,RGB,1024,1024,1533274,False,False,0,,False,0,,,,,data/audit_sample/sid_set/images/full_synthetic/full_synthetic_006959.png,1,full_synthetic,1024,1024,1.048576,True,1.4622440338134766,1,1,0
True,jpeg,RGB,1024,768,181666,False,False,0,,False,0,,,,,data/audit_sample/sid_set/images/real/057fafeaa0e8b953.jpg,0,real,1024,768,0.786432,False,0.2310002644856771,0,0,0
True,jpeg,RGB,1024,1024,180053,False,False,0,,False,0,,,,,data/audit_sample/sid_set/images/tampered/tampered_02531.jpg,1,tampered,1024,1024,1.048576,True,0.17171192169189453,1,0,0
True,jpeg,RGB,685,1024,605988,False,False,0,,True,0,,,,,data/audit_sample/sid_set/images/real/f66fbc1540edfd4b.jpg,0,real,685,1024,0.70144,False,0.8639199361313868,0,0,1
True,png,RGB,1024,1024,1527415,False,False,0,,False,0,,,,,data/audit_sample/sid_set/images/tampered/tampered_04148.png,1,tampered,1024,1024,1.048576,True,1.4566564559936523,1,1,0
True,jpeg,RGB,1024,1024,160275,False,False,0,,False,0,,,,,data/audit_sample/sid_set/images/tampered/tampered_08288.jpg,1,tampered,1024,1024,1.048576,True,0.15285015106201172,1,0,0
True,jpeg,RGB,1024,1024,270070,False,False,0,,False,0,,,,,data/audit_sample/sid_set/images/tampered/tampered_02101.jpg,1,tampered,1024,1024,1.048576,True,0.25755882263183594,1,0,0
True,jpeg,RGB,1024,1024,126028,False,False,0,,False,0,,,,,data/audit_sample/sid_set/images/tampered/tampered_06105.jpg,1,tampered,1024,1024,1.048576,True,0.12018966674804688,1,0,0
True,jpeg,RGB,664,1024,213991,False,False,0,,True,0,,,,,data/audit_sample/sid_set/images/real/656a7f98a4177d66.jpg,0,real,664,1024,0.679936,False,0.31472226797816266,0,0,1
True,jpeg,RGB,1024,1024,78230,False,False,0,,False,0,,,,,data/audit_sample/sid_set/images/tampered/tampered_06791.jpg,1,tampered,1024,1024,1.048576,True,0.07460594177246094,1,0,0
True,jpeg,RGB,1024,365,127497,False,False,0,,True,0,,,,,data/audit_sample/sid_set/images/real/3e4d61ce1a6d41c9.jpg,0,real,1024,365,0.37376,False,0.3411199700342466,0,0,1
True,jpeg,RGB,683,1024,160544,False,False,0,,False,0,,,,,data/audit_sample/sid_set/images/real/e7c97789c42dca99.jpg,0,real,683,1024,0.699392,False,0.22954795021961932,0,0,0
True,png,RGB,1024,1024,1225888,False,False,0,,False,0,,,,,data/audit_sample/sid_set/images/full_synthetic/full_synthetic_008750.png,1,full_synthetic,1024,1024,1.048576,True,1.169097900390625,1,1,0
True,jpeg,RGB,1024,779,263275,False,False,0,,False,0,,,,,data/audit_sample/sid_set/images/real/58a7e41238637252.jpg,0,real,1024,779,0.797696,False,0.33004427751925547,0,0,0
True,jpeg,RGB,1024,1024,118167,False,False,0,,False,0,,,,,data/audit_sample/sid_set/images/tampered/tampered_01017.jpg,1,tampered,1024,1024,1.048576,True,0.11269283294677734,1,0,0
True,jpeg,RGB,1024,768,305101,False,False,0,,False,0,,,,,data/audit_sample/sid_set/images/real/21393b35a333df23.jpg,0,real,1024,768,0.786432,False,0.3879559834798177,0,0,0
True,png,RGB,1024,1024,849306,False,False,0,,False,0,,,,,data/audit_sample/sid_set/images/full_synthetic/full_synthetic_002179.png,1,full_synthetic,1024,1024,1.048576,True,0.8099613189697266,1,1,0
True,png,RGB,1024,1024,988268,False,False,0,,False,0,,,,,data/audit_sample/sid_set/images/full_synthetic/full_synthetic_006373.png,1,full_synthetic,1024,1024,1.048576,True,0.9424858093261719,1,1,0
True,png,RGB,1024,1024,1068936,False,False,0,,False,0,,,,,data/audit_sample/sid_set/images/tampered/tampered_02155.png,1,tampered,1024,1024,1.048576,True,1.0194168090820312,1,1,0
True,png,RGB,1024,1024,1422437,False,False,0,,False,0,,,,,data/audit_sample/sid_set/images/full_synthetic/full_synthetic_002215.png,1,full_synthetic,1024,1024,1.048576,True,1.356541633605957,1,1,0
True,png,RGB,1024,1024,1176841,False,False,0,,False,0,,,,,data/audit_sample/sid_set/images/full_synthetic/full_synthetic_002327.png,1,full_synthetic,1024,1024,1.048576,True,1.1223230361938477,1,1,0
True,png,RGB,1024,1024,1216319,False,False,0,,False,0,,,,,data/audit_sample/sid_set/images/full_synthetic/full_synthetic_009240.png,1,full_synthetic,1024,1024,1.048576,True,1.1599721908569336,1,1,0
True,jpeg,RGB,1024,1024,114350,False,False,0,,False,0,,,,,data/audit_sample/sid_set/images/tampered/tampered_01772.jpg,1,tampered,1024,1024,1.048576,True,0.10905265808105469,1,0,0
True,jpeg,RGB,1024,768,149000,False,False,0,,False,0,,,,,data/audit_sample/sid_set/images/real/47645e077b299aa3.jpg,0,real,1024,768,0.786432,False,0.18946329752604166,0,0,0
True,jpeg,RGB,1024,1024,118205,False,False,0,,False,0,,,,,data/audit_sample/sid_set/images/real/54b309df74190a9b.jpg,0,real,1024,1024,1.048576,True,0.11272907257080078,1,0,0
True,jpeg,RGB,1024,1024,146593,False,False,0,,False,0,,,,,data/audit_sample/sid_set/images/tampered/tampered_05118.jpg,1,tampered,1024,1024,1.048576,True,0.1398019790649414,1,0,0
True,jpeg,RGB,1024,1024,121640,False,False,0,,False,0,,,,,data/audit_sample/sid_set/images/tampered/tampered_01722.jpg,1,tampered,1024,1024,1.048576,True,0.11600494384765625,1,0,0
True,jpeg,RGB,1024,683,363648,False,False,0,,False,0,,,,,data/audit_sample/sid_set/images/real/da5be104b46dd7c7.jpg,0,real,1024,683,0.699392,False,0.5199487554904831,0,0,0
True,png,RGB,1024,1024,1134296,False,False,0,,False,0,,,,,data/audit_sample/sid_set/images/full_synthetic/full_synthetic_001692.png,1,full_synthetic,1024,1024,1.048576,True,1.0817489624023438,1,1,0
True,jpeg,RGB,1024,683,470444,False,False,0,,True,0,,,,,data/audit_sample/sid_set/images/real/608d6dc8db88dff9.jpg,0,real,1024,683,0.699392,False,0.6726470991947291,0,0,1
True,jpeg,RGB,1024,1024,160456,False,False,0,,False,0,,,,,data/audit_sample/sid_set/images/tampered/tampered_00747.jpg,1,tampered,1024,1024,1.048576,True,0.15302276611328125,1,0,0
True,jpeg,RGB,1024,1024,187040,False,False,0,,False,0,,,,,data/audit_sample/sid_set/images/tampered/tampered_01678.jpg,1,tampered,1024,1024,1.048576,True,0.178375244140625,1,0,0
True,jpeg,RGB,1024,683,228426,False,False,0,,False,0,,,,,data/audit_sample/sid_set/images/real/42511707ed186dd7.jpg,0,real,1024,683,0.699392,False,0.326606538250366,0,0,0
True,jpeg,RGB,1024,768,480458,False,False,0,,False,0,,,,,data/audit_sample/sid_set/images/real/c3f973f5a45233bc.jpg,0,real,1024,768,0.786432,False,0.6109339396158854,0,0,0
True,jpeg,RGB,1024,683,221602,False,False,0,,True,0,,,,,data/audit_sample/sid_set/images/real/b0968f1bfb581452.jpg,0,real,1024,683,0.699392,False,0.31684949213030744,0,0,1
True,jpeg,RGB,1024,768,142152,False,False,0,,False,0,,,,,data/audit_sample/sid_set/images/real/ee52519caf29a2b0.jpg,0,real,1024,768,0.786432,False,0.180755615234375,0,0,0
True,png,RGB,1024,1024,1256418,False,False,0,,False,0,,,,,data/audit_sample/sid_set/images/full_synthetic/full_synthetic_009076.png,1,full_synthetic,1024,1024,1.048576,True,1.1982135772705078,1,1,0
True,jpeg,RGB,1024,1024,123446,False,False,0,,False,0,,,,,data/audit_sample/sid_set/images/tampered/tampered_06107.jpg,1,tampered,1024,1024,1.048576,True,0.11772727966308594,1,0,0
True,png,RGB,1024,1024,1100148,False,False,0,,False,0,,,,,data/audit_sample/sid_set/images/full_synthetic/full_synthetic_002066.png,1,full_synthetic,1024,1024,1.048576,True,1.0491828918457031,1,1,0
True,jpeg,RGB,1024,1024,177732,False,False,0,,False,0,,,,,data/audit_sample/sid_set/images/tampered/tampered_02384.jpg,1,tampered,1024,1024,1.048576,True,0.16949844360351562,1,0,0
True,png,RGB,1024,1024,1241166,False,False,0,,False,0,,,,,data/audit_sample/sid_set/images/full_synthetic/full_synthetic_005094.png,1,full_synthetic,1024,1024,1.048576,True,1.1836681365966797,1,1,0
True,jpeg,RGB,1024,1024,72252,False,False,0,,False,0,,,,,data/audit_sample/sid_set/images/tampered/tampered_05330.jpg,1,tampered,1024,1024,1.048576,True,0.06890487670898438,1,0,0
True,png,RGB,1024,1024,1240449,False,False,0,,False,0,,,,,data/audit_sample/sid_set/images/full_synthetic/full_synthetic_008999.png,1,full_synthetic,1024,1024,1.048576,True,1.1829843521118164,1,1,0
True,jpeg,RGB,1024,768,92268,False,False,0,,False,0,,,,,data/audit_sample/sid_set/images/real/60e7b3bc9764f347.jpg,0,real,1024,768,0.786432,False,0.1173248291015625,0,0,0
True,jpeg,RGB,1024,765,312547,False,False,0,,True,0,,,,,data/audit_sample/sid_set/images/real/4155e92e9b2dc728.jpg,0,real,1024,765,0.78336,False,0.3989825878267974,0,0,1
True,png,RGB,1024,1024,1295095,False,False,0,,False,0,,,,,data/audit_sample/sid_set/images/full_synthetic/full_synthetic_002596.png,1,full_synthetic,1024,1024,1.048576,True,1.2350988388061523,1,1,0
True,png,RGB,1024,1024,1174382,False,False,0,,False,0,,,,,data/audit_sample/sid_set/images/full_synthetic/full_synthetic_004376.png,1,full_synthetic,1024,1024,1.048576,True,1.1199779510498047,1,1,0
True,jpeg,RGB,1024,1024,194669,False,False,0,,False,0,,,,,data/audit_sample/sid_set/images/tampered/tampered_05682.jpg,1,tampered,1024,1024,1.048576,True,0.18565082550048828,1,0,0
True,png,RGB,1024,1024,1161490,False,False,0,,False,0,,,,,data/audit_sample/sid_set/images/tampered/tampered_00449.png,1,tampered,1024,1024,1.048576,True,1.1076831817626953,1,1,0
True,jpeg,RGB,1024,682,144461,False,False,0,,False,0,,,,,data/audit_sample/sid_set/images/real/55a5608ceb454bde.jpg,0,real,1024,682,0.698368,False,0.20685512509164222,0,0,0
True,jpeg,RGB,1024,1024,53420,False,False,0,,False,0,,,,,data/audit_sample/sid_set/images/tampered/tampered_05788.jpg,1,tampered,1024,1024,1.048576,True,0.050945281982421875,1,0,0
True,jpeg,RGB,1024,1015,151199,False,False,0,,True,0,,,,,data/audit_sample/sid_set/images/real/01cc6559a6c8d677.jpg,0,real,1024,1015,1.03936,False,0.1454731758004926,0,0,1
True,jpeg,RGB,1024,1024,43720,False,False,0,,False,0,,,,,data/audit_sample/sid_set/images/tampered/tampered_01453.jpg,1,tampered,1024,1024,1.048576,True,0.04169464111328125,1,0,0
True,jpeg,RGB,1024,1024,121285,False,False,0,,False,0,,,,,data/audit_sample/sid_set/images/tampered/tampered_01389.jpg,1,tampered,1024,1024,1.048576,True,0.11566638946533203,1,0,0
True,png,RGB,1024,1024,1022914,False,False,0,,False,0,,,,,data/audit_sample/sid_set/images/full_synthetic/full_synthetic_004769.png,1,full_synthetic,1024,1024,1.048576,True,0.9755268096923828,1,1,0
True,png,RGB,1024,1024,1398317,False,False,0,,False,0,,,,,data/audit_sample/sid_set/images/full_synthetic/full_synthetic_002659.png,1,full_synthetic,1024,1024,1.048576,True,1.3335390090942383,1,1,0
True,png,RGB,1024,1024,1144032,False,False,0,,False,0,,,,,data/audit_sample/sid_set/images/full_synthetic/full_synthetic_003800.png,1,full_synthetic,1024,1024,1.048576,True,1.091033935546875,1,1,0
True,png,RGB,1024,1024,774734,False,False,0,,False,0,,,,,data/audit_sample/sid_set/images/full_synthetic/full_synthetic_007268.png,1,full_synthetic,1024,1024,1.048576,True,0.7388439178466797,1,1,0
True,jpeg,RGB,1024,1024,236162,False,False,0,,False,0,,,,,data/audit_sample/sid_set/images/tampered/tampered_08166.jpg,1,tampered,1024,1024,1.048576,True,0.2252216339111328,1,0,0
True,jpeg,RGB,683,1024,89910,False,False,0,,True,0,,,,,data/audit_sample/sid_set/images/real/7874bd5ee86f910e.jpg,0,real,683,1024,0.699392,False,0.12855451592240116,0,0,1
True,jpeg,RGB,1024,728,245670,False,False,0,,True,0,,,,,data/audit_sample/sid_set/images/real/71fe9fd25f20e676.jpg,0,real,1024,728,0.745472,False,0.32954960078983514,0,0,1
True,jpeg,RGB,1024,1024,133771,False,False,0,,False,0,,,,,data/audit_sample/sid_set/images/tampered/tampered_07479.jpg,1,tampered,1024,1024,1.048576,True,0.12757396697998047,1,0,0
True,jpeg,RGB,1024,1024,151471,False,False,0,,False,0,,,,,data/audit_sample/sid_set/images/tampered/tampered_006392.jpg,1,tampered,1024,1024,1.048576,True,0.1444540023803711,1,0,0
True,jpeg,RGB,1024,685,249759,False,False,0,,False,0,,,,,data/audit_sample/sid_set/images/real/69b6636a2ee1605d.jpg,0,real,1024,685,0.70144,False,0.35606609260948907,0,0,0
True,png,RGB,1024,1024,1174516,False,False,0,,False,0,,,,,data/audit_sample/sid_set/images/full_synthetic/full_synthetic_000285.png,1,full_synthetic,1024,1024,1.048576,True,1.1201057434082031,1,1,0
True,png,RGB,1024,1024,1552283,False,False,0,,False,0,,,,,data/audit_sample/sid_set/images/tampered/tampered_04964.png,1,tampered,1024,1024,1.048576,True,1.480372428894043,1,1,0
True,png,RGB,1024,1024,1460601,False,False,0,,False,0,,,,,data/audit_sample/sid_set/images/full_synthetic/full_synthetic_001605.png,1,full_synthetic,1024,1024,1.048576,True,1.3929376602172852,1,1,0
True,png,RGB,1024,1024,1505167,False,False,0,,False,0,,,,,data/audit_sample/sid_set/images/tampered/tampered_08503.png,1,tampered,1024,1024,1.048576,True,1.435439109802246,1,1,0
True,jpeg,RGB,1024,685,62651,False,False,0,,False,0,,,,,data/audit_sample/sid_set/images/real/0dffd952c3df86ee.jpg,0,real,1024,685,0.70144,False,0.08931768932481751,0,0,0
True,jpeg,RGB,1024,1024,226681,False,False,0,,False,0,,,,,data/audit_sample/sid_set/images/tampered/tampered_00145.jpg,1,tampered,1024,1024,1.048576,True,0.21617984771728516,1,0,0
True,jpeg,RGB,1024,1024,341432,False,False,0,,False,0,,,,,data/audit_sample/sid_set/images/real/326e3d5e3e07c3fd.jpg,0,real,1024,1024,1.048576,True,0.32561492919921875,1,0,0
True,jpeg,RGB,1024,1024,148267,False,False,0,,False,0,,,,,data/audit_sample/sid_set/images/tampered/tampered_02946.jpg,1,tampered,1024,1024,1.048576,True,0.14139842987060547,1,0,0
True,png,RGB,1024,1024,1216472,False,False,0,,False,0,,,,,data/audit_sample/sid_set/images/full_synthetic/full_synthetic_002371.png,1,full_synthetic,1024,1024,1.048576,True,1.1601181030273438,1,1,0
True,jpeg,RGB,1024,680,223196,False,False,0,,True,0,,,,,data/audit_sample/sid_set/images/real/91678ce8c8e62254.jpg,0,real,1024,680,0.69632,False,0.3205365349264706,0,0,1
True,jpeg,RGB,1024,681,86576,False,False,0,,False,0,,,,,data/audit_sample/sid_set/images/real/4b9e1b68fb3184c6.jpg,0,real,1024,681,0.697344,False,0.12415106461086638,0,0,0
True,jpeg,RGB,1024,683,250115,False,False,0,,True,0,,,,,data/audit_sample/sid_set/images/real/a18806903c0af4f2.jpg,0,real,1024,683,0.699392,False,0.3576177594253294,0,0,1
True,jpeg,RGB,1024,678,619135,False,False,0,,True,0,,,,,data/audit_sample/sid_set/images/real/fb2a71a0c1593689.jpg,0,real,1024,678,0.694272,False,0.8917758457780236,0,0,1
True,jpeg,RGB,1024,1024,120326,False,False,0,,False,0,,,,,data/audit_sample/sid_set/images/tampered/tampered_02366.jpg,1,tampered,1024,1024,1.048576,True,0.11475181579589844,1,0,0
True,png,RGB,1024,1024,1060701,False,False,0,,False,0,,,,,data/audit_sample/sid_set/images/full_synthetic/full_synthetic_009131.png,1,full_synthetic,1024,1024,1.048576,True,1.0115633010864258,1,1,0
True,jpeg,RGB,1024,1024,136594,False,False,0,,False,0,,,,,data/audit_sample/sid_set/images/tampered/tampered_01526.jpg,1,tampered,1024,1024,1.048576,True,0.1302661895751953,1,0,0
True,png,RGB,1024,1024,1363630,False,False,0,,False,0,,,,,data/audit_sample/sid_set/images/full_synthetic/full_synthetic_005232.png,1,full_synthetic,1024,1024,1.048576,True,1.3004589080810547,1,1,0
True,jpeg,RGB,1024,1024,106423,False,False,0,,False,0,,,,,data/audit_sample/sid_set/images/tampered/tampered_01362.jpg,1,tampered,1024,1024,1.048576,True,0.10149288177490234,1,0,0
True,jpeg,RGB,1024,768,50341,False,False,0,,False,0,,,,,data/audit_sample/sid_set/images/real/a0925e2fde9ab5bd.jpg,0,real,1024,768,0.786432,False,0.0640118916829427,0,0,0
True,jpeg,RGB,1024,683,315750,False,False,0,,False,0,,,,,data/audit_sample/sid_set/images/real/6adc1c5a524a04b1.jpg,0,real,1024,683,0.699392,False,0.45146355691800877,0,0,0
True,jpeg,RGB,1024,578,530244,False,False,0,,False,0,,,,,data/audit_sample/sid_set/images/real/0da8b052f7b20fc2.jpg,0,real,1024,578,0.591872,False,0.8958761353806228,0,0,0
True,jpeg,RGB,1024,576,198064,False,False,0,,True,0,,,,,data/audit_sample/sid_set/images/real/05e39b07a0458edb.jpg,0,real,1024,576,0.589824,False,0.3358018663194444,0,0,1
True,jpeg,RGB,1024,768,114255,False,False,0,,False,0,,,,,data/audit_sample/sid_set/images/real/74f63c2e4fb3e7bf.jpg,0,real,1024,768,0.786432,False,0.14528274536132812,0,0,0
True,png,RGB,1024,1024,1015383,False,False,0,,False,0,,,,,data/audit_sample/sid_set/images/full_synthetic/full_synthetic_000625.png,1,full_synthetic,1024,1024,1.048576,True,0.9683446884155273,1,1,0
True,jpeg,RGB,1024,691,101923,False,False,0,,False,0,,,,,data/audit_sample/sid_set/images/real/d1e3e6247b83cf0c.jpg,0,real,1024,691,0.707584,False,0.14404367537988422,0,0,0
True,jpeg,RGB,1024,768,108778,False,False,0,,False,0,,,,,data/audit_sample/sid_set/images/real/4f903036b3b2479d.jpg,0,real,1024,768,0.786432,False,0.1383183797200521,0,0,0
True,jpeg,RGB,1024,1024,102821,False,False,0,,False,0,,,,,data/audit_sample/sid_set/images/tampered/tampered_006529.jpg,1,tampered,1024,1024,1.048576,True,0.09805774688720703,1,0,0
True,jpeg,RGB,1024,683,52058,False,False,0,,False,0,,,,,data/audit_sample/sid_set/images/real/d65ebfa8a9b727ab.jpg,0,real,1024,683,0.699392,False,0.07443322199853587,0,0,0
True,jpeg,RGB,1024,683,452038,False,False,0,,False,0,,,,,data/audit_sample/sid_set/images/real/c940e5f32ae68a15.jpg,0,real,1024,683,0.699392,False,0.6463299551610542,0,0,0
True,png,RGB,1024,1024,1115450,False,False,0,,False,0,,,,,data/audit_sample/sid_set/images/full_synthetic/full_synthetic_009490.png,1,full_synthetic,1024,1024,1.048576,True,1.0637760162353516,1,1,0
True,jpeg,RGB,899,1024,284738,False,False,0,,False,0,,,,,data/audit_sample/sid_set/images/real/fca1b2042b3d91ac.jpg,0,real,899,1024,0.920576,False,0.3093041747775306,0,0,0
True,jpeg,RGB,1024,684,52993,False,False,0,,False,0,,,,,data/audit_sample/sid_set/images/real/fbeb42a8f6d1e43a.jpg,0,real,1024,684,0.700416,False,0.07565932245979533,0,0,0
True,jpeg,RGB,1024,1024,127245,False,False,0,,False,0,,,,,data/audit_sample/sid_set/images/tampered/tampered_04384.jpg,1,tampered,1024,1024,1.048576,True,0.12135028839111328,1,0,0
True,jpeg,RGB,1024,678,225868,False,False,0,,True,0,,,,,data/audit_sample/sid_set/images/real/6943b7a5690a0832.jpg,0,real,1024,678,0.694272,False,0.32533070612094395,0,0,1
True,jpeg,RGB,1024,1024,126859,False,False,0,,False,0,,,,,data/audit_sample/sid_set/images/tampered/tampered_08971.jpg,1,tampered,1024,1024,1.048576,True,0.12098217010498047,1,0,0
True,jpeg,RGB,1024,683,263206,False,False,0,,True,0,,,,,data/audit_sample/sid_set/images/real/5b4562f828b6773f.jpg,0,real,1024,683,0.699392,False,0.37633544564421667,0,0,1
True,jpeg,RGB,1024,1024,148407,False,False,0,,False,0,,,,,data/audit_sample/sid_set/images/tampered/tampered_00818.jpg,1,tampered,1024,1024,1.048576,True,0.14153194427490234,1,0,0
True,jpeg,RGB,1024,1024,141345,False,False,0,,False,0,,,,,data/audit_sample/sid_set/images/tampered/tampered_06609.jpg,1,tampered,1024,1024,1.048576,True,0.1347970962524414,1,0,0
True,jpeg,RGB,1024,1024,112630,False,False,0,,False,0,,,,,data/audit_sample/sid_set/images/tampered/tampered_07691.jpg,1,tampered,1024,1024,1.048576,True,0.10741233825683594,1,0,0
True,png,RGB,1024,1024,1197653,False,False,0,,False,0,,,,,data/audit_sample/sid_set/images/full_synthetic/full_synthetic_007937.png,1,full_synthetic,1024,1024,1.048576,True,1.1421709060668945,1,1,0
True,jpeg,RGB,1024,683,292707,False,False,0,,False,0,,,,,data/audit_sample/sid_set/images/real/05e3def689a8a324.jpg,0,real,1024,683,0.699392,False,0.4185163685029283,0,0,0
True,png,RGB,1024,1024,1037839,False,False,0,,False,0,,,,,data/audit_sample/sid_set/images/full_synthetic/full_synthetic_000796.png,1,full_synthetic,1024,1024,1.048576,True,0.9897603988647461,1,1,0
True,png,RGB,1024,1024,789745,False,False,0,,False,0,,,,,data/audit_sample/sid_set/images/full_synthetic/full_synthetic_003541.png,1,full_synthetic,1024,1024,1.048576,True,0.7531595230102539,1,1,0
True,png,RGB,1024,1024,941504,False,False,0,,False,0,,,,,data/audit_sample/sid_set/images/full_synthetic/full_synthetic_005177.png,1,full_synthetic,1024,1024,1.048576,True,0.89788818359375,1,1,0
True,jpeg,RGB,1024,1024,125125,False,False,0,,False,0,,,,,data/audit_sample/sid_set/images/tampered/tampered_06250.jpg,1,tampered,1024,1024,1.048576,True,0.11932849884033203,1,0,0
True,jpeg,RGB,1024,1024,115808,False,False,0,,False,0,,,,,data/audit_sample/sid_set/images/tampered/tampered_03462.jpg,1,tampered,1024,1024,1.048576,True,0.110443115234375,1,0,0
True,png,RGB,1024,1024,1242857,False,False,0,,False,0,,,,,data/audit_sample/sid_set/images/full_synthetic/full_synthetic_000735.png,1,full_synthetic,1024,1024,1.048576,True,1.1852807998657227,1,1,0
True,png,RGB,1024,1024,836987,False,False,0,,False,0,,,,,data/audit_sample/sid_set/images/full_synthetic/full_synthetic_000559.png,1,full_synthetic,1024,1024,1.048576,True,0.798213005065918,1,1,0
True,jpeg,RGB,1024,768,500091,False,False,0,,False,0,,,,,data/audit_sample/sid_set/images/real/581f622eb0b3c39a.jpg,0,real,1024,768,0.786432,False,0.6358985900878906,0,0,0
True,jpeg,RGB,1024,1024,148903,False,False,0,,False,0,,,,,data/audit_sample/sid_set/images/tampered/tampered_08501.jpg,1,tampered,1024,1024,1.048576,True,0.14200496673583984,1,0,0
True,jpeg,RGB,1024,1024,128591,False,False,0,,False,0,,,,,data/audit_sample/sid_set/images/tampered/tampered_09036.jpg,1,tampered,1024,1024,1.048576,True,0.1226339340209961,1,0,0
True,jpeg,RGB,1024,1024,156212,False,False,0,,False,0,,,,,data/audit_sample/sid_set/images/tampered/tampered_02203.jpg,1,tampered,1024,1024,1.048576,True,0.14897537231445312,1,0,0
True,png,RGB,1024,1024,1039478,False,False,0,,False,0,,,,,data/audit_sample/sid_set/images/full_synthetic/full_synthetic_003240.png,1,full_synthetic,1024,1024,1.048576,True,0.9913234710693359,1,1,0
True,png,RGB,1024,1024,1263375,False,False,0,,False,0,,,,,data/audit_sample/sid_set/images/full_synthetic/full_synthetic_003858.png,1,full_synthetic,1024,1024,1.048576,True,1.204848289489746,1,1,0
True,jpeg,RGB,1024,768,173254,False,False,0,,False,0,,,,,data/audit_sample/sid_set/images/real/0338840c5f1716d1.jpg,0,real,1024,768,0.786432,False,0.2203038533528646,0,0,0
True,jpeg,RGB,1024,1024,65774,False,False,0,,False,0,,,,,data/audit_sample/sid_set/images/tampered/tampered_03821.jpg,1,tampered,1024,1024,1.048576,True,0.06272697448730469,1,0,0
True,jpeg,RGB,1024,1024,125329,False,False,0,,False,0,,,,,data/audit_sample/sid_set/images/tampered/tampered_02647.jpg,1,tampered,1024,1024,1.048576,True,0.1195230484008789,1,0,0
True,jpeg,RGB,1024,1024,105255,False,False,0,,False,0,,,,,data/audit_sample/sid_set/images/tampered/tampered_07816.jpg,1,tampered,1024,1024,1.048576,True,0.10037899017333984,1,0,0
True,png,RGB,1024,1024,855718,False,False,0,,False,0,,,,,data/audit_sample/sid_set/images/full_synthetic/full_synthetic_006051.png,1,full_synthetic,1024,1024,1.048576,True,0.8160762786865234,1,1,0
True,jpeg,RGB,1024,1024,116904,False,False,0,,False,0,,,,,data/audit_sample/sid_set/images/tampered/tampered_03580.jpg,1,tampered,1024,1024,1.048576,True,0.11148834228515625,1,0,0
True,jpeg,L,1024,678,320455,False,False,0,,True,0,,,,,data/audit_sample/sid_set/images/real/2884c4336c4ac814.jpg,0,real,1024,678,0.694272,False,0.46156981701696165,0,0,1
True,jpeg,RGB,1024,1024,86439,False,False,0,,False,0,,,,,data/audit_sample/sid_set/images/tampered/tampered_00966.jpg,1,tampered,1024,1024,1.048576,True,0.08243465423583984,1,0,0
True,jpeg,RGB,1024,1024,125481,False,False,0,,False,0,,,,,data/audit_sample/sid_set/images/tampered/tampered_02193.jpg,1,tampered,1024,1024,1.048576,True,0.11966800689697266,1,0,0
True,jpeg,RGB,1024,1024,64531,False,False,0,,False,0,,,,,data/audit_sample/sid_set/images/tampered/tampered_06675.jpg,1,tampered,1024,1024,1.048576,True,0.06154155731201172,1,0,0
True,png,RGB,1024,1024,1138335,False,False,0,,False,0,,,,,data/audit_sample/sid_set/images/full_synthetic/full_synthetic_008905.png,1,full_synthetic,1024,1024,1.048576,True,1.0856008529663086,1,1,0
True,jpeg,RGB,1024,681,944754,False,False,0,,True,0,,,,,data/audit_sample/sid_set/images/real/d9b69e1c88186cb0.jpg,0,real,1024,681,0.697344,False,1.3547890280837005,0,0,1
True,jpeg,RGB,1024,576,68234,False,False,0,,False,0,,,,,data/audit_sample/sid_set/images/real/0af39e49c62a50e6.jpg,0,real,1024,576,0.589824,False,0.11568535698784722,0,0,0
True,jpeg,RGB,768,1024,107855,False,False,0,,False,0,,,,,data/audit_sample/sid_set/images/real/65296184ecff3087.jpg,0,real,768,1024,0.786432,False,0.13714472452799478,0,0,0
True,png,RGB,1024,1024,1155390,False,False,0,,False,0,,,,,data/audit_sample/sid_set/images/full_synthetic/full_synthetic_004631.png,1,full_synthetic,1024,1024,1.048576,True,1.1018657684326172,1,1,0
True,jpeg,RGB,1024,768,101028,False,False,0,,False,0,,,,,data/audit_sample/sid_set/images/real/95f6c762597195d6.jpg,0,real,1024,768,0.786432,False,0.1284637451171875,0,0,0
True,jpeg,RGB,1024,1024,118625,False,False,0,,False,0,,,,,data/audit_sample/sid_set/images/tampered/tampered_08200.jpg,1,tampered,1024,1024,1.048576,True,0.1131296157836914,1,0,0
True,png,RGB,1024,1024,1296608,False,False,0,,False,0,,,,,data/audit_sample/sid_set/images/full_synthetic/full_synthetic_001015.png,1,full_synthetic,1024,1024,1.048576,True,1.236541748046875,1,1,0
True,jpeg,RGB,1024,681,460606,False,False,0,,False,0,,,,,data/audit_sample/sid_set/images/real/28e38e1541964346.jpg,0,real,1024,681,0.697344,False,0.6605147531204112,0,0,0
True,jpeg,RGB,1024,1024,112597,False,False,0,,False,0,,,,,data/audit_sample/sid_set/images/tampered/tampered_06359.jpg,1,tampered,1024,1024,1.048576,True,0.10738086700439453,1,0,0
True,jpeg,RGB,1024,717,324873,False,False,0,,True,0,,,,,data/audit_sample/sid_set/images/real/b1a9cbb27e6c43da.jpg,0,real,1024,717,0.734208,False,0.4424808773535565,0,0,1
True,png,RGB,1024,1024,1147783,False,False,0,,False,0,,,,,data/audit_sample/sid_set/images/full_synthetic/full_synthetic_005547.png,1,full_synthetic,1024,1024,1.048576,True,1.0946111679077148,1,1,0
True,jpeg,L,1024,1024,148707,False,False,0,,True,0,,,,,data/audit_sample/sid_set/images/real/69393e1753616bac.jpg,0,real,1024,1024,1.048576,True,0.14181804656982422,1,0,1
True,png,RGB,1024,1024,947034,False,False,0,,False,0,,,,,data/audit_sample/sid_set/images/full_synthetic/full_synthetic_000597.png,1,full_synthetic,1024,1024,1.048576,True,0.9031620025634766,1,1,0
True,jpeg,RGB,1024,1024,1016525,False,False,0,,True,0,,,,,data/audit_sample/sid_set/images/real/586754037aec2f96.jpg,0,real,1024,1024,1.048576,True,0.9694337844848633,1,0,1
True,jpeg,RGB,1024,768,154936,False,False,0,,False,0,,,,,data/audit_sample/sid_set/images/real/0f714ffd3328836e.jpg,0,real,1024,768,0.786432,False,0.19701131184895834,0,0,0
True,png,RGB,1024,1024,1694006,False,False,0,,False,0,,,,,data/audit_sample/sid_set/images/full_synthetic/full_synthetic_004798.png,1,full_synthetic,1024,1024,1.048576,True,1.615530014038086,1,1,0
True,jpeg,RGB,1024,1024,161353,False,False,0,,False,0,,,,,data/audit_sample/sid_set/images/tampered/tampered_02453.jpg,1,tampered,1024,1024,1.048576,True,0.15387821197509766,1,0,0
True,png,RGB,1024,1024,1500191,False,False,0,,False,0,,,,,data/audit_sample/sid_set/images/full_synthetic/full_synthetic_000034.png,1,full_synthetic,1024,1024,1.048576,True,1.4306936264038086,1,1,0
True,jpeg,RGB,1024,1024,110154,False,False,0,,False,0,,,,,data/audit_sample/sid_set/images/tampered/tampered_07448.jpg,1,tampered,1024,1024,1.048576,True,0.10505104064941406,1,0,0
True,jpeg,RGB,1024,1024,83374,False,False,0,,False,0,,,,,data/audit_sample/sid_set/images/tampered/tampered_01181.jpg,1,tampered,1024,1024,1.048576,True,0.07951164245605469,1,0,0
True,jpeg,RGB,1024,1024,176170,False,False,0,,False,0,,,,,data/audit_sample/sid_set/images/tampered/tampered_05792.jpg,1,tampered,1024,1024,1.048576,True,0.16800880432128906,1,0,0
True,jpeg,RGB,1024,1024,149251,False,False,0,,False,0,,,,,data/audit_sample/sid_set/images/tampered/tampered_06428.jpg,1,tampered,1024,1024,1.048576,True,0.14233684539794922,1,0,0
True,png,RGB,1024,1024,1134737,False,False,0,,False,0,,,,,data/audit_sample/sid_set/images/full_synthetic/full_synthetic_001592.png,1,full_synthetic,1024,1024,1.048576,True,1.082169532775879,1,1,0
True,png,RGB,1024,1024,1107418,False,False,0,,False,0,,,,,data/audit_sample/sid_set/images/full_synthetic/full_synthetic_009307.png,1,full_synthetic,1024,1024,1.048576,True,1.0561161041259766,1,1,0
True,png,RGB,1024,1024,944273,False,False,0,,False,0,,,,,data/audit_sample/sid_set/images/full_synthetic/full_synthetic_006938.png,1,full_synthetic,1024,1024,1.048576,True,0.9005289077758789,1,1,0
True,jpeg,RGB,1024,1024,141937,False,False,0,,False,0,,,,,data/audit_sample/sid_set/images/tampered/tampered_08506.jpg,1,tampered,1024,1024,1.048576,True,0.1353616714477539,1,0,0
True,jpeg,RGB,1024,768,154426,False,False,0,,False,0,,,,,data/audit_sample/sid_set/images/real/59f450b66d9e8b92.jpg,0,real,1024,768,0.786432,False,0.1963628133138021,0,0,0
True,jpeg,RGB,1024,1024,154561,False,False,0,,False,0,,,,,data/audit_sample/sid_set/images/tampered/tampered_08218.jpg,1,tampered,1024,1024,1.048576,True,0.1474008560180664,1,0,0
True,png,RGB,1024,1024,1186031,False,False,0,,False,0,,,,,data/audit_sample/sid_set/images/full_synthetic/full_synthetic_003331.png,1,full_synthetic,1024,1024,1.048576,True,1.131087303161621,1,1,0
True,png,RGB,1024,1024,1407417,False,False,0,,False,0,,,,,data/audit_sample/sid_set/images/full_synthetic/full_synthetic_000623.png,1,full_synthetic,1024,1024,1.048576,True,1.3422174453735352,1,1,0
True,jpeg,RGB,1024,768,247768,False,False,0,,False,0,,,,,data/audit_sample/sid_set/images/real/96aa0db99329f396.jpg,0,real,1024,768,0.786432,False,0.3150533040364583,0,0,0
True,jpeg,RGB,1024,768,81560,False,False,0,,False,0,,,,,data/audit_sample/sid_set/images/real/033bf776569d6538.jpg,0,real,1024,768,0.786432,False,0.10370890299479167,0,0,0
True,jpeg,RGB,1024,1024,216447,False,False,0,,False,0,,,,,data/audit_sample/sid_set/images/tampered/tampered_00967.jpg,1,tampered,1024,1024,1.048576,True,0.2064199447631836,1,0,0
True,jpeg,RGB,1024,1024,164336,False,False,0,,False,0,,,,,data/audit_sample/sid_set/images/tampered/tampered_01277.jpg,1,tampered,1024,1024,1.048576,True,0.1567230224609375,1,0,0
True,jpeg,RGB,1024,683,367869,False,False,0,,False,0,,,,,data/audit_sample/sid_set/images/real/8f755d7d00fa8b85.jpg,0,real,1024,683,0.699392,False,0.5259839975292826,0,0,0
True,png,RGB,1024,1024,1143494,False,False,0,,False,0,,,,,data/audit_sample/sid_set/images/full_synthetic/full_synthetic_004313.png,1,full_synthetic,1024,1024,1.048576,True,1.0905208587646484,1,1,0
True,jpeg,RGB,768,1024,211635,False,False,0,,True,0,,,,,data/audit_sample/sid_set/images/real/c19404e8394ec4d6.jpg,0,real,768,1024,0.786432,False,0.2691078186035156,0,0,1
True,jpeg,RGB,1024,678,348795,False,False,0,,False,0,,,,,data/audit_sample/sid_set/images/real/47f922f532e44c6d.jpg,0,real,1024,678,0.694272,False,0.5023895533738938,0,0,0
True,png,RGB,1024,1024,1425359,False,False,0,,False,0,,,,,data/audit_sample/sid_set/images/tampered/tampered_02875.png,1,tampered,1024,1024,1.048576,True,1.359328269958496,1,1,0
True,jpeg,RGB,1024,681,91222,False,False,0,,False,0,,,,,data/audit_sample/sid_set/images/real/910845415f9732e7.jpg,0,real,1024,681,0.697344,False,0.13081348660058736,0,0,0
True,jpeg,RGB,1024,1024,142920,False,False,0,,False,0,,,,,data/audit_sample/sid_set/images/tampered/tampered_00650.jpg,1,tampered,1024,1024,1.048576,True,0.13629913330078125,1,0,0
True,jpeg,RGB,1024,1024,148988,False,False,0,,False,0,,,,,data/audit_sample/sid_set/images/tampered/tampered_00487.jpg,1,tampered,1024,1024,1.048576,True,0.14208602905273438,1,0,0
True,jpeg,RGB,1024,686,148967,False,False,0,,False,0,,,,,data/audit_sample/sid_set/images/real/02eec424d8ca0933.jpg,0,real,1024,686,0.702464,False,0.2120635363520408,0,0,0
True,jpeg,RGB,1024,1024,233934,False,False,0,,False,0,,,,,data/audit_sample/sid_set/images/tampered/tampered_00767.jpg,1,tampered,1024,1024,1.048576,True,0.2230968475341797,1,0,0
True,jpeg,RGB,1024,1024,138874,False,False,0,,False,0,,,,,data/audit_sample/sid_set/images/tampered/tampered_07323.jpg,1,tampered,1024,1024,1.048576,True,0.13244056701660156,1,0,0
True,jpeg,RGB,687,1024,234786,False,False,0,,False,0,,,,,data/audit_sample/sid_set/images/real/3f589c1b25f3fec4.jpg,0,real,687,1024,0.703488,False,0.3337455649563319,0,0,0
True,png,RGB,1024,1024,1312232,False,False,0,,False,0,,,,,data/audit_sample/sid_set/images/full_synthetic/full_synthetic_006394.png,1,full_synthetic,1024,1024,1.048576,True,1.2514419555664062,1,1,0
True,jpeg,RGB,1024,680,141991,False,False,0,,False,0,,,,,data/audit_sample/sid_set/images/real/f747fe018a663cfc.jpg,0,real,1024,680,0.69632,False,0.2039163028492647,0,0,0
True,jpeg,RGB,1024,735,510308,False,False,0,,True,0,,,,,data/audit_sample/sid_set/images/real/e31e74847b357eac.jpg,0,real,1024,735,0.75264,False,0.6780240221088435,0,0,1
True,jpeg,RGB,1024,678,263416,False,False,0,,True,0,,,,,data/audit_sample/sid_set/images/real/9bbb4ac122fa3398.jpg,0,real,1024,678,0.694272,False,0.37941325589970504,0,0,1
True,jpeg,RGB,1024,1024,110649,False,False,0,,False,0,,,,,data/audit_sample/sid_set/images/tampered/tampered_06050.jpg,1,tampered,1024,1024,1.048576,True,0.10552310943603516,1,0,0
True,png,RGB,1024,1024,1340494,False,False,0,,False,0,,,,,data/audit_sample/sid_set/images/full_synthetic/full_synthetic_009339.png,1,full_synthetic,1024,1024,1.048576,True,1.2783946990966797,1,1,0
True,jpeg,RGB,1024,1024,147252,False,False,0,,False,0,,,,,data/audit_sample/sid_set/images/tampered/tampered_02098.jpg,1,tampered,1024,1024,1.048576,True,0.14043045043945312,1,0,0
True,jpeg,RGB,1024,956,809372,False,False,0,,False,0,,,,,data/audit_sample/sid_set/images/real/bcdc4a6b07f9c79f.jpg,0,real,1024,956,0.978944,False,0.8267806942991632,0,0,0
True,png,RGB,1024,1024,1112281,False,False,0,,False,0,,,,,data/audit_sample/sid_set/images/full_synthetic/full_synthetic_007775.png,1,full_synthetic,1024,1024,1.048576,True,1.0607538223266602,1,1,0
True,png,RGB,1024,1024,1237573,False,False,0,,False,0,,,,,data/audit_sample/sid_set/images/full_synthetic/full_synthetic_009482.png,1,full_synthetic,1024,1024,1.048576,True,1.180241584777832,1,1,0
True,png,RGB,1024,1024,1204152,False,False,0,,False,0,,,,,data/audit_sample/sid_set/images/full_synthetic/full_synthetic_002131.png,1,full_synthetic,1024,1024,1.048576,True,1.1483688354492188,1,1,0
True,png,RGB,1024,1024,854717,False,False,0,,False,0,,,,,data/audit_sample/sid_set/images/full_synthetic/full_synthetic_008556.png,1,full_synthetic,1024,1024,1.048576,True,0.8151216506958008,1,1,0
True,jpeg,RGB,1024,576,189510,False,False,0,,True,0,,,,,data/audit_sample/sid_set/images/real/0f47cdab2dd4e112.jpg,0,real,1024,576,0.589824,False,0.3212992350260417,0,0,1
True,png,RGB,1024,1024,869208,False,False,0,,False,0,,,,,data/audit_sample/sid_set/images/full_synthetic/full_synthetic_005938.png,1,full_synthetic,1024,1024,1.048576,True,0.8289413452148438,1,1,0
True,png,RGB,1024,1024,929372,False,False,0,,False,0,,,,,data/audit_sample/sid_set/images/full_synthetic/full_synthetic_002292.png,1,full_synthetic,1024,1024,1.048576,True,0.8863182067871094,1,1,0
True,jpeg,RGB,1024,681,453001,False,False,0,,False,0,,,,,data/audit_sample/sid_set/images/real/79ab2fd807506f9a.jpg,0,real,1024,681,0.697344,False,0.6496090881975036,0,0,0
True,jpeg,RGB,768,1024,330612,False,False,0,,False,0,,,,,data/audit_sample/sid_set/images/real/64916bb4070ca395.jpg,0,real,768,1024,0.786432,False,0.4203948974609375,0,0,0
True,jpeg,RGB,1024,1024,199882,False,False,0,,False,0,,,,,data/audit_sample/sid_set/images/tampered/tampered_02733.jpg,1,tampered,1024,1024,1.048576,True,0.19062232971191406,1,0,0
True,png,RGB,1024,1024,939232,False,False,0,,False,0,,,,,data/audit_sample/sid_set/images/full_synthetic/full_synthetic_000483.png,1,full_synthetic,1024,1024,1.048576,True,0.895721435546875,1,1,0
True,png,RGB,1024,1024,1024425,False,False,0,,False,0,,,,,data/audit_sample/sid_set/images/full_synthetic/full_synthetic_004272.png,1,full_synthetic,1024,1024,1.048576,True,0.9769678115844727,1,1,0
True,jpeg,RGB,1024,1024,270388,False,False,0,,False,0,,,,,data/audit_sample/sid_set/images/tampered/tampered_006761.jpg,1,tampered,1024,1024,1.048576,True,0.2578620910644531,1,0,0
True,png,RGB,1024,1024,1420960,False,False,0,,False,0,,,,,data/audit_sample/sid_set/images/full_synthetic/full_synthetic_008068.png,1,full_synthetic,1024,1024,1.048576,True,1.355133056640625,1,1,0
True,png,RGB,1024,1024,1062586,False,False,0,,False,0,,,,,data/audit_sample/sid_set/images/full_synthetic/full_synthetic_007976.png,1,full_synthetic,1024,1024,1.048576,True,1.0133609771728516,1,1,0
True,png,RGB,1024,1024,1424897,False,False,0,,False,0,,,,,data/audit_sample/sid_set/images/full_synthetic/full_synthetic_005583.png,1,full_synthetic,1024,1024,1.048576,True,1.3588876724243164,1,1,0
True,jpeg,RGB,1024,1024,105350,False,False,0,,False,0,,,,,data/audit_sample/sid_set/images/tampered/tampered_006793.jpg,1,tampered,1024,1024,1.048576,True,0.10046958923339844,1,0,0
True,jpeg,RGB,1024,768,179617,False,False,0,,False,0,,,,,data/audit_sample/sid_set/images/real/033dc103ddcb1b79.jpg,0,real,1024,768,0.786432,False,0.22839482625325522,0,0,0
True,jpeg,RGB,1024,768,169497,False,False,0,,False,0,,,,,data/audit_sample/sid_set/images/real/ff508e478d9cc0f6.jpg,0,real,1024,768,0.786432,False,0.21552658081054688,0,0,0
True,png,RGB,1024,1024,1152370,False,False,0,,False,0,,,,,data/audit_sample/sid_set/images/full_synthetic/full_synthetic_001873.png,1,full_synthetic,1024,1024,1.048576,True,1.0989856719970703,1,1,0
True,jpeg,RGB,1024,768,175074,False,False,0,,False,0,,,,,data/audit_sample/sid_set/images/real/c2ad6cc5d7e8754c.jpg,0,real,1024,768,0.786432,False,0.22261810302734375,0,0,0
True,jpeg,RGB,1024,683,83780,False,False,0,,True,0,,,,,data/audit_sample/sid_set/images/real/8d0bbe5ce53aec7a.jpg,0,real,1024,683,0.699392,False,0.11978976024890191,0,0,1
True,png,RGB,1024,1024,1499767,False,False,0,,False,0,,,,,data/audit_sample/sid_set/images/full_synthetic/full_synthetic_004033.png,1,full_synthetic,1024,1024,1.048576,True,1.4302892684936523,1,1,0
True,jpeg,RGB,1024,1024,89716,False,False,0,,False,0,,,,,data/audit_sample/sid_set/images/tampered/tampered_03944.jpg,1,tampered,1024,1024,1.048576,True,0.08555984497070312,1,0,0
True,png,RGB,1024,1024,975672,False,False,0,,False,0,,,,,data/audit_sample/sid_set/images/full_synthetic/full_synthetic_006751.png,1,full_synthetic,1024,1024,1.048576,True,0.9304733276367188,1,1,0
True,png,RGB,1024,1024,1503140,False,False,0,,False,0,,,,,data/audit_sample/sid_set/images/full_synthetic/full_synthetic_006950.png,1,full_synthetic,1024,1024,1.048576,True,1.4335060119628906,1,1,0
True,jpeg,RGB,1024,1024,96608,False,False,0,,False,0,,,,,data/audit_sample/sid_set/images/tampered/tampered_04231.jpg,1,tampered,1024,1024,1.048576,True,0.092132568359375,1,0,0
True,jpeg,RGB,1024,768,149344,False,False,0,,False,0,,,,,data/audit_sample/sid_set/images/real/b32bc41316591bba.jpg,0,real,1024,768,0.786432,False,0.18990071614583334,0,0,0
True,jpeg,RGB,1024,1024,154784,False,False,0,,False,0,,,,,data/audit_sample/sid_set/images/tampered/tampered_00024.jpg,1,tampered,1024,1024,1.048576,True,0.147613525390625,1,0,0
True,jpeg,RGB,1024,1024,110718,False,False,0,,False,0,,,,,data/audit_sample/sid_set/images/tampered/tampered_04119.jpg,1,tampered,1024,1024,1.048576,True,0.10558891296386719,1,0,0
True,jpeg,RGB,1024,1024,138092,False,False,0,,False,0,,,,,data/audit_sample/sid_set/images/tampered/tampered_00403.jpg,1,tampered,1024,1024,1.048576,True,0.13169479370117188,1,0,0
True,png,RGB,1024,1024,1012059,False,False,0,,False,0,,,,,data/audit_sample/sid_set/images/full_synthetic/full_synthetic_005062.png,1,full_synthetic,1024,1024,1.048576,True,0.965174674987793,1,1,0
True,jpeg,RGB,1024,1024,245246,False,False,0,,False,0,,,,,data/audit_sample/sid_set/images/tampered/tampered_04211.jpg,1,tampered,1024,1024,1.048576,True,0.2338848114013672,1,0,0
True,jpeg,RGB,1024,768,65427,False,False,0,,False,0,,,,,data/audit_sample/sid_set/images/real/9d10d8af6e5808c2.jpg,0,real,1024,768,0.786432,False,0.08319473266601562,0,0,0
True,jpeg,RGB,1024,1024,146815,False,False,0,,False,0,,,,,data/audit_sample/sid_set/images/tampered/tampered_03874.jpg,1,tampered,1024,1024,1.048576,True,0.1400136947631836,1,0,0
True,png,RGB,1024,1024,1268846,False,False,0,,False,0,,,,,data/audit_sample/sid_set/images/full_synthetic/full_synthetic_001060.png,1,full_synthetic,1024,1024,1.048576,True,1.2100658416748047,1,1,0
True,jpeg,RGB,1024,682,146811,False,False,0,,True,0,,,,,data/audit_sample/sid_set/images/real/48552680d1b12d06.jpg,0,real,1024,682,0.698368,False,0.21022011317815248,0,0,1
True,jpeg,RGB,1024,1024,162953,False,False,0,,False,0,,,,,data/audit_sample/sid_set/images/tampered/tampered_06230.jpg,1,tampered,1024,1024,1.048576,True,0.15540409088134766,1,0,0
True,jpeg,RGB,1024,1024,207729,False,False,0,,False,0,,,,,data/audit_sample/sid_set/images/tampered/tampered_02283.jpg,1,tampered,1024,1024,1.048576,True,0.1981058120727539,1,0,0
True,png,RGB,1024,1024,830597,False,False,0,,False,0,,,,,data/audit_sample/sid_set/images/full_synthetic/full_synthetic_003147.png,1,full_synthetic,1024,1024,1.048576,True,0.792119026184082,1,1,0
True,jpeg,RGB,1024,683,295368,False,False,0,,True,0,,,,,data/audit_sample/sid_set/images/real/9aa4ce8fe4a5b6dc.jpg,0,real,1024,683,0.699392,False,0.4223211017569546,0,0,1
True,jpeg,RGB,768,1024,227823,False,False,0,,False,0,,,,,data/audit_sample/sid_set/images/real/0a89879122640d32.jpg,0,real,768,1024,0.786432,False,0.2896919250488281,0,0,0
True,jpeg,RGB,730,1024,415969,False,False,0,,True,0,,,,,data/audit_sample/sid_set/images/real/1a6df47398e423ca.jpg,0,real,730,1024,0.74752,False,0.5564653788527397,0,0,1
True,jpeg,RGB,1024,576,420279,False,False,0,,False,0,,,,,data/audit_sample/sid_set/images/real/5cd444814cafe454.jpg,0,real,1024,576,0.589824,False,0.7125498453776041,0,0,0
True,png,RGB,1024,1024,1406667,False,False,0,,False,0,,,,,data/audit_sample/sid_set/images/full_synthetic/full_synthetic_005306.png,1,full_synthetic,1024,1024,1.048576,True,1.3415021896362305,1,1,0
True,png,RGB,1024,1024,1476408,False,False,0,,False,0,,,,,data/audit_sample/sid_set/images/tampered/tampered_00775.png,1,tampered,1024,1024,1.048576,True,1.4080123901367188,1,1,0
True,jpeg,RGB,1024,1024,157707,False,False,0,,False,0,,,,,data/audit_sample/sid_set/images/tampered/tampered_04686.jpg,1,tampered,1024,1024,1.048576,True,0.15040111541748047,1,0,0
True,jpeg,RGB,1024,1024,121363,False,False,0,,False,0,,,,,data/audit_sample/sid_set/images/tampered/tampered_07144.jpg,1,tampered,1024,1024,1.048576,True,0.11574077606201172,1,0,0
True,png,RGB,1024,1024,990381,False,False,0,,False,0,,,,,data/audit_sample/sid_set/images/full_synthetic/full_synthetic_006300.png,1,full_synthetic,1024,1024,1.048576,True,0.9445009231567383,1,1,0
True,jpeg,RGB,1024,638,248852,False,False,0,,False,0,,,,,data/audit_sample/sid_set/images/real/a1cba45b188f5d9c.jpg,0,real,1024,638,0.653312,False,0.3809083561912226,0,0,0
True,jpeg,RGB,1024,1024,164218,False,False,0,,False,0,,,,,data/audit_sample/sid_set/images/tampered/tampered_04933.jpg,1,tampered,1024,1024,1.048576,True,0.15661048889160156,1,0,0
True,jpeg,RGB,1024,1024,92929,False,False,0,,False,0,,,,,data/audit_sample/sid_set/images/tampered/tampered_01754.jpg,1,tampered,1024,1024,1.048576,True,0.0886240005493164,1,0,0
True,jpeg,RGB,1024,634,99133,False,False,0,,False,0,,,,,data/audit_sample/sid_set/images/real/2f7d1a0682dc7955.jpg,0,real,1024,634,0.649216,False,0.15269648314274448,0,0,0
True,jpeg,RGB,1024,1024,114387,False,False,0,,False,0,,,,,data/audit_sample/sid_set/images/tampered/tampered_01159.jpg,1,tampered,1024,1024,1.048576,True,0.10908794403076172,1,0,0
True,jpeg,RGB,1024,683,424077,False,False,0,,False,0,,,,,data/audit_sample/sid_set/images/real/037ed528df557f36.jpg,0,real,1024,683,0.699392,False,0.6063509448206442,0,0,0
True,jpeg,RGB,1024,680,208345,False,False,0,,True,0,,,,,data/audit_sample/sid_set/images/real/823aa2567bb40f41.jpg,0,real,1024,680,0.69632,False,0.2992086971507353,0,0,1
True,jpeg,RGB,1024,683,214093,False,False,0,,True,0,,,,,data/audit_sample/sid_set/images/real/d139195fc4bfbeae.jpg,0,real,1024,683,0.699392,False,0.30611302388360173,0,0,1
True,png,RGB,1024,1024,1189184,False,False,0,,False,0,,,,,data/audit_sample/sid_set/images/full_synthetic/full_synthetic_001416.png,1,full_synthetic,1024,1024,1.048576,True,1.13409423828125,1,1,0
True,png,RGB,1024,1024,1020057,False,False,0,,False,0,,,,,data/audit_sample/sid_set/images/full_synthetic/full_synthetic_004830.png,1,full_synthetic,1024,1024,1.048576,True,0.9728021621704102,1,1,0
True,png,RGB,1024,1024,1112590,False,False,0,,False,0,,,,,data/audit_sample/sid_set/images/full_synthetic/full_synthetic_004071.png,1,full_synthetic,1024,1024,1.048576,True,1.0610485076904297,1,1,0
True,jpeg,RGB,1024,1024,155964,False,False,0,,False,0,,,,,data/audit_sample/sid_set/images/tampered/tampered_03333.jpg,1,tampered,1024,1024,1.048576,True,0.14873886108398438,1,0,0
True,jpeg,RGB,1024,818,550735,False,False,0,,False,0,,,,,data/audit_sample/sid_set/images/real/4fdc9fa40a2eeb46.jpg,0,real,1024,818,0.837632,False,0.6574904015128362,0,0,0
True,jpeg,RGB,1024,683,72718,False,False,0,,False,0,,,,,data/audit_sample/sid_set/images/real/6da063a2a7b2ee6d.jpg,0,real,1024,683,0.699392,False,0.1039731652635432,0,0,0
True,jpeg,RGB,1024,768,225764,False,False,0,,False,0,,,,,data/audit_sample/sid_set/images/real/d259ed57767f7d5b.jpg,0,real,1024,768,0.786432,False,0.2870737711588542,0,0,0
True,jpeg,RGB,1024,1024,141941,False,False,0,,False,0,,,,,data/audit_sample/sid_set/images/tampered/tampered_006432.jpg,1,tampered,1024,1024,1.048576,True,0.13536548614501953,1,0,0
True,jpeg,RGB,1024,768,87453,False,False,0,,False,0,,,,,data/audit_sample/sid_set/images/real/97fcd4d6cde61f37.jpg,0,real,1024,768,0.786432,False,0.11120223999023438,0,0,0
True,jpeg,RGB,1024,1024,96692,False,False,0,,False,0,,,,,data/audit_sample/sid_set/images/tampered/tampered_00861.jpg,1,tampered,1024,1024,1.048576,True,0.09221267700195312,1,0,0
True,jpeg,RGB,1024,768,118192,False,False,0,,False,0,,,,,data/audit_sample/sid_set/images/real/99c03b1728a9df07.jpg,0,real,1024,768,0.786432,False,0.15028889973958334,0,0,0
True,jpeg,RGB,1024,1024,133299,False,False,0,,False,0,,,,,data/audit_sample/sid_set/images/tampered/tampered_03904.jpg,1,tampered,1024,1024,1.048576,True,0.12712383270263672,1,0,0
True,jpeg,RGB,1024,1024,99715,False,False,0,,False,0,,,,,data/audit_sample/sid_set/images/tampered/tampered_06413.jpg,1,tampered,1024,1024,1.048576,True,0.09509563446044922,1,0,0
True,jpeg,RGB,1024,1024,44008,False,False,0,,False,0,,,,,data/audit_sample/sid_set/images/tampered/tampered_08236.jpg,1,tampered,1024,1024,1.048576,True,0.04196929931640625,1,0,0
True,jpeg,RGB,1024,768,87786,False,False,0,,False,0,,,,,data/audit_sample/sid_set/images/real/1f2eb440b435cb9f.jpg,0,real,1024,768,0.786432,False,0.11162567138671875,0,0,0
True,jpeg,RGB,768,1024,106278,False,False,0,,False,0,,,,,data/audit_sample/sid_set/images/real/97fdbcb792f94dbe.jpg,0,real,768,1024,0.786432,False,0.13513946533203125,0,0,0
True,jpeg,RGB,1024,1024,124547,False,False,0,,False,0,,,,,data/audit_sample/sid_set/images/tampered/tampered_07988.jpg,1,tampered,1024,1024,1.048576,True,0.11877727508544922,1,0,0
True,jpeg,RGB,1024,1024,227286,False,False,0,,False,0,,,,,data/audit_sample/sid_set/images/tampered/tampered_04638.jpg,1,tampered,1024,1024,1.048576,True,0.21675682067871094,1,0,0
True,jpeg,RGB,1024,1024,48046,False,False,0,,False,0,,,,,data/audit_sample/sid_set/images/tampered/tampered_07185.jpg,1,tampered,1024,1024,1.048576,True,0.04582023620605469,1,0,0
True,jpeg,RGB,1024,683,150670,False,False,0,,True,0,,,,,data/audit_sample/sid_set/images/real/73cc5130e01a15cd.jpg,0,real,1024,683,0.699392,False,0.2154299734626647,0,0,1
True,jpeg,RGB,1024,1024,56296,False,False,0,,False,0,,,,,data/audit_sample/sid_set/images/tampered/tampered_00087.jpg,1,tampered,1024,1024,1.048576,True,0.05368804931640625,1,0,0
True,jpeg,RGB,1024,681,459153,False,False,0,,False,0,,,,,data/audit_sample/sid_set/images/real/d633857c4c3b79c3.jpg,0,real,1024,681,0.697344,False,0.6584311329845814,0,0,0
True,png,RGB,1024,1024,857797,False,False,0,,False,0,,,,,data/audit_sample/sid_set/images/full_synthetic/full_synthetic_006172.png,1,full_synthetic,1024,1024,1.048576,True,0.818058967590332,1,1,0
True,png,RGB,1024,1024,1336613,False,False,0,,False,0,,,,,data/audit_sample/sid_set/images/full_synthetic/full_synthetic_003211.png,1,full_synthetic,1024,1024,1.048576,True,1.274693489074707,1,1,0
True,jpeg,RGB,1024,1024,155199,False,False,0,,False,0,,,,,data/audit_sample/sid_set/images/tampered/tampered_02167.jpg,1,tampered,1024,1024,1.048576,True,0.1480093002319336,1,0,0
True,jpeg,RGB,1024,683,356977,False,False,0,,False,0,,,,,data/audit_sample/sid_set/images/real/babe31aed12bd86c.jpg,0,real,1024,683,0.699392,False,0.5104104708089312,0,0,0
True,jpeg,RGB,1024,1024,123529,False,False,0,,False,0,,,,,data/audit_sample/sid_set/images/tampered/tampered_03523.jpg,1,tampered,1024,1024,1.048576,True,0.11780643463134766,1,0,0
True,jpeg,RGB,681,1024,544594,False,False,0,,True,0,,,,,data/audit_sample/sid_set/images/real/03fe814b5e6029d7.jpg,0,real,681,1024,0.697344,False,0.7809545934287812,0,0,1
True,jpeg,RGB,1024,679,158481,False,False,0,,False,0,,,,,data/audit_sample/sid_set/images/real/918abe6e12816ecb.jpg,0,real,1024,679,0.695296,False,0.22793313926730485,0,0,0
True,png,RGB,1024,1024,1634715,False,False,0,,False,0,,,,,data/audit_sample/sid_set/images/full_synthetic/full_synthetic_006015.png,1,full_synthetic,1024,1024,1.048576,True,1.558985710144043,1,1,0
True,png,RGB,1024,1024,1475822,False,False,0,,False,0,,,,,data/audit_sample/sid_set/images/full_synthetic/full_synthetic_001479.png,1,full_synthetic,1024,1024,1.048576,True,1.4074535369873047,1,1,0
True,jpeg,RGB,1024,1024,86730,False,False,0,,False,0,,,,,data/audit_sample/sid_set/images/tampered/tampered_07047.jpg,1,tampered,1024,1024,1.048576,True,0.08271217346191406,1,0,0
True,png,RGB,1024,1024,1013257,False,False,0,,False,0,,,,,data/audit_sample/sid_set/images/full_synthetic/full_synthetic_002286.png,1,full_synthetic,1024,1024,1.048576,True,0.9663171768188477,1,1,0
True,jpeg,RGB,1024,1024,189557,False,False,0,,False,0,,,,,data/audit_sample/sid_set/images/real/70419ceb058901c4.jpg,0,real,1024,1024,1.048576,True,0.18077564239501953,1,0,0
True,jpeg,RGB,1024,768,154656,False,False,0,,False,0,,,,,data/audit_sample/sid_set/images/real/f3b39d566699a5ba.jpg,0,real,1024,768,0.786432,False,0.1966552734375,0,0,0
True,jpeg,RGB,1024,768,1227894,False,False,0,,True,0,,,,,data/audit_sample/sid_set/images/real/4170d1c7300ce5e6.jpg,0,real,1024,768,0.786432,False,1.5613479614257812,0,0,1
True,jpeg,RGB,1024,1024,98803,False,False,0,,False,0,,,,,data/audit_sample/sid_set/images/tampered/tampered_02707.jpg,1,tampered,1024,1024,1.048576,True,0.09422588348388672,1,0,0
True,jpeg,RGB,1024,683,357659,False,False,0,,False,0,,,,,data/audit_sample/sid_set/images/real/cdb127fb76087656.jpg,0,real,1024,683,0.699392,False,0.5113856034956076,0,0,0
True,jpeg,RGB,1024,768,124349,False,False,0,,False,0,,,,,data/audit_sample/sid_set/images/real/4945fd1cd373b63b.jpg,0,real,1024,768,0.786432,False,0.15811793009440103,0,0,0
True,jpeg,RGB,1024,768,319350,False,False,0,,True,0,,,,,data/audit_sample/sid_set/images/real/089d27d342275b68.jpg,0,real,1024,768,0.786432,False,0.40607452392578125,0,0,1
True,png,RGB,1024,1024,966125,False,False,0,,False,0,,,,,data/audit_sample/sid_set/images/full_synthetic/full_synthetic_004171.png,1,full_synthetic,1024,1024,1.048576,True,0.9213685989379883,1,1,0
True,jpeg,RGB,1024,768,144991,False,False,0,,False,0,,,,,data/audit_sample/sid_set/images/real/6aee0a87118389c4.jpg,0,real,1024,768,0.786432,False,0.18436559041341147,0,0,0
True,png,RGB,1024,1024,1674100,False,False,0,,False,0,,,,,data/audit_sample/sid_set/images/full_synthetic/full_synthetic_001874.png,1,full_synthetic,1024,1024,1.048576,True,1.5965461730957031,1,1,0
True,jpeg,RGB,1024,768,222408,False,False,0,,False,0,,,,,data/audit_sample/sid_set/images/real/d6294e8600667e5b.jpg,0,real,1024,768,0.786432,False,0.282806396484375,0,0,0
True,jpeg,RGB,1024,1024,134787,False,False,0,,False,0,,,,,data/audit_sample/sid_set/images/tampered/tampered_08934.jpg,1,tampered,1024,1024,1.048576,True,0.12854290008544922,1,0,0
True,jpeg,RGB,1024,1024,190459,False,False,0,,False,0,,,,,data/audit_sample/sid_set/images/tampered/tampered_06667.jpg,1,tampered,1024,1024,1.048576,True,0.18163585662841797,1,0,0
True,jpeg,RGB,682,1024,132385,False,False,0,,False,0,,,,,data/audit_sample/sid_set/images/real/9dd5f77ffb21b6bd.jpg,0,real,682,1024,0.698368,False,0.18956338205645162,0,0,0
True,jpeg,RGB,1024,681,486560,False,False,0,,False,0,,,,,data/audit_sample/sid_set/images/real/916ea5ee7c5b6b55.jpg,0,real,1024,681,0.697344,False,0.6977331130690162,0,0,0
True,jpeg,RGB,1024,1024,151470,False,False,0,,False,0,,,,,data/audit_sample/sid_set/images/tampered/tampered_006280.jpg,1,tampered,1024,1024,1.048576,True,0.1444530487060547,1,0,0
True,jpeg,RGB,1024,1024,99407,False,False,0,,False,0,,,,,data/audit_sample/sid_set/images/tampered/tampered_05359.jpg,1,tampered,1024,1024,1.048576,True,0.0948019027709961,1,0,0
True,jpeg,RGB,768,1024,168656,False,False,0,,False,0,,,,,data/audit_sample/sid_set/images/real/760d434c7dbd964f.jpg,0,real,768,1024,0.786432,False,0.21445719401041666,0,0,0
True,png,RGB,1024,1024,910226,False,False,0,,False,0,,,,,data/audit_sample/sid_set/images/full_synthetic/full_synthetic_006280.png,1,full_synthetic,1024,1024,1.048576,True,0.8680591583251953,1,1,0
True,png,RGB,1024,1024,1115974,False,False,0,,False,0,,,,,data/audit_sample/sid_set/images/full_synthetic/full_synthetic_007999.png,1,full_synthetic,1024,1024,1.048576,True,1.0642757415771484,1,1,0
True,jpeg,RGB,1024,1024,155988,False,False,0,,False,0,,,,,data/audit_sample/sid_set/images/tampered/tampered_05272.jpg,1,tampered,1024,1024,1.048576,True,0.14876174926757812,1,0,0
True,jpeg,RGB,683,1024,326187,False,False,0,,False,0,,,,,data/audit_sample/sid_set/images/real/4a59f2fe36f1079e.jpg,0,real,683,1024,0.699392,False,0.4663865185761347,0,0,0
True,png,RGB,1024,1024,1176707,False,False,0,,False,0,,,,,data/audit_sample/sid_set/images/full_synthetic/full_synthetic_000945.png,1,full_synthetic,1024,1024,1.048576,True,1.1221952438354492,1,1,0
True,jpeg,RGB,1024,687,249885,False,False,0,,False,0,,,,,data/audit_sample/sid_set/images/real/2afa5945d24a8447.jpg,0,real,1024,687,0.703488,False,0.35520861763100436,0,0,0
True,jpeg,L,1024,680,95629,False,False,0,,False,0,,,,,data/audit_sample/sid_set/images/real/a073879041e6338e.jpg,0,real,1024,680,0.69632,False,0.1373348460477941,0,0,0
True,jpeg,RGB,1024,683,407829,False,False,0,,True,0,,,,,data/audit_sample/sid_set/images/real/9f3d3cc04f9111ea.jpg,0,real,1024,683,0.699392,False,0.5831193379392386,0,0,1
True,jpeg,RGB,1024,768,103864,False,False,0,,False,0,,,,,data/audit_sample/sid_set/images/real/94f7885f3099cc16.jpg,0,real,1024,768,0.786432,False,0.13206990559895834,0,0,0
True,jpeg,RGB,1024,1024,122908,False,False,0,,False,0,,,,,data/audit_sample/sid_set/images/tampered/tampered_006147.jpg,1,tampered,1024,1024,1.048576,True,0.11721420288085938,1,0,0
True,png,RGB,1024,1024,1069099,False,False,0,,False,0,,,,,data/audit_sample/sid_set/images/tampered/tampered_006346.png,1,tampered,1024,1024,1.048576,True,1.0195722579956055,1,1,0
True,jpeg,RGB,1024,1024,94766,False,False,0,,False,0,,,,,data/audit_sample/sid_set/images/tampered/tampered_03356.jpg,1,tampered,1024,1024,1.048576,True,0.09037590026855469,1,0,0
True,jpeg,RGB,1024,1024,77044,False,False,0,,False,0,,,,,data/audit_sample/sid_set/images/tampered/tampered_01062.jpg,1,tampered,1024,1024,1.048576,True,0.07347488403320312,1,0,0
True,jpeg,RGB,1024,1024,147507,False,False,0,,False,0,,,,,data/audit_sample/sid_set/images/tampered/tampered_02664.jpg,1,tampered,1024,1024,1.048576,True,0.14067363739013672,1,0,0
True,jpeg,RGB,1024,768,476063,False,False,0,,False,0,,,,,data/audit_sample/sid_set/images/real/dadf537b1be469af.jpg,0,real,1024,768,0.786432,False,0.6053454081217448,0,0,0
True,jpeg,RGB,1024,655,116259,False,False,0,,False,0,,,,,data/audit_sample/sid_set/images/real/58a76840af10a39c.jpg,0,real,1024,655,0.67072,False,0.17333462547709924,0,0,0
True,png,RGB,1024,1024,1252680,False,False,0,,False,0,,,,,data/audit_sample/sid_set/images/full_synthetic/full_synthetic_008920.png,1,full_synthetic,1024,1024,1.048576,True,1.1946487426757812,1,1,0
True,png,RGB,1024,1024,1229983,False,False,0,,False,0,,,,,data/audit_sample/sid_set/images/full_synthetic/full_synthetic_001381.png,1,full_synthetic,1024,1024,1.048576,True,1.1730031967163086,1,1,0
True,png,RGB,1024,1024,1506938,False,False,0,,False,0,,,,,data/audit_sample/sid_set/images/full_synthetic/full_synthetic_002971.png,1,full_synthetic,1024,1024,1.048576,True,1.4371280670166016,1,1,0
True,jpeg,RGB,1024,717,300775,False,False,0,,False,0,,,,,data/audit_sample/sid_set/images/real/84e574d4fcf9ee23.jpg,0,real,1024,717,0.734208,False,0.40965911567294283,0,0,0
True,jpeg,RGB,1024,683,389722,False,False,0,,False,0,,,,,data/audit_sample/sid_set/images/real/0a5b2310fe6e429f.jpg,0,real,1024,683,0.699392,False,0.5572297080893118,0,0,0
True,jpeg,RGB,1024,683,292623,False,False,0,,False,0,,,,,data/audit_sample/sid_set/images/real/81222542a1d3676f.jpg,0,real,1024,683,0.699392,False,0.41839626418374815,0,0,0
True,jpeg,RGB,1024,583,265701,False,False,0,,True,0,,,,,data/audit_sample/sid_set/images/real/22605e3182f61fe8.jpg,0,real,1024,583,0.596992,False,0.44506626554459694,0,0,1
True,jpeg,RGB,1024,1024,73811,False,False,0,,False,0,,,,,data/audit_sample/sid_set/images/tampered/tampered_03064.jpg,1,tampered,1024,1024,1.048576,True,0.07039165496826172,1,0,0
True,jpeg,RGB,1024,768,238509,False,False,0,,False,0,,,,,data/audit_sample/sid_set/images/real/2fa3787f4f7dc988.jpg,0,real,1024,768,0.786432,False,0.3032798767089844,0,0,0
True,jpeg,RGB,1024,795,270270,False,False,0,,False,0,,,,,data/audit_sample/sid_set/images/real/1c68e82704c23e4a.jpg,0,real,1024,795,0.81408,False,0.33199439858490565,0,0,0
True,png,RGB,1024,1024,1543006,False,False,0,,False,0,,,,,data/audit_sample/sid_set/images/full_synthetic/full_synthetic_007131.png,1,full_synthetic,1024,1024,1.048576,True,1.4715251922607422,1,1,0
True,jpeg,RGB,1024,683,279580,False,False,0,,False,0,,,,,data/audit_sample/sid_set/images/real/b4df3914d7f568a9.jpg,0,real,1024,683,0.699392,False,0.39974720900439237,0,0,0
True,jpeg,RGB,682,1024,148136,False,False,0,,True,0,,,,,data/audit_sample/sid_set/images/real/c62c8948ee94fa83.jpg,0,real,682,1024,0.698368,False,0.21211739369501467,0,0,1
True,png,RGB,1024,1024,1452372,False,False,0,,False,0,,,,,data/audit_sample/sid_set/images/full_synthetic/full_synthetic_003274.png,1,full_synthetic,1024,1024,1.048576,True,1.3850898742675781,1,1,0
True,jpeg,RGB,768,1024,183705,False,False,0,,False,0,,,,,data/audit_sample/sid_set/images/real/714851c630a9ad62.jpg,0,real,768,1024,0.786432,False,0.23359298706054688,0,0,0
True,jpeg,RGB,1024,1024,131388,False,False,0,,False,0,,,,,data/audit_sample/sid_set/images/tampered/tampered_00256.jpg,1,tampered,1024,1024,1.048576,True,0.12530136108398438,1,0,0
True,png,RGB,1024,1024,1093059,False,False,0,,False,0,,,,,data/audit_sample/sid_set/images/full_synthetic/full_synthetic_003108.png,1,full_synthetic,1024,1024,1.048576,True,1.0424222946166992,1,1,0
True,png,RGB,1024,1024,1238645,False,False,0,,False,0,,,,,data/audit_sample/sid_set/images/full_synthetic/full_synthetic_005287.png,1,full_synthetic,1024,1024,1.048576,True,1.1812639236450195,1,1,0
True,jpeg,RGB,1024,768,187461,False,False,0,,True,0,,,,,data/audit_sample/sid_set/images/real/96f36261cbe128d2.jpg,0,real,1024,768,0.786432,False,0.23836898803710938,0,0,1
True,jpeg,RGB,1024,1024,178652,False,False,0,,False,0,,,,,data/audit_sample/sid_set/images/tampered/tampered_00077.jpg,1,tampered,1024,1024,1.048576,True,0.17037582397460938,1,0,0
True,jpeg,RGB,1024,1024,175316,False,False,0,,False,0,,,,,data/audit_sample/sid_set/images/tampered/tampered_06939.jpg,1,tampered,1024,1024,1.048576,True,0.16719436645507812,1,0,0
True,png,RGB,1024,1024,946639,False,False,0,,False,0,,,,,data/audit_sample/sid_set/images/full_synthetic/full_synthetic_006215.png,1,full_synthetic,1024,1024,1.048576,True,0.9027853012084961,1,1,0
True,jpeg,RGB,1024,683,427347,False,False,0,,False,0,,,,,data/audit_sample/sid_set/images/real/dc9abc7eba5e9e95.jpg,0,real,1024,683,0.699392,False,0.6110264343887262,0,0,0
True,png,RGB,1024,1024,1071859,False,False,0,,False,0,,,,,data/audit_sample/sid_set/images/full_synthetic/full_synthetic_005461.png,1,full_synthetic,1024,1024,1.048576,True,1.0222043991088867,1,1,0
True,jpeg,RGB,1024,683,152599,False,False,0,,False,0,,,,,data/audit_sample/sid_set/images/real/6d2497e67882337d.jpg,0,real,1024,683,0.699392,False,0.21818808336383602,0,0,0
True,png,RGB,1024,1024,1356576,False,False,0,,False,0,,,,,data/audit_sample/sid_set/images/full_synthetic/full_synthetic_001265.png,1,full_synthetic,1024,1024,1.048576,True,1.293731689453125,1,1,0
True,jpeg,RGB,768,768,122380,False,False,0,,False,0,,,,,data/audit_sample/sid_set/images/real/51e756d7976d6dcd.jpg,0,real,768,768,0.589824,False,0.2074856228298611,1,0,0
True,jpeg,RGB,1024,683,447953,False,False,0,,False,0,,,,,data/audit_sample/sid_set/images/real/f5165dbeca25106a.jpg,0,real,1024,683,0.699392,False,0.6404891677342606,0,0,0
True,png,RGB,1024,1024,1373788,False,False,0,,False,0,,,,,data/audit_sample/sid_set/images/full_synthetic/full_synthetic_005735.png,1,full_synthetic,1024,1024,1.048576,True,1.3101463317871094,1,1,0
True,jpeg,RGB,1024,1024,135804,False,False,0,,False,0,,,,,data/audit_sample/sid_set/images/tampered/tampered_006371.jpg,1,tampered,1024,1024,1.048576,True,0.12951278686523438,1,0,0
True,jpeg,RGB,1024,1024,142117,False,False,0,,False,0,,,,,data/audit_sample/sid_set/images/tampered/tampered_08048.jpg,1,tampered,1024,1024,1.048576,True,0.13553333282470703,1,0,0
True,png,RGB,1024,1024,1136517,False,False,0,,False,0,,,,,data/audit_sample/sid_set/images/full_synthetic/full_synthetic_008570.png,1,full_synthetic,1024,1024,1.048576,True,1.083867073059082,1,1,0
True,jpeg,RGB,1024,1024,149318,False,False,0,,False,0,,,,,data/audit_sample/sid_set/images/tampered/tampered_06558.jpg,1,tampered,1024,1024,1.048576,True,0.14240074157714844,1,0,0
True,jpeg,RGB,1024,683,125808,False,False,0,,False,0,,,,,data/audit_sample/sid_set/images/real/d4086da578a1083e.jpg,0,real,1024,683,0.699392,False,0.17988195461200585,0,0,0
True,png,RGB,1024,1024,937959,False,False,0,,False,0,,,,,data/audit_sample/sid_set/images/full_synthetic/full_synthetic_006327.png,1,full_synthetic,1024,1024,1.048576,True,0.8945074081420898,1,1,0
True,jpeg,RGB,1024,912,630267,False,False,0,,True,0,,,,,data/audit_sample/sid_set/images/real/1941760d6aa9e7b7.jpg,0,real,1024,912,0.933888,False,0.6748849969161185,0,0,1
True,jpeg,RGB,951,1024,598930,False,False,0,,True,0,,,,,data/audit_sample/sid_set/images/real/7bc6273b675cc369.jpg,0,real,951,1024,0.973824,False,0.6150289990799159,0,0,1
True,png,RGB,1024,1024,1085070,False,False,0,,False,0,,,,,data/audit_sample/sid_set/images/full_synthetic/full_synthetic_001186.png,1,full_synthetic,1024,1024,1.048576,True,1.0348033905029297,1,1,0
True,jpeg,RGB,1024,683,222691,False,False,0,,True,0,,,,,data/audit_sample/sid_set/images/real/4c54477d01b51937.jpg,0,real,1024,683,0.699392,False,0.3184065588396779,0,0,1
True,jpeg,RGB,1024,1024,165025,False,False,0,,False,0,,,,,data/audit_sample/sid_set/images/tampered/tampered_01960.jpg,1,tampered,1024,1024,1.048576,True,0.1573801040649414,1,0,0
True,jpeg,RGB,1024,1024,131197,False,False,0,,False,0,,,,,data/audit_sample/sid_set/images/tampered/tampered_05582.jpg,1,tampered,1024,1024,1.048576,True,0.12511920928955078,1,0,0
True,png,RGB,1024,1024,1355053,False,False,0,,False,0,,,,,data/audit_sample/sid_set/images/tampered/tampered_02675.png,1,tampered,1024,1024,1.048576,True,1.2922792434692383,1,1,0
True,jpeg,RGB,1024,768,289790,False,False,0,,True,0,,,,,data/audit_sample/sid_set/images/real/24bc827f48d9cdba.jpg,0,real,1024,768,0.786432,False,0.36848704020182294,0,0,1
True,png,RGB,1024,1024,938397,False,False,0,,False,0,,,,,data/audit_sample/sid_set/images/full_synthetic/full_synthetic_007979.png,1,full_synthetic,1024,1024,1.048576,True,0.8949251174926758,1,1,0
True,jpeg,RGB,1024,681,235499,False,False,0,,True,0,,,,,data/audit_sample/sid_set/images/real/d335df31ebf10677.jpg,0,real,1024,681,0.697344,False,0.3377085054148311,0,0,1
True,jpeg,RGB,1024,1024,121862,False,False,0,,False,0,,,,,data/audit_sample/sid_set/images/tampered/tampered_07669.jpg,1,tampered,1024,1024,1.048576,True,0.11621665954589844,1,0,0
True,png,RGB,1024,1024,1372953,False,False,0,,False,0,,,,,data/audit_sample/sid_set/images/full_synthetic/full_synthetic_009407.png,1,full_synthetic,1024,1024,1.048576,True,1.3093500137329102,1,1,0
True,jpeg,RGB,1024,823,346725,False,False,0,,True,0,,,,,data/audit_sample/sid_set/images/real/c796a0b91273015f.jpg,0,real,1024,823,0.842752,False,0.4114199669653706,0,0,1
True,jpeg,RGB,1024,684,263878,False,False,0,,False,0,,,,,data/audit_sample/sid_set/images/real/cd1f15fe42a21818.jpg,0,real,1024,684,0.700416,False,0.3767446774488304,0,0,0
True,png,RGB,1024,1024,1632862,False,False,0,,False,0,,,,,data/audit_sample/sid_set/images/full_synthetic/full_synthetic_002928.png,1,full_synthetic,1024,1024,1.048576,True,1.5572185516357422,1,1,0
True,jpeg,RGB,1024,768,137235,False,False,0,,False,0,,,,,data/audit_sample/sid_set/images/real/951cf305a58682c6.jpg,0,real,1024,768,0.786432,False,0.17450332641601562,0,0,0
True,png,RGB,1024,1024,1319059,False,False,0,,False,0,,,,,data/audit_sample/sid_set/images/full_synthetic/full_synthetic_009721.png,1,full_synthetic,1024,1024,1.048576,True,1.2579526901245117,1,1,0
True,jpeg,RGB,1024,1024,111951,False,False,0,,False,0,,,,,data/audit_sample/sid_set/images/tampered/tampered_03256.jpg,1,tampered,1024,1024,1.048576,True,0.1067647933959961,1,0,0
True,jpeg,RGB,1024,1024,105586,False,False,0,,False,0,,,,,data/audit_sample/sid_set/images/tampered/tampered_07381.jpg,1,tampered,1024,1024,1.048576,True,0.10069465637207031,1,0,0
True,png,RGB,1024,1024,915604,False,False,0,,False,0,,,,,data/audit_sample/sid_set/images/full_synthetic/full_synthetic_000774.png,1,full_synthetic,1024,1024,1.048576,True,0.8731880187988281,1,1,0
True,png,RGB,1024,1024,855159,False,False,0,,False,0,,,,,data/audit_sample/sid_set/images/full_synthetic/full_synthetic_008691.png,1,full_synthetic,1024,1024,1.048576,True,0.8155431747436523,1,1,0
True,png,RGB,1024,1024,1061592,False,False,0,,False,0,,,,,data/audit_sample/sid_set/images/full_synthetic/full_synthetic_003630.png,1,full_synthetic,1024,1024,1.048576,True,1.0124130249023438,1,1,0
True,jpeg,RGB,1024,1024,147730,False,False,0,,False,0,,,,,data/audit_sample/sid_set/images/tampered/tampered_07266.jpg,1,tampered,1024,1024,1.048576,True,0.1408863067626953,1,0,0
True,jpeg,RGB,1024,768,134890,False,False,0,,False,0,,,,,data/audit_sample/sid_set/images/real/f9a78eb5ec957136.jpg,0,real,1024,768,0.786432,False,0.1715215047200521,0,0,0
True,jpeg,RGB,1024,768,219662,False,False,0,,False,0,,,,,data/audit_sample/sid_set/images/real/25409c87444212a5.jpg,0,real,1024,768,0.786432,False,0.27931467692057294,0,0,0
True,jpeg,RGB,726,1024,873630,False,False,0,,True,0,,,,,data/audit_sample/sid_set/images/real/ddbc8d3cf2c6b02c.jpg,0,real,726,1024,0.743424,False,1.175143659607438,0,0,1
True,jpeg,RGB,1024,743,724832,False,False,0,,True,0,,,,,data/audit_sample/sid_set/images/real/f2e7670009acb395.jpg,0,real,1024,743,0.760832,False,0.9526833781965006,0,0,1
True,jpeg,RGB,1024,1024,209203,False,False,0,,False,0,,,,,data/audit_sample/sid_set/images/tampered/tampered_02251.jpg,1,tampered,1024,1024,1.048576,True,0.19951152801513672,1,0,0
True,png,RGB,1024,1024,1680362,False,False,0,,False,0,,,,,data/audit_sample/sid_set/images/full_synthetic/full_synthetic_000706.png,1,full_synthetic,1024,1024,1.048576,True,1.602518081665039,1,1,0
True,png,RGB,1024,1024,1529743,False,False,0,,False,0,,,,,data/audit_sample/sid_set/images/full_synthetic/full_synthetic_008356.png,1,full_synthetic,1024,1024,1.048576,True,1.458876609802246,1,1,0
True,png,RGB,1024,1024,678191,False,False,0,,False,0,,,,,data/audit_sample/sid_set/images/full_synthetic/full_synthetic_007379.png,1,full_synthetic,1024,1024,1.048576,True,0.6467733383178711,1,1,0
True,jpeg,RGB,1024,683,229942,False,False,0,,True,0,,,,,data/audit_sample/sid_set/images/real/2bee88a2185860eb.jpg,0,real,1024,683,0.699392,False,0.3287741352489019,0,0,1
True,png,RGB,1024,1024,1220952,False,False,0,,False,0,,,,,data/audit_sample/sid_set/images/full_synthetic/full_synthetic_001124.png,1,full_synthetic,1024,1024,1.048576,True,1.1643905639648438,1,1,0
True,jpeg,RGB,1024,1024,105385,False,False,0,,False,0,,,,,data/audit_sample/sid_set/images/tampered/tampered_04454.jpg,1,tampered,1024,1024,1.048576,True,0.10050296783447266,1,0,0
True,jpeg,RGB,768,1024,1069388,False,False,0,,True,0,,,,,data/audit_sample/sid_set/images/real/3ddbd8d188f1e6f8.jpg,0,real,768,1024,0.786432,False,1.3597971598307292,0,0,1
True,png,RGB,1024,1024,1334603,False,False,0,,False,0,,,,,data/audit_sample/sid_set/images/full_synthetic/full_synthetic_001237.png,1,full_synthetic,1024,1024,1.048576,True,1.2727766036987305,1,1,0
True,jpeg,RGB,1024,1024,186819,False,False,0,,False,0,,,,,data/audit_sample/sid_set/images/tampered/tampered_005942.jpg,1,tampered,1024,1024,1.048576,True,0.17816448211669922,1,0,0
True,jpeg,RGB,1024,1024,171479,False,False,0,,False,0,,,,,data/audit_sample/sid_set/images/tampered/tampered_08089.jpg,1,tampered,1024,1024,1.048576,True,0.16353511810302734,1,0,0
True,jpeg,RGB,1024,1024,126102,False,False,0,,False,0,,,,,data/audit_sample/sid_set/images/tampered/tampered_006742.jpg,1,tampered,1024,1024,1.048576,True,0.12026023864746094,1,0,0
True,jpeg,RGB,1024,768,142007,False,False,0,,False,0,,,,,data/audit_sample/sid_set/images/real/d9761e5971094426.jpg,0,real,1024,768,0.786432,False,0.18057123819986978,0,0,0
True,png,RGB,1024,1024,1019268,False,False,0,,False,0,,,,,data/audit_sample/sid_set/images/full_synthetic/full_synthetic_007994.png,1,full_synthetic,1024,1024,1.048576,True,0.9720497131347656,1,1,0
True,jpeg,RGB,1024,683,210806,False,False,0,,True,0,,,,,data/audit_sample/sid_set/images/real/9e35734be16c76f4.jpg,0,real,1024,683,0.699392,False,0.30141322748901905,0,0,1
True,jpeg,RGB,1024,768,257720,False,False,0,,False,0,,,,,data/audit_sample/sid_set/images/real/23801f2178233235.jpg,0,real,1024,768,0.786432,False,0.3277079264322917,0,0,0
True,png,RGB,1024,1024,1053752,False,False,0,,False,0,,,,,data/audit_sample/sid_set/images/full_synthetic/full_synthetic_005013.png,1,full_synthetic,1024,1024,1.048576,True,1.0049362182617188,1,1,0
True,jpeg,RGB,1024,1024,181283,False,False,0,,False,0,,,,,data/audit_sample/sid_set/images/tampered/tampered_03862.jpg,1,tampered,1024,1024,1.048576,True,0.17288494110107422,1,0,0
True,jpeg,RGB,1024,683,166372,False,False,0,,True,0,,,,,data/audit_sample/sid_set/images/real/728621850fa85b8a.jpg,0,real,1024,683,0.699392,False,0.2378809022693997,0,0,1
True,jpeg,RGB,683,1024,540457,False,False,0,,True,0,,,,,data/audit_sample/sid_set/images/real/62e64bfdc9061d60.jpg,0,real,683,1024,0.699392,False,0.7727526194180088,0,0,1
True,jpeg,RGB,1024,768,565240,False,False,0,,True,0,,,,,data/audit_sample/sid_set/images/real/e331a5747b740542.jpg,0,real,1024,768,0.786432,False,0.7187398274739584,0,0,1
True,png,RGB,1024,1024,1445954,False,False,0,,False,0,,,,,data/audit_sample/sid_set/images/full_synthetic/full_synthetic_009918.png,1,full_synthetic,1024,1024,1.048576,True,1.3789691925048828,1,1,0
True,jpeg,RGB,1024,1024,121200,False,False,0,,False,0,,,,,data/audit_sample/sid_set/images/tampered/tampered_02045.jpg,1,tampered,1024,1024,1.048576,True,0.1155853271484375,1,0,0
True,jpeg,RGB,683,1024,275797,False,False,0,,False,0,,,,,data/audit_sample/sid_set/images/real/226d15f65119575e.jpg,0,real,683,1024,0.699392,False,0.3943382252013177,0,0,0
True,jpeg,RGB,1024,683,692922,False,False,0,,True,0,,,,,data/audit_sample/sid_set/images/real/a12323de93cdc490.jpg,0,real,1024,683,0.699392,False,0.9907491077964861,0,0,1
True,jpeg,RGB,1024,683,936823,False,False,0,,True,0,,,,,data/audit_sample/sid_set/images/real/61c100a16c2948f9.jpg,0,real,1024,683,0.699392,False,1.3394820072291362,0,0,1
True,png,RGB,1024,1024,1109160,False,False,0,,False,0,,,,,data/audit_sample/sid_set/images/full_synthetic/full_synthetic_001462.png,1,full_synthetic,1024,1024,1.048576,True,1.0577774047851562,1,1,0
True,png,RGB,1024,1024,1172538,False,False,0,,False,0,,,,,data/audit_sample/sid_set/images/full_synthetic/full_synthetic_006764.png,1,full_synthetic,1024,1024,1.048576,True,1.1182193756103516,1,1,0
True,png,RGB,1024,1024,976249,False,False,0,,False,0,,,,,data/audit_sample/sid_set/images/full_synthetic/full_synthetic_001057.png,1,full_synthetic,1024,1024,1.048576,True,0.9310235977172852,1,1,0
True,png,RGB,1024,1024,780095,False,False,0,,False,0,,,,,data/audit_sample/sid_set/images/full_synthetic/full_synthetic_006603.png,1,full_synthetic,1024,1024,1.048576,True,0.7439565658569336,1,1,0
True,png,RGB,1024,1024,1109660,False,False,0,,False,0,,,,,data/audit_sample/sid_set/images/full_synthetic/full_synthetic_003501.png,1,full_synthetic,1024,1024,1.048576,True,1.0582542419433594,1,1,0
True,png,RGB,1024,1024,1853557,False,False,0,,False,0,,,,,data/audit_sample/sid_set/images/tampered/tampered_07267.png,1,tampered,1024,1024,1.048576,True,1.7676897048950195,1,1,0
True,jpeg,RGB,747,1024,84388,False,False,0,,False,0,,,,,data/audit_sample/sid_set/images/real/194e949e55d25cb4.jpg,0,real,747,1024,0.764928,False,0.11032149431057564,0,0,0
True,jpeg,RGB,1024,574,350270,False,False,0,,False,0,,,,,data/audit_sample/sid_set/images/real/a7046556dc563ed0.jpg,0,real,1024,574,0.587776,False,0.5959242976916377,0,0,0
True,jpeg,RGB,1024,1024,61940,False,False,0,,False,0,,,,,data/audit_sample/sid_set/images/tampered/tampered_006766.jpg,1,tampered,1024,1024,1.048576,True,0.059070587158203125,1,0,0
True,jpeg,RGB,1024,685,178736,False,False,0,,False,0,,,,,data/audit_sample/sid_set/images/real/ce44eb922f347ac5.jpg,0,real,1024,685,0.70144,False,0.25481295620437955,0,0,0
True,png,RGB,1024,1024,1173887,False,False,0,,False,0,,,,,data/audit_sample/sid_set/images/full_synthetic/full_synthetic_000348.png,1,full_synthetic,1024,1024,1.048576,True,1.1195058822631836,1,1,0
True,jpeg,RGB,1024,683,88161,False,False,0,,False,0,,,,,data/audit_sample/sid_set/images/real/0998f63a4976180e.jpg,0,real,1024,683,0.699392,False,0.1260537724194729,0,0,0
True,png,RGB,1024,1024,1370521,False,False,0,,False,0,,,,,data/audit_sample/sid_set/images/full_synthetic/full_synthetic_002177.png,1,full_synthetic,1024,1024,1.048576,True,1.3070306777954102,1,1,0
True,png,RGB,1024,1024,1286213,False,False,0,,False,0,,,,,data/audit_sample/sid_set/images/full_synthetic/full_synthetic_000143.png,1,full_synthetic,1024,1024,1.048576,True,1.226628303527832,1,1,0
True,jpeg,RGB,765,1024,344867,False,False,0,,True,0,,,,,data/audit_sample/sid_set/images/real/a8eb9ca6c2851b7c.jpg,0,real,765,1024,0.78336,False,0.4402407577614379,0,0,1
True,jpeg,RGB,1024,768,113424,False,False,0,,False,0,,,,,data/audit_sample/sid_set/images/real/b6eb757f86ad7b9f.jpg,0,real,1024,768,0.786432,False,0.14422607421875,0,0,0
True,jpeg,RGB,768,800,60614,False,False,0,,False,0,,,,,data/audit_sample/sid_set/images/real/5ac79dd4c2ffcb7d.jpg,0,real,768,800,0.6144,False,0.09865559895833333,0,0,0
True,jpeg,RGB,1024,1024,110628,False,False,0,,False,0,,,,,data/audit_sample/sid_set/images/tampered/tampered_05518.jpg,1,tampered,1024,1024,1.048576,True,0.10550308227539062,1,0,0
True,jpeg,RGB,1024,681,743534,False,False,0,,True,0,,,,,data/audit_sample/sid_set/images/real/09f8a96c24f94c7c.jpg,0,real,1024,681,0.697344,False,1.0662370365271658,0,0,1
True,jpeg,RGB,1024,1024,132812,False,False,0,,False,0,,,,,data/audit_sample/sid_set/images/tampered/tampered_03003.jpg,1,tampered,1024,1024,1.048576,True,0.12665939331054688,1,0,0
True,jpeg,RGB,1024,575,166372,False,False,0,,False,0,,,,,data/audit_sample/sid_set/images/real/8109f499a359c154.jpg,0,real,1024,575,0.5888,False,0.28256114130434784,0,0,0
True,png,RGB,1024,1024,1085169,False,False,0,,False,0,,,,,data/audit_sample/sid_set/images/full_synthetic/full_synthetic_002600.png,1,full_synthetic,1024,1024,1.048576,True,1.034897804260254,1,1,0
True,png,RGB,1024,1024,1300475,False,False,0,,False,0,,,,,data/audit_sample/sid_set/images/full_synthetic/full_synthetic_002560.png,1,full_synthetic,1024,1024,1.048576,True,1.240229606628418,1,1,0
True,jpeg,RGB,1024,1024,138022,False,False,0,,False,0,,,,,data/audit_sample/sid_set/images/tampered/tampered_04045.jpg,1,tampered,1024,1024,1.048576,True,0.13162803649902344,1,0,0
True,png,RGB,1024,1024,1270924,False,False,0,,False,0,,,,,data/audit_sample/sid_set/images/full_synthetic/full_synthetic_003347.png,1,full_synthetic,1024,1024,1.048576,True,1.2120475769042969,1,1,0
True,jpeg,RGB,1024,1024,100018,False,False,0,,False,0,,,,,data/audit_sample/sid_set/images/tampered/tampered_05302.jpg,1,tampered,1024,1024,1.048576,True,0.09538459777832031,1,0,0
True,jpeg,RGB,1024,683,185465,False,False,0,,True,0,,,,,data/audit_sample/sid_set/images/real/882dce3f2ea4f1df.jpg,0,real,1024,683,0.699392,False,0.265180328056369,0,0,1
True,png,RGB,1024,1024,1556773,False,False,0,,False,0,,,,,data/audit_sample/sid_set/images/full_synthetic/full_synthetic_006714.png,1,full_synthetic,1024,1024,1.048576,True,1.484654426574707,1,1,0
True,png,RGB,1024,1024,795524,False,False,0,,False,0,,,,,data/audit_sample/sid_set/images/full_synthetic/full_synthetic_005055.png,1,full_synthetic,1024,1024,1.048576,True,0.7586708068847656,1,1,0
True,png,RGB,1024,1024,849501,False,False,0,,False,0,,,,,data/audit_sample/sid_set/images/full_synthetic/full_synthetic_007230.png,1,full_synthetic,1024,1024,1.048576,True,0.8101472854614258,1,1,0
True,jpeg,RGB,1024,1024,119279,False,False,0,,False,0,,,,,data/audit_sample/sid_set/images/tampered/tampered_01711.jpg,1,tampered,1024,1024,1.048576,True,0.1137533187866211,1,0,0
True,png,RGB,1024,1024,982054,False,False,0,,False,0,,,,,data/audit_sample/sid_set/images/full_synthetic/full_synthetic_006805.png,1,full_synthetic,1024,1024,1.048576,True,0.9365596771240234,1,1,0
True,png,RGB,1024,1024,1133173,False,False,0,,False,0,,,,,data/audit_sample/sid_set/images/full_synthetic/full_synthetic_000067.png,1,full_synthetic,1024,1024,1.048576,True,1.0806779861450195,1,1,0
True,jpeg,RGB,1024,683,311193,False,False,0,,False,0,,,,,data/audit_sample/sid_set/images/real/e902f1e88ddf0b85.jpg,0,real,1024,683,0.699392,False,0.44494789760248904,0,0,0
True,jpeg,RGB,1024,1024,233242,False,False,0,,False,0,,,,,data/audit_sample/sid_set/images/tampered/tampered_01398.jpg,1,tampered,1024,1024,1.048576,True,0.22243690490722656,1,0,0
True,png,RGB,1024,1024,1057753,False,False,0,,False,0,,,,,data/audit_sample/sid_set/images/full_synthetic/full_synthetic_000056.png,1,full_synthetic,1024,1024,1.048576,True,1.0087518692016602,1,1,0
True,jpeg,RGB,1024,1024,176819,False,False,0,,False,0,,,,,data/audit_sample/sid_set/images/tampered/tampered_006738.jpg,1,tampered,1024,1024,1.048576,True,0.16862773895263672,1,0,0
True,jpeg,RGB,1024,1024,125172,False,False,0,,False,0,,,,,data/audit_sample/sid_set/images/tampered/tampered_08962.jpg,1,tampered,1024,1024,1.048576,True,0.11937332153320312,1,0,0
True,jpeg,RGB,1024,683,179475,False,False,0,,False,0,,,,,data/audit_sample/sid_set/images/real/b8cd5688e9b9d4bf.jpg,0,real,1024,683,0.699392,False,0.25661574624816985,0,0,0
True,png,RGB,1024,1024,1162443,False,False,0,,False,0,,,,,data/audit_sample/sid_set/images/full_synthetic/full_synthetic_004046.png,1,full_synthetic,1024,1024,1.048576,True,1.1085920333862305,1,1,0
True,jpeg,RGB,1024,1024,157973,False,False,0,,False,0,,,,,data/audit_sample/sid_set/images/tampered/tampered_006393.jpg,1,tampered,1024,1024,1.048576,True,0.15065479278564453,1,0,0
True,jpeg,RGB,1024,679,953259,False,False,0,,True,0,,,,,data/audit_sample/sid_set/images/real/71b6b9a86e2f721c.jpg,0,real,1024,679,0.695296,False,1.3710117705265095,0,0,1
True,jpeg,RGB,1024,1024,127241,False,False,0,,False,0,,,,,data/audit_sample/sid_set/images/tampered/tampered_06438.jpg,1,tampered,1024,1024,1.048576,True,0.12134647369384766,1,0,0
True,jpeg,RGB,1024,898,223838,False,False,0,,True,0,,,,,data/audit_sample/sid_set/images/real/d08c3dbe71ae9d25.jpg,0,real,1024,898,0.919552,False,0.24342070921492204,0,0,1
True,jpeg,RGB,768,1024,86181,False,False,0,,False,0,,,,,data/audit_sample/sid_set/images/real/726c62eb75fb3a15.jpg,0,real,768,1024,0.786432,False,0.10958480834960938,0,0,0
True,jpeg,RGB,1024,1024,118207,False,False,0,,False,0,,,,,data/audit_sample/sid_set/images/tampered/tampered_01490.jpg,1,tampered,1024,1024,1.048576,True,0.1127309799194336,1,0,0
True,jpeg,RGB,1024,768,288732,False,False,0,,True,0,,,,,data/audit_sample/sid_set/images/real/5c6437b1a9e8ca60.jpg,0,real,1024,768,0.786432,False,0.3671417236328125,0,0,1
True,jpeg,RGB,1024,686,403082,False,False,0,,True,0,,,,,data/audit_sample/sid_set/images/real/6fcd2381cb0b1c07.jpg,0,real,1024,686,0.702464,False,0.5738116116982507,0,0,1
True,jpeg,RGB,1024,1024,157524,False,False,0,,False,0,,,,,data/audit_sample/sid_set/images/tampered/tampered_05014.jpg,1,tampered,1024,1024,1.048576,True,0.15022659301757812,1,0,0
True,jpeg,RGB,1024,1024,159029,False,False,0,,False,0,,,,,data/audit_sample/sid_set/images/tampered/tampered_04770.jpg,1,tampered,1024,1024,1.048576,True,0.15166187286376953,1,0,0
True,jpeg,RGB,1024,1024,104046,False,False,0,,False,0,,,,,data/audit_sample/sid_set/images/tampered/tampered_006485.jpg,1,tampered,1024,1024,1.048576,True,0.09922599792480469,1,0,0
True,png,RGB,1024,1024,1104460,False,False,0,,False,0,,,,,data/audit_sample/sid_set/images/full_synthetic/full_synthetic_003476.png,1,full_synthetic,1024,1024,1.048576,True,1.0532951354980469,1,1,0
True,jpeg,RGB,683,1024,86020,False,False,0,,False,0,,,,,data/audit_sample/sid_set/images/real/47b32c4097667c50.jpg,0,real,683,1024,0.699392,False,0.12299254209370425,0,0,0
True,jpeg,RGB,1024,683,154912,False,False,0,,True,0,,,,,data/audit_sample/sid_set/images/real/d2c4b6f09b4f3d1c.jpg,0,real,1024,683,0.699392,False,0.22149524158125916,0,0,1
True,png,RGB,1024,1024,1170443,False,False,0,,False,0,,,,,data/audit_sample/sid_set/images/full_synthetic/full_synthetic_008796.png,1,full_synthetic,1024,1024,1.048576,True,1.1162214279174805,1,1,0
True,jpeg,RGB,1024,1024,103752,False,False,0,,False,0,,,,,data/audit_sample/sid_set/images/tampered/tampered_03122.jpg,1,tampered,1024,1024,1.048576,True,0.09894561767578125,1,0,0
True,jpeg,RGB,683,1024,629992,False,False,0,,True,0,,,,,data/audit_sample/sid_set/images/real/08df687b390ffc88.jpg,0,real,683,1024,0.699392,False,0.9007709553440703,0,0,1
True,jpeg,RGB,1024,1024,77804,False,False,0,,False,0,,,,,data/audit_sample/sid_set/images/tampered/tampered_04913.jpg,1,tampered,1024,1024,1.048576,True,0.07419967651367188,1,0,0
True,jpeg,RGB,1024,683,187100,False,False,0,,False,0,,,,,data/audit_sample/sid_set/images/real/dfa825ef97ef1270.jpg,0,real,1024,683,0.699392,False,0.26751807284040996,0,0,0
True,jpeg,RGB,1024,768,632142,False,False,0,,False,0,,,,,data/audit_sample/sid_set/images/real/bfa6dce35600c79b.jpg,0,real,1024,768,0.786432,False,0.8038101196289062,0,0,0
True,jpeg,RGB,1024,685,194467,False,False,0,,False,0,,,,,data/audit_sample/sid_set/images/real/88564f60d422034a.jpg,0,real,1024,685,0.70144,False,0.2772396783759124,0,0,0
True,png,RGB,1024,1024,1601557,False,False,0,,False,0,,,,,data/audit_sample/sid_set/images/full_synthetic/full_synthetic_009180.png,1,full_synthetic,1024,1024,1.048576,True,1.5273637771606445,1,1,0
True,jpeg,RGB,1024,768,299836,False,False,0,,False,0,,,,,data/audit_sample/sid_set/images/real/245c0ab30d7b3178.jpg,0,real,1024,768,0.786432,False,0.3812611897786458,0,0,0
True,png,RGB,1024,1024,1009173,False,False,0,,False,0,,,,,data/audit_sample/sid_set/images/full_synthetic/full_synthetic_002518.png,1,full_synthetic,1024,1024,1.048576,True,0.9624223709106445,1,1,0
True,jpeg,RGB,768,1024,303823,False,False,0,,True,0,,,,,data/audit_sample/sid_set/images/real/abf1e88d285ff20d.jpg,0,real,768,1024,0.786432,False,0.38633092244466144,0,0,1
True,jpeg,RGB,1024,768,176634,False,False,0,,True,0,,,,,data/audit_sample/sid_set/images/real/44012cd505ddaeee.jpg,0,real,1024,768,0.786432,False,0.22460174560546875,0,0,1
True,png,RGB,1024,1024,1073631,False,False,0,,False,0,,,,,data/audit_sample/sid_set/images/full_synthetic/full_synthetic_003019.png,1,full_synthetic,1024,1024,1.048576,True,1.0238943099975586,1,1,0
True,png,RGB,1024,1024,978837,False,False,0,,False,0,,,,,data/audit_sample/sid_set/images/full_synthetic/full_synthetic_001374.png,1,full_synthetic,1024,1024,1.048576,True,0.9334917068481445,1,1,0
True,jpeg,RGB,1024,768,104563,False,False,0,,False,0,,,,,data/audit_sample/sid_set/images/real/45b263f04a7a7e26.jpg,0,real,1024,768,0.786432,False,0.13295873006184897,0,0,0
True,png,RGB,1024,1024,1184440,False,False,0,,False,0,,,,,data/audit_sample/sid_set/images/full_synthetic/full_synthetic_005165.png,1,full_synthetic,1024,1024,1.048576,True,1.1295700073242188,1,1,0
True,jpeg,RGB,1024,768,110797,False,False,0,,False,0,,,,,data/audit_sample/sid_set/images/real/e00809c3498ca389.jpg,0,real,1024,768,0.786432,False,0.14088567097981772,0,0,0
True,jpeg,RGB,1024,1024,162121,False,False,0,,False,0,,,,,data/audit_sample/sid_set/images/tampered/tampered_05366.jpg,1,tampered,1024,1024,1.048576,True,0.15461063385009766,1,0,0
True,png,RGB,1024,1024,1331350,False,False,0,,False,0,,,,,data/audit_sample/sid_set/images/full_synthetic/full_synthetic_007292.png,1,full_synthetic,1024,1024,1.048576,True,1.269674301147461,1,1,0
True,jpeg,RGB,1024,1024,99188,False,False,0,,False,0,,,,,data/audit_sample/sid_set/images/tampered/tampered_04084.jpg,1,tampered,1024,1024,1.048576,True,0.09459304809570312,1,0,0
True,jpeg,RGB,1024,680,244339,False,False,0,,False,0,,,,,data/audit_sample/sid_set/images/real/6d0fce4c1f18ab6c.jpg,0,real,1024,680,0.69632,False,0.35090044806985293,0,0,0
True,jpeg,RGB,1024,1024,114980,False,False,0,,False,0,,,,,data/audit_sample/sid_set/images/tampered/tampered_08190.jpg,1,tampered,1024,1024,1.048576,True,0.10965347290039062,1,0,0
True,png,RGB,1024,1024,974912,False,False,0,,False,0,,,,,data/audit_sample/sid_set/images/full_synthetic/full_synthetic_003146.png,1,full_synthetic,1024,1024,1.048576,True,0.92974853515625,1,1,0
True,jpeg,RGB,1024,1024,96450,False,False,0,,False,0,,,,,data/audit_sample/sid_set/images/tampered/tampered_03422.jpg,1,tampered,1024,1024,1.048576,True,0.09198188781738281,1,0,0
True,png,RGB,1024,1024,1180089,False,False,0,,False,0,,,,,data/audit_sample/sid_set/images/tampered/tampered_08281.png,1,tampered,1024,1024,1.048576,True,1.1254205703735352,1,1,0
True,jpeg,RGB,1024,1024,210900,False,False,0,,False,0,,,,,data/audit_sample/sid_set/images/tampered/tampered_08445.jpg,1,tampered,1024,1024,1.048576,True,0.20112991333007812,1,0,0
True,png,RGB,1024,1024,1371564,False,False,0,,False,0,,,,,data/audit_sample/sid_set/images/full_synthetic/full_synthetic_003840.png,1,full_synthetic,1024,1024,1.048576,True,1.3080253601074219,1,1,0
True,png,RGB,1024,1024,1348331,False,False,0,,False,0,,,,,data/audit_sample/sid_set/images/full_synthetic/full_synthetic_004273.png,1,full_synthetic,1024,1024,1.048576,True,1.2858686447143555,1,1,0
True,jpeg,RGB,1024,1024,169724,False,False,0,,False,0,,,,,data/audit_sample/sid_set/images/tampered/tampered_01469.jpg,1,tampered,1024,1024,1.048576,True,0.16186141967773438,1,0,0
True,jpeg,RGB,1024,683,268565,False,False,0,,True,0,,,,,data/audit_sample/sid_set/images/real/adbbda9651ba9d33.jpg,0,real,1024,683,0.699392,False,0.38399781524524157,0,0,1
True,jpeg,RGB,1024,1024,128294,False,False,0,,False,0,,,,,data/audit_sample/sid_set/images/tampered/tampered_07326.jpg,1,tampered,1024,1024,1.048576,True,0.12235069274902344,1,0,0
True,jpeg,L,1024,683,343167,False,False,0,,True,0,,,,,data/audit_sample/sid_set/images/real/f2a6eb7b0d34b62a.jpg,0,real,1024,683,0.699392,False,0.4906647488103953,0,0,1
True,jpeg,RGB,1024,1024,64934,False,False,0,,False,0,,,,,data/audit_sample/sid_set/images/tampered/tampered_00740.jpg,1,tampered,1024,1024,1.048576,True,0.06192588806152344,1,0,0
True,jpeg,RGB,1024,768,81094,False,False,0,,False,0,,,,,data/audit_sample/sid_set/images/real/e53c69dd4388789c.jpg,0,real,1024,768,0.786432,False,0.10311635335286458,0,0,0
True,png,RGB,1024,1024,963886,False,False,0,,False,0,,,,,data/audit_sample/sid_set/images/full_synthetic/full_synthetic_002915.png,1,full_synthetic,1024,1024,1.048576,True,0.9192333221435547,1,1,0
True,jpeg,RGB,1024,1024,151486,False,False,0,,False,0,,,,,data/audit_sample/sid_set/images/tampered/tampered_07087.jpg,1,tampered,1024,1024,1.048576,True,0.1444683074951172,1,0,0
True,jpeg,RGB,1024,537,152064,False,False,0,,False,0,,,,,data/audit_sample/sid_set/images/real/3206777689b6a616.jpg,0,real,1024,537,0.549888,False,0.276536312849162,0,0,0
True,jpeg,RGB,1024,1024,122395,False,False,0,,False,0,,,,,data/audit_sample/sid_set/images/tampered/tampered_06133.jpg,1,tampered,1024,1024,1.048576,True,0.11672496795654297,1,0,0
True,jpeg,RGB,683,1024,159277,False,False,0,,True,0,,,,,data/audit_sample/sid_set/images/real/704948f7c2eeaff9.jpg,0,real,683,1024,0.699392,False,0.227736376738653,0,0,1
True,jpeg,RGB,1024,1024,205898,False,False,0,,False,0,,,,,data/audit_sample/sid_set/images/tampered/tampered_006495.jpg,1,tampered,1024,1024,1.048576,True,0.19635963439941406,1,0,0
True,jpeg,RGB,1024,768,224771,False,False,0,,False,0,,,,,data/audit_sample/sid_set/images/real/e9351085115936d9.jpg,0,real,1024,768,0.786432,False,0.2858111063639323,0,0,0
True,png,RGB,1024,1024,1332053,False,False,0,,False,0,,,,,data/audit_sample/sid_set/images/tampered/tampered_03573.png,1,tampered,1024,1024,1.048576,True,1.2703447341918945,1,1,0
True,png,RGB,1024,1024,1527772,False,False,0,,False,0,,,,,data/audit_sample/sid_set/images/tampered/tampered_03979.png,1,tampered,1024,1024,1.048576,True,1.4569969177246094,1,1,0
True,jpeg,RGB,1024,1024,100907,False,False,0,,False,0,,,,,data/audit_sample/sid_set/images/tampered/tampered_01438.jpg,1,tampered,1024,1024,1.048576,True,0.09623241424560547,1,0,0
True,jpeg,RGB,768,1024,307992,False,False,0,,True,0,,,,,data/audit_sample/sid_set/images/real/4863c1af475874b9.jpg,0,real,768,1024,0.786432,False,0.391632080078125,0,0,1
True,png,RGB,1024,1024,1036090,False,False,0,,False,0,,,,,data/audit_sample/sid_set/images/full_synthetic/full_synthetic_000641.png,1,full_synthetic,1024,1024,1.048576,True,0.9880924224853516,1,1,0
True,jpeg,RGB,1024,684,329087,False,False,0,,True,0,,,,,data/audit_sample/sid_set/images/real/6a9f965ac1f0aaed.jpg,0,real,1024,684,0.700416,False,0.46984506350511696,0,0,1
True,jpeg,RGB,1024,682,164446,False,False,0,,False,0,,,,,data/audit_sample/sid_set/images/real/6413d3fe3a1e53e4.jpg,0,real,1024,682,0.698368,False,0.23547184292521994,0,0,0
True,jpeg,RGB,1024,1024,202468,False,False,0,,False,0,,,,,data/audit_sample/sid_set/images/tampered/tampered_00132.jpg,1,tampered,1024,1024,1.048576,True,0.19308853149414062,1,0,0
True,png,RGB,1024,1024,1245245,False,False,0,,False,0,,,,,data/audit_sample/sid_set/images/full_synthetic/full_synthetic_009869.png,1,full_synthetic,1024,1024,1.048576,True,1.1875581741333008,1,1,0
True,png,RGB,1024,1024,1352516,False,False,0,,False,0,,,,,data/audit_sample/sid_set/images/full_synthetic/full_synthetic_006484.png,1,full_synthetic,1024,1024,1.048576,True,1.2898597717285156,1,1,0
True,jpeg,RGB,1024,1024,73757,False,False,0,,False,0,,,,,data/audit_sample/sid_set/images/tampered/tampered_02901.jpg,1,tampered,1024,1024,1.048576,True,0.07034015655517578,1,0,0
True,jpeg,RGB,1024,1024,77298,False,False,0,,False,0,,,,,data/audit_sample/sid_set/images/tampered/tampered_02003.jpg,1,tampered,1024,1024,1.048576,True,0.07371711730957031,1,0,0
True,png,RGB,1024,1024,1114132,False,False,0,,False,0,,,,,data/audit_sample/sid_set/images/full_synthetic/full_synthetic_009486.png,1,full_synthetic,1024,1024,1.048576,True,1.0625190734863281,1,1,0
True,jpeg,RGB,1024,683,485806,False,False,0,,True,0,,,,,data/audit_sample/sid_set/images/real/94fadae1a7e71aa4.jpg,0,real,1024,683,0.699392,False,0.6946118914714495,0,0,1
True,png,RGB,1024,1024,1308060,False,False,0,,False,0,,,,,data/audit_sample/sid_set/images/tampered/tampered_02166.png,1,tampered,1024,1024,1.048576,True,1.2474632263183594,1,1,0
True,jpeg,RGB,1024,1024,128433,False,False,0,,False,0,,,,,data/audit_sample/sid_set/images/tampered/tampered_03364.jpg,1,tampered,1024,1024,1.048576,True,0.1224832534790039,1,0,0
True,jpeg,RGB,1024,1024,89777,False,False,0,,False,0,,,,,data/audit_sample/sid_set/images/tampered/tampered_07463.jpg,1,tampered,1024,1024,1.048576,True,0.0856180191040039,1,0,0
True,jpeg,L,1024,682,251971,False,False,0,,True,0,,,,,data/audit_sample/sid_set/images/real/defbd005c7b12809.jpg,0,real,1024,682,0.698368,False,0.36079975027492667,0,0,1
True,png,RGB,1024,1024,1054462,False,False,0,,False,0,,,,,data/audit_sample/sid_set/images/full_synthetic/full_synthetic_006540.png,1,full_synthetic,1024,1024,1.048576,True,1.0056133270263672,1,1,0
True,png,RGB,1024,1024,1641007,False,False,0,,False,0,,,,,data/audit_sample/sid_set/images/full_synthetic/full_synthetic_006993.png,1,full_synthetic,1024,1024,1.048576,True,1.564986228942871,1,1,0
True,png,RGB,1024,1024,883028,False,False,0,,False,0,,,,,data/audit_sample/sid_set/images/full_synthetic/full_synthetic_006934.png,1,full_synthetic,1024,1024,1.048576,True,0.8421211242675781,1,1,0
True,jpeg,RGB,1024,1024,183772,False,False,0,,False,0,,,,,data/audit_sample/sid_set/images/tampered/tampered_04618.jpg,1,tampered,1024,1024,1.048576,True,0.17525863647460938,1,0,0
True,jpeg,RGB,1024,1024,161309,False,False,0,,False,0,,,,,data/audit_sample/sid_set/images/tampered/tampered_02413.jpg,1,tampered,1024,1024,1.048576,True,0.15383625030517578,1,0,0
True,jpeg,RGB,1024,1024,47148,False,False,0,,False,0,,,,,data/audit_sample/sid_set/images/tampered/tampered_006576.jpg,1,tampered,1024,1024,1.048576,True,0.044963836669921875,1,0,0
True,png,RGB,1024,1024,774372,False,False,0,,False,0,,,,,data/audit_sample/sid_set/images/full_synthetic/full_synthetic_007503.png,1,full_synthetic,1024,1024,1.048576,True,0.7384986877441406,1,1,0
True,png,RGB,1024,1024,752142,False,False,0,,False,0,,,,,data/audit_sample/sid_set/images/full_synthetic/full_synthetic_001387.png,1,full_synthetic,1024,1024,1.048576,True,0.7172985076904297,1,1,0
True,jpeg,RGB,1024,682,699004,False,False,0,,True,0,,,,,data/audit_sample/sid_set/images/real/3f0c0db576f7bbb4.jpg,0,real,1024,682,0.698368,False,1.000910694648094,0,0,1
True,png,RGB,1024,1024,1465375,False,False,0,,False,0,,,,,data/audit_sample/sid_set/images/tampered/tampered_07164.png,1,tampered,1024,1024,1.048576,True,1.3974905014038086,1,1,0
True,jpeg,RGB,1024,1024,144393,False,False,0,,False,0,,,,,data/audit_sample/sid_set/images/tampered/tampered_01567.jpg,1,tampered,1024,1024,1.048576,True,0.13770389556884766,1,0,0
True,jpeg,RGB,683,1024,175379,False,False,0,,False,0,,,,,data/audit_sample/sid_set/images/real/1c0ab5bcfc3dc535.jpg,0,real,683,1024,0.699392,False,0.250759230874817,0,0,0
True,jpeg,RGB,1024,1024,200272,False,False,0,,False,0,,,,,data/audit_sample/sid_set/images/tampered/tampered_04070.jpg,1,tampered,1024,1024,1.048576,True,0.1909942626953125,1,0,0
True,jpeg,RGB,1024,682,236778,False,False,0,,True,0,,,,,data/audit_sample/sid_set/images/real/c6ee5423cc7b979a.jpg,0,real,1024,682,0.698368,False,0.3390447443181818,0,0,1
True,jpeg,RGB,1024,1024,246022,False,False,0,,False,0,,,,,data/audit_sample/sid_set/images/tampered/tampered_00697.jpg,1,tampered,1024,1024,1.048576,True,0.23462486267089844,1,0,0
True,png,RGB,1024,1024,1062506,False,False,0,,False,0,,,,,data/audit_sample/sid_set/images/full_synthetic/full_synthetic_002161.png,1,full_synthetic,1024,1024,1.048576,True,1.013284683227539,1,1,0
True,jpeg,RGB,1024,683,67227,False,False,0,,False,0,,,,,data/audit_sample/sid_set/images/real/3bb51a71f5728be6.jpg,0,real,1024,683,0.699392,False,0.09612206030380674,0,0,0
True,jpeg,RGB,1024,1024,201416,False,False,0,,False,0,,,,,data/audit_sample/sid_set/images/tampered/tampered_07597.jpg,1,tampered,1024,1024,1.048576,True,0.19208526611328125,1,0,0
True,png,RGB,1024,1024,1317371,False,False,0,,False,0,,,,,data/audit_sample/sid_set/images/full_synthetic/full_synthetic_007457.png,1,full_synthetic,1024,1024,1.048576,True,1.256342887878418,1,1,0
True,png,RGB,1024,1024,1622485,False,False,0,,False,0,,,,,data/audit_sample/sid_set/images/full_synthetic/full_synthetic_004021.png,1,full_synthetic,1024,1024,1.048576,True,1.5473222732543945,1,1,0
True,jpeg,RGB,1024,1024,174270,False,False,0,,False,0,,,,,data/audit_sample/sid_set/images/tampered/tampered_03150.jpg,1,tampered,1024,1024,1.048576,True,0.1661968231201172,1,0,0
True,png,RGB,1024,1024,1556720,False,False,0,,False,0,,,,,data/audit_sample/sid_set/images/full_synthetic/full_synthetic_003195.png,1,full_synthetic,1024,1024,1.048576,True,1.4846038818359375,1,1,0
True,png,RGB,1024,1024,933104,False,False,0,,False,0,,,,,data/audit_sample/sid_set/images/full_synthetic/full_synthetic_002526.png,1,full_synthetic,1024,1024,1.048576,True,0.8898773193359375,1,1,0
True,jpeg,RGB,1024,1024,142835,False,False,0,,False,0,,,,,data/audit_sample/sid_set/images/tampered/tampered_05840.jpg,1,tampered,1024,1024,1.048576,True,0.13621807098388672,1,0,0
True,jpeg,RGB,1024,1024,102350,False,False,0,,False,0,,,,,data/audit_sample/sid_set/images/tampered/tampered_03782.jpg,1,tampered,1024,1024,1.048576,True,0.09760856628417969,1,0,0
True,jpeg,RGB,1024,681,376084,False,False,0,,False,0,,,,,data/audit_sample/sid_set/images/real/053f2c169ba799e0.jpg,0,real,1024,681,0.697344,False,0.5393091501468429,0,0,0
True,jpeg,RGB,1024,1024,174047,False,False,0,,False,0,,,,,data/audit_sample/sid_set/images/tampered/tampered_04197.jpg,1,tampered,1024,1024,1.048576,True,0.1659841537475586,1,0,0
True,jpeg,RGB,1024,680,374070,False,False,0,,True,0,,,,,data/audit_sample/sid_set/images/real/231a0a1486b02d06.jpg,0,real,1024,680,0.69632,False,0.5372099034926471,0,0,1
True,jpeg,RGB,1024,1024,79238,False,False,0,,False,0,,,,,data/audit_sample/sid_set/images/tampered/tampered_00155.jpg,1,tampered,1024,1024,1.048576,True,0.07556724548339844,1,0,0
True,jpeg,RGB,1024,1024,115211,False,False,0,,False,0,,,,,data/audit_sample/sid_set/images/tampered/tampered_02009.jpg,1,tampered,1024,1024,1.048576,True,0.10987377166748047,1,0,0
True,jpeg,RGB,1024,1024,83274,False,False,0,,False,0,,,,,data/audit_sample/sid_set/images/tampered/tampered_08062.jpg,1,tampered,1024,1024,1.048576,True,0.07941627502441406,1,0,0
True,jpeg,RGB,1024,1024,135434,False,False,0,,False,0,,,,,data/audit_sample/sid_set/images/tampered/tampered_006435.jpg,1,tampered,1024,1024,1.048576,True,0.12915992736816406,1,0,0
True,png,RGB,1024,1024,1238404,False,False,0,,False,0,,,,,data/audit_sample/sid_set/images/tampered/tampered_06537.png,1,tampered,1024,1024,1.048576,True,1.1810340881347656,1,1,0
True,jpeg,RGB,1024,1024,78571,False,False,0,,False,0,,,,,data/audit_sample/sid_set/images/tampered/tampered_04508.jpg,1,tampered,1024,1024,1.048576,True,0.07493114471435547,1,0,0
True,jpeg,RGB,1024,1024,111100,False,False,0,,False,0,,,,,data/audit_sample/sid_set/images/tampered/tampered_02896.jpg,1,tampered,1024,1024,1.048576,True,0.10595321655273438,1,0,0
True,png,RGB,1024,1024,1396566,False,False,0,,False,0,,,,,data/audit_sample/sid_set/images/full_synthetic/full_synthetic_004673.png,1,full_synthetic,1024,1024,1.048576,True,1.331869125366211,1,1,0
True,jpeg,L,662,1024,94926,False,False,0,,False,0,,,,,data/audit_sample/sid_set/images/real/ef1d11baed236852.jpg,0,real,662,1024,0.677888,False,0.14003198168429004,0,0,0
True,jpeg,RGB,1024,1024,174756,False,False,0,,False,0,,,,,data/audit_sample/sid_set/images/tampered/tampered_02952.jpg,1,tampered,1024,1024,1.048576,True,0.16666030883789062,1,0,0
True,jpeg,RGB,1024,1024,244109,False,False,0,,False,0,,,,,data/audit_sample/sid_set/images/tampered/tampered_03912.jpg,1,tampered,1024,1024,1.048576,True,0.23280048370361328,1,0,0
True,jpeg,RGB,1024,678,661089,False,False,0,,False,0,,,,,data/audit_sample/sid_set/images/real/a0bbac57f78d9b06.jpg,0,real,1024,678,0.694272,False,0.9522046114491151,0,0,0
True,jpeg,RGB,1024,1024,59108,False,False,0,,False,0,,,,,data/audit_sample/sid_set/images/tampered/tampered_04868.jpg,1,tampered,1024,1024,1.048576,True,0.056369781494140625,1,0,0
True,jpeg,RGB,1024,683,293569,False,False,0,,True,0,,,,,data/audit_sample/sid_set/images/real/a66e5e835eff9b5c.jpg,0,real,1024,683,0.699392,False,0.41974886758784774,0,0,1
True,jpeg,RGB,1024,768,278688,False,False,0,,False,0,,,,,data/audit_sample/sid_set/images/real/ee2520fbeedfb2a8.jpg,0,real,1024,768,0.786432,False,0.3543701171875,0,0,0
True,jpeg,RGB,683,1024,106702,False,False,0,,False,0,,,,,data/audit_sample/sid_set/images/real/618619466a5b0896.jpg,0,real,683,1024,0.699392,False,0.15256394125183015,0,0,0
True,png,RGB,1024,1024,1083901,False,False,0,,False,0,,,,,data/audit_sample/sid_set/images/full_synthetic/full_synthetic_000916.png,1,full_synthetic,1024,1024,1.048576,True,1.0336885452270508,1,1,0
True,png,RGB,1024,1024,974999,False,False,0,,False,0,,,,,data/audit_sample/sid_set/images/full_synthetic/full_synthetic_000614.png,1,full_synthetic,1024,1024,1.048576,True,0.9298315048217773,1,1,0
True,jpeg,RGB,1024,1024,108448,False,False,0,,False,0,,,,,data/audit_sample/sid_set/images/tampered/tampered_01358.jpg,1,tampered,1024,1024,1.048576,True,0.103424072265625,1,0,0
True,jpeg,RGB,1024,682,705680,False,False,0,,True,0,,,,,data/audit_sample/sid_set/images/real/d2c7e94850863337.jpg,0,real,1024,682,0.698368,False,1.010470124633431,0,0,1
True,jpeg,RGB,1024,768,211416,False,False,0,,True,0,,,,,data/audit_sample/sid_set/images/real/87be28381e114da1.jpg,0,real,1024,768,0.786432,False,0.268829345703125,0,0,1
True,jpeg,RGB,1024,1024,120939,False,False,0,,False,0,,,,,data/audit_sample/sid_set/images/tampered/tampered_04391.jpg,1,tampered,1024,1024,1.048576,True,0.11533641815185547,1,0,0
True,png,RGB,1024,1024,899497,False,False,0,,False,0,,,,,data/audit_sample/sid_set/images/full_synthetic/full_synthetic_002498.png,1,full_synthetic,1024,1024,1.048576,True,0.8578271865844727,1,1,0
True,jpeg,RGB,1024,1024,180326,False,False,0,,False,0,,,,,data/audit_sample/sid_set/images/tampered/tampered_08652.jpg,1,tampered,1024,1024,1.048576,True,0.17197227478027344,1,0,0
True,jpeg,RGB,1024,576,146545,False,False,0,,False,0,,,,,data/audit_sample/sid_set/images/real/3a7e47ebe4f1299d.jpg,0,real,1024,576,0.589824,False,0.2484554714626736,0,0,0
True,jpeg,RGB,1024,768,178663,False,False,0,,True,0,,,,,data/audit_sample/sid_set/images/real/1b5a0fc3a77f2d4e.jpg,0,real,1024,768,0.786432,False,0.22718175252278647,0,0,1
True,jpeg,RGB,1024,1024,155787,False,False,0,,False,0,,,,,data/audit_sample/sid_set/images/tampered/tampered_00206.jpg,1,tampered,1024,1024,1.048576,True,0.14857006072998047,1,0,0
True,jpeg,RGB,683,1024,229077,False,False,0,,False,0,,,,,data/audit_sample/sid_set/images/real/726c593bcbbe6c56.jpg,0,real,683,1024,0.699392,False,0.3275373467240117,0,0,0
True,jpeg,RGB,1024,1024,141874,False,False,0,,False,0,,,,,data/audit_sample/sid_set/images/tampered/tampered_07552.jpg,1,tampered,1024,1024,1.048576,True,0.1353015899658203,1,0,0
True,jpeg,RGB,1024,1024,126200,False,False,0,,False,0,,,,,data/audit_sample/sid_set/images/tampered/tampered_05639.jpg,1,tampered,1024,1024,1.048576,True,0.12035369873046875,1,0,0
True,jpeg,L,1024,768,109308,False,False,0,,False,0,,,,,data/audit_sample/sid_set/images/real/7b629e5064e3d6fb.jpg,0,real,1024,768,0.786432,False,0.1389923095703125,0,0,0
True,jpeg,RGB,1024,682,295127,False,False,0,,False,0,,,,,data/audit_sample/sid_set/images/real/b8b7b7d3071acd13.jpg,0,real,1024,682,0.698368,False,0.4225952506414956,0,0,0
True,jpeg,RGB,1024,1024,223599,False,False,0,,False,0,,,,,data/audit_sample/sid_set/images/tampered/tampered_06560.jpg,1,tampered,1024,1024,1.048576,True,0.2132406234741211,1,0,0
True,jpeg,RGB,1024,1024,151035,False,False,0,,False,0,,,,,data/audit_sample/sid_set/images/tampered/tampered_06592.jpg,1,tampered,1024,1024,1.048576,True,0.14403820037841797,1,0,0
True,png,RGB,1024,1024,1509215,False,False,0,,False,0,,,,,data/audit_sample/sid_set/images/full_synthetic/full_synthetic_006009.png,1,full_synthetic,1024,1024,1.048576,True,1.4392995834350586,1,1,0
True,jpeg,RGB,1024,680,161143,False,False,0,,False,0,,,,,data/audit_sample/sid_set/images/real/ff166d9e4928790d.jpg,0,real,1024,680,0.69632,False,0.2314208984375,0,0,0
True,png,RGB,1024,1024,1404608,False,False,0,,False,0,,,,,data/audit_sample/sid_set/images/full_synthetic/full_synthetic_009849.png,1,full_synthetic,1024,1024,1.048576,True,1.33953857421875,1,1,0
True,jpeg,RGB,1024,1024,132503,False,False,0,,False,0,,,,,data/audit_sample/sid_set/images/tampered/tampered_05397.jpg,1,tampered,1024,1024,1.048576,True,0.12636470794677734,1,0,0
True,png,RGB,1024,1024,1114198,False,False,0,,False,0,,,,,data/audit_sample/sid_set/images/full_synthetic/full_synthetic_009128.png,1,full_synthetic,1024,1024,1.048576,True,1.062582015991211,1,1,0
True,jpeg,RGB,1024,1024,162096,False,False,0,,False,0,,,,,data/audit_sample/sid_set/images/tampered/tampered_02914.jpg,1,tampered,1024,1024,1.048576,True,0.1545867919921875,1,0,0
True,png,RGB,1024,1024,909795,False,False,0,,False,0,,,,,data/audit_sample/sid_set/images/full_synthetic/full_synthetic_004637.png,1,full_synthetic,1024,1024,1.048576,True,0.8676481246948242,1,1,0
True,jpeg,RGB,1024,683,285881,False,False,0,,False,0,,,,,data/audit_sample/sid_set/images/real/83f507c5aabd3d60.jpg,0,real,1024,683,0.699392,False,0.40875646275622257,0,0,0
True,png,RGB,1024,1024,1059507,False,False,0,,False,0,,,,,data/audit_sample/sid_set/images/full_synthetic/full_synthetic_009265.png,1,full_synthetic,1024,1024,1.048576,True,1.0104246139526367,1,1,0
True,png,RGB,1024,1024,1158333,False,False,0,,False,0,,,,,data/audit_sample/sid_set/images/full_synthetic/full_synthetic_009580.png,1,full_synthetic,1024,1024,1.048576,True,1.1046724319458008,1,1,0
True,png,RGB,1024,1024,1322981,False,False,0,,False,0,,,,,data/audit_sample/sid_set/images/full_synthetic/full_synthetic_003023.png,1,full_synthetic,1024,1024,1.048576,True,1.261693000793457,1,1,0
True,png,RGB,1024,1024,1261988,False,False,0,,False,0,,,,,data/audit_sample/sid_set/images/full_synthetic/full_synthetic_008106.png,1,full_synthetic,1024,1024,1.048576,True,1.2035255432128906,1,1,0
True,jpeg,RGB,1024,768,112430,False,False,0,,False,0,,,,,data/audit_sample/sid_set/images/real/12bb7ed2ac1f8737.jpg,0,real,1024,768,0.786432,False,0.1429621378580729,0,0,0
True,png,RGB,1024,1024,1407526,False,False,0,,False,0,,,,,data/audit_sample/sid_set/images/full_synthetic/full_synthetic_006633.png,1,full_synthetic,1024,1024,1.048576,True,1.3423213958740234,1,1,0
True,jpeg,RGB,1024,1024,163600,False,False,0,,False,0,,,,,data/audit_sample/sid_set/images/tampered/tampered_03175.jpg,1,tampered,1024,1024,1.048576,True,0.1560211181640625,1,0,0
True,jpeg,RGB,1024,683,92914,False,False,0,,False,0,,,,,data/audit_sample/sid_set/images/real/3ce532a885e1d255.jpg,0,real,1024,683,0.699392,False,0.13284967514641288,0,0,0
True,jpeg,RGB,1024,680,455838,False,False,0,,True,0,,,,,data/audit_sample/sid_set/images/real/ec1f150a7902be66.jpg,0,real,1024,680,0.69632,False,0.654638671875,0,0,1
True,png,RGB,1024,1024,890944,False,False,0,,False,0,,,,,data/audit_sample/sid_set/images/full_synthetic/full_synthetic_006911.png,1,full_synthetic,1024,1024,1.048576,True,0.84967041015625,1,1,0
True,jpeg,RGB,1024,1024,155599,False,False,0,,False,0,,,,,data/audit_sample/sid_set/images/tampered/tampered_006269.jpg,1,tampered,1024,1024,1.048576,True,0.1483907699584961,1,0,0
True,jpeg,RGB,1024,1024,71875,False,False,0,,False,0,,,,,data/audit_sample/sid_set/images/tampered/tampered_09073.jpg,1,tampered,1024,1024,1.048576,True,0.06854534149169922,1,0,0
True,jpeg,RGB,1024,1024,221345,False,False,0,,False,0,,,,,data/audit_sample/sid_set/images/tampered/tampered_03635.jpg,1,tampered,1024,1024,1.048576,True,0.2110910415649414,1,0,0
True,jpeg,RGB,1024,1024,234592,False,False,0,,False,0,,,,,data/audit_sample/sid_set/images/tampered/tampered_03818.jpg,1,tampered,1024,1024,1.048576,True,0.223724365234375,1,0,0
True,jpeg,RGB,1024,1024,192044,False,False,0,,False,0,,,,,data/audit_sample/sid_set/images/tampered/tampered_08900.jpg,1,tampered,1024,1024,1.048576,True,0.18314743041992188,1,0,0
True,png,RGB,1024,1024,905957,False,False,0,,False,0,,,,,data/audit_sample/sid_set/images/full_synthetic/full_synthetic_007655.png,1,full_synthetic,1024,1024,1.048576,True,0.863987922668457,1,1,0
True,png,RGB,1024,1024,962604,False,False,0,,False,0,,,,,data/audit_sample/sid_set/images/full_synthetic/full_synthetic_005235.png,1,full_synthetic,1024,1024,1.048576,True,0.9180107116699219,1,1,0
True,jpeg,RGB,1024,1024,128387,False,False,0,,False,0,,,,,data/audit_sample/sid_set/images/tampered/tampered_00853.jpg,1,tampered,1024,1024,1.048576,True,0.12243938446044922,1,0,0
True,jpeg,RGB,1024,1024,157984,False,False,0,,False,0,,,,,data/audit_sample/sid_set/images/tampered/tampered_07749.jpg,1,tampered,1024,1024,1.048576,True,0.150665283203125,1,0,0
True,png,RGB,1024,1024,841883,False,False,0,,False,0,,,,,data/audit_sample/sid_set/images/full_synthetic/full_synthetic_004365.png,1,full_synthetic,1024,1024,1.048576,True,0.802882194519043,1,1,0
True,jpeg,RGB,1024,1024,84310,False,False,0,,False,0,,,,,data/audit_sample/sid_set/images/tampered/tampered_02019.jpg,1,tampered,1024,1024,1.048576,True,0.08040428161621094,1,0,0
True,jpeg,RGB,1024,683,114729,False,False,0,,True,0,,,,,data/audit_sample/sid_set/images/real/20c6c9ed42a09312.jpg,0,real,1024,683,0.699392,False,0.16404105280014641,0,0,1
True,png,RGB,1024,1024,647086,False,False,0,,False,0,,,,,data/audit_sample/sid_set/images/full_synthetic/full_synthetic_007671.png,1,full_synthetic,1024,1024,1.048576,True,0.6171092987060547,1,1,0
True,jpeg,RGB,1024,1024,157422,False,False,0,,False,0,,,,,data/audit_sample/sid_set/images/tampered/tampered_01596.jpg,1,tampered,1024,1024,1.048576,True,0.1501293182373047,1,0,0
True,jpeg,RGB,1024,1024,127225,False,False,0,,False,0,,,,,data/audit_sample/sid_set/images/tampered/tampered_03400.jpg,1,tampered,1024,1024,1.048576,True,0.12133121490478516,1,0,0
True,png,RGB,1024,1024,1175412,False,False,0,,False,0,,,,,data/audit_sample/sid_set/images/full_synthetic/full_synthetic_008531.png,1,full_synthetic,1024,1024,1.048576,True,1.1209602355957031,1,1,0
True,png,RGB,1024,1024,1217857,False,False,0,,False,0,,,,,data/audit_sample/sid_set/images/full_synthetic/full_synthetic_002205.png,1,full_synthetic,1024,1024,1.048576,True,1.1614389419555664,1,1,0
True,jpeg,RGB,1024,807,673560,False,False,0,,True,0,,,,,data/audit_sample/sid_set/images/real/780e858744219906.jpg,0,real,1024,807,0.826368,False,0.8150848048327137,0,0,1
True,png,RGB,1024,1024,1397645,False,False,0,,False,0,,,,,data/audit_sample/sid_set/images/tampered/tampered_04043.png,1,tampered,1024,1024,1.048576,True,1.3328981399536133,1,1,0
True,jpeg,RGB,683,1024,108338,False,False,0,,True,0,,,,,data/audit_sample/sid_set/images/real/4ab631f36da34065.jpg,0,real,683,1024,0.699392,False,0.15490311584919472,0,0,1
True,jpeg,RGB,1024,768,573086,False,False,0,,False,0,,,,,data/audit_sample/sid_set/images/real/2e5172c3869e98e8.jpg,0,real,1024,768,0.786432,False,0.7287165323893229,0,0,0
True,png,RGB,1024,1024,1082229,False,False,0,,False,0,,,,,data/audit_sample/sid_set/images/full_synthetic/full_synthetic_005083.png,1,full_synthetic,1024,1024,1.048576,True,1.0320940017700195,1,1,0
True,jpeg,RGB,1024,768,230799,False,False,0,,True,0,,,,,data/audit_sample/sid_set/images/real/87a3b4d487a96ba7.jpg,0,real,1024,768,0.786432,False,0.2934761047363281,0,0,1
True,jpeg,RGB,1024,768,132944,False,False,0,,False,0,,,,,data/audit_sample/sid_set/images/real/04035c9639831242.jpg,0,real,1024,768,0.786432,False,0.16904703776041666,0,0,0
True,jpeg,RGB,1024,1024,96754,False,False,0,,False,0,,,,,data/audit_sample/sid_set/images/tampered/tampered_06028.jpg,1,tampered,1024,1024,1.048576,True,0.09227180480957031,1,0,0
True,jpeg,RGB,1024,768,195780,False,False,0,,False,0,,,,,data/audit_sample/sid_set/images/real/1906c2b1c73b5a55.jpg,0,real,1024,768,0.786432,False,0.2489471435546875,0,0,0
True,jpeg,RGB,765,1024,421420,False,False,0,,True,0,,,,,data/audit_sample/sid_set/images/real/17ebb5d974656c3d.jpg,0,real,765,1024,0.78336,False,0.5379646650326797,0,0,1
True,jpeg,RGB,1024,661,369646,False,False,0,,True,0,,,,,data/audit_sample/sid_set/images/real/50470b61a92ad43c.jpg,0,real,1024,661,0.676864,False,0.5461156155446294,0,0,1
True,jpeg,RGB,1024,1024,184651,False,False,0,,False,0,,,,,data/audit_sample/sid_set/images/tampered/tampered_03471.jpg,1,tampered,1024,1024,1.048576,True,0.17609691619873047,1,0,0
True,jpeg,RGB,1024,1024,183396,False,False,0,,False,0,,,,,data/audit_sample/sid_set/images/tampered/tampered_01885.jpg,1,tampered,1024,1024,1.048576,True,0.17490005493164062,1,0,0
True,jpeg,RGB,1024,1024,133618,False,False,0,,False,0,,,,,data/audit_sample/sid_set/images/tampered/tampered_07923.jpg,1,tampered,1024,1024,1.048576,True,0.1274280548095703,1,0,0
True,jpeg,RGB,1024,1024,121527,False,False,0,,False,0,,,,,data/audit_sample/sid_set/images/tampered/tampered_00836.jpg,1,tampered,1024,1024,1.048576,True,0.11589717864990234,1,0,0
True,jpeg,RGB,1024,1024,196654,False,False,0,,False,0,,,,,data/audit_sample/sid_set/images/tampered/tampered_06701.jpg,1,tampered,1024,1024,1.048576,True,0.1875438690185547,1,0,0
True,jpeg,RGB,1024,819,236709,False,False,0,,True,0,,,,,data/audit_sample/sid_set/images/real/7ecf410c92120528.jpg,0,real,1024,819,0.838656,False,0.28224802541208793,0,0,1
True,png,RGB,1024,1024,1079679,False,False,0,,False,0,,,,,data/audit_sample/sid_set/images/full_synthetic/full_synthetic_006773.png,1,full_synthetic,1024,1024,1.048576,True,1.0296621322631836,1,1,0
True,jpeg,RGB,1024,1024,80953,False,False,0,,False,0,,,,,data/audit_sample/sid_set/images/tampered/tampered_04085.jpg,1,tampered,1024,1024,1.048576,True,0.07720279693603516,1,0,0
True,jpeg,RGB,1024,683,506060,False,False,0,,False,0,,,,,data/audit_sample/sid_set/images/real/e6e54aa0ac904577.jpg,0,real,1024,683,0.699392,False,0.7235713305270863,0,0,0
True,png,RGB,1024,1024,916584,False,False,0,,False,0,,,,,data/audit_sample/sid_set/images/full_synthetic/full_synthetic_007577.png,1,full_synthetic,1024,1024,1.048576,True,0.8741226196289062,1,1,0
True,png,RGB,1024,1024,1258219,False,False,0,,False,0,,,,,data/audit_sample/sid_set/images/full_synthetic/full_synthetic_000524.png,1,full_synthetic,1024,1024,1.048576,True,1.1999311447143555,1,1,0
True,jpeg,RGB,1024,576,209244,False,False,0,,False,0,,,,,data/audit_sample/sid_set/images/real/7f1b2a695a76f368.jpg,0,real,1024,576,0.589824,False,0.3547566731770833,0,0,0
True,png,RGB,1024,1024,1675290,False,False,0,,False,0,,,,,data/audit_sample/sid_set/images/full_synthetic/full_synthetic_001724.png,1,full_synthetic,1024,1024,1.048576,True,1.5976810455322266,1,1,0
True,jpeg,RGB,1024,683,454802,False,False,0,,True,0,,,,,data/audit_sample/sid_set/images/real/34ef8d5d6d3f9b0a.jpg,0,real,1024,683,0.699392,False,0.6502819591874085,0,0,1
True,png,RGB,1024,1024,1346821,False,False,0,,False,0,,,,,data/audit_sample/sid_set/images/full_synthetic/full_synthetic_008337.png,1,full_synthetic,1024,1024,1.048576,True,1.284428596496582,1,1,0
True,jpeg,RGB,1024,1024,98539,False,False,0,,False,0,,,,,data/audit_sample/sid_set/images/tampered/tampered_01789.jpg,1,tampered,1024,1024,1.048576,True,0.09397411346435547,1,0,0
True,png,RGB,1024,1024,872157,False,False,0,,False,0,,,,,data/audit_sample/sid_set/images/full_synthetic/full_synthetic_007041.png,1,full_synthetic,1024,1024,1.048576,True,0.8317537307739258,1,1,0
True,png,RGB,1024,1024,981470,False,False,0,,False,0,,,,,data/audit_sample/sid_set/images/full_synthetic/full_synthetic_004182.png,1,full_synthetic,1024,1024,1.048576,True,0.9360027313232422,1,1,0
True,png,RGB,1024,1024,942301,False,False,0,,False,0,,,,,data/audit_sample/sid_set/images/full_synthetic/full_synthetic_003616.png,1,full_synthetic,1024,1024,1.048576,True,0.8986482620239258,1,1,0
True,jpeg,RGB,1024,1024,131738,False,False,0,,False,0,,,,,data/audit_sample/sid_set/images/tampered/tampered_03060.jpg,1,tampered,1024,1024,1.048576,True,0.12563514709472656,1,0,0
True,png,RGB,1024,1024,543337,False,False,0,,False,0,,,,,data/audit_sample/sid_set/images/full_synthetic/full_synthetic_009836.png,1,full_synthetic,1024,1024,1.048576,True,0.5181665420532227,1,1,0
True,jpeg,RGB,1024,1024,115544,False,False,0,,False,0,,,,,data/audit_sample/sid_set/images/tampered/tampered_04872.jpg,1,tampered,1024,1024,1.048576,True,0.11019134521484375,1,0,0
True,jpeg,RGB,1024,682,112331,False,False,0,,False,0,,,,,data/audit_sample/sid_set/images/real/7c3d89a219eb021d.jpg,0,real,1024,682,0.698368,False,0.16084786244501467,0,0,0
True,jpeg,RGB,1024,833,956931,False,False,0,,True,0,,,,,data/audit_sample/sid_set/images/real/bdf1b2151e0b8d47.jpg,0,real,1024,833,0.852992,False,1.121852256527611,0,0,1
True,jpeg,RGB,1024,680,174100,False,False,0,,False,0,,,,,data/audit_sample/sid_set/images/real/875c33fd4ed59bb1.jpg,0,real,1024,680,0.69632,False,0.25002872242647056,0,0,0
True,png,RGB,1024,1024,1074945,False,False,0,,False,0,,,,,data/audit_sample/sid_set/images/full_synthetic/full_synthetic_002891.png,1,full_synthetic,1024,1024,1.048576,True,1.0251474380493164,1,1,0
True,png,RGB,1024,1024,1619660,False,False,0,,False,0,,,,,data/audit_sample/sid_set/images/full_synthetic/full_synthetic_001716.png,1,full_synthetic,1024,1024,1.048576,True,1.5446281433105469,1,1,0
True,jpeg,RGB,1024,1024,170225,False,False,0,,False,0,,,,,data/audit_sample/sid_set/images/tampered/tampered_02795.jpg,1,tampered,1024,1024,1.048576,True,0.1623392105102539,1,0,0
True,png,RGB,1024,1024,1212826,False,False,0,,False,0,,,,,data/audit_sample/sid_set/images/full_synthetic/full_synthetic_004616.png,1,full_synthetic,1024,1024,1.048576,True,1.1566410064697266,1,1,0
True,jpeg,RGB,1024,1024,147601,False,False,0,,False,0,,,,,data/audit_sample/sid_set/images/tampered/tampered_09016.jpg,1,tampered,1024,1024,1.048576,True,0.1407632827758789,1,0,0
True,png,RGB,1024,1024,1037999,False,False,0,,False,0,,,,,data/audit_sample/sid_set/images/full_synthetic/full_synthetic_008937.png,1,full_synthetic,1024,1024,1.048576,True,0.9899129867553711,1,1,0
True,jpeg,RGB,1024,1024,192635,False,False,0,,False,0,,,,,data/audit_sample/sid_set/images/tampered/tampered_08032.jpg,1,tampered,1024,1024,1.048576,True,0.18371105194091797,1,0,0
True,png,RGB,1024,1024,1190721,False,False,0,,False,0,,,,,data/audit_sample/sid_set/images/full_synthetic/full_synthetic_003373.png,1,full_synthetic,1024,1024,1.048576,True,1.1355600357055664,1,1,0
True,png,RGB,1024,1024,1130869,False,False,0,,False,0,,,,,data/audit_sample/sid_set/images/full_synthetic/full_synthetic_007400.png,1,full_synthetic,1024,1024,1.048576,True,1.0784807205200195,1,1,0
True,png,RGB,1024,1024,1456673,False,False,0,,False,0,,,,,data/audit_sample/sid_set/images/full_synthetic/full_synthetic_001521.png,1,full_synthetic,1024,1024,1.048576,True,1.3891916275024414,1,1,0
True,png,RGB,1024,1024,1440146,False,False,0,,False,0,,,,,data/audit_sample/sid_set/images/full_synthetic/full_synthetic_007424.png,1,full_synthetic,1024,1024,1.048576,True,1.3734302520751953,1,1,0
True,jpeg,RGB,1024,1024,80926,False,False,0,,False,0,,,,,data/audit_sample/sid_set/images/tampered/tampered_08851.jpg,1,tampered,1024,1024,1.048576,True,0.07717704772949219,1,0,0
True,png,RGB,1024,1024,1229625,False,False,0,,False,0,,,,,data/audit_sample/sid_set/images/full_synthetic/full_synthetic_005166.png,1,full_synthetic,1024,1024,1.048576,True,1.1726617813110352,1,1,0
True,jpeg,RGB,1024,677,212332,False,False,0,,False,0,,,,,data/audit_sample/sid_set/images/real/c0d657c8cc27fca5.jpg,0,real,1024,677,0.693248,False,0.306285773633678,0,0,0
True,jpeg,RGB,1024,680,481572,False,False,0,,False,0,,,,,data/audit_sample/sid_set/images/real/c7d95bca484f4d29.jpg,0,real,1024,680,0.69632,False,0.6915958180147059,0,0,0
True,jpeg,RGB,1024,616,198400,False,False,0,,False,0,,,,,data/audit_sample/sid_set/images/real/5413bb976ebfe902.jpg,0,real,1024,616,0.630784,False,0.3145292207792208,0,0,0
True,png,RGB,1024,1024,1095122,False,False,0,,False,0,,,,,data/audit_sample/sid_set/images/full_synthetic/full_synthetic_005239.png,1,full_synthetic,1024,1024,1.048576,True,1.0443897247314453,1,1,0
True,png,RGB,1024,1024,1085935,False,False,0,,False,0,,,,,data/audit_sample/sid_set/images/full_synthetic/full_synthetic_001641.png,1,full_synthetic,1024,1024,1.048576,True,1.035628318786621,1,1,0
True,jpeg,RGB,1024,1024,132480,False,False,0,,False,0,,,,,data/audit_sample/sid_set/images/tampered/tampered_00001.jpg,1,tampered,1024,1024,1.048576,True,0.1263427734375,1,0,0
True,png,RGB,1024,1024,990975,False,False,0,,False,0,,,,,data/audit_sample/sid_set/images/full_synthetic/full_synthetic_004750.png,1,full_synthetic,1024,1024,1.048576,True,0.9450674057006836,1,1,0
True,jpeg,RGB,1024,683,136815,False,False,0,,False,0,,,,,data/audit_sample/sid_set/images/real/2a3d1c767cdbf29a.jpg,0,real,1024,683,0.699392,False,0.1956199098645681,0,0,0
True,jpeg,RGB,1024,768,87104,False,False,0,,False,0,,,,,data/audit_sample/sid_set/images/real/934a2f6dabd53026.jpg,0,real,1024,768,0.786432,False,0.11075846354166667,0,0,0
True,png,RGB,1024,1024,1156669,False,False,0,,False,0,,,,,data/audit_sample/sid_set/images/full_synthetic/full_synthetic_005159.png,1,full_synthetic,1024,1024,1.048576,True,1.1030855178833008,1,1,0
True,jpeg,RGB,1024,1024,230823,False,False,0,,False,0,,,,,data/audit_sample/sid_set/images/tampered/tampered_08289.jpg,1,tampered,1024,1024,1.048576,True,0.22012996673583984,1,0,0
True,jpeg,RGB,1024,1024,119433,False,False,0,,False,0,,,,,data/audit_sample/sid_set/images/tampered/tampered_08987.jpg,1,tampered,1024,1024,1.048576,True,0.11390018463134766,1,0,0
True,png,RGB,1024,1024,1073987,False,False,0,,False,0,,,,,data/audit_sample/sid_set/images/full_synthetic/full_synthetic_003585.png,1,full_synthetic,1024,1024,1.048576,True,1.0242338180541992,1,1,0
True,png,RGB,1024,1024,1160763,False,False,0,,False,0,,,,,data/audit_sample/sid_set/images/full_synthetic/full_synthetic_009577.png,1,full_synthetic,1024,1024,1.048576,True,1.106989860534668,1,1,0
True,jpeg,RGB,1024,768,339391,False,False,0,,False,0,,,,,data/audit_sample/sid_set/images/real/87ba80bb74756981.jpg,0,real,1024,768,0.786432,False,0.43155797322591144,0,0,0
True,jpeg,RGB,1024,1024,164009,False,False,0,,False,0,,,,,data/audit_sample/sid_set/images/tampered/tampered_03186.jpg,1,tampered,1024,1024,1.048576,True,0.15641117095947266,1,0,0
True,jpeg,RGB,1024,998,672317,False,False,0,,True,0,,,,,data/audit_sample/sid_set/images/real/f7fa9107bc752904.jpg,0,real,1024,998,1.021952,False,0.6578753209544088,0,0,1
True,png,RGB,1024,1024,1041906,False,False,0,,False,0,,,,,data/audit_sample/sid_set/images/full_synthetic/full_synthetic_005939.png,1,full_synthetic,1024,1024,1.048576,True,0.9936389923095703,1,1,0
True,jpeg,RGB,1024,1024,60043,False,False,0,,False,0,,,,,data/audit_sample/sid_set/images/tampered/tampered_006460.jpg,1,tampered,1024,1024,1.048576,True,0.05726146697998047,1,0,0
True,jpeg,RGB,1024,768,394607,False,False,0,,False,0,,,,,data/audit_sample/sid_set/images/real/e6ea70485ebb63ba.jpg,0,real,1024,768,0.786432,False,0.5017687479654948,0,0,0
True,jpeg,RGB,1024,722,749491,False,False,0,,True,0,,,,,data/audit_sample/sid_set/images/real/79ebdbb6f7ea32f1.jpg,0,real,1024,722,0.739328,False,1.013746266880194,0,0,1
True,jpeg,RGB,1024,1024,98445,False,False,0,,False,0,,,,,data/audit_sample/sid_set/images/tampered/tampered_04479.jpg,1,tampered,1024,1024,1.048576,True,0.09388446807861328,1,0,0
True,jpeg,RGB,1024,681,539220,False,False,0,,False,0,,,,,data/audit_sample/sid_set/images/real/82bd85efb5d5910d.jpg,0,real,1024,681,0.697344,False,0.7732482103524229,0,0,0
True,png,RGB,1024,1024,1355182,False,False,0,,False,0,,,,,data/audit_sample/sid_set/images/full_synthetic/full_synthetic_006331.png,1,full_synthetic,1024,1024,1.048576,True,1.2924022674560547,1,1,0
True,jpeg,RGB,1024,1024,121259,False,False,0,,False,0,,,,,data/audit_sample/sid_set/images/tampered/tampered_02012.jpg,1,tampered,1024,1024,1.048576,True,0.11564159393310547,1,0,0
True,png,RGB,1024,1024,1147730,False,False,0,,False,0,,,,,data/audit_sample/sid_set/images/full_synthetic/full_synthetic_005064.png,1,full_synthetic,1024,1024,1.048576,True,1.0945606231689453,1,1,0
True,jpeg,RGB,1024,1024,87854,False,False,0,,False,0,,,,,data/audit_sample/sid_set/images/tampered/tampered_04657.jpg,1,tampered,1024,1024,1.048576,True,0.08378410339355469,1,0,0
True,png,RGB,1024,1024,1076175,False,False,0,,False,0,,,,,data/audit_sample/sid_set/images/tampered/tampered_06227.png,1,tampered,1024,1024,1.048576,True,1.026320457458496,1,1,0
True,jpeg,RGB,1024,1024,212878,False,False,0,,False,0,,,,,data/audit_sample/sid_set/images/real/ef74075111535f94.jpg,0,real,1024,1024,1.048576,True,0.2030162811279297,1,0,0
True,jpeg,RGB,1024,1024,139511,False,False,0,,False,0,,,,,data/audit_sample/sid_set/images/tampered/tampered_04421.jpg,1,tampered,1024,1024,1.048576,True,0.13304805755615234,1,0,0
True,jpeg,RGB,1024,1024,81032,False,False,0,,False,0,,,,,data/audit_sample/sid_set/images/tampered/tampered_01276.jpg,1,tampered,1024,1024,1.048576,True,0.07727813720703125,1,0,0
True,jpeg,RGB,1024,683,508766,False,False,0,,True,0,,,,,data/audit_sample/sid_set/images/real/de4ccab9cc6ed62d.jpg,0,real,1024,683,0.699392,False,0.7274404053806734,0,0,1
True,png,RGB,1024,1024,1234974,False,False,0,,False,0,,,,,data/audit_sample/sid_set/images/full_synthetic/full_synthetic_008252.png,1,full_synthetic,1024,1024,1.048576,True,1.1777629852294922,1,1,0
True,jpeg,RGB,1024,768,313286,False,False,0,,False,0,,,,,data/audit_sample/sid_set/images/real/e1b9b85f4546502e.jpg,0,real,1024,768,0.786432,False,0.39836374918619794,0,0,0
True,jpeg,RGB,1024,1024,113364,False,False,0,,False,0,,,,,data/audit_sample/sid_set/images/tampered/tampered_03921.jpg,1,tampered,1024,1024,1.048576,True,0.10811233520507812,1,0,0
True,jpeg,RGB,1024,768,372664,False,False,0,,False,0,,,,,data/audit_sample/sid_set/images/real/6e2228c36bb6f2fa.jpg,0,real,1024,768,0.786432,False,0.4738667805989583,0,0,0
True,png,RGB,1024,1024,1271853,False,False,0,,False,0,,,,,data/audit_sample/sid_set/images/tampered/tampered_01791.png,1,tampered,1024,1024,1.048576,True,1.2129335403442383,1,1,0
True,jpeg,RGB,1024,768,93950,False,False,0,,False,0,,,,,data/audit_sample/sid_set/images/real/34e36fbed3897285.jpg,0,real,1024,768,0.786432,False,0.11946360270182292,0,0,0
True,jpeg,RGB,1024,1024,137834,False,False,0,,False,0,,,,,data/audit_sample/sid_set/images/tampered/tampered_06486.jpg,1,tampered,1024,1024,1.048576,True,0.13144874572753906,1,0,0
True,jpeg,RGB,1024,683,156765,False,False,0,,False,0,,,,,data/audit_sample/sid_set/images/real/cc32f27cad26c92d.jpg,0,real,1024,683,0.699392,False,0.22414468566983894,0,0,0
True,png,RGB,1024,1024,987512,False,False,0,,False,0,,,,,data/audit_sample/sid_set/images/full_synthetic/full_synthetic_008678.png,1,full_synthetic,1024,1024,1.048576,True,0.9417648315429688,1,1,0
True,jpeg,RGB,1024,683,500030,False,False,0,,False,0,,,,,data/audit_sample/sid_set/images/real/96dab8ff22ddcef0.jpg,0,real,1024,683,0.699392,False,0.7149495561859444,0,0,0
True,jpeg,RGB,1024,683,86961,False,False,0,,True,0,,,,,data/audit_sample/sid_set/images/real/83d03cf1e6292bb4.jpg,0,real,1024,683,0.699392,False,0.12433799643118594,0,0,1
True,jpeg,RGB,1024,679,157015,False,False,0,,False,0,,,,,data/audit_sample/sid_set/images/real/6ed7d7b17bfb5cc3.jpg,0,real,1024,679,0.695296,False,0.22582468473858616,0,0,0
True,png,RGB,1024,1024,1664500,False,False,0,,False,0,,,,,data/audit_sample/sid_set/images/full_synthetic/full_synthetic_008300.png,1,full_synthetic,1024,1024,1.048576,True,1.5873908996582031,1,1,0
True,png,RGB,1024,1024,884037,False,False,0,,False,0,,,,,data/audit_sample/sid_set/images/full_synthetic/full_synthetic_001267.png,1,full_synthetic,1024,1024,1.048576,True,0.843083381652832,1,1,0
True,jpeg,RGB,1024,1024,175978,False,False,0,,False,0,,,,,data/audit_sample/sid_set/images/tampered/tampered_08081.jpg,1,tampered,1024,1024,1.048576,True,0.16782569885253906,1,0,0
True,png,RGB,1024,1024,1109964,False,False,0,,False,0,,,,,data/audit_sample/sid_set/images/full_synthetic/full_synthetic_001555.png,1,full_synthetic,1024,1024,1.048576,True,1.0585441589355469,1,1,0
True,jpeg,RGB,1024,768,196187,False,False,0,,False,0,,,,,data/audit_sample/sid_set/images/real/abf02f645e2a3561.jpg,0,real,1024,768,0.786432,False,0.24946467081705728,0,0,0
True,png,RGB,1024,1024,882519,False,False,0,,False,0,,,,,data/audit_sample/sid_set/images/full_synthetic/full_synthetic_001002.png,1,full_synthetic,1024,1024,1.048576,True,0.8416357040405273,1,1,0
True,jpeg,RGB,1024,683,87485,False,False,0,,False,0,,,,,data/audit_sample/sid_set/images/real/0b09061918eb8b2d.jpg,0,real,1024,683,0.699392,False,0.12508721861273792,0,0,0
True,jpeg,RGB,1024,1024,158146,False,False,0,,False,0,,,,,data/audit_sample/sid_set/images/tampered/tampered_06902.jpg,1,tampered,1024,1024,1.048576,True,0.1508197784423828,1,0,0
True,png,RGB,1024,1024,1023756,False,False,0,,False,0,,,,,data/audit_sample/sid_set/images/full_synthetic/full_synthetic_003445.png,1,full_synthetic,1024,1024,1.048576,True,0.9763298034667969,1,1,0
True,jpeg,RGB,1024,1024,93556,False,False,0,,False,0,,,,,data/audit_sample/sid_set/images/tampered/tampered_05120.jpg,1,tampered,1024,1024,1.048576,True,0.08922195434570312,1,0,0
True,jpeg,RGB,768,1024,245251,False,False,0,,False,0,,,,,data/audit_sample/sid_set/images/real/3cb1d8d89a5f29b5.jpg,0,real,768,1024,0.786432,False,0.31185277303059894,0,0,0
True,jpeg,RGB,1024,1024,131488,False,False,0,,False,0,,,,,data/audit_sample/sid_set/images/tampered/tampered_07777.jpg,1,tampered,1024,1024,1.048576,True,0.125396728515625,1,0,0
True,png,RGB,1024,1024,1347536,False,False,0,,False,0,,,,,data/audit_sample/sid_set/images/full_synthetic/full_synthetic_000155.png,1,full_synthetic,1024,1024,1.048576,True,1.2851104736328125,1,1,0
True,jpeg,RGB,1024,1024,129513,False,False,0,,False,0,,,,,data/audit_sample/sid_set/images/tampered/tampered_03483.jpg,1,tampered,1024,1024,1.048576,True,0.12351322174072266,1,0,0
True,jpeg,RGB,1024,768,365562,False,False,0,,False,0,,,,,data/audit_sample/sid_set/images/real/5a892ae697879562.jpg,0,real,1024,768,0.786432,False,0.46483612060546875,0,0,0
True,jpeg,RGB,1024,1024,95371,False,False,0,,False,0,,,,,data/audit_sample/sid_set/images/tampered/tampered_03187.jpg,1,tampered,1024,1024,1.048576,True,0.09095287322998047,1,0,0
True,jpeg,RGB,1024,683,202059,False,False,0,,True,0,,,,,data/audit_sample/sid_set/images/real/dd737c759865d99e.jpg,0,real,1024,683,0.699392,False,0.2889066503477306,0,0,1
True,jpeg,RGB,1024,1024,191409,False,False,0,,False,0,,,,,data/audit_sample/sid_set/images/tampered/tampered_08844.jpg,1,tampered,1024,1024,1.048576,True,0.1825418472290039,1,0,0
True,png,RGB,1024,1024,950928,False,False,0,,False,0,,,,,data/audit_sample/sid_set/images/full_synthetic/full_synthetic_005781.png,1,full_synthetic,1024,1024,1.048576,True,0.9068756103515625,1,1,0
True,jpeg,RGB,1024,768,155062,False,False,0,,False,0,,,,,data/audit_sample/sid_set/images/real/641572402882084d.jpg,0,real,1024,768,0.786432,False,0.1971715291341146,0,0,0
True,jpeg,RGB,1024,1024,145522,False,False,0,,False,0,,,,,data/audit_sample/sid_set/images/tampered/tampered_08000.jpg,1,tampered,1024,1024,1.048576,True,0.1387805938720703,1,0,0
True,png,RGB,1024,1024,1155927,False,False,0,,False,0,,,,,data/audit_sample/sid_set/images/full_synthetic/full_synthetic_006580.png,1,full_synthetic,1024,1024,1.048576,True,1.1023778915405273,1,1,0
True,jpeg,RGB,1024,1024,113657,False,False,0,,False,0,,,,,data/audit_sample/sid_set/images/tampered/tampered_06286.jpg,1,tampered,1024,1024,1.048576,True,0.10839176177978516,1,0,0
True,jpeg,RGB,1024,1024,87298,False,False,0,,False,0,,,,,data/audit_sample/sid_set/images/tampered/tampered_02400.jpg,1,tampered,1024,1024,1.048576,True,0.08325386047363281,1,0,0
True,jpeg,RGB,1024,1024,142715,False,False,0,,False,0,,,,,data/audit_sample/sid_set/images/tampered/tampered_06703.jpg,1,tampered,1024,1024,1.048576,True,0.13610363006591797,1,0,0
True,jpeg,RGB,1024,785,225908,False,False,0,,True,0,,,,,data/audit_sample/sid_set/images/real/a3a4b9b161936726.jpg,0,real,1024,785,0.80384,False,0.2810360270700637,0,0,1
True,png,RGB,1024,1024,1196890,False,False,0,,False,0,,,,,data/audit_sample/sid_set/images/full_synthetic/full_synthetic_004134.png,1,full_synthetic,1024,1024,1.048576,True,1.1414432525634766,1,1,0
True,jpeg,RGB,1024,768,72457,False,False,0,,False,0,,,,,data/audit_sample/sid_set/images/real/81676ec13fdaae15.jpg,0,real,1024,768,0.786432,False,0.0921338399251302,0,0,0
True,jpeg,RGB,1024,1024,151012,False,False,0,,False,0,,,,,data/audit_sample/sid_set/images/tampered/tampered_006694.jpg,1,tampered,1024,1024,1.048576,True,0.14401626586914062,1,0,0
True,png,RGB,1024,1024,979605,False,False,0,,False,0,,,,,data/audit_sample/sid_set/images/full_synthetic/full_synthetic_006003.png,1,full_synthetic,1024,1024,1.048576,True,0.9342241287231445,1,1,0
True,jpeg,RGB,683,1024,741500,False,False,0,,True,0,,,,,data/audit_sample/sid_set/images/real/a4685d6493ec927b.jpg,0,real,683,1024,0.699392,False,1.0602065794289897,0,0,1
True,jpeg,RGB,1024,768,202479,False,False,0,,False,0,,,,,data/audit_sample/sid_set/images/real/280959c806ed4e95.jpg,0,real,1024,768,0.786432,False,0.2574653625488281,0,0,0
True,jpeg,RGB,1024,619,97208,False,False,0,,True,0,,,,,data/audit_sample/sid_set/images/real/353bf18d950432df.jpg,0,real,1024,619,0.633856,False,0.15335975363489499,0,0,1
True,jpeg,RGB,1024,1024,139719,False,False,0,,False,0,,,,,data/audit_sample/sid_set/images/tampered/tampered_06589.jpg,1,tampered,1024,1024,1.048576,True,0.13324642181396484,1,0,0
True,jpeg,RGB,1024,768,213130,False,False,0,,True,0,,,,,data/audit_sample/sid_set/images/real/a79946565d38b858.jpg,0,real,1024,768,0.786432,False,0.27100880940755206,0,0,1
True,jpeg,RGB,1024,1024,114361,False,False,0,,False,0,,,,,data/audit_sample/sid_set/images/tampered/tampered_07327.jpg,1,tampered,1024,1024,1.048576,True,0.10906314849853516,1,0,0
True,jpeg,RGB,1024,1024,126114,False,False,0,,False,0,,,,,data/audit_sample/sid_set/images/tampered/tampered_07435.jpg,1,tampered,1024,1024,1.048576,True,0.12027168273925781,1,0,0
True,png,RGB,1024,1024,1658899,False,False,0,,False,0,,,,,data/audit_sample/sid_set/images/full_synthetic/full_synthetic_004299.png,1,full_synthetic,1024,1024,1.048576,True,1.5820493698120117,1,1,0
True,jpeg,RGB,1024,683,648968,False,False,0,,True,0,,,,,data/audit_sample/sid_set/images/real/b7609295c9b03838.jpg,0,real,1024,683,0.699392,False,0.9279030929721815,0,0,1
True,jpeg,RGB,685,1024,157191,False,False,0,,False,0,,,,,data/audit_sample/sid_set/images/real/7edd7f59ef598d36.jpg,0,real,685,1024,0.70144,False,0.22409757071167882,0,0,0
True,jpeg,RGB,1024,1024,46856,False,False,0,,False,0,,,,,data/audit_sample/sid_set/images/tampered/tampered_07506.jpg,1,tampered,1024,1024,1.048576,True,0.04468536376953125,1,0,0
True,jpeg,RGB,1024,1024,199885,False,False,0,,False,0,,,,,data/audit_sample/sid_set/images/tampered/tampered_07631.jpg,1,tampered,1024,1024,1.048576,True,0.19062519073486328,1,0,0
True,png,RGB,1024,1024,1490650,False,False,0,,False,0,,,,,data/audit_sample/sid_set/images/full_synthetic/full_synthetic_006584.png,1,full_synthetic,1024,1024,1.048576,True,1.4215946197509766,1,1,0
True,jpeg,RGB,1024,1024,151101,False,False,0,,False,0,,,,,data/audit_sample/sid_set/images/tampered/tampered_02913.jpg,1,tampered,1024,1024,1.048576,True,0.14410114288330078,1,0,0
True,png,RGB,1024,1024,1062955,False,False,0,,False,0,,,,,data/audit_sample/sid_set/images/full_synthetic/full_synthetic_000633.png,1,full_synthetic,1024,1024,1.048576,True,1.0137128829956055,1,1,0
True,png,RGB,1024,1024,1306986,False,False,0,,False,0,,,,,data/audit_sample/sid_set/images/full_synthetic/full_synthetic_004200.png,1,full_synthetic,1024,1024,1.048576,True,1.246438980102539,1,1,0
True,png,RGB,1024,1024,1087771,False,False,0,,False,0,,,,,data/audit_sample/sid_set/images/full_synthetic/full_synthetic_000354.png,1,full_synthetic,1024,1024,1.048576,True,1.037379264831543,1,1,0
True,png,RGB,1024,1024,1456202,False,False,0,,False,0,,,,,data/audit_sample/sid_set/images/full_synthetic/full_synthetic_002082.png,1,full_synthetic,1024,1024,1.048576,True,1.388742446899414,1,1,0
True,jpeg,RGB,1024,1024,159623,False,False,0,,False,0,,,,,data/audit_sample/sid_set/images/tampered/tampered_04379.jpg,1,tampered,1024,1024,1.048576,True,0.15222835540771484,1,0,0
True,jpeg,RGB,1024,1024,149779,False,False,0,,False,0,,,,,data/audit_sample/sid_set/images/tampered/tampered_06878.jpg,1,tampered,1024,1024,1.048576,True,0.14284038543701172,1,0,0
True,png,RGB,1024,1024,1225235,False,False,0,,False,0,,,,,data/audit_sample/sid_set/images/full_synthetic/full_synthetic_009263.png,1,full_synthetic,1024,1024,1.048576,True,1.1684751510620117,1,1,0
True,jpeg,RGB,1024,1024,116014,False,False,0,,False,0,,,,,data/audit_sample/sid_set/images/tampered/tampered_07987.jpg,1,tampered,1024,1024,1.048576,True,0.11063957214355469,1,0,0
True,png,RGB,1024,1024,1056060,False,False,0,,False,0,,,,,data/audit_sample/sid_set/images/full_synthetic/full_synthetic_005696.png,1,full_synthetic,1024,1024,1.048576,True,1.0071372985839844,1,1,0
True,jpeg,RGB,1024,683,35738,False,False,0,,False,0,,,,,data/audit_sample/sid_set/images/real/050d1ee4254ab495.jpg,0,real,1024,683,0.699392,False,0.05109866855783309,0,0,0
True,jpeg,RGB,1024,806,509437,False,False,0,,False,0,,,,,data/audit_sample/sid_set/images/real/fe6f74562f6091fb.jpg,0,real,1024,806,0.825344,False,0.6172420227202233,0,0,0
True,jpeg,RGB,1024,576,90350,False,False,0,,False,0,,,,,data/audit_sample/sid_set/images/real/a3f11b749e830ab8.jpg,0,real,1024,576,0.589824,False,0.15318128797743055,0,0,0
True,png,RGB,1024,1024,999383,False,False,0,,False,0,,,,,data/audit_sample/sid_set/images/full_synthetic/full_synthetic_007462.png,1,full_synthetic,1024,1024,1.048576,True,0.9530858993530273,1,1,0
True,jpeg,RGB,1024,1024,76573,False,False,0,,False,0,,,,,data/audit_sample/sid_set/images/tampered/tampered_01771.jpg,1,tampered,1024,1024,1.048576,True,0.07302570343017578,1,0,0
True,jpeg,RGB,1024,680,98569,False,False,0,,False,0,,,,,data/audit_sample/sid_set/images/real/8d37f2fc4819589a.jpg,0,real,1024,680,0.69632,False,0.1415570427389706,0,0,0
True,jpeg,RGB,768,944,39103,False,False,0,,False,0,,,,,data/audit_sample/sid_set/images/real/56916fbdb4ac0fec.jpg,0,real,768,944,0.724992,False,0.0539357675670904,0,0,0
True,png,RGB,1024,1024,1038294,False,False,0,,False,0,,,,,data/audit_sample/sid_set/images/full_synthetic/full_synthetic_006122.png,1,full_synthetic,1024,1024,1.048576,True,0.9901943206787109,1,1,0
True,jpeg,L,1024,748,576706,False,False,0,,False,0,,,,,data/audit_sample/sid_set/images/real/a09aa9447be845c6.jpg,0,real,1024,748,0.765952,False,0.7529270763703209,0,0,0
True,png,RGB,1024,1024,1086997,False,False,0,,False,0,,,,,data/audit_sample/sid_set/images/full_synthetic/full_synthetic_009614.png,1,full_synthetic,1024,1024,1.048576,True,1.0366411209106445,1,1,0
True,jpeg,RGB,1024,1024,127999,False,False,0,,False,0,,,,,data/audit_sample/sid_set/images/tampered/tampered_08965.jpg,1,tampered,1024,1024,1.048576,True,0.1220693588256836,1,0,0
True,jpeg,RGB,1024,680,568031,False,False,0,,True,0,,,,,data/audit_sample/sid_set/images/real/0efa9338f12107c8.jpg,0,real,1024,680,0.69632,False,0.8157614315257353,0,0,1
True,png,RGB,1024,1024,1355961,False,False,0,,False,0,,,,,data/audit_sample/sid_set/images/full_synthetic/full_synthetic_010000.png,1,full_synthetic,1024,1024,1.048576,True,1.2931451797485352,1,1,0
True,jpeg,RGB,1024,529,178777,False,False,0,,False,0,,,,,data/audit_sample/sid_set/images/real/4e7ea3e76792f25a.jpg,0,real,1024,529,0.541696,False,0.3300319736531191,0,0,0
True,jpeg,RGB,1024,1024,118631,False,False,0,,False,0,,,,,data/audit_sample/sid_set/images/tampered/tampered_07409.jpg,1,tampered,1024,1024,1.048576,True,0.11313533782958984,1,0,0
True,jpeg,RGB,1024,1024,124995,False,False,0,,False,0,,,,,data/audit_sample/sid_set/images/tampered/tampered_08251.jpg,1,tampered,1024,1024,1.048576,True,0.11920452117919922,1,0,0
True,jpeg,RGB,1024,765,154596,False,False,0,,False,0,,,,,data/audit_sample/sid_set/images/real/134de7c7f08c51d7.jpg,0,real,1024,765,0.78336,False,0.1973498774509804,0,0,0
True,jpeg,RGB,1024,1024,58871,False,False,0,,False,0,,,,,data/audit_sample/sid_set/images/tampered/tampered_08642.jpg,1,tampered,1024,1024,1.048576,True,0.056143760681152344,1,0,0
True,jpeg,RGB,1024,1024,123830,False,False,0,,False,0,,,,,data/audit_sample/sid_set/images/tampered/tampered_00447.jpg,1,tampered,1024,1024,1.048576,True,0.11809349060058594,1,0,0
True,jpeg,RGB,1024,768,275321,False,False,0,,False,0,,,,,data/audit_sample/sid_set/images/real/4af25a23d8cd2a63.jpg,0,real,1024,768,0.786432,False,0.35008875528971356,0,0,0
True,jpeg,RGB,1024,768,330088,False,False,0,,True,0,,,,,data/audit_sample/sid_set/images/real/629b7f8fd69a1b45.jpg,0,real,1024,768,0.786432,False,0.4197285970052083,0,0,1
True,jpeg,RGB,683,1024,160180,False,False,0,,True,0,,,,,data/audit_sample/sid_set/images/real/41cab582c92e2b25.jpg,0,real,683,1024,0.699392,False,0.22902749816983894,0,0,1
True,png,RGB,1024,1024,934746,False,False,0,,False,0,,,,,data/audit_sample/sid_set/images/full_synthetic/full_synthetic_004112.png,1,full_synthetic,1024,1024,1.048576,True,0.8914432525634766,1,1,0
True,png,RGB,1024,1024,1298520,False,False,0,,False,0,,,,,data/audit_sample/sid_set/images/full_synthetic/full_synthetic_006133.png,1,full_synthetic,1024,1024,1.048576,True,1.2383651733398438,1,1,0
True,jpeg,RGB,1024,1024,85493,False,False,0,,False,0,,,,,data/audit_sample/sid_set/images/tampered/tampered_006538.jpg,1,tampered,1024,1024,1.048576,True,0.08153247833251953,1,0,0
True,png,RGB,1024,1024,1002459,False,False,0,,False,0,,,,,data/audit_sample/sid_set/images/full_synthetic/full_synthetic_006630.png,1,full_synthetic,1024,1024,1.048576,True,0.956019401550293,1,1,0
True,png,RGB,1024,1024,1296897,False,False,0,,False,0,,,,,data/audit_sample/sid_set/images/full_synthetic/full_synthetic_000283.png,1,full_synthetic,1024,1024,1.048576,True,1.2368173599243164,1,1,0
True,jpeg,RGB,683,1024,476944,False,False,0,,True,0,,,,,data/audit_sample/sid_set/images/real/e0bb66736b36f0ff.jpg,0,real,683,1024,0.699392,False,0.6819408857979502,0,0,1
True,png,RGB,1024,1024,1178953,False,False,0,,False,0,,,,,data/audit_sample/sid_set/images/full_synthetic/full_synthetic_006853.png,1,full_synthetic,1024,1024,1.048576,True,1.1243371963500977,1,1,0
True,jpeg,RGB,1024,969,152637,False,False,0,,True,0,,,,,data/audit_sample/sid_set/images/real/68dd26ed590883d9.jpg,0,real,1024,969,0.992256,False,0.15382824593653252,0,0,1
True,jpeg,RGB,1024,576,807949,False,False,0,,True,0,,,,,data/audit_sample/sid_set/images/real/92a9a0a68f17a41f.jpg,0,real,1024,576,0.589824,False,1.369813707139757,0,0,1
True,png,RGB,1024,1024,1251415,False,False,0,,False,0,,,,,data/audit_sample/sid_set/images/full_synthetic/full_synthetic_008029.png,1,full_synthetic,1024,1024,1.048576,True,1.1934423446655273,1,1,0
True,jpeg,RGB,1024,576,59488,False,False,0,,False,0,,,,,data/audit_sample/sid_set/images/real/dbf96e003d3d155c.jpg,0,real,1024,576,0.589824,False,0.1008572048611111,0,0,0
True,png,RGB,1024,1024,1191884,False,False,0,,False,0,,,,,data/audit_sample/sid_set/images/full_synthetic/full_synthetic_009286.png,1,full_synthetic,1024,1024,1.048576,True,1.1366691589355469,1,1,0
True,png,RGB,1024,1024,1641439,False,False,0,,False,0,,,,,data/audit_sample/sid_set/images/full_synthetic/full_synthetic_005657.png,1,full_synthetic,1024,1024,1.048576,True,1.5653982162475586,1,1,0
True,png,RGB,1024,1024,947757,False,False,0,,False,0,,,,,data/audit_sample/sid_set/images/full_synthetic/full_synthetic_003999.png,1,full_synthetic,1024,1024,1.048576,True,0.9038515090942383,1,1,0
True,png,RGB,1024,1024,1423236,False,False,0,,False,0,,,,,data/audit_sample/sid_set/images/full_synthetic/full_synthetic_002999.png,1,full_synthetic,1024,1024,1.048576,True,1.3573036193847656,1,1,0
True,jpeg,RGB,1024,768,356211,False,False,0,,True,0,,,,,data/audit_sample/sid_set/images/real/086f1dd1edf2d0e7.jpg,0,real,1024,768,0.786432,False,0.4529457092285156,0,0,1
True,jpeg,RGB,1024,683,362504,False,False,0,,False,0,,,,,data/audit_sample/sid_set/images/real/bdcb6f589ef9e729.jpg,0,real,1024,683,0.699392,False,0.5183130490483162,0,0,0
True,png,RGB,1024,1024,1079193,False,False,0,,False,0,,,,,data/audit_sample/sid_set/images/full_synthetic/full_synthetic_009799.png,1,full_synthetic,1024,1024,1.048576,True,1.0291986465454102,1,1,0
True,jpeg,RGB,1024,1024,86339,False,False,0,,False,0,,,,,data/audit_sample/sid_set/images/tampered/tampered_03367.jpg,1,tampered,1024,1024,1.048576,True,0.08233928680419922,1,0,0
True,jpeg,RGB,1024,1024,166703,False,False,0,,False,0,,,,,data/audit_sample/sid_set/images/tampered/tampered_03311.jpg,1,tampered,1024,1024,1.048576,True,0.1589803695678711,1,0,0
True,jpeg,RGB,778,1024,411204,False,False,0,,False,0,,,,,data/audit_sample/sid_set/images/real/d529294f5533c445.jpg,0,real,778,1024,0.796672,False,0.5161521931233933,0,0,0
True,jpeg,RGB,1024,683,524989,False,False,0,,False,0,,,,,data/audit_sample/sid_set/images/real/d76677b3bfd7f334.jpg,0,real,1024,683,0.699392,False,0.7506362669289898,0,0,0
True,jpeg,RGB,1024,901,393297,False,False,0,,True,0,,,,,data/audit_sample/sid_set/images/real/f3098d119f429508.jpg,0,real,1024,901,0.922624,False,0.42628091183407324,0,0,1
True,jpeg,RGB,1024,1024,226064,False,False,0,,False,0,,,,,data/audit_sample/sid_set/images/tampered/tampered_04554.jpg,1,tampered,1024,1024,1.048576,True,0.2155914306640625,1,0,0
True,jpeg,RGB,1024,1024,118545,False,False,0,,False,0,,,,,data/audit_sample/sid_set/images/tampered/tampered_07747.jpg,1,tampered,1024,1024,1.048576,True,0.1130533218383789,1,0,0
True,jpeg,RGB,1024,1024,100218,False,False,0,,False,0,,,,,data/audit_sample/sid_set/images/tampered/tampered_05275.jpg,1,tampered,1024,1024,1.048576,True,0.09557533264160156,1,0,0
True,png,RGB,1024,1024,1334246,False,False,0,,False,0,,,,,data/audit_sample/sid_set/images/full_synthetic/full_synthetic_006171.png,1,full_synthetic,1024,1024,1.048576,True,1.2724361419677734,1,1,0
True,jpeg,RGB,683,1024,402718,False,False,0,,False,0,,,,,data/audit_sample/sid_set/images/real/a49cc01b4c11035e.jpg,0,real,683,1024,0.699392,False,0.5758115620424598,0,0,0
True,jpeg,RGB,1024,683,171842,False,False,0,,False,0,,,,,data/audit_sample/sid_set/images/real/d37f5951fd51eea3.jpg,0,real,1024,683,0.699392,False,0.24570198114934114,0,0,0
True,png,RGB,1024,1024,1144777,False,False,0,,False,0,,,,,data/audit_sample/sid_set/images/full_synthetic/full_synthetic_008147.png,1,full_synthetic,1024,1024,1.048576,True,1.0917444229125977,1,1,0
True,jpeg,RGB,1024,683,153733,False,False,0,,True,0,,,,,data/audit_sample/sid_set/images/real/b971d59ac8c2fb57.jpg,0,real,1024,683,0.699392,False,0.2198094916727672,0,0,1
True,png,RGB,1024,1024,1343844,False,False,0,,False,0,,,,,data/audit_sample/sid_set/images/tampered/tampered_006568.png,1,tampered,1024,1024,1.048576,True,1.2815895080566406,1,1,0
True,png,RGB,1024,1024,1056654,False,False,0,,False,0,,,,,data/audit_sample/sid_set/images/full_synthetic/full_synthetic_003771.png,1,full_synthetic,1024,1024,1.048576,True,1.0077037811279297,1,1,0
True,png,RGB,1024,1024,1356002,False,False,0,,False,0,,,,,data/audit_sample/sid_set/images/full_synthetic/full_synthetic_009635.png,1,full_synthetic,1024,1024,1.048576,True,1.2931842803955078,1,1,0
True,jpeg,RGB,1024,1024,87097,False,False,0,,False,0,,,,,data/audit_sample/sid_set/images/tampered/tampered_08787.jpg,1,tampered,1024,1024,1.048576,True,0.08306217193603516,1,0,0
True,jpeg,RGB,1024,1024,182490,False,False,0,,False,0,,,,,data/audit_sample/sid_set/images/tampered/tampered_01219.jpg,1,tampered,1024,1024,1.048576,True,0.17403602600097656,1,0,0
True,png,RGB,1024,1024,1301612,False,False,0,,False,0,,,,,data/audit_sample/sid_set/images/full_synthetic/full_synthetic_009073.png,1,full_synthetic,1024,1024,1.048576,True,1.2413139343261719,1,1,0
True,jpeg,RGB,1024,1024,125491,False,False,0,,False,0,,,,,data/audit_sample/sid_set/images/tampered/tampered_05259.jpg,1,tampered,1024,1024,1.048576,True,0.11967754364013672,1,0,0
True,jpeg,RGB,1024,1024,96728,False,False,0,,False,0,,,,,data/audit_sample/sid_set/images/tampered/tampered_05416.jpg,1,tampered,1024,1024,1.048576,True,0.09224700927734375,1,0,0
True,png,RGB,1024,1024,995939,False,False,0,,False,0,,,,,data/audit_sample/sid_set/images/full_synthetic/full_synthetic_007616.png,1,full_synthetic,1024,1024,1.048576,True,0.9498014450073242,1,1,0
True,jpeg,RGB,1024,683,728685,False,False,0,,True,0,,,,,data/audit_sample/sid_set/images/real/9827de4793cc1cce.jpg,0,real,1024,683,0.699392,False,1.0418835216874085,0,0,1
True,png,RGB,1024,1024,1178638,False,False,0,,False,0,,,,,data/audit_sample/sid_set/images/full_synthetic/full_synthetic_008459.png,1,full_synthetic,1024,1024,1.048576,True,1.1240367889404297,1,1,0
True,png,RGB,1024,1024,903947,False,False,0,,False,0,,,,,data/audit_sample/sid_set/images/full_synthetic/full_synthetic_005545.png,1,full_synthetic,1024,1024,1.048576,True,0.8620710372924805,1,1,0
True,jpeg,RGB,1024,1024,133997,False,False,0,,False,0,,,,,data/audit_sample/sid_set/images/tampered/tampered_08029.jpg,1,tampered,1024,1024,1.048576,True,0.12778949737548828,1,0,0
True,jpeg,RGB,1024,1024,135598,False,False,0,,True,0,,,,,data/audit_sample/sid_set/images/real/425254aafd3a5a17.jpg,0,real,1024,1024,1.048576,True,0.1293163299560547,1,0,1
True,jpeg,RGB,1024,683,59053,False,False,0,,False,0,,,,,data/audit_sample/sid_set/images/real/da3b37ec6e91355e.jpg,0,real,1024,683,0.699392,False,0.08443476619692533,0,0,0
True,jpeg,RGB,1024,768,204022,False,False,0,,True,0,,,,,data/audit_sample/sid_set/images/real/e2b2c3725479b708.jpg,0,real,1024,768,0.786432,False,0.25942738850911456,0,0,1
True,jpeg,RGB,1024,678,387301,False,False,0,,True,0,,,,,data/audit_sample/sid_set/images/real/fd1b99bb159b9c6a.jpg,0,real,1024,678,0.694272,False,0.5578519658001475,0,0,1
True,jpeg,RGB,1024,1024,141450,False,False,0,,False,0,,,,,data/audit_sample/sid_set/images/tampered/tampered_04578.jpg,1,tampered,1024,1024,1.048576,True,0.13489723205566406,1,0,0
True,png,RGB,1024,1024,1340449,False,False,0,,False,0,,,,,data/audit_sample/sid_set/images/full_synthetic/full_synthetic_007546.png,1,full_synthetic,1024,1024,1.048576,True,1.2783517837524414,1,1,0
True,jpeg,RGB,1024,753,237726,False,False,0,,False,0,,,,,data/audit_sample/sid_set/images/real/5ef7fa24b7b48dfc.jpg,0,real,1024,753,0.771072,False,0.3083058391434263,0,0,0
True,png,RGB,1024,1024,1213760,False,False,0,,False,0,,,,,data/audit_sample/sid_set/images/full_synthetic/full_synthetic_003934.png,1,full_synthetic,1024,1024,1.048576,True,1.15753173828125,1,1,0
True,png,RGB,1024,1024,856624,False,False,0,,False,0,,,,,data/audit_sample/sid_set/images/full_synthetic/full_synthetic_007771.png,1,full_synthetic,1024,1024,1.048576,True,0.8169403076171875,1,1,0
